#if defined(LV_LVGL_H_INCLUDE_SIMPLE)
#include "lvgl.h"
#else
#include "lvgl/lvgl.h"
#endif

#ifndef LV_ATTRIBUTE_MEM_ALIGN
#define LV_ATTRIBUTE_MEM_ALIGN
#endif

const LV_ATTRIBUTE_MEM_ALIGN uint8_t paint_icon_map[] = {
    0x00, 0x00, 0x00, 0x00, 0x00, 0x00, 0x00, 0x00, 0x00, 0x00, 0x00, 0x00, 
    0x00, 0x00, 0x00, 0x00, 0x00, 0x00, 0x00, 0x00, 0x00, 0x00, 0x00, 0x00, 
    0x00, 0x00, 0x00, 0x00, 0x00, 0x00, 0x00, 0x00, 0x00, 0x00, 0x00, 0x00, 
    0x00, 0x00, 0x00, 0x00, 0x00, 0x00, 0x00, 0x00, 0x00, 0x00, 0x00, 0x00, 
    0x00, 0x00, 0x00, 0x00, 0x00, 0x00, 0x00, 0x00, 0x00, 0x00, 0x00, 0x00, 
    0x00, 0x00, 0x00, 0x00, 0x00, 0x00, 0x00, 0x00, 0x00, 0x00, 0x00, 0x00, 
    0x00, 0x00, 0x00, 0x00, 0x00, 0x00, 0x00, 0x00, 0x00, 0x00, 0x00, 0x00, 
    0x00, 0x00, 0x00, 0x00, 0x00, 0x00, 0x00, 0x00, 0x00, 0x00, 0x00, 0x00, 
    0x00, 0x00, 0x00, 0x00, 0x00, 0x00, 0x00, 0x00, 0x00, 0x00, 0x00, 0x00, 
    0x00, 0x00, 0x00, 0x00, 0x00, 0x00, 0x00, 0x00, 0x00, 0x00, 0x00, 0x00, 
    0x00, 0x00, 0x00, 0x00, 0x00, 0x00, 0x00, 0x00, 0x00, 0x00, 0x00, 0x00, 
    0x00, 0x00, 0x00, 0x00, 0x00, 0x00, 0x00, 0x00, 0x00, 0x00, 0x00, 0x00, 
    0x00, 0x00, 0x00, 0x00, 0x00, 0x00, 0xff, 0xe0, 0x01, 0xfd, 0xef, 0x04, 
    0x00, 0x00, 0x00, 0x00, 0x00, 0x00, 0x00, 0x00, 0x00, 0x00, 0x00, 0x00, 
    0xff, 0xef, 0x02, 0xfd, 0x4a, 0x03, 0x00, 0x00, 0x00, 0x00, 0x00, 0x00, 
    0x00, 0x00, 0x00, 0x00, 0x00, 0x00, 0x00, 0x00, 0x00, 0x00, 0x00, 0x00, 
    0x00, 0x00, 0x00, 0x00, 0x00, 0x00, 0x00, 0x00, 0x00, 0x00, 0x00, 0x00, 
    0x00, 0x00, 0x00, 0x00, 0x00, 0x00, 0x00, 0x00, 0x00, 0x00, 0x00, 0x00, 
    0x00, 0x00, 0x00, 0x00, 0x00, 0x00, 0x00, 0x00, 0x00, 0x00, 0x00, 0x00, 
    0x00, 0x00, 0x00, 0x00, 0x00, 0x00, 0x00, 0x00, 0x00, 0x00, 0x00, 0x00, 
    0x00, 0x00, 0x00, 0x00, 0x00, 0x00, 0x00, 0x00, 0x00, 0x00, 0x00, 0x00, 
    0x00, 0x00, 0x00, 0x00, 0x00, 0x00, 0x00, 0x00, 0x00, 0x00, 0x00, 0x00, 
    0x00, 0x00, 0x00, 0x00, 0x00, 0x00, 0x00, 0x00, 0x00, 0x00, 0x00, 0x00, 
    0x00, 0x00, 0x00, 0x00, 0x00, 0x00, 0x00, 0x00, 0x00, 0x00, 0x00, 0x00, 
    0x00, 0x00, 0x00, 0x00, 0x00, 0x00, 0x00, 0x00, 0x00, 0x00, 0x00, 0x00, 
    0x00, 0x00, 0x00, 0x00, 0x00, 0x00, 0x00, 0x00, 0x00, 0x00, 0x00, 0x00, 
    0x00, 0x00, 0x00, 0x00, 0x00, 0x00, 0x00, 0x00, 0x00, 0x00, 0x00, 0x00, 
    0x00, 0x00, 0x00, 0x00, 0x00, 0x00, 0x00, 0x00, 0x00, 0x00, 0x00, 0x00, 
    0x00, 0x00, 0x00, 0x00, 0x00, 0x00, 0x00, 0x00, 0x00, 0x00, 0x00, 0x00, 
    0x00, 0x00, 0x00, 0x00, 0x00, 0x00, 0x00, 0x00, 0x00, 0x00, 0x00, 0x00, 
    0x00, 0x00, 0x00, 0x00, 0x00, 0x00, 0x00, 0x00, 0x00, 0x00, 0x00, 0x00, 
    0x00, 0x00, 0x00, 0x00, 0x00, 0x00, 0x00, 0x00, 0x00, 0x00, 0x00, 0x00, 
    0x00, 0x00, 0x00, 0x00, 0x00, 0x00, 0x00, 0x00, 0x00, 0x00, 0x00, 0x00, 
    0x00, 0x00, 0x00, 0x00, 0x00, 0x00, 0x00, 0x00, 0x00, 0x00, 0x00, 0x00, 
    0x00, 0x00, 0x00, 0x00, 0x00, 0x00, 0x00, 0x00, 0x00, 0x00, 0x00, 0x00, 
    0x00, 0x00, 0x00, 0x00, 0x00, 0x00, 0x00, 0x00, 0x00, 0x00, 0x00, 0x00, 
    0x00, 0x00, 0x00, 0x00, 0x00, 0x00, 0x00, 0x00, 0x00, 0x00, 0x00, 0x00, 
    0x00, 0x00, 0x00, 0x00, 0x00, 0x00, 0x00, 0x00, 0x00, 0x00, 0x00, 0x00, 
    0x00, 0x00, 0x00, 0x00, 0x00, 0x00, 0x00, 0x00, 0x00, 0x00, 0x00, 0x00, 
    0x00, 0x00, 0x00, 0x00, 0x00, 0x00, 0x00, 0x00, 0x00, 0x00, 0x00, 0x00, 
    0x00, 0x00, 0x00, 0x00, 0x00, 0x00, 0x00, 0x00, 0x00, 0x00, 0x00, 0x00, 
    0x00, 0x00, 0x00, 0x00, 0x00, 0x00, 0x00, 0x00, 0x00, 0x00, 0x00, 0x00, 
    0x00, 0x00, 0x00, 0x00, 0x00, 0x00, 0x00, 0x00, 0x00, 0x00, 0x00, 0x00, 
    0x00, 0x00, 0x00, 0x00, 0x00, 0x00, 0x00, 0x00, 0x00, 0x00, 0x00, 0x00, 
    0x00, 0x00, 0x00, 0x00, 0x00, 0x00, 0x00, 0x00, 0x00, 0x00, 0x00, 0x00, 
    0x00, 0x00, 0x00, 0x00, 0x00, 0x00, 0x00, 0x00, 0x00, 0x00, 0x00, 0x00, 
    0x00, 0x00, 0x00, 0x00, 0x00, 0x00, 0x00, 0x00, 0x00, 0x00, 0x00, 0x00, 
    0x00, 0x00, 0x00, 0xff, 0xe0, 0x01, 0x00, 0x00, 0x00, 0x00, 0x00, 0x00, 
    0xad, 0x4a, 0x03, 0xf6, 0x0f, 0x22, 0xfe, 0x4f, 0x2a, 0xfe, 0x8f, 0x16, 
    0x00, 0x00, 0x00, 0x00, 0x00, 0x00, 0xff, 0xef, 0x02, 0x00, 0x00, 0x00, 
    0x00, 0x00, 0x00, 0x00, 0x00, 0x00, 0x00, 0x00, 0x00, 0x00, 0x00, 0x00, 
    0x00, 0x00, 0x00, 0x00, 0x00, 0x00, 0x00, 0x00, 0x00, 0x00, 0x00, 0x00, 
    0x00, 0x00, 0x00, 0x00, 0x00, 0x00, 0x00, 0x00, 0x00, 0x00, 0x00, 0x00, 
    0x00, 0x00, 0x00, 0x00, 0x00, 0x00, 0x00, 0x00, 0x00, 0x00, 0x00, 0x00, 
    0x00, 0x00, 0x00, 0x00, 0x00, 0x00, 0x00, 0x00, 0x00, 0x00, 0x00, 0x00, 
    0x00, 0x00, 0x00, 0x00, 0x00, 0x00, 0x00, 0x00, 0x00, 0x00, 0x00, 0x00, 
    0x00, 0x00, 0x00, 0x00, 0x00, 0x00, 0x00, 0x00, 0x00, 0x00, 0x00, 0x00, 
    0x00, 0x00, 0x00, 0x00, 0x00, 0x00, 0x00, 0x00, 0x00, 0x00, 0x00, 0x00, 
    0x00, 0x00, 0x00, 0x00, 0x00, 0x00, 0x00, 0x00, 0x00, 0x00, 0x00, 0x00, 
    0x00, 0x00, 0x00, 0x00, 0x00, 0x00, 0x00, 0x00, 0x00, 0x00, 0x00, 0x00, 
    0x00, 0x00, 0x00, 0x00, 0x00, 0x00, 0x00, 0x00, 0x00, 0x00, 0x00, 0x00, 
    0x00, 0x00, 0x00, 0x00, 0x00, 0x00, 0x00, 0x00, 0x00, 0x00, 0x00, 0x00, 
    0x00, 0x00, 0x00, 0x00, 0x00, 0x00, 0x00, 0x00, 0x00, 0x00, 0x00, 0x00, 
    0x00, 0x00, 0x00, 0x00, 0x00, 0x00, 0x00, 0x00, 0x00, 0x00, 0x00, 0x00, 
    0x00, 0x00, 0x00, 0x00, 0x00, 0x00, 0x00, 0x00, 0x00, 0x00, 0x00, 0x00, 
    0x00, 0x00, 0x00, 0x00, 0x00, 0x00, 0x00, 0x00, 0x00, 0x00, 0x00, 0x00, 
    0x00, 0x00, 0x00, 0x00, 0x00, 0x00, 0x00, 0x00, 0x00, 0x00, 0x00, 0x00, 
    0x00, 0x00, 0x00, 0x00, 0x00, 0x00, 0x00, 0x00, 0x00, 0x00, 0x00, 0x00, 
    0x00, 0x00, 0x00, 0x00, 0x00, 0x00, 0x00, 0x00, 0x00, 0x00, 0x00, 0x00, 
    0x00, 0x00, 0x00, 0x00, 0x00, 0x00, 0x00, 0x00, 0x00, 0x00, 0x00, 0x00, 
    0x00, 0x00, 0x00, 0x00, 0x00, 0x00, 0x00, 0x00, 0x00, 0x00, 0x00, 0x00, 
    0x00, 0x00, 0x00, 0x00, 0x00, 0x00, 0x00, 0x00, 0x00, 0x00, 0x00, 0x00, 
    0x00, 0x00, 0x00, 0x00, 0x00, 0x00, 0x00, 0x00, 0x00, 0x00, 0x00, 0x00, 
    0x00, 0x00, 0x00, 0x00, 0x00, 0x00, 0x00, 0x00, 0x00, 0x00, 0x00, 0x00, 
    0x00, 0x00, 0x00, 0x00, 0x00, 0x00, 0x00, 0x00, 0x00, 0x00, 0x00, 0x00, 
    0x00, 0x00, 0x00, 0x00, 0x00, 0x00, 0x00, 0x00, 0x00, 0x00, 0x00, 0x00, 
    0x00, 0x00, 0x00, 0x00, 0x00, 0x00, 0x00, 0x00, 0x00, 0x00, 0x00, 0x00, 
    0x00, 0x00, 0x00, 0x00, 0x00, 0x00, 0x00, 0x00, 0x00, 0x00, 0x00, 0x00, 
    0x00, 0x00, 0x00, 0x00, 0x00, 0x00, 0x00, 0x00, 0x00, 0x00, 0x00, 0x00, 
    0x00, 0x00, 0x00, 0x00, 0x00, 0x00, 0x00, 0x00, 0x00, 0x00, 0x00, 0x00, 
    0x00, 0x00, 0x00, 0x00, 0x00, 0x00, 0x00, 0x00, 0x00, 0x00, 0x00, 0x00, 
    0x00, 0x00, 0x00, 0x00, 0x00, 0x00, 0x00, 0x00, 0x00, 0x00, 0x00, 0x00, 
    0xff, 0xff, 0x01, 0x00, 0x00, 0x00, 0xfd, 0xef, 0x04, 0xfe, 0x2e, 0x73, 
    0xfe, 0x2f, 0xd4, 0xfe, 0x0e, 0xfb, 0xfe, 0x0e, 0xff, 0xfe, 0x0f, 0xf0, 
    0xfe, 0x2f, 0xb7, 0xf6, 0x0e, 0x42, 0x00, 0x00, 0x00, 0xfd, 0x4a, 0x03, 
    0x00, 0x00, 0x00, 0x00, 0x00, 0x00, 0x00, 0x00, 0x00, 0x00, 0x00, 0x00, 
    0x00, 0x00, 0x00, 0x00, 0x00, 0x00, 0x00, 0x00, 0x00, 0x00, 0x00, 0x00, 
    0x00, 0x00, 0x00, 0x00, 0x00, 0x00, 0x00, 0x00, 0x00, 0x00, 0x00, 0x00, 
    0x00, 0x00, 0x00, 0x00, 0x00, 0x00, 0x00, 0x00, 0x00, 0x00, 0x00, 0x00, 
    0x00, 0x00, 0x00, 0x00, 0x00, 0x00, 0x00, 0x00, 0x00, 0x00, 0x00, 0x00, 
    0x00, 0x00, 0x00, 0x00, 0x00, 0x00, 0x00, 0x00, 0x00, 0x00, 0x00, 0x00, 
    0x00, 0x00, 0x00, 0x00, 0x00, 0x00, 0x00, 0x00, 0x00, 0x00, 0x00, 0x00, 
    0x00, 0x00, 0x00, 0x00, 0x00, 0x00, 0x00, 0x00, 0x00, 0x00, 0x00, 0x00, 
    0x00, 0x00, 0x00, 0x00, 0x00, 0x00, 0x00, 0x00, 0x00, 0x00, 0x00, 0x00, 
    0x00, 0x00, 0x00, 0x00, 0x00, 0x00, 0x00, 0x00, 0x00, 0x00, 0x00, 0x00, 
    0x00, 0x00, 0x00, 0x00, 0x00, 0x00, 0x00, 0x00, 0x00, 0x00, 0x00, 0x00, 
    0x00, 0x00, 0x00, 0x00, 0x00, 0x00, 0x00, 0x00, 0x00, 0x00, 0x00, 0x00, 
    0x00, 0x00, 0x00, 0x00, 0x00, 0x00, 0x00, 0x00, 0x00, 0x00, 0x00, 0x00, 
    0x00, 0x00, 0x00, 0x00, 0x00, 0x00, 0x00, 0x00, 0x00, 0x00, 0x00, 0x00, 
    0x00, 0x00, 0x00, 0x00, 0x00, 0x00, 0x00, 0x00, 0x00, 0x00, 0x00, 0x00, 
    0x00, 0x00, 0x00, 0x00, 0x00, 0x00, 0x00, 0x00, 0x00, 0x00, 0x00, 0x00, 
    0x00, 0x00, 0x00, 0x00, 0x00, 0x00, 0x00, 0x00, 0x00, 0x00, 0x00, 0x00, 
    0x00, 0x00, 0x00, 0x00, 0x00, 0x00, 0x00, 0x00, 0x00, 0x00, 0x00, 0x00, 
    0x00, 0x00, 0x00, 0x00, 0x00, 0x00, 0x00, 0x00, 0x00, 0x00, 0x00, 0x00, 
    0x00, 0x00, 0x00, 0x00, 0x00, 0x00, 0x00, 0x00, 0x00, 0x00, 0x00, 0x00, 
    0x00, 0x00, 0x00, 0x00, 0x00, 0x00, 0x00, 0x00, 0x00, 0x00, 0x00, 0x00, 
    0x00, 0x00, 0x00, 0x00, 0x00, 0x00, 0x00, 0x00, 0x00, 0x00, 0x00, 0x00, 
    0x00, 0x00, 0x00, 0x00, 0x00, 0x00, 0x00, 0x00, 0x00, 0x00, 0x00, 0x00, 
    0x00, 0x00, 0x00, 0x00, 0x00, 0x00, 0x00, 0x00, 0x00, 0x00, 0x00, 0x00, 
    0x00, 0x00, 0x00, 0x00, 0x00, 0x00, 0x00, 0x00, 0x00, 0x00, 0x00, 0x00, 
    0x00, 0x00, 0x00, 0x00, 0x00, 0x00, 0x00, 0x00, 0x00, 0x00, 0x00, 0x00, 
    0x00, 0x00, 0x00, 0x00, 0x00, 0x00, 0x00, 0x00, 0x00, 0x00, 0x00, 0x00, 
    0x00, 0x00, 0x00, 0x00, 0x00, 0x00, 0x00, 0x00, 0x00, 0x00, 0x00, 0x00, 
    0x00, 0x00, 0x00, 0x00, 0x00, 0x00, 0x00, 0x00, 0x00, 0x00, 0x00, 0x00, 
    0x00, 0x00, 0x00, 0x00, 0x00, 0x00, 0x00, 0x00, 0x00, 0x00, 0x00, 0x00, 
    0x00, 0x00, 0x00, 0x00, 0x00, 0x00, 0x00, 0x00, 0x00, 0x00, 0x00, 0x00, 
    0x00, 0x00, 0x00, 0x00, 0x00, 0x00, 0x00, 0x00, 0x00, 0xff, 0xff, 0x01, 
    0xfb, 0xef, 0x02, 0xfe, 0x4d, 0x0e, 0xfe, 0x0f, 0xbb, 0xfe, 0x90, 0xff, 
    0xfe, 0x2f, 0xff, 0xfe, 0x0e, 0xff, 0xfe, 0x0e, 0xff, 0xfe, 0x0e, 0xff, 
    0xfe, 0x6f, 0xff, 0xfe, 0x4f, 0xff, 0xfd, 0xee, 0x73, 0x00, 0x00, 0x00, 
    0xfd, 0x4a, 0x03, 0x00, 0x00, 0x00, 0x00, 0x00, 0x00, 0x00, 0x00, 0x00, 
    0x00, 0x00, 0x00, 0x00, 0x00, 0x00, 0x00, 0x00, 0x00, 0x00, 0x00, 0x00, 
    0x00, 0x00, 0x00, 0x00, 0x00, 0x00, 0x00, 0x00, 0x00, 0x00, 0x00, 0x00, 
    0x00, 0x00, 0x00, 0x00, 0x00, 0x00, 0x00, 0x00, 0x00, 0x00, 0x00, 0x00, 
    0x00, 0x00, 0x00, 0x00, 0x00, 0x00, 0x00, 0x00, 0x00, 0x00, 0x00, 0x00, 
    0x00, 0x00, 0x00, 0x00, 0x00, 0x00, 0x00, 0x00, 0x00, 0x00, 0x00, 0x00, 
    0x00, 0x00, 0x00, 0x00, 0x00, 0x00, 0x00, 0x00, 0x00, 0x00, 0x00, 0x00, 
    0x00, 0x00, 0x00, 0x00, 0x00, 0x00, 0x00, 0x00, 0x00, 0x00, 0x00, 0x00, 
    0x00, 0x00, 0x00, 0x00, 0x00, 0x00, 0x00, 0x00, 0x00, 0x00, 0x00, 0x00, 
    0x00, 0x00, 0x00, 0x00, 0x00, 0x00, 0x00, 0x00, 0x00, 0x00, 0x00, 0x00, 
    0x00, 0x00, 0x00, 0x00, 0x00, 0x00, 0x00, 0x00, 0x00, 0x00, 0x00, 0x00, 
    0x00, 0x00, 0x00, 0x00, 0x00, 0x00, 0x00, 0x00, 0x00, 0x00, 0x00, 0x00, 
    0x00, 0x00, 0x00, 0x00, 0x00, 0x00, 0x00, 0x00, 0x00, 0x00, 0x00, 0x00, 
    0x00, 0x00, 0x00, 0x00, 0x00, 0x00, 0x00, 0x00, 0x00, 0x00, 0x00, 0x00, 
    0x00, 0x00, 0x00, 0x00, 0x00, 0x00, 0x00, 0x00, 0x00, 0x00, 0x00, 0x00, 
    0x00, 0x00, 0x00, 0x00, 0x00, 0x00, 0x00, 0x00, 0x00, 0x00, 0x00, 0x00, 
    0x00, 0x00, 0x00, 0x00, 0x00, 0x00, 0x00, 0x00, 0x00, 0x00, 0x00, 0x00, 
    0x00, 0x00, 0x00, 0x00, 0x00, 0x00, 0x00, 0x00, 0x00, 0x00, 0x00, 0x00, 
    0x00, 0x00, 0x00, 0x00, 0x00, 0x00, 0x00, 0x00, 0x00, 0x00, 0x00, 0x00, 
    0x00, 0x00, 0x00, 0x00, 0x00, 0x00, 0x00, 0x00, 0x00, 0x00, 0x00, 0x00, 
    0x00, 0x00, 0x00, 0x00, 0x00, 0x00, 0x00, 0x00, 0x00, 0x00, 0x00, 0x00, 
    0x00, 0x00, 0x00, 0x00, 0x00, 0x00, 0x00, 0x00, 0x00, 0x00, 0x00, 0x00, 
    0x00, 0x00, 0x00, 0x00, 0x00, 0x00, 0x00, 0x00, 0x00, 0x00, 0x00, 0x00, 
    0x00, 0x00, 0x00, 0x00, 0x00, 0x00, 0x00, 0x00, 0x00, 0x00, 0x00, 0x00, 
    0x00, 0x00, 0x00, 0x00, 0x00, 0x00, 0x00, 0x00, 0x00, 0x00, 0x00, 0x00, 
    0x00, 0x00, 0x00, 0x00, 0x00, 0x00, 0x00, 0x00, 0x00, 0x00, 0x00, 0x00, 
    0x00, 0x00, 0x00, 0x00, 0x00, 0x00, 0x00, 0x00, 0x00, 0x00, 0x00, 0x00, 
    0x00, 0x00, 0x00, 0x00, 0x00, 0x00, 0x00, 0x00, 0x00, 0x00, 0x00, 0x00, 
    0x00, 0x00, 0x00, 0x00, 0x00, 0x00, 0x00, 0x00, 0x00, 0x00, 0x00, 0x00, 
    0x00, 0x00, 0x00, 0x00, 0x00, 0x00, 0x00, 0x00, 0x00, 0x00, 0x00, 0x00, 
    0x00, 0x00, 0x00, 0x00, 0x00, 0x00, 0x00, 0x00, 0x00, 0x00, 0x00, 0x00, 
    0x00, 0x00, 0x00, 0x00, 0x00, 0x00, 0x00, 0x00, 0x00, 0xff, 0xef, 0x02, 
    0x00, 0x00, 0x00, 0xfd, 0xee, 0xa9, 0xfe, 0x90, 0xff, 0xfe, 0x0e, 0xf9, 
    0xfe, 0x0e, 0xfd, 0xfe, 0x0e, 0xfe, 0xfe, 0x0e, 0xfe, 0xfe, 0x0e, 0xfe, 
    0xfe, 0x0e, 0xfb, 0xfe, 0x0e, 0xfd, 0xfe, 0x6f, 0xff, 0xfe, 0x0e, 0x4c, 
    0x00, 0x00, 0x00, 0xff, 0xf5, 0x03, 0x00, 0x00, 0x00, 0x00, 0x00, 0x00, 
    0x00, 0x00, 0x00, 0x00, 0x00, 0x00, 0x00, 0x00, 0x00, 0x00, 0x00, 0x00, 
    0x00, 0x00, 0x00, 0x00, 0x00, 0x00, 0x00, 0x00, 0x00, 0x00, 0x00, 0x00, 
    0x00, 0x00, 0x00, 0x00, 0x00, 0x00, 0x00, 0x00, 0x00, 0x00, 0x00, 0x00, 
    0x00, 0x00, 0x00, 0x00, 0x00, 0x00, 0x00, 0x00, 0x00, 0x00, 0x00, 0x00, 
    0x00, 0x00, 0x00, 0x00, 0x00, 0x00, 0x00, 0x00, 0x00, 0x00, 0x00, 0x00, 
    0x00, 0x00, 0x00, 0x00, 0x00, 0x00, 0x00, 0x00, 0x00, 0x00, 0x00, 0x00, 
    0x00, 0x00, 0x00, 0x00, 0x00, 0x00, 0x00, 0x00, 0x00, 0x00, 0x00, 0x00, 
    0x00, 0x00, 0x00, 0x00, 0x00, 0x00, 0x00, 0x00, 0x00, 0x00, 0x00, 0x00, 
    0x00, 0x00, 0x00, 0x00, 0x00, 0x00, 0x00, 0x00, 0x00, 0x00, 0x00, 0x00, 
    0x00, 0x00, 0x00, 0x00, 0x00, 0x00, 0x00, 0x00, 0x00, 0x00, 0x00, 0x00, 
    0x00, 0x00, 0x00, 0x00, 0x00, 0x00, 0x00, 0x00, 0x00, 0x00, 0x00, 0x00, 
    0x00, 0x00, 0x00, 0x00, 0x00, 0x00, 0x00, 0x00, 0x00, 0x00, 0x00, 0x00, 
    0x00, 0x00, 0x00, 0x00, 0x00, 0x00, 0x00, 0x00, 0x00, 0x00, 0x00, 0x00, 
    0x00, 0x00, 0x00, 0x00, 0x00, 0x00, 0x00, 0x00, 0x00, 0x00, 0x00, 0x00, 
    0x00, 0x00, 0x00, 0x00, 0x00, 0x00, 0x00, 0x00, 0x00, 0x00, 0x00, 0x00, 
    0x00, 0x00, 0x00, 0x00, 0x00, 0x00, 0x00, 0x00, 0x00, 0x00, 0x00, 0x00, 
    0x00, 0x00, 0x00, 0x00, 0x00, 0x00, 0x00, 0x00, 0x00, 0x00, 0x00, 0x00, 
    0x00, 0x00, 0x00, 0x00, 0x00, 0x00, 0x00, 0x00, 0x00, 0x00, 0x00, 0x00, 
    0x00, 0x00, 0x00, 0x00, 0x00, 0x00, 0x00, 0x00, 0x00, 0x00, 0x00, 0x00, 
    0x00, 0x00, 0x00, 0x00, 0x00, 0x00, 0x00, 0x00, 0x00, 0x00, 0x00, 0x00, 
    0x00, 0x00, 0x00, 0x00, 0x00, 0x00, 0x00, 0x00, 0x00, 0x00, 0x00, 0x00, 
    0x00, 0x00, 0x00, 0x00, 0x00, 0x00, 0x00, 0x00, 0x00, 0x00, 0x00, 0x00, 
    0x00, 0x00, 0x00, 0x00, 0x00, 0x00, 0x00, 0x00, 0x00, 0x00, 0x00, 0x00, 
    0x00, 0x00, 0x00, 0x00, 0x00, 0x00, 0x00, 0x00, 0x00, 0x00, 0x00, 0x00, 
    0x00, 0x00, 0x00, 0x00, 0x00, 0x00, 0x00, 0x00, 0x00, 0x00, 0x00, 0x00, 
    0x00, 0x00, 0x00, 0x00, 0x00, 0x00, 0x00, 0x00, 0x00, 0x00, 0x00, 0x00, 
    0x00, 0x00, 0x00, 0x00, 0x00, 0x00, 0x00, 0x00, 0x00, 0x00, 0x00, 0x00, 
    0x00, 0x00, 0x00, 0x00, 0x00, 0x00, 0x00, 0x00, 0x00, 0x00, 0x00, 0x00, 
    0x00, 0x00, 0x00, 0x00, 0x00, 0x00, 0x00, 0x00, 0x00, 0x00, 0x00, 0x00, 
    0x00, 0x00, 0x00, 0x00, 0x00, 0x00, 0x00, 0x00, 0x00, 0x00, 0x00, 0x00, 
    0x00, 0x00, 0x00, 0x00, 0x00, 0x00, 0xfd, 0x55, 0x03, 0x00, 0x00, 0x00, 
    0xf6, 0x0e, 0x3d, 0xfe, 0x4f, 0xff, 0xfe, 0x0e, 0xfb, 0xfe, 0x0e, 0xff, 
    0xfe, 0x0e, 0xff, 0xfe, 0x0e, 0xff, 0xfe, 0x0e, 0xff, 0xfe, 0x0e, 0xff, 
    0xfe, 0x0e, 0xff, 0xfe, 0x0e, 0xfc, 0xfe, 0x4f, 0xfe, 0xfe, 0x0e, 0xd3, 
    0xce, 0x6c, 0x05, 0xff, 0xff, 0x01, 0xf8, 0x00, 0x01, 0x00, 0x00, 0x00, 
    0x00, 0x00, 0x00, 0x00, 0x00, 0x00, 0x00, 0x00, 0x00, 0x00, 0x00, 0x00, 
    0x00, 0x00, 0x00, 0x00, 0x00, 0x00, 0x00, 0x00, 0x00, 0x00, 0x00, 0x00, 
    0x00, 0x00, 0x00, 0x00, 0x00, 0x00, 0x00, 0x00, 0x00, 0x00, 0x00, 0x00, 
    0x00, 0x00, 0x00, 0x00, 0x00, 0x00, 0x00, 0x00, 0x00, 0x00, 0x00, 0x00, 
    0x00, 0x00, 0x00, 0x00, 0x00, 0x00, 0x00, 0x00, 0x00, 0x00, 0x00, 0x00, 
    0x00, 0x00, 0x00, 0x00, 0x00, 0x00, 0x00, 0x00, 0x00, 0x00, 0x00, 0x00, 
    0x00, 0x00, 0x00, 0x00, 0x00, 0x00, 0x00, 0x00, 0x00, 0x00, 0x00, 0x00, 
    0x00, 0x00, 0x00, 0x00, 0x00, 0x00, 0x00, 0x00, 0x00, 0x00, 0x00, 0x00, 
    0x00, 0x00, 0x00, 0x00, 0x00, 0x00, 0x00, 0x00, 0x00, 0x00, 0x00, 0x00, 
    0x00, 0x00, 0x00, 0x00, 0x00, 0x00, 0x00, 0x00, 0x00, 0x00, 0x00, 0x00, 
    0x00, 0x00, 0x00, 0x00, 0x00, 0x00, 0x00, 0x00, 0x00, 0x00, 0x00, 0x00, 
    0x00, 0x00, 0x00, 0x00, 0x00, 0x00, 0x00, 0x00, 0x00, 0x00, 0x00, 0x00, 
    0x00, 0x00, 0x00, 0x00, 0x00, 0x00, 0x00, 0x00, 0x00, 0x00, 0x00, 0x00, 
    0x00, 0x00, 0x00, 0x00, 0x00, 0x00, 0x00, 0x00, 0x00, 0x00, 0x00, 0x00, 
    0x00, 0x00, 0x00, 0x00, 0x00, 0x00, 0x00, 0x00, 0x00, 0x00, 0x00, 0x00, 
    0x00, 0x00, 0x00, 0x00, 0x00, 0x00, 0x00, 0x00, 0x00, 0x00, 0x00, 0x00, 
    0x00, 0x00, 0x00, 0x00, 0x00, 0x00, 0x00, 0x00, 0x00, 0x00, 0x00, 0x00, 
    0x00, 0x00, 0x00, 0x00, 0x00, 0x00, 0x00, 0x00, 0x00, 0x00, 0x00, 0x00, 
    0x00, 0x00, 0x00, 0x00, 0x00, 0x00, 0x00, 0x00, 0x00, 0x00, 0x00, 0x00, 
    0x00, 0x00, 0x00, 0x00, 0x00, 0x00, 0x00, 0x00, 0x00, 0x00, 0x00, 0x00, 
    0x00, 0x00, 0x00, 0x00, 0x00, 0x00, 0x00, 0x00, 0x00, 0x00, 0x00, 0x00, 
    0x00, 0x00, 0x00, 0x00, 0x00, 0x00, 0x00, 0x00, 0x00, 0x00, 0x00, 0x00, 
    0x00, 0x00, 0x00, 0x00, 0x00, 0x00, 0x00, 0x00, 0x00, 0x00, 0x00, 0x00, 
    0x00, 0x00, 0x00, 0x00, 0x00, 0x00, 0x00, 0x00, 0x00, 0x00, 0x00, 0x00, 
    0x00, 0x00, 0x00, 0x00, 0x00, 0x00, 0x00, 0x00, 0x00, 0x00, 0x00, 0x00, 
    0x00, 0x00, 0x00, 0x00, 0x00, 0x00, 0x00, 0x00, 0x00, 0x00, 0x00, 0x00, 
    0x00, 0x00, 0x00, 0x00, 0x00, 0x00, 0x00, 0x00, 0x00, 0x00, 0x00, 0x00, 
    0x00, 0x00, 0x00, 0x00, 0x00, 0x00, 0x00, 0x00, 0x00, 0x00, 0x00, 0x00, 
    0x00, 0x00, 0x00, 0x00, 0x00, 0x00, 0x00, 0x00, 0x00, 0x00, 0x00, 0x00, 
    0x00, 0x00, 0x00, 0x00, 0x00, 0x00, 0x00, 0x00, 0x00, 0x00, 0x00, 0x00, 
    0x00, 0x00, 0x00, 0x00, 0x00, 0x00, 0xfd, 0xef, 0x04, 0x00, 0x00, 0x00, 
    0xfe, 0x0e, 0x90, 0xfe, 0x6f, 0xfe, 0xfe, 0x0e, 0xfb, 0xfe, 0x0e, 0xff, 
    0xfe, 0x0e, 0xff, 0xfe, 0x0e, 0xff, 0xfe, 0x0e, 0xff, 0xfe, 0x0e, 0xff, 
    0xfe, 0x0e, 0xff, 0xfe, 0x0e, 0xff, 0xfe, 0x0e, 0xfe, 0xfe, 0x2f, 0xff, 
    0xfe, 0x0e, 0x32, 0x00, 0x00, 0x00, 0xff, 0xef, 0x02, 0x00, 0x00, 0x00, 
    0x00, 0x00, 0x00, 0x00, 0x00, 0x00, 0x00, 0x00, 0x00, 0x00, 0x00, 0x00, 
    0x00, 0x00, 0x00, 0x00, 0x00, 0x00, 0x00, 0x00, 0x00, 0x00, 0x00, 0x00, 
    0x00, 0x00, 0x00, 0x00, 0x00, 0x00, 0x00, 0x00, 0x00, 0x00, 0x00, 0x00, 
    0x00, 0x00, 0x00, 0x00, 0x00, 0x00, 0x00, 0x00, 0x00, 0x00, 0x00, 0x00, 
    0x00, 0x00, 0x00, 0x00, 0x00, 0x00, 0x00, 0x00, 0x00, 0x00, 0x00, 0x00, 
    0x00, 0x00, 0x00, 0x00, 0x00, 0x00, 0x00, 0x00, 0x00, 0x00, 0x00, 0x00, 
    0x00, 0x00, 0x00, 0x00, 0x00, 0x00, 0x00, 0x00, 0x00, 0x00, 0x00, 0x00, 
    0x00, 0x00, 0x00, 0x00, 0x00, 0x00, 0x00, 0x00, 0x00, 0x00, 0x00, 0x00, 
    0x00, 0x00, 0x00, 0x00, 0x00, 0x00, 0x00, 0x00, 0x00, 0x00, 0x00, 0x00, 
    0x00, 0x00, 0x00, 0x00, 0x00, 0x00, 0x00, 0x00, 0x00, 0x00, 0x00, 0x00, 
    0x00, 0x00, 0x00, 0x00, 0x00, 0x00, 0x00, 0x00, 0x00, 0x00, 0x00, 0x00, 
    0x00, 0x00, 0x00, 0x00, 0x00, 0x00, 0x00, 0x00, 0x00, 0x00, 0x00, 0x00, 
    0x00, 0x00, 0x00, 0x00, 0x00, 0x00, 0x00, 0x00, 0x00, 0x00, 0x00, 0x00, 
    0x00, 0x00, 0x00, 0x00, 0x00, 0x00, 0x00, 0x00, 0x00, 0x00, 0x00, 0x00, 
    0x00, 0x00, 0x00, 0x00, 0x00, 0x00, 0x00, 0x00, 0x00, 0x00, 0x00, 0x00, 
    0x00, 0x00, 0x00, 0x00, 0x00, 0x00, 0x00, 0x00, 0x00, 0x00, 0x00, 0x00, 
    0x00, 0x00, 0x00, 0x00, 0x00, 0x00, 0x00, 0x00, 0x00, 0x00, 0x00, 0x00, 
    0x00, 0x00, 0x00, 0x00, 0x00, 0x00, 0x00, 0x00, 0x00, 0x00, 0x00, 0x00, 
    0x00, 0x00, 0x00, 0x00, 0x00, 0x00, 0x00, 0x00, 0x00, 0x00, 0x00, 0x00, 
    0x00, 0x00, 0x00, 0x00, 0x00, 0x00, 0x00, 0x00, 0x00, 0x00, 0x00, 0x00, 
    0x00, 0x00, 0x00, 0x00, 0x00, 0x00, 0x00, 0x00, 0x00, 0x00, 0x00, 0x00, 
    0x00, 0x00, 0x00, 0x00, 0x00, 0x00, 0x00, 0x00, 0x00, 0x00, 0x00, 0x00, 
    0x00, 0x00, 0x00, 0x00, 0x00, 0x00, 0x00, 0x00, 0x00, 0x00, 0x00, 0x00, 
    0x00, 0x00, 0x00, 0x00, 0x00, 0x00, 0x00, 0x00, 0x00, 0x00, 0x00, 0x00, 
    0x00, 0x00, 0x00, 0x00, 0x00, 0x00, 0x00, 0x00, 0x00, 0x00, 0x00, 0x00, 
    0x00, 0x00, 0x00, 0x00, 0x00, 0x00, 0x00, 0x00, 0x00, 0x00, 0x00, 0x00, 
    0x00, 0x00, 0x00, 0x00, 0x00, 0x00, 0x00, 0x00, 0x00, 0x00, 0x00, 0x00, 
    0x00, 0x00, 0x00, 0x00, 0x00, 0x00, 0x00, 0x00, 0x00, 0x00, 0x00, 0x00, 
    0x00, 0x00, 0x00, 0x00, 0x00, 0x00, 0x00, 0x00, 0x00, 0x00, 0x00, 0x00, 
    0x00, 0x00, 0x00, 0x00, 0x00, 0x00, 0x00, 0x00, 0x00, 0x00, 0x00, 0x00, 
    0x00, 0x00, 0x00, 0x00, 0x00, 0x00, 0xff, 0xef, 0x02, 0x00, 0x00, 0x00, 
    0xfe, 0x0e, 0xb2, 0xfe, 0x6f, 0xff, 0xfe, 0x0e, 0xfc, 0xfe, 0x0e, 0xff, 
    0xfe, 0x0e, 0xff, 0xfe, 0x0e, 0xff, 0xfe, 0x0e, 0xff, 0xfe, 0x0e, 0xff, 
    0xfe, 0x0e, 0xff, 0xfe, 0x0e, 0xff, 0xfe, 0x0e, 0xfc, 0xfe, 0x4f, 0xfe, 
    0xfe, 0x0e, 0x56, 0x00, 0x00, 0x00, 0xff, 0xf5, 0x03, 0x00, 0x00, 0x00, 
    0x00, 0x00, 0x00, 0x00, 0x00, 0x00, 0x00, 0x00, 0x00, 0x00, 0x00, 0x00, 
    0x00, 0x00, 0x00, 0x00, 0x00, 0x00, 0x00, 0x00, 0x00, 0x00, 0x00, 0x00, 
    0x00, 0x00, 0x00, 0x00, 0x00, 0x00, 0x00, 0x00, 0x00, 0x00, 0x00, 0x00, 
    0x00, 0x00, 0x00, 0x00, 0x00, 0x00, 0x00, 0x00, 0x00, 0x00, 0x00, 0x00, 
    0x00, 0x00, 0x00, 0x00, 0x00, 0x00, 0x00, 0x00, 0x00, 0x00, 0x00, 0x00, 
    0x00, 0x00, 0x00, 0x00, 0x00, 0x00, 0x00, 0x00, 0x00, 0x00, 0x00, 0x00, 
    0x00, 0x00, 0x00, 0x00, 0x00, 0x00, 0x00, 0x00, 0x00, 0x00, 0x00, 0x00, 
    0x00, 0x00, 0x00, 0x00, 0x00, 0x00, 0x00, 0x00, 0x00, 0x00, 0x00, 0x00, 
    0x00, 0x00, 0x00, 0x00, 0x00, 0x00, 0x00, 0x00, 0x00, 0x00, 0x00, 0x00, 
    0x00, 0x00, 0x00, 0x00, 0x00, 0x00, 0x00, 0x00, 0x00, 0x00, 0x00, 0x00, 
    0x00, 0x00, 0x00, 0x00, 0x00, 0x00, 0x00, 0x00, 0x00, 0x00, 0x00, 0x00, 
    0x00, 0x00, 0x00, 0x00, 0x00, 0x00, 0x00, 0x00, 0x00, 0x00, 0x00, 0x00, 
    0x00, 0x00, 0x00, 0x00, 0x00, 0x00, 0x00, 0x00, 0x00, 0x00, 0x00, 0x00, 
    0x00, 0x00, 0x00, 0x00, 0x00, 0x00, 0x00, 0x00, 0x00, 0x00, 0x00, 0x00, 
    0x00, 0x00, 0x00, 0x00, 0x00, 0x00, 0x00, 0x00, 0x00, 0x00, 0x00, 0x00, 
    0x00, 0x00, 0x00, 0x00, 0x00, 0x00, 0x00, 0x00, 0x00, 0x00, 0x00, 0x00, 
    0x00, 0x00, 0x00, 0x00, 0x00, 0x00, 0x00, 0x00, 0x00, 0x00, 0x00, 0x00, 
    0x00, 0x00, 0x00, 0x00, 0x00, 0x00, 0x00, 0x00, 0x00, 0x00, 0x00, 0x00, 
    0x00, 0x00, 0x00, 0x00, 0x00, 0x00, 0x00, 0x00, 0x00, 0x00, 0x00, 0x00, 
    0x00, 0x00, 0x00, 0x00, 0x00, 0x00, 0x00, 0x00, 0x00, 0x00, 0x00, 0x00, 
    0x00, 0x00, 0x00, 0x00, 0x00, 0x00, 0x00, 0x00, 0x00, 0x00, 0x00, 0x00, 
    0x00, 0x00, 0x00, 0x00, 0x00, 0x00, 0x00, 0x00, 0x00, 0x00, 0x00, 0x00, 
    0x00, 0x00, 0x00, 0x00, 0x00, 0x00, 0x00, 0x00, 0x00, 0x00, 0x00, 0x00, 
    0x00, 0x00, 0x00, 0x00, 0x00, 0x00, 0x00, 0x00, 0x00, 0x00, 0x00, 0x00, 
    0x00, 0x00, 0x00, 0x00, 0x00, 0x00, 0x00, 0x00, 0x00, 0x00, 0x00, 0x00, 
    0x00, 0x00, 0x00, 0x00, 0x00, 0x00, 0x00, 0x00, 0x00, 0x00, 0x00, 0x00, 
    0x00, 0x00, 0x00, 0x00, 0x00, 0x00, 0x00, 0x00, 0x00, 0x00, 0x00, 0x00, 
    0x00, 0x00, 0x00, 0x00, 0x00, 0x00, 0x00, 0x00, 0x00, 0x00, 0x00, 0x00, 
    0x00, 0x00, 0x00, 0x00, 0x00, 0x00, 0x00, 0x00, 0x00, 0x00, 0x00, 0x00, 
    0x00, 0x00, 0x00, 0x00, 0x00, 0x00, 0x00, 0x00, 0x00, 0x00, 0x00, 0x00, 
    0x00, 0x00, 0x00, 0x00, 0x00, 0x00, 0xfd, 0x4a, 0x03, 0x00, 0x00, 0x00, 
    0xfe, 0x0e, 0xae, 0xfe, 0x6f, 0xfe, 0xfe, 0x0e, 0xfb, 0xfe, 0x0e, 0xff, 
    0xfe, 0x0e, 0xff, 0xfe, 0x0e, 0xff, 0xfe, 0x0e, 0xff, 0xfe, 0x0e, 0xff, 
    0xfe, 0x0e, 0xff, 0xfe, 0x0e, 0xff, 0xfe, 0x0e, 0xfd, 0xfe, 0x4f, 0xff, 
    0xfe, 0x0e, 0x51, 0x00, 0x00, 0x00, 0xff, 0xf5, 0x03, 0x00, 0x00, 0x00, 
    0x00, 0x00, 0x00, 0x00, 0x00, 0x00, 0x00, 0x00, 0x00, 0x00, 0x00, 0x00, 
    0x00, 0x00, 0x00, 0x00, 0x00, 0x00, 0x00, 0x00, 0x00, 0x00, 0x00, 0x00, 
    0x00, 0x00, 0x00, 0x00, 0x00, 0x00, 0x00, 0x00, 0x00, 0x00, 0x00, 0x00, 
    0x00, 0x00, 0x00, 0x00, 0x00, 0x00, 0x00, 0x00, 0x00, 0x00, 0x00, 0x00, 
    0x00, 0x00, 0x00, 0x00, 0x00, 0x00, 0x00, 0x00, 0x00, 0x00, 0x00, 0x00, 
    0x00, 0x00, 0x00, 0x00, 0x00, 0x00, 0x00, 0x00, 0x00, 0x00, 0x00, 0x00, 
    0x00, 0x00, 0x00, 0x00, 0x00, 0x00, 0x00, 0x00, 0x00, 0x00, 0x00, 0x00, 
    0x00, 0x00, 0x00, 0x00, 0x00, 0x00, 0x00, 0x00, 0x00, 0x00, 0x00, 0x00, 
    0x00, 0x00, 0x00, 0x00, 0x00, 0x00, 0x00, 0x00, 0x00, 0x00, 0x00, 0x00, 
    0x00, 0x00, 0x00, 0x00, 0x00, 0x00, 0x00, 0x00, 0x00, 0x00, 0x00, 0x00, 
    0x00, 0x00, 0x00, 0x00, 0x00, 0x00, 0x00, 0x00, 0x00, 0x00, 0x00, 0x00, 
    0x00, 0x00, 0x00, 0x00, 0x00, 0x00, 0x00, 0x00, 0x00, 0x00, 0x00, 0x00, 
    0x00, 0x00, 0x00, 0x00, 0x00, 0x00, 0x00, 0x00, 0x00, 0x00, 0x00, 0x00, 
    0x00, 0x00, 0x00, 0x00, 0x00, 0x00, 0x00, 0x00, 0x00, 0x00, 0x00, 0x00, 
    0x00, 0x00, 0x00, 0x00, 0x00, 0x00, 0x00, 0x00, 0x00, 0x00, 0x00, 0x00, 
    0x00, 0x00, 0x00, 0x00, 0x00, 0x00, 0x00, 0x00, 0x00, 0x00, 0x00, 0x00, 
    0x00, 0x00, 0x00, 0x00, 0x00, 0x00, 0x00, 0x00, 0x00, 0x00, 0x00, 0x00, 
    0x00, 0x00, 0x00, 0x00, 0x00, 0x00, 0x00, 0x00, 0x00, 0x00, 0x00, 0x00, 
    0x00, 0x00, 0x00, 0x00, 0x00, 0x00, 0x00, 0x00, 0x00, 0x00, 0x00, 0x00, 
    0x00, 0x00, 0x00, 0x00, 0x00, 0x00, 0x00, 0x00, 0x00, 0x00, 0x00, 0x00, 
    0x00, 0x00, 0x00, 0x00, 0x00, 0x00, 0x00, 0x00, 0x00, 0x00, 0x00, 0x00, 
    0x00, 0x00, 0x00, 0x00, 0x00, 0x00, 0x00, 0x00, 0x00, 0x00, 0x00, 0x00, 
    0x00, 0x00, 0x00, 0x00, 0x00, 0x00, 0x00, 0x00, 0x00, 0x00, 0x00, 0x00, 
    0x00, 0x00, 0x00, 0x00, 0x00, 0x00, 0x00, 0x00, 0x00, 0x00, 0x00, 0x00, 
    0x00, 0x00, 0x00, 0x00, 0x00, 0x00, 0x00, 0x00, 0x00, 0x00, 0x00, 0x00, 
    0x00, 0x00, 0x00, 0x00, 0x00, 0x00, 0x00, 0x00, 0x00, 0x00, 0x00, 0x00, 
    0x00, 0x00, 0x00, 0x00, 0x00, 0x00, 0x00, 0x00, 0x00, 0x00, 0x00, 0x00, 
    0x00, 0x00, 0x00, 0x00, 0x00, 0x00, 0x00, 0x00, 0x00, 0x00, 0x00, 0x00, 
    0x00, 0x00, 0x00, 0x00, 0x00, 0x00, 0x00, 0x00, 0x00, 0x00, 0x00, 0x00, 
    0x00, 0x00, 0x00, 0x00, 0x00, 0x00, 0x00, 0x00, 0x00, 0x00, 0x00, 0x00, 
    0x00, 0x00, 0x00, 0x00, 0x00, 0x00, 0xfd, 0xef, 0x04, 0x00, 0x00, 0x00, 
    0xfe, 0x0e, 0x80, 0xfe, 0x6f, 0xff, 0xfe, 0x0e, 0xfb, 0xfe, 0x0e, 0xff, 
    0xfe, 0x0e, 0xff, 0xfe, 0x0e, 0xff, 0xfe, 0x0e, 0xff, 0xfe, 0x0e, 0xff, 
    0xfe, 0x0e, 0xff, 0xfe, 0x0e, 0xff, 0xfe, 0x0e, 0xfe, 0xfe, 0x0e, 0xfc, 
    0xfe, 0x0e, 0x25, 0x00, 0x00, 0x00, 0xfb, 0xef, 0x02, 0x00, 0x00, 0x00, 
    0x00, 0x00, 0x00, 0x00, 0x00, 0x00, 0x00, 0x00, 0x00, 0x00, 0x00, 0x00, 
    0x00, 0x00, 0x00, 0x00, 0x00, 0x00, 0x00, 0x00, 0x00, 0x00, 0x00, 0x00, 
    0x00, 0x00, 0x00, 0x00, 0x00, 0x00, 0x00, 0x00, 0x00, 0x00, 0x00, 0x00, 
    0x00, 0x00, 0x00, 0x00, 0x00, 0x00, 0x00, 0x00, 0x00, 0x00, 0x00, 0x00, 
    0x00, 0x00, 0x00, 0x00, 0x00, 0x00, 0x00, 0x00, 0x00, 0x00, 0x00, 0x00, 
    0x00, 0x00, 0x00, 0x00, 0x00, 0x00, 0x00, 0x00, 0x00, 0x00, 0x00, 0x00, 
    0x00, 0x00, 0x00, 0x00, 0x00, 0x00, 0x00, 0x00, 0x00, 0x00, 0x00, 0x00, 
    0x00, 0x00, 0x00, 0x00, 0x00, 0x00, 0x00, 0x00, 0x00, 0x00, 0x00, 0x00, 
    0x00, 0x00, 0x00, 0x00, 0x00, 0x00, 0x00, 0x00, 0x00, 0x00, 0x00, 0x00, 
    0x00, 0x00, 0x00, 0xf8, 0x00, 0x01, 0xff, 0xe0, 0x01, 0xf8, 0x00, 0x01, 
    0x00, 0x00, 0x00, 0x00, 0x00, 0x00, 0x00, 0x00, 0x00, 0x00, 0x00, 0x00, 
    0x00, 0x00, 0x00, 0x00, 0x00, 0x00, 0x00, 0x00, 0x00, 0x00, 0x00, 0x00, 
    0x00, 0x00, 0x00, 0x00, 0x00, 0x00, 0x00, 0x00, 0x00, 0x00, 0x00, 0x00, 
    0x00, 0x00, 0x00, 0x00, 0x00, 0x00, 0x00, 0x00, 0x00, 0x00, 0x00, 0x00, 
    0x00, 0x00, 0x00, 0x00, 0x00, 0x00, 0x00, 0x00, 0x00, 0x00, 0x00, 0x00, 
    0x00, 0x00, 0x00, 0x00, 0x00, 0x00, 0x00, 0x00, 0x00, 0x00, 0x00, 0x00, 
    0x00, 0x00, 0x00, 0x00, 0x00, 0x00, 0x00, 0x00, 0x00, 0x00, 0x00, 0x00, 
    0x00, 0x00, 0x00, 0x00, 0x00, 0x00, 0x00, 0x00, 0x00, 0x00, 0x00, 0x00, 
    0x00, 0x00, 0x00, 0x00, 0x00, 0x00, 0x00, 0x00, 0x00, 0x00, 0x00, 0x00, 
    0x00, 0x00, 0x00, 0x00, 0x00, 0x00, 0x00, 0x00, 0x00, 0x00, 0x00, 0x00, 
    0x00, 0x00, 0x00, 0x00, 0x00, 0x00, 0x00, 0x00, 0x00, 0x00, 0x00, 0x00, 
    0x00, 0x00, 0x00, 0x00, 0x00, 0x00, 0x00, 0x00, 0x00, 0x00, 0x00, 0x00, 
    0x00, 0x00, 0x00, 0x00, 0x00, 0x00, 0x00, 0x00, 0x00, 0x00, 0x00, 0x00, 
    0x00, 0x00, 0x00, 0x00, 0x00, 0x00, 0x00, 0x00, 0x00, 0x00, 0x00, 0x00, 
    0x00, 0x00, 0x00, 0x00, 0x00, 0x00, 0x00, 0x00, 0x00, 0x00, 0x00, 0x00, 
    0x00, 0x00, 0x00, 0x00, 0x00, 0x00, 0x00, 0x00, 0x00, 0x00, 0x00, 0x00, 
    0x00, 0x00, 0x00, 0x00, 0x00, 0x00, 0x00, 0x00, 0x00, 0x00, 0x00, 0x00, 
    0x00, 0x00, 0x00, 0x00, 0x00, 0x00, 0x00, 0x00, 0x00, 0x00, 0x00, 0x00, 
    0x00, 0x00, 0x00, 0x00, 0x00, 0x00, 0x00, 0x00, 0x00, 0x00, 0x00, 0x00, 
    0x00, 0x00, 0x00, 0x00, 0x00, 0x00, 0x00, 0x00, 0x00, 0x00, 0x00, 0x00, 
    0x00, 0x00, 0x00, 0x00, 0x00, 0x00, 0xfb, 0xef, 0x02, 0x00, 0x00, 0x00, 
    0xfd, 0xee, 0x27, 0xfe, 0x2e, 0xfb, 0xfe, 0x0e, 0xfc, 0xfe, 0x0e, 0xfd, 
    0xfe, 0x0e, 0xff, 0xfe, 0x0e, 0xff, 0xfe, 0x0e, 0xff, 0xfe, 0x0e, 0xff, 
    0xfe, 0x0e, 0xff, 0xfe, 0x0e, 0xfa, 0xfe, 0x6f, 0xff, 0xfe, 0x0e, 0xb9, 
    0x00, 0x00, 0x00, 0xff, 0xef, 0x02, 0x00, 0x00, 0x00, 0x00, 0x00, 0x00, 
    0x00, 0x00, 0x00, 0x00, 0x00, 0x00, 0x00, 0x00, 0x00, 0x00, 0x00, 0x00, 
    0x00, 0x00, 0x00, 0x00, 0x00, 0x00, 0x00, 0x00, 0x00, 0xf8, 0x00, 0x01, 
    0x00, 0x00, 0x00, 0x00, 0x00, 0x00, 0x00, 0x00, 0x00, 0x00, 0x00, 0x00, 
    0x00, 0x00, 0x00, 0x00, 0x00, 0x00, 0x00, 0x00, 0x00, 0x00, 0x00, 0x00, 
    0x00, 0x00, 0x00, 0x00, 0x00, 0x00, 0x00, 0x00, 0x00, 0x00, 0x00, 0x00, 
    0x00, 0x00, 0x00, 0x00, 0x00, 0x00, 0x00, 0x00, 0x00, 0x00, 0x00, 0x00, 
    0x00, 0x00, 0x00, 0x00, 0x00, 0x00, 0x00, 0x00, 0x00, 0x00, 0x00, 0x00, 
    0x00, 0x00, 0x00, 0x00, 0x00, 0x00, 0x00, 0x00, 0x00, 0x00, 0x00, 0x00, 
    0x00, 0x00, 0x00, 0x00, 0x00, 0x00, 0x00, 0x00, 0x01, 0xfd, 0x40, 0x03, 
    0xff, 0xe0, 0x02, 0x00, 0x00, 0x00, 0x00, 0x00, 0x00, 0x00, 0x00, 0x00, 
    0xfb, 0xe0, 0x04, 0xfb, 0xe0, 0x02, 0x00, 0x00, 0x00, 0x00, 0x00, 0x00, 
    0x00, 0x00, 0x00, 0x00, 0x00, 0x00, 0x00, 0x00, 0x00, 0x00, 0x00, 0x00, 
    0x00, 0x00, 0x00, 0x00, 0x00, 0x00, 0x00, 0x00, 0x00, 0x00, 0x00, 0x00, 
    0x00, 0x00, 0x00, 0x00, 0x00, 0x00, 0x00, 0x00, 0x00, 0x00, 0x00, 0x00, 
    0x00, 0x00, 0x00, 0x00, 0x00, 0x00, 0x00, 0x00, 0x00, 0x00, 0x00, 0x00, 
    0x00, 0x00, 0x00, 0x00, 0x00, 0x00, 0x00, 0x00, 0x00, 0x00, 0x00, 0x00, 
    0x00, 0x00, 0x00, 0x00, 0x00, 0x00, 0x00, 0x00, 0x00, 0x00, 0x00, 0x00, 
    0x00, 0x00, 0x00, 0x00, 0x00, 0x00, 0x00, 0x00, 0x00, 0x00, 0x00, 0x00, 
    0x00, 0x00, 0x00, 0x00, 0x00, 0x00, 0x00, 0x00, 0x00, 0x00, 0x00, 0x00, 
    0x00, 0x00, 0x00, 0x00, 0x00, 0x00, 0x00, 0x00, 0x00, 0x00, 0x00, 0x00, 
    0x00, 0x00, 0x00, 0x00, 0x00, 0x00, 0x00, 0x00, 0x00, 0x00, 0x00, 0x00, 
    0x00, 0x00, 0x00, 0x00, 0x00, 0x00, 0x00, 0x00, 0x00, 0x00, 0x00, 0x00, 
    0x00, 0x00, 0x00, 0x00, 0x00, 0x00, 0x00, 0x00, 0x00, 0x00, 0x00, 0x00, 
    0x00, 0x00, 0x00, 0x00, 0x00, 0x00, 0x00, 0x00, 0x00, 0x00, 0x00, 0x00, 
    0x00, 0x00, 0x00, 0x00, 0x00, 0x00, 0x00, 0x00, 0x00, 0x00, 0x00, 0x00, 
    0x00, 0x00, 0x00, 0x00, 0x00, 0x00, 0x00, 0x00, 0x00, 0x00, 0x00, 0x00, 
    0x00, 0x00, 0x00, 0x00, 0x00, 0x00, 0x00, 0x00, 0x00, 0x00, 0x00, 0x00, 
    0x00, 0x00, 0x00, 0x00, 0x00, 0x00, 0x00, 0x00, 0x00, 0x00, 0x00, 0x00, 
    0x00, 0x00, 0x00, 0x00, 0x00, 0x00, 0x00, 0x00, 0x00, 0x00, 0x00, 0x00, 
    0x00, 0x00, 0x00, 0x00, 0x00, 0x00, 0x00, 0x00, 0x00, 0x00, 0x00, 0x00, 
    0x00, 0x00, 0x00, 0x00, 0x00, 0x00, 0x00, 0x00, 0x00, 0xfd, 0x4a, 0x03, 
    0x00, 0x00, 0x00, 0xfd, 0xee, 0x7d, 0xfe, 0x90, 0xff, 0xfe, 0x0e, 0xfc, 
    0xfe, 0x0e, 0xfb, 0xfe, 0x0e, 0xfd, 0xfe, 0x0e, 0xfd, 0xfe, 0x0e, 0xfc, 
    0xfe, 0x0e, 0xfa, 0xfe, 0x4f, 0xff, 0xfe, 0x2f, 0xf4, 0xfd, 0xee, 0x2c, 
    0xff, 0xe0, 0x01, 0xff, 0xef, 0x02, 0x00, 0x00, 0x00, 0x00, 0x00, 0x00, 
    0x00, 0x00, 0x00, 0x00, 0x00, 0x00, 0x00, 0x00, 0x00, 0x00, 0x00, 0x00, 
    0x00, 0x00, 0x00, 0xff, 0xe0, 0x02, 0xfb, 0xe0, 0x02, 0x00, 0x00, 0x00, 
    0xfb, 0xe0, 0x02, 0xfd, 0x40, 0x03, 0x00, 0x00, 0x00, 0x00, 0x00, 0x00, 
    0x00, 0x00, 0x00, 0x00, 0x00, 0x00, 0x00, 0x00, 0x00, 0x00, 0x00, 0x00, 
    0x00, 0x00, 0x00, 0x00, 0x00, 0x00, 0x00, 0x00, 0x00, 0x00, 0x00, 0x00, 
    0x00, 0x00, 0x00, 0x00, 0x00, 0x00, 0x00, 0x00, 0x00, 0x00, 0x00, 0x00, 
    0x00, 0x00, 0x00, 0x00, 0x00, 0x00, 0x00, 0x00, 0x00, 0x00, 0x00, 0x00, 
    0x00, 0x00, 0x00, 0x00, 0x00, 0x00, 0x00, 0x00, 0x00, 0x00, 0x00, 0x00, 
    0x00, 0x00, 0x00, 0xfb, 0xe0, 0x02, 0x00, 0x00, 0x00, 0x00, 0x00, 0x00, 
    0x00, 0x00, 0x00, 0xfc, 0xe3, 0x08, 0xfd, 0x84, 0x0d, 0xfb, 0xe0, 0x02, 
    0x00, 0x00, 0x00, 0x00, 0x00, 0x00, 0xaa, 0xa0, 0x03, 0x00, 0x00, 0x00, 
    0x00, 0x00, 0x00, 0x00, 0x00, 0x00, 0x00, 0x00, 0x00, 0x00, 0x00, 0x00, 
    0x00, 0x00, 0x00, 0x00, 0x00, 0x00, 0x00, 0x00, 0x00, 0x00, 0x00, 0x00, 
    0x00, 0x00, 0x00, 0x00, 0x00, 0x00, 0x00, 0x00, 0x00, 0x00, 0x00, 0x00, 
    0x00, 0x00, 0x00, 0x00, 0x00, 0x00, 0x00, 0x00, 0x00, 0x00, 0x00, 0x00, 
    0x00, 0x00, 0x00, 0x00, 0x00, 0x00, 0x00, 0x00, 0x00, 0x00, 0x00, 0x00, 
    0x00, 0x00, 0x00, 0x00, 0x00, 0x00, 0x00, 0x00, 0x00, 0x00, 0x00, 0x00, 
    0x00, 0x00, 0x00, 0x00, 0x00, 0x00, 0x00, 0x00, 0x00, 0x00, 0x00, 0x00, 
    0x00, 0x00, 0x00, 0x00, 0x00, 0x00, 0x00, 0x00, 0x00, 0x00, 0x00, 0x00, 
    0x00, 0x00, 0x00, 0x00, 0x00, 0x00, 0x00, 0x00, 0x00, 0x00, 0x00, 0x00, 
    0x00, 0x00, 0x00, 0x00, 0x00, 0x00, 0x00, 0x00, 0x00, 0x00, 0x00, 0x00, 
    0x00, 0x00, 0x00, 0x00, 0x00, 0x00, 0x00, 0x00, 0x00, 0x00, 0x00, 0x00, 
    0x00, 0x00, 0x00, 0x00, 0x00, 0x00, 0x00, 0x00, 0x00, 0x00, 0x00, 0x00, 
    0x00, 0x00, 0x00, 0x00, 0x00, 0x00, 0x00, 0x00, 0x00, 0x00, 0x00, 0x00, 
    0x00, 0x00, 0x00, 0x00, 0x00, 0x00, 0x00, 0x00, 0x00, 0x00, 0x00, 0x00, 
    0x00, 0x00, 0x00, 0x00, 0x00, 0x00, 0x00, 0x00, 0x00, 0x00, 0x00, 0x00, 
    0x00, 0x00, 0x00, 0x00, 0x00, 0x00, 0x00, 0x00, 0x00, 0x00, 0x00, 0x00, 
    0x00, 0x00, 0x00, 0xff, 0xe0, 0x01, 0xfd, 0x40, 0x03, 0xfb, 0xe7, 0x04, 
    0xfd, 0x40, 0x03, 0xfb, 0xe0, 0x04, 0xfb, 0xe0, 0x04, 0xfb, 0xe0, 0x02, 
    0x00, 0x00, 0x00, 0x00, 0x00, 0x00, 0x00, 0x00, 0x00, 0x00, 0x00, 0x00, 
    0x00, 0x00, 0x00, 0x00, 0x00, 0x00, 0x00, 0x00, 0x00, 0x00, 0x00, 0x00, 
    0xfd, 0x4a, 0x03, 0x00, 0x00, 0x00, 0xfe, 0x0e, 0x86, 0xfe, 0x4f, 0xff, 
    0xfe, 0x6f, 0xff, 0xfe, 0x4f, 0xff, 0xfe, 0x2f, 0xff, 0xfe, 0x4f, 0xff, 
    0xfe, 0x8f, 0xff, 0xfe, 0x2f, 0xe3, 0xf5, 0xee, 0x41, 0x00, 0x00, 0x00, 
    0xff, 0xef, 0x02, 0x00, 0x00, 0x00, 0x00, 0x00, 0x00, 0x00, 0x00, 0x00, 
    0x00, 0x00, 0x00, 0x00, 0x00, 0x00, 0x00, 0x00, 0x00, 0x00, 0x00, 0x00, 
    0xfb, 0xe0, 0x02, 0x00, 0x00, 0x00, 0x00, 0x00, 0x00, 0xff, 0xe0, 0x02, 
    0x00, 0x00, 0x00, 0x00, 0x00, 0x00, 0xff, 0xe0, 0x01, 0x00, 0x00, 0x00, 
    0x00, 0x00, 0x00, 0x00, 0x00, 0x00, 0x00, 0x00, 0x00, 0x00, 0x00, 0x00, 
    0x00, 0x00, 0x00, 0x00, 0x00, 0x00, 0x00, 0x00, 0x00, 0x00, 0x00, 0x00, 
    0x00, 0x00, 0x00, 0x00, 0x00, 0x00, 0x00, 0x00, 0x00, 0x00, 0x00, 0x00, 
    0x00, 0x00, 0x00, 0x00, 0x00, 0x00, 0x00, 0x00, 0x00, 0x00, 0x00, 0x00, 
    0x00, 0x00, 0x00, 0x00, 0x00, 0x00, 0x00, 0x00, 0x00, 0x00, 0x00, 0x00, 
    0xfd, 0x40, 0x03, 0x00, 0x00, 0x00, 0x00, 0x00, 0x00, 0xf4, 0xe3, 0x55, 
    0xf4, 0xe3, 0xb1, 0xf4, 0xe3, 0xe0, 0xf4, 0xe3, 0xe9, 0xf4, 0xe3, 0xd3, 
    0xfd, 0x03, 0x95, 0xec, 0xc3, 0x2b, 0x00, 0x00, 0x00, 0xfd, 0x40, 0x03, 
    0x00, 0x00, 0x00, 0x00, 0x00, 0x00, 0x00, 0x00, 0x00, 0x00, 0x00, 0x00, 
    0x00, 0x00, 0x00, 0x00, 0x00, 0x00, 0x00, 0x00, 0x00, 0x00, 0x00, 0x00, 
    0x00, 0x00, 0x00, 0x00, 0x00, 0x00, 0x00, 0x00, 0x00, 0x00, 0x00, 0x00, 
    0x00, 0x00, 0x00, 0x00, 0x00, 0x00, 0x00, 0x00, 0x00, 0x00, 0x00, 0x00, 
    0x00, 0x00, 0x00, 0x00, 0x00, 0x00, 0x00, 0x00, 0x00, 0x00, 0x00, 0x00, 
    0x00, 0x00, 0x00, 0x00, 0x00, 0x00, 0x00, 0x00, 0x00, 0x00, 0x00, 0x00, 
    0x00, 0x00, 0x00, 0x00, 0x00, 0x00, 0x00, 0x00, 0x00, 0x00, 0x00, 0x00, 
    0x00, 0x00, 0x00, 0x00, 0x00, 0x00, 0x00, 0x00, 0x00, 0x00, 0x00, 0x00, 
    0x00, 0x00, 0x00, 0x00, 0x00, 0x00, 0x00, 0x00, 0x00, 0x00, 0x00, 0x00, 
    0x00, 0x00, 0x00, 0x00, 0x00, 0x00, 0x00, 0x00, 0x00, 0x00, 0x00, 0x00, 
    0x00, 0x00, 0x00, 0x00, 0x00, 0x00, 0x00, 0x00, 0x00, 0x00, 0x00, 0x00, 
    0x00, 0x00, 0x00, 0x00, 0x00, 0x00, 0x00, 0x00, 0x00, 0x00, 0x00, 0x00, 
    0x00, 0x00, 0x00, 0x00, 0x00, 0x00, 0x00, 0x00, 0x00, 0x00, 0x00, 0x00, 
    0x00, 0x00, 0x00, 0x00, 0x00, 0x00, 0x00, 0x00, 0x00, 0x00, 0x00, 0x00, 
    0x00, 0x00, 0x00, 0x00, 0x00, 0x00, 0x00, 0x00, 0x00, 0x00, 0x00, 0x00, 
    0x00, 0x00, 0x00, 0x00, 0x00, 0x00, 0x00, 0x00, 0x00, 0xff, 0xe0, 0x01, 
    0xfd, 0x40, 0x03, 0x00, 0x00, 0x00, 0x00, 0x00, 0x00, 0x00, 0x00, 0x00, 
    0x00, 0x00, 0x00, 0x00, 0x00, 0x00, 0x00, 0x00, 0x00, 0x00, 0x00, 0x00, 
    0xfd, 0x40, 0x03, 0xfb, 0xe0, 0x02, 0x00, 0x00, 0x00, 0x00, 0x00, 0x00, 
    0x00, 0x00, 0x00, 0x00, 0x00, 0x00, 0x00, 0x00, 0x00, 0x00, 0x00, 0x00, 
    0x00, 0x00, 0x00, 0xff, 0xff, 0x01, 0x00, 0x00, 0x00, 0xf6, 0x0e, 0x3a, 
    0xfe, 0x2f, 0x9c, 0xfe, 0x0e, 0xcf, 0xfe, 0x0e, 0xdd, 0xfe, 0x2f, 0xc1, 
    0xfe, 0x2f, 0x7c, 0xf5, 0xce, 0x16, 0x00, 0x00, 0x00, 0xff, 0xef, 0x02, 
    0x00, 0x00, 0x00, 0x00, 0x00, 0x00, 0x00, 0x00, 0x00, 0x00, 0x00, 0x00, 
    0x00, 0x00, 0x00, 0x00, 0x00, 0x00, 0x00, 0x00, 0x00, 0xad, 0x40, 0x03, 
    0x00, 0x00, 0x00, 0xec, 0xa3, 0x3d, 0xf5, 0x03, 0xb4, 0xf5, 0x03, 0xd8, 
    0xfd, 0x04, 0xbd, 0xf4, 0xc3, 0x5a, 0x00, 0x00, 0x00, 0xff, 0xe0, 0x01, 
    0x00, 0x00, 0x00, 0x00, 0x00, 0x00, 0x00, 0x00, 0x00, 0x00, 0x00, 0x00, 
    0x00, 0x00, 0x00, 0x00, 0x00, 0x00, 0x00, 0x00, 0x00, 0x00, 0x00, 0x00, 
    0x00, 0x00, 0x00, 0x00, 0x00, 0x00, 0x00, 0x00, 0x00, 0x00, 0x00, 0x00, 
    0x00, 0x00, 0x00, 0x00, 0x00, 0x00, 0x00, 0x00, 0x00, 0x00, 0x00, 0x00, 
    0x00, 0x00, 0x00, 0x00, 0x00, 0x00, 0x00, 0x00, 0x00, 0xfd, 0x40, 0x03, 
    0x00, 0x00, 0x00, 0xf4, 0xc4, 0x26, 0xfd, 0x04, 0xbe, 0xfd, 0x24, 0xff, 
    0xfd, 0x24, 0xff, 0xfd, 0x04, 0xff, 0xf4, 0xe4, 0xff, 0xfd, 0x04, 0xff, 
    0xfd, 0x24, 0xff, 0xfd, 0x04, 0xf5, 0xec, 0xc3, 0x5a, 0x00, 0x00, 0x00, 
    0xad, 0x40, 0x03, 0x00, 0x00, 0x00, 0x00, 0x00, 0x00, 0x00, 0x00, 0x00, 
    0x00, 0x00, 0x00, 0x00, 0x00, 0x00, 0x00, 0x00, 0x00, 0x00, 0x00, 0x00, 
    0x00, 0x00, 0x00, 0x00, 0x00, 0x00, 0x00, 0x00, 0x00, 0x00, 0x00, 0x00, 
    0x00, 0x00, 0x00, 0x00, 0x00, 0x00, 0x00, 0x00, 0x00, 0x00, 0x00, 0x00, 
    0x00, 0x00, 0x00, 0x00, 0x00, 0x00, 0x00, 0x00, 0x00, 0x00, 0x00, 0x00, 
    0x00, 0x00, 0x00, 0x00, 0x00, 0x00, 0x00, 0x00, 0x00, 0x00, 0x00, 0x00, 
    0x00, 0x00, 0x00, 0x00, 0x00, 0x00, 0x00, 0x00, 0x00, 0x00, 0x00, 0x00, 
    0x00, 0x00, 0x00, 0x00, 0x00, 0x00, 0x00, 0x00, 0x00, 0x00, 0x00, 0x00, 
    0x00, 0x00, 0x00, 0x00, 0x00, 0x00, 0x00, 0x00, 0x00, 0x00, 0x00, 0x00, 
    0x00, 0x00, 0x00, 0x00, 0x00, 0x00, 0x00, 0x00, 0x00, 0x00, 0x00, 0x00, 
    0x00, 0x00, 0x00, 0x00, 0x00, 0x00, 0x00, 0x00, 0x00, 0x00, 0x00, 0x00, 
    0x00, 0x00, 0x00, 0x00, 0x00, 0x00, 0x00, 0x00, 0x00, 0x00, 0x00, 0x00, 
    0x00, 0x00, 0x00, 0x00, 0x00, 0x00, 0x00, 0x00, 0x00, 0x00, 0x00, 0x00, 
    0x00, 0x00, 0x00, 0x00, 0x00, 0x00, 0x00, 0x00, 0x00, 0x00, 0x00, 0x00, 
    0x00, 0x00, 0x00, 0x00, 0x00, 0x00, 0x00, 0x00, 0x00, 0x00, 0x00, 0x00, 
    0x00, 0x00, 0x00, 0x00, 0x00, 0x00, 0xfb, 0xe0, 0x02, 0x00, 0x00, 0x00, 
    0x00, 0x00, 0x00, 0xec, 0xa3, 0x18, 0xf4, 0xe3, 0x59, 0xf4, 0xe3, 0x89, 
    0xf4, 0xe3, 0x99, 0xf4, 0xe3, 0x8c, 0xf4, 0xe3, 0x60, 0xec, 0xc3, 0x21, 
    0x00, 0x00, 0x00, 0x00, 0x00, 0x00, 0xfd, 0x40, 0x03, 0x00, 0x00, 0x00, 
    0x00, 0x00, 0x00, 0x00, 0x00, 0x00, 0x00, 0x00, 0x00, 0x00, 0x00, 0x00, 
    0x00, 0x00, 0x00, 0x00, 0x00, 0x00, 0xff, 0xef, 0x02, 0x00, 0x00, 0x00, 
    0x00, 0x00, 0x00, 0x00, 0x00, 0x00, 0xfe, 0x6c, 0x05, 0x00, 0x00, 0x00, 
    0x00, 0x00, 0x00, 0x00, 0x00, 0x00, 0xff, 0xef, 0x02, 0x00, 0x00, 0x00, 
    0x00, 0x00, 0x00, 0x00, 0x00, 0x00, 0x00, 0x00, 0x00, 0x00, 0x00, 0x00, 
    0x00, 0x00, 0x00, 0x00, 0x00, 0x00, 0xfb, 0xe0, 0x02, 0x00, 0x00, 0x00, 
    0xec, 0xc3, 0x51, 0xfd, 0x04, 0xfc, 0xfd, 0x24, 0xff, 0xfd, 0x04, 0xff, 
    0xfd, 0x04, 0xff, 0xfd, 0x44, 0xff, 0xf4, 0xe3, 0x9b, 0x7b, 0xe0, 0x02, 
    0xfb, 0xe0, 0x02, 0x00, 0x00, 0x00, 0x00, 0x00, 0x00, 0x00, 0x00, 0x00, 
    0x00, 0x00, 0x00, 0x00, 0x00, 0x00, 0x00, 0x00, 0x00, 0x00, 0x00, 0x00, 
    0x00, 0x00, 0x00, 0x00, 0x00, 0x00, 0x00, 0x00, 0x00, 0x00, 0x00, 0x00, 
    0x00, 0x00, 0x00, 0x00, 0x00, 0x00, 0x00, 0x00, 0x00, 0x00, 0x00, 0x00, 
    0x00, 0x00, 0x00, 0x00, 0x00, 0x00, 0xfd, 0x40, 0x03, 0x00, 0x00, 0x00, 
    0xec, 0xc4, 0x3d, 0xfd, 0x03, 0xea, 0xfd, 0x24, 0xff, 0xf4, 0xc3, 0xfb, 
    0xf4, 0xc3, 0xfc, 0xf4, 0xe3, 0xfd, 0xf4, 0xc3, 0xfe, 0xf4, 0xe3, 0xfd, 
    0xf4, 0xe3, 0xfa, 0xf4, 0xe4, 0xff, 0xfd, 0x04, 0xff, 0xf4, 0xe3, 0x46, 
    0x00, 0x00, 0x00, 0xfa, 0xa0, 0x03, 0x00, 0x00, 0x00, 0x00, 0x00, 0x00, 
    0x00, 0x00, 0x00, 0x00, 0x00, 0x00, 0x00, 0x00, 0x00, 0x00, 0x00, 0x00, 
    0x00, 0x00, 0x00, 0x00, 0x00, 0x00, 0x00, 0x00, 0x00, 0x00, 0x00, 0x00, 
    0x00, 0x00, 0x00, 0x00, 0x00, 0x00, 0x00, 0x00, 0x00, 0x00, 0x00, 0x00, 
    0x00, 0x00, 0x00, 0x00, 0x00, 0x00, 0x00, 0x00, 0x00, 0x00, 0x00, 0x00, 
    0x00, 0x00, 0x00, 0x00, 0x00, 0x00, 0x00, 0x00, 0x00, 0x00, 0x00, 0x00, 
    0x00, 0x00, 0x00, 0x00, 0x00, 0x00, 0x00, 0x00, 0x00, 0x00, 0x00, 0x00, 
    0x00, 0x00, 0x00, 0x00, 0x00, 0x00, 0x00, 0x00, 0x00, 0x00, 0x00, 0x00, 
    0x00, 0x00, 0x00, 0x00, 0x00, 0x00, 0x00, 0x00, 0x00, 0x00, 0x00, 0x00, 
    0x00, 0x00, 0x00, 0x00, 0x00, 0x00, 0x00, 0x00, 0x00, 0x00, 0x00, 0x00, 
    0x00, 0x00, 0x00, 0x00, 0x00, 0x00, 0x00, 0x00, 0x00, 0x00, 0x00, 0x00, 
    0x00, 0x00, 0x00, 0x00, 0x00, 0x00, 0x00, 0x00, 0x00, 0x00, 0x00, 0x00, 
    0x00, 0x00, 0x00, 0x00, 0x00, 0x00, 0x00, 0x00, 0x00, 0x00, 0x00, 0x00, 
    0x00, 0x00, 0x00, 0x00, 0x00, 0x00, 0x00, 0x00, 0x00, 0x00, 0x00, 0x00, 
    0x00, 0x00, 0x00, 0x00, 0x00, 0x00, 0x00, 0x00, 0x00, 0x00, 0x00, 0x00, 
    0x00, 0x00, 0x00, 0xad, 0x40, 0x03, 0x00, 0x00, 0x00, 0xdc, 0x84, 0x0e, 
    0xf4, 0xe3, 0x88, 0xf4, 0xe3, 0xeb, 0xfd, 0x24, 0xff, 0xfd, 0x24, 0xff, 
    0xfd, 0x24, 0xff, 0xfd, 0x24, 0xff, 0xfd, 0x24, 0xff, 0xf4, 0xe3, 0xf4, 
    0xf4, 0xe3, 0xa0, 0xf4, 0xa3, 0x22, 0x00, 0x00, 0x00, 0xfd, 0x40, 0x03, 
    0x00, 0x00, 0x00, 0x00, 0x00, 0x00, 0x00, 0x00, 0x00, 0x00, 0x00, 0x00, 
    0x00, 0x00, 0x00, 0x00, 0x00, 0x00, 0x00, 0x00, 0x00, 0xfd, 0x4a, 0x03, 
    0xff, 0xf5, 0x03, 0x00, 0x00, 0x00, 0x00, 0x00, 0x00, 0xff, 0xff, 0x01, 
    0xfd, 0xef, 0x04, 0xff, 0xff, 0x01, 0x00, 0x00, 0x00, 0x00, 0x00, 0x00, 
    0x00, 0x00, 0x00, 0x00, 0x00, 0x00, 0x00, 0x00, 0x00, 0x00, 0x00, 0x00, 
    0x00, 0x00, 0x00, 0xfb, 0xe0, 0x02, 0xff, 0xe0, 0x01, 0xf4, 0xe3, 0x22, 
    0xf4, 0xe3, 0xf3, 0xf4, 0xe4, 0xff, 0xf4, 0xe3, 0xfa, 0xf4, 0xe3, 0xfd, 
    0xf4, 0xc3, 0xfc, 0xf4, 0xe3, 0xfa, 0xfd, 0x44, 0xff, 0xf4, 0xe3, 0x77, 
    0x00, 0x00, 0x00, 0xfd, 0x40, 0x03, 0x00, 0x00, 0x00, 0x00, 0x00, 0x00, 
    0x00, 0x00, 0x00, 0x00, 0x00, 0x00, 0x00, 0x00, 0x00, 0x00, 0x00, 0x00, 
    0x00, 0x00, 0x00, 0x00, 0x00, 0x00, 0x00, 0x00, 0x00, 0x00, 0x00, 0x00, 
    0x00, 0x00, 0x00, 0x00, 0x00, 0x00, 0x00, 0x00, 0x00, 0x00, 0x00, 0x00, 
    0x00, 0x00, 0x00, 0xfa, 0xa0, 0x03, 0x00, 0x00, 0x00, 0xec, 0xa3, 0x33, 
    0xfd, 0x03, 0xf2, 0xfd, 0x04, 0xff, 0xf4, 0xc3, 0xfb, 0xf4, 0xe3, 0xff, 
    0xf4, 0xe3, 0xff, 0xf4, 0xe3, 0xff, 0xf4, 0xe3, 0xff, 0xf4, 0xe3, 0xff, 
    0xf4, 0xe3, 0xff, 0xf4, 0xc3, 0xfc, 0xfd, 0x04, 0xff, 0xf4, 0xc3, 0xe2, 
    0xec, 0xc4, 0x0f, 0xff, 0xe0, 0x01, 0xff, 0xe0, 0x01, 0x00, 0x00, 0x00, 
    0x00, 0x00, 0x00, 0x00, 0x00, 0x00, 0x00, 0x00, 0x00, 0x00, 0x00, 0x00, 
    0x00, 0x00, 0x00, 0x00, 0x00, 0x00, 0x00, 0x00, 0x00, 0x00, 0x00, 0x00, 
    0x00, 0x00, 0x00, 0x00, 0x00, 0x00, 0x00, 0x00, 0x00, 0x00, 0x00, 0x00, 
    0x00, 0x00, 0x00, 0x00, 0x00, 0x00, 0x00, 0x00, 0x00, 0x00, 0x00, 0x00, 
    0x00, 0x00, 0x00, 0x00, 0x00, 0x00, 0x00, 0x00, 0x00, 0x00, 0x00, 0x00, 
    0x00, 0x00, 0x00, 0x00, 0x00, 0x00, 0x00, 0x00, 0x00, 0x00, 0x00, 0x00, 
    0x00, 0x00, 0x00, 0x00, 0x00, 0x00, 0x00, 0x00, 0x00, 0x00, 0x00, 0x00, 
    0x00, 0x00, 0x00, 0x00, 0x00, 0x00, 0x00, 0x00, 0x00, 0x00, 0x00, 0x00, 
    0x00, 0x00, 0x00, 0x00, 0x00, 0x00, 0x00, 0x00, 0x00, 0x00, 0x00, 0x00, 
    0x00, 0x00, 0x00, 0x00, 0x00, 0x00, 0x00, 0x00, 0x00, 0x00, 0x00, 0x00, 
    0x00, 0x00, 0x00, 0x00, 0x00, 0x00, 0x00, 0x00, 0x00, 0x00, 0x00, 0x00, 
    0x00, 0x00, 0x00, 0x00, 0x00, 0x00, 0x00, 0x00, 0x00, 0x00, 0x00, 0x00, 
    0x00, 0x00, 0x00, 0x00, 0x00, 0x00, 0x00, 0x00, 0x00, 0x00, 0x00, 0x00, 
    0x00, 0x00, 0x00, 0x00, 0x00, 0x00, 0x00, 0x00, 0x00, 0x00, 0x00, 0x00, 
    0xfd, 0x40, 0x03, 0x00, 0x00, 0x00, 0xec, 0xa3, 0x2c, 0xf4, 0xe4, 0xd4, 
    0xfd, 0x44, 0xff, 0xf4, 0xe4, 0xff, 0xf4, 0xc3, 0xfc, 0xf4, 0xc3, 0xfb, 
    0xf4, 0xe3, 0xfb, 0xf4, 0xe3, 0xfb, 0xf4, 0xc3, 0xfc, 0xf4, 0xe3, 0xff, 
    0xfd, 0x24, 0xff, 0xfd, 0x04, 0xec, 0xf4, 0xc3, 0x58, 0x00, 0x00, 0x00, 
    0xfb, 0xe0, 0x04, 0x00, 0x00, 0x00, 0x00, 0x00, 0x00, 0x00, 0x00, 0x00, 
    0x00, 0x00, 0x00, 0x00, 0x00, 0x00, 0x00, 0x00, 0x00, 0x00, 0x00, 0x00, 
    0x00, 0x00, 0x00, 0x00, 0x00, 0x01, 0xff, 0xe0, 0x01, 0x00, 0x00, 0x00, 
    0x00, 0x00, 0x00, 0x00, 0x00, 0x00, 0x00, 0x00, 0x00, 0x00, 0x00, 0x00, 
    0x00, 0x00, 0x00, 0x00, 0x00, 0x00, 0x00, 0x00, 0x00, 0x00, 0x00, 0x00, 
    0x00, 0x00, 0x00, 0xfd, 0x40, 0x03, 0x00, 0x00, 0x00, 0xf4, 0xe3, 0xa0, 
    0xfd, 0x24, 0xff, 0xf4, 0xc3, 0xfb, 0xf4, 0xe3, 0xff, 0xf4, 0xe3, 0xff, 
    0xf4, 0xe3, 0xff, 0xf4, 0xe3, 0xfd, 0xf4, 0xe3, 0xfd, 0xf4, 0xc3, 0xef, 
    0xf4, 0xc3, 0x14, 0x00, 0x00, 0x00, 0xff, 0xe0, 0x01, 0x00, 0x00, 0x00, 
    0x00, 0x00, 0x00, 0x00, 0x00, 0x00, 0x00, 0x00, 0x00, 0x00, 0x00, 0x00, 
    0x00, 0x00, 0x00, 0x00, 0x00, 0x00, 0x00, 0x00, 0x00, 0x00, 0x00, 0x00, 
    0x00, 0x00, 0x00, 0x00, 0x00, 0x00, 0x00, 0x00, 0x00, 0x00, 0x00, 0x00, 
    0xfb, 0xe0, 0x02, 0x00, 0x00, 0x00, 0xf5, 0x03, 0x1b, 0xf4, 0xe3, 0xe4, 
    0xfd, 0x04, 0xff, 0xf4, 0xc3, 0xfc, 0xf4, 0xe3, 0xff, 0xf4, 0xe3, 0xff, 
    0xf4, 0xe3, 0xff, 0xf4, 0xe3, 0xff, 0xf4, 0xe3, 0xff, 0xf4, 0xe3, 0xff, 
    0xf4, 0xe3, 0xff, 0xf4, 0xe3, 0xff, 0xf4, 0xc3, 0xfb, 0xfd, 0x24, 0xff, 
    0xf4, 0xc3, 0x6b, 0x00, 0x00, 0x00, 0xfb, 0xe0, 0x04, 0x00, 0x00, 0x00, 
    0x00, 0x00, 0x00, 0x00, 0x00, 0x00, 0x00, 0x00, 0x00, 0x00, 0x00, 0x00, 
    0x00, 0x00, 0x00, 0x00, 0x00, 0x00, 0x00, 0x00, 0x00, 0x00, 0x00, 0x00, 
    0x00, 0x00, 0x00, 0x00, 0x00, 0x00, 0x00, 0x00, 0x00, 0x00, 0x00, 0x00, 
    0x00, 0x00, 0x00, 0x00, 0x00, 0x00, 0x00, 0x00, 0x00, 0x00, 0x00, 0x00, 
    0x00, 0x00, 0x00, 0x00, 0x00, 0x00, 0x00, 0x00, 0x00, 0x00, 0x00, 0x00, 
    0x00, 0x00, 0x00, 0x00, 0x00, 0x00, 0x00, 0x00, 0x00, 0x00, 0x00, 0x00, 
    0x00, 0x00, 0x00, 0x00, 0x00, 0x00, 0x00, 0x00, 0x00, 0x00, 0x00, 0x00, 
    0x00, 0x00, 0x00, 0x00, 0x00, 0x00, 0x00, 0x00, 0x00, 0x00, 0x00, 0x00, 
    0x00, 0x00, 0x00, 0x00, 0x00, 0x00, 0x00, 0x00, 0x00, 0x00, 0x00, 0x00, 
    0x00, 0x00, 0x00, 0x00, 0x00, 0x00, 0x00, 0x00, 0x00, 0x00, 0x00, 0x00, 
    0x00, 0x00, 0x00, 0x00, 0x00, 0x00, 0x00, 0x00, 0x00, 0x00, 0x00, 0x00, 
    0x00, 0x00, 0x00, 0x00, 0x00, 0x00, 0x00, 0x00, 0x00, 0x00, 0x00, 0x00, 
    0x00, 0x00, 0x00, 0x00, 0x00, 0x00, 0x00, 0x00, 0x00, 0x00, 0x00, 0x00, 
    0x00, 0x00, 0x00, 0x00, 0x00, 0x00, 0x00, 0x00, 0x00, 0xfb, 0xe0, 0x02, 
    0x00, 0x00, 0x00, 0xf4, 0xa3, 0x2a, 0xf4, 0xe3, 0xe9, 0xfd, 0x24, 0xff, 
    0xf4, 0xe3, 0xfa, 0xf4, 0xc3, 0xfe, 0xf4, 0xe3, 0xff, 0xf4, 0xe3, 0xff, 
    0xf4, 0xe3, 0xff, 0xf4, 0xe3, 0xff, 0xf4, 0xe3, 0xff, 0xf4, 0xe3, 0xfe, 
    0xf4, 0xc3, 0xfb, 0xf4, 0xe4, 0xff, 0xfd, 0x24, 0xff, 0xec, 0xc3, 0x6f, 
    0x00, 0x00, 0x00, 0xbb, 0xe0, 0x04, 0x00, 0x00, 0x00, 0x00, 0x00, 0x00, 
    0x00, 0x00, 0x00, 0x00, 0x00, 0x00, 0x00, 0x00, 0x00, 0x00, 0x00, 0x00, 
    0x00, 0x00, 0x00, 0x00, 0x00, 0x00, 0x00, 0x00, 0x00, 0x00, 0x00, 0x00, 
    0x00, 0x00, 0x00, 0x00, 0x00, 0x00, 0x00, 0x00, 0x00, 0x00, 0x00, 0x00, 
    0x00, 0x00, 0x00, 0x00, 0x00, 0x00, 0x00, 0x00, 0x00, 0x00, 0x00, 0x00, 
    0xfb, 0xe0, 0x02, 0x00, 0x00, 0x00, 0xf4, 0xc3, 0x19, 0xf4, 0xe3, 0xf2, 
    0xf4, 0xe3, 0xfe, 0xf4, 0xe3, 0xfe, 0xf4, 0xe3, 0xff, 0xf4, 0xe3, 0xff, 
    0xf4, 0xe3, 0xff, 0xf4, 0xe3, 0xff, 0xf4, 0xc3, 0xfc, 0xfd, 0x24, 0xff, 
    0xf4, 0xc3, 0x63, 0x00, 0x00, 0x00, 0xfb, 0xe0, 0x04, 0x00, 0x00, 0x00, 
    0x00, 0x00, 0x00, 0x00, 0x00, 0x00, 0x00, 0x00, 0x00, 0x00, 0x00, 0x00, 
    0x00, 0x00, 0x00, 0x00, 0x00, 0x00, 0x00, 0x00, 0x00, 0x00, 0x00, 0x00, 
    0x00, 0x00, 0x00, 0x00, 0x00, 0x00, 0x00, 0x00, 0x00, 0xf8, 0x00, 0x01, 
    0xfd, 0x40, 0x03, 0xfb, 0xe7, 0x04, 0xf4, 0xe3, 0xc2, 0xfd, 0x24, 0xff, 
    0xf4, 0xc3, 0xfb, 0xf4, 0xe3, 0xff, 0xf4, 0xe3, 0xff, 0xf4, 0xe3, 0xff, 
    0xf4, 0xe3, 0xff, 0xf4, 0xe3, 0xff, 0xf4, 0xe3, 0xff, 0xf4, 0xe3, 0xff, 
    0xf4, 0xe3, 0xff, 0xf4, 0xe3, 0xff, 0xf4, 0xc3, 0xfc, 0xfd, 0x24, 0xfe, 
    0xf4, 0xc3, 0xbd, 0x00, 0x00, 0x00, 0xfb, 0xe0, 0x02, 0x00, 0x00, 0x00, 
    0x00, 0x00, 0x00, 0x00, 0x00, 0x00, 0x00, 0x00, 0x00, 0x00, 0x00, 0x00, 
    0x00, 0x00, 0x00, 0x00, 0x00, 0x00, 0x00, 0x00, 0x00, 0x00, 0x00, 0x00, 
    0x00, 0x00, 0x00, 0x00, 0x00, 0x00, 0x00, 0x00, 0x00, 0x00, 0x00, 0x00, 
    0x00, 0x00, 0x00, 0x00, 0x00, 0x00, 0x00, 0x00, 0x00, 0x00, 0x00, 0x00, 
    0x00, 0x00, 0x00, 0x00, 0x00, 0x00, 0x00, 0x00, 0x00, 0x00, 0x00, 0x00, 
    0x00, 0x00, 0x00, 0x00, 0x00, 0x00, 0x00, 0x00, 0x00, 0x00, 0x00, 0x00, 
    0x00, 0x00, 0x00, 0x00, 0x00, 0x00, 0x00, 0x00, 0x00, 0x00, 0x00, 0x00, 
    0x00, 0x00, 0x00, 0x00, 0x00, 0x00, 0x00, 0x00, 0x00, 0x00, 0x00, 0x00, 
    0x00, 0x00, 0x00, 0x00, 0x00, 0x00, 0x00, 0x00, 0x00, 0x00, 0x00, 0x00, 
    0x00, 0x00, 0x00, 0x00, 0x00, 0x00, 0x00, 0x00, 0x00, 0x00, 0x00, 0x00, 
    0x00, 0x00, 0x00, 0x00, 0x00, 0x00, 0x00, 0x00, 0x00, 0x00, 0x00, 0x00, 
    0x00, 0x00, 0x00, 0x00, 0x00, 0x00, 0x00, 0x00, 0x00, 0x00, 0x00, 0x00, 
    0x00, 0x00, 0x00, 0x00, 0x00, 0x00, 0x00, 0x00, 0x00, 0x00, 0x00, 0x00, 
    0x00, 0x00, 0x00, 0x00, 0x00, 0x00, 0xff, 0xe0, 0x01, 0xfb, 0xe0, 0x02, 
    0xed, 0x04, 0x0e, 0xf4, 0xe3, 0xd8, 0xfd, 0x04, 0xff, 0xf4, 0xc3, 0xfb, 
    0xf4, 0xe3, 0xff, 0xf4, 0xe3, 0xff, 0xf4, 0xe3, 0xff, 0xf4, 0xe3, 0xff, 
    0xf4, 0xe3, 0xff, 0xf4, 0xe3, 0xff, 0xf4, 0xe3, 0xff, 0xf4, 0xe3, 0xff, 
    0xf4, 0xe3, 0xff, 0xf4, 0xc3, 0xfd, 0xf4, 0xe3, 0xfc, 0xfd, 0x24, 0xff, 
    0xec, 0xc3, 0x5d, 0x00, 0x00, 0x00, 0xfd, 0x40, 0x03, 0x00, 0x00, 0x00, 
    0x00, 0x00, 0x00, 0x00, 0x00, 0x00, 0x00, 0x00, 0x00, 0x00, 0x00, 0x00, 
    0x00, 0x00, 0x00, 0x00, 0x00, 0x00, 0x00, 0x00, 0x00, 0x00, 0x00, 0x00, 
    0x00, 0x00, 0x00, 0x00, 0x00, 0x00, 0x00, 0x00, 0x00, 0x00, 0x00, 0x00, 
    0x00, 0x00, 0x00, 0x00, 0x00, 0x00, 0x00, 0x00, 0x00, 0x00, 0x00, 0x00, 
    0xfb, 0xe0, 0x04, 0x00, 0x00, 0x00, 0xf4, 0xc3, 0x75, 0xfd, 0x24, 0xff, 
    0xf4, 0xc3, 0xfb, 0xf4, 0xe3, 0xff, 0xf4, 0xe3, 0xff, 0xf4, 0xe3, 0xff, 
    0xf4, 0xe3, 0xff, 0xf4, 0xe3, 0xff, 0xf4, 0xe3, 0xfb, 0xfd, 0x24, 0xfe, 
    0xf4, 0xe3, 0xaa, 0x00, 0x00, 0x00, 0xfd, 0x40, 0x03, 0x00, 0x00, 0x00, 
    0x00, 0x00, 0x00, 0x00, 0x00, 0x00, 0x00, 0x00, 0x00, 0x00, 0x00, 0x00, 
    0x00, 0x00, 0x00, 0x00, 0x00, 0x00, 0x00, 0x00, 0x00, 0x00, 0x00, 0x00, 
    0x00, 0x00, 0x00, 0x00, 0x00, 0x00, 0x00, 0x00, 0x00, 0xfb, 0xe0, 0x04, 
    0x00, 0x00, 0x00, 0xec, 0xc3, 0x87, 0xfd, 0x44, 0xff, 0xf4, 0xc3, 0xfb, 
    0xf4, 0xe3, 0xff, 0xf4, 0xe3, 0xff, 0xf4, 0xe3, 0xff, 0xf4, 0xe3, 0xff, 
    0xf4, 0xe3, 0xff, 0xf4, 0xe3, 0xff, 0xf4, 0xe3, 0xff, 0xf4, 0xe3, 0xff, 
    0xf4, 0xe3, 0xff, 0xf4, 0xe3, 0xff, 0xf4, 0xe3, 0xfd, 0xfd, 0x04, 0xff, 
    0xf4, 0xe3, 0xe1, 0xfd, 0x43, 0x09, 0x00, 0x00, 0x00, 0xff, 0xe0, 0x01, 
    0x00, 0x00, 0x00, 0x00, 0x00, 0x00, 0x00, 0x00, 0x00, 0x00, 0x00, 0x00, 
    0x00, 0x00, 0x00, 0x00, 0x00, 0x00, 0x00, 0x00, 0x00, 0x00, 0x00, 0x00, 
    0x00, 0x00, 0x00, 0x00, 0x00, 0x00, 0x00, 0x00, 0x00, 0x00, 0x00, 0x00, 
    0x00, 0x00, 0x00, 0x00, 0x00, 0x00, 0x00, 0x00, 0x00, 0x00, 0x00, 0x00, 
    0x00, 0x00, 0x00, 0x00, 0x00, 0x00, 0x00, 0x00, 0x00, 0x00, 0x00, 0x00, 
    0x00, 0x00, 0x00, 0x00, 0x00, 0x00, 0x00, 0x00, 0x00, 0x00, 0x00, 0x00, 
    0x00, 0x00, 0x00, 0x00, 0x00, 0x00, 0x00, 0x00, 0x00, 0x00, 0x00, 0x00, 
    0x00, 0x00, 0x00, 0x00, 0x00, 0x00, 0x00, 0x00, 0x00, 0x00, 0x00, 0x00, 
    0x00, 0x00, 0x00, 0x00, 0x00, 0x00, 0x00, 0x00, 0x00, 0x00, 0x00, 0x00, 
    0x00, 0x00, 0x00, 0x00, 0x00, 0x00, 0x00, 0x00, 0x00, 0x00, 0x00, 0x00, 
    0x00, 0x00, 0x00, 0x00, 0x00, 0x00, 0x00, 0x00, 0x00, 0x00, 0x00, 0x00, 
    0x00, 0x00, 0x00, 0x00, 0x00, 0x00, 0x00, 0x00, 0x00, 0x00, 0x00, 0x00, 
    0x00, 0x00, 0x00, 0x00, 0x00, 0x00, 0x00, 0x00, 0x00, 0x00, 0x00, 0x00, 
    0x00, 0x00, 0x00, 0x00, 0x00, 0x00, 0xfd, 0x40, 0x03, 0x00, 0x00, 0x00, 
    0xec, 0xc3, 0x92, 0xfd, 0x44, 0xff, 0xf4, 0xe3, 0xfa, 0xf4, 0xe3, 0xff, 
    0xf4, 0xe3, 0xff, 0xf4, 0xe3, 0xff, 0xf4, 0xe3, 0xff, 0xf4, 0xe3, 0xff, 
    0xf4, 0xe3, 0xff, 0xf4, 0xe3, 0xff, 0xf4, 0xe3, 0xff, 0xf4, 0xe3, 0xff, 
    0xf4, 0xe3, 0xff, 0xf4, 0xe3, 0xff, 0xf4, 0xc3, 0xfe, 0xf4, 0xe3, 0xfc, 
    0xf5, 0x03, 0xf9, 0xec, 0xe3, 0x32, 0x00, 0x00, 0x00, 0xad, 0x40, 0x03, 
    0x00, 0x00, 0x00, 0x00, 0x00, 0x00, 0x00, 0x00, 0x00, 0x00, 0x00, 0x00, 
    0x00, 0x00, 0x00, 0x00, 0x00, 0x00, 0x00, 0x00, 0x00, 0x00, 0x00, 0x00, 
    0x00, 0x00, 0x00, 0x00, 0x00, 0x00, 0x00, 0x00, 0x00, 0x00, 0x00, 0x00, 
    0x00, 0x00, 0x00, 0x00, 0x00, 0x00, 0x00, 0x00, 0x00, 0xf8, 0x00, 0x01, 
    0xff, 0xe0, 0x01, 0xfd, 0x40, 0x03, 0xf4, 0xc3, 0xd4, 0xfd, 0x04, 0xff, 
    0xf4, 0xe3, 0xfd, 0xf4, 0xe3, 0xff, 0xf4, 0xe3, 0xff, 0xf4, 0xe3, 0xff, 
    0xf4, 0xe3, 0xff, 0xf4, 0xe3, 0xff, 0xf4, 0xe3, 0xfd, 0xfd, 0x04, 0xff, 
    0xf4, 0xc3, 0xd5, 0x7b, 0xe0, 0x02, 0x00, 0x00, 0x00, 0x00, 0x00, 0x01, 
    0x00, 0x00, 0x00, 0x00, 0x00, 0x00, 0x00, 0x00, 0x00, 0x00, 0x00, 0x00, 
    0x00, 0x00, 0x00, 0x00, 0x00, 0x00, 0x00, 0x00, 0x00, 0x00, 0x00, 0x00, 
    0x00, 0x00, 0x00, 0x00, 0x00, 0x00, 0xfd, 0x40, 0x03, 0x00, 0x00, 0x00, 
    0xf4, 0xc3, 0x44, 0xfd, 0x04, 0xff, 0xf4, 0xe3, 0xfb, 0xf4, 0xe3, 0xfe, 
    0xf4, 0xe3, 0xff, 0xf4, 0xe3, 0xff, 0xf4, 0xe3, 0xff, 0xf4, 0xe3, 0xff, 
    0xf4, 0xe3, 0xff, 0xf4, 0xe3, 0xff, 0xf4, 0xe3, 0xff, 0xf4, 0xe3, 0xff, 
    0xf4, 0xe3, 0xff, 0xf4, 0xe3, 0xff, 0xf4, 0xc3, 0xfe, 0xf4, 0xe4, 0xff, 
    0xf4, 0xc3, 0xea, 0xf4, 0x83, 0x13, 0x00, 0x00, 0x00, 0xff, 0xe0, 0x01, 
    0x00, 0x00, 0x00, 0x00, 0x00, 0x00, 0x00, 0x00, 0x00, 0x00, 0x00, 0x00, 
    0x00, 0x00, 0x00, 0x00, 0x00, 0x00, 0x00, 0x00, 0x00, 0x00, 0x00, 0x00, 
    0x00, 0x00, 0x00, 0x00, 0x00, 0x00, 0x00, 0x00, 0x00, 0x00, 0x00, 0x00, 
    0x00, 0x00, 0x00, 0x00, 0x00, 0x00, 0x00, 0x00, 0x00, 0x00, 0x00, 0x00, 
    0x00, 0x00, 0x00, 0x00, 0x00, 0x00, 0x00, 0x00, 0x00, 0x00, 0x00, 0x00, 
    0x00, 0x00, 0x00, 0x00, 0x00, 0x00, 0x00, 0x00, 0x00, 0x00, 0x00, 0x00, 
    0x00, 0x00, 0x00, 0x00, 0x00, 0x00, 0x00, 0x00, 0x00, 0x00, 0x00, 0x00, 
    0x00, 0x00, 0x00, 0x00, 0x00, 0x00, 0x00, 0x00, 0x00, 0x00, 0x00, 0x00, 
    0x00, 0x00, 0x00, 0x00, 0x00, 0x00, 0x00, 0x00, 0x00, 0x00, 0x00, 0x00, 
    0x00, 0x00, 0x00, 0x00, 0x00, 0x00, 0x00, 0x00, 0x00, 0x00, 0x00, 0x00, 
    0x00, 0x00, 0x00, 0x00, 0x00, 0x00, 0x00, 0x00, 0x00, 0x00, 0x00, 0x00, 
    0x00, 0x00, 0x00, 0x00, 0x00, 0x00, 0x00, 0x00, 0x00, 0x00, 0x00, 0x00, 
    0x00, 0x00, 0x00, 0x00, 0x00, 0x00, 0x00, 0x00, 0x00, 0x00, 0x00, 0x00, 
    0x00, 0x00, 0x00, 0xaa, 0xa0, 0x03, 0x00, 0x00, 0x00, 0xec, 0xc3, 0x28, 
    0xf4, 0xe3, 0xfa, 0xf4, 0xe3, 0xfc, 0xf4, 0xe3, 0xfe, 0xf4, 0xe3, 0xff, 
    0xf4, 0xe3, 0xff, 0xf4, 0xe3, 0xff, 0xf4, 0xe3, 0xff, 0xf4, 0xe3, 0xff, 
    0xf4, 0xe3, 0xff, 0xf4, 0xe3, 0xff, 0xf4, 0xe3, 0xff, 0xf4, 0xe3, 0xff, 
    0xf4, 0xe3, 0xff, 0xf4, 0xe3, 0xff, 0xf4, 0xe3, 0xff, 0xf4, 0xc3, 0xfc, 
    0xfd, 0x04, 0xff, 0xf4, 0xe3, 0xd2, 0xfc, 0xe3, 0x08, 0xfb, 0xe0, 0x02, 
    0xff, 0xe0, 0x01, 0x00, 0x00, 0x00, 0x00, 0x00, 0x00, 0x00, 0x00, 0x00, 
    0x00, 0x00, 0x00, 0x00, 0x00, 0x00, 0x00, 0x00, 0x00, 0x00, 0x00, 0x00, 
    0x00, 0x00, 0x00, 0x00, 0x00, 0x00, 0x00, 0x00, 0x00, 0x00, 0x00, 0x00, 
    0x00, 0x00, 0x00, 0x00, 0x00, 0x00, 0x00, 0x00, 0x00, 0xfd, 0x40, 0x03, 
    0x00, 0x00, 0x00, 0xf4, 0xe3, 0x3a, 0xfd, 0x04, 0xff, 0xf4, 0xc3, 0xfe, 
    0xf4, 0xe3, 0xff, 0xf4, 0xe3, 0xff, 0xf4, 0xe3, 0xff, 0xf4, 0xe3, 0xff, 
    0xf4, 0xe3, 0xff, 0xf4, 0xe3, 0xff, 0xf4, 0xc3, 0xfe, 0xf4, 0xe4, 0xff, 
    0xf4, 0xc3, 0xe9, 0xf4, 0xa3, 0x11, 0x00, 0x00, 0x00, 0xff, 0xe0, 0x01, 
    0x00, 0x00, 0x00, 0x00, 0x00, 0x00, 0x00, 0x00, 0x00, 0x00, 0x00, 0x00, 
    0x00, 0x00, 0x00, 0x00, 0x00, 0x00, 0x00, 0x00, 0x00, 0x00, 0x00, 0x00, 
    0x00, 0x00, 0x00, 0xfb, 0xe0, 0x02, 0xfb, 0xe0, 0x02, 0xf4, 0xc3, 0x12, 
    0xf4, 0xe3, 0xe2, 0xfd, 0x04, 0xfe, 0xf4, 0xe3, 0xfd, 0xf4, 0xe3, 0xff, 
    0xf4, 0xe3, 0xff, 0xf4, 0xe3, 0xff, 0xf4, 0xe3, 0xff, 0xf4, 0xe3, 0xff, 
    0xf4, 0xe3, 0xff, 0xf4, 0xe3, 0xff, 0xf4, 0xe3, 0xff, 0xf4, 0xe3, 0xff, 
    0xf4, 0xe3, 0xff, 0xf4, 0xe3, 0xff, 0xf4, 0xe3, 0xfd, 0xfd, 0x04, 0xff, 
    0xf4, 0xc3, 0xe0, 0xfc, 0xe3, 0x08, 0x00, 0x00, 0x00, 0xf8, 0x00, 0x01, 
    0x00, 0x00, 0x00, 0x00, 0x00, 0x00, 0x00, 0x00, 0x00, 0x00, 0x00, 0x00, 
    0x00, 0x00, 0x00, 0x00, 0x00, 0x00, 0x00, 0x00, 0x00, 0x00, 0x00, 0x00, 
    0x00, 0x00, 0x00, 0x00, 0x00, 0x00, 0x00, 0x00, 0x00, 0x00, 0x00, 0x00, 
    0x00, 0x00, 0x00, 0x00, 0x00, 0x00, 0x00, 0x00, 0x00, 0x00, 0x00, 0x00, 
    0x00, 0x00, 0x00, 0x00, 0x00, 0x00, 0x00, 0x00, 0x00, 0x00, 0x00, 0x00, 
    0x00, 0x00, 0x00, 0x00, 0x00, 0x00, 0x00, 0x00, 0x00, 0x00, 0x00, 0x00, 
    0x00, 0x00, 0x00, 0x00, 0x00, 0x00, 0x00, 0x00, 0x00, 0x00, 0x00, 0x00, 
    0x00, 0x00, 0x00, 0x00, 0x00, 0x00, 0x00, 0x00, 0x00, 0x00, 0x00, 0x00, 
    0x00, 0x00, 0x00, 0x00, 0x00, 0x00, 0x00, 0x00, 0x00, 0x00, 0x00, 0x00, 
    0x00, 0x00, 0x00, 0x00, 0x00, 0x00, 0x00, 0x00, 0x00, 0x00, 0x00, 0x00, 
    0x00, 0x00, 0x00, 0x00, 0x00, 0x00, 0x00, 0x00, 0x00, 0x00, 0x00, 0x00, 
    0x00, 0x00, 0x00, 0x00, 0x00, 0x00, 0x00, 0x00, 0x00, 0x00, 0x00, 0x00, 
    0x00, 0x00, 0x00, 0x00, 0x00, 0x00, 0x00, 0x00, 0x00, 0x00, 0x00, 0x00, 
    0x00, 0x00, 0x00, 0xbb, 0xe0, 0x04, 0x00, 0x00, 0x00, 0xf4, 0xc3, 0x8f, 
    0xfd, 0x24, 0xff, 0xf4, 0xe3, 0xfb, 0xf4, 0xe3, 0xff, 0xf4, 0xe3, 0xff, 
    0xf4, 0xe3, 0xff, 0xf4, 0xe3, 0xff, 0xf4, 0xe3, 0xff, 0xf4, 0xe3, 0xff, 
    0xf4, 0xe3, 0xff, 0xf4, 0xe3, 0xff, 0xf4, 0xe3, 0xff, 0xf4, 0xe3, 0xff, 
    0xf4, 0xe3, 0xff, 0xf4, 0xe3, 0xff, 0xf4, 0xe3, 0xff, 0xf4, 0xe3, 0xff, 
    0xf4, 0xc3, 0xfb, 0xfd, 0x44, 0xff, 0xf4, 0xc3, 0x76, 0x00, 0x00, 0x00, 
    0xfd, 0x40, 0x03, 0x00, 0x00, 0x00, 0x00, 0x00, 0x00, 0x00, 0x00, 0x00, 
    0x00, 0x00, 0x00, 0x00, 0x00, 0x00, 0x00, 0x00, 0x00, 0x00, 0x00, 0x00, 
    0x00, 0x00, 0x00, 0x00, 0x00, 0x00, 0x00, 0x00, 0x00, 0x00, 0x00, 0x00, 
    0x00, 0x00, 0x00, 0x00, 0x00, 0x00, 0x00, 0x00, 0x00, 0xfd, 0x40, 0x03, 
    0x00, 0x00, 0x00, 0xf4, 0xe3, 0x94, 0xfd, 0x24, 0xff, 0xf4, 0xe3, 0xfb, 
    0xf4, 0xe3, 0xff, 0xf4, 0xe3, 0xff, 0xf4, 0xe3, 0xff, 0xf4, 0xe3, 0xff, 
    0xf4, 0xe3, 0xff, 0xf4, 0xe3, 0xff, 0xf4, 0xe3, 0xfe, 0xf4, 0xe3, 0xff, 
    0xf4, 0xc3, 0xf9, 0xec, 0xa3, 0x20, 0x00, 0x00, 0x00, 0xfb, 0xe0, 0x02, 
    0x00, 0x00, 0x00, 0x00, 0x00, 0x00, 0x00, 0x00, 0x00, 0x00, 0x00, 0x00, 
    0x00, 0x00, 0x00, 0x00, 0x00, 0x00, 0x00, 0x00, 0x00, 0x00, 0x00, 0x00, 
    0xf8, 0x00, 0x01, 0xfb, 0xe0, 0x04, 0x00, 0x00, 0x00, 0xf4, 0xc3, 0xae, 
    0xfd, 0x24, 0xff, 0xf4, 0xc3, 0xfc, 0xf4, 0xe3, 0xff, 0xf4, 0xe3, 0xff, 
    0xf4, 0xe3, 0xff, 0xf4, 0xe3, 0xff, 0xf4, 0xe3, 0xff, 0xf4, 0xe3, 0xff, 
    0xf4, 0xe3, 0xff, 0xf4, 0xe3, 0xff, 0xf4, 0xe3, 0xff, 0xf4, 0xe3, 0xff, 
    0xf4, 0xe3, 0xff, 0xf4, 0xe3, 0xff, 0xf4, 0xc3, 0xfc, 0xfd, 0x24, 0xfe, 
    0xf4, 0xe3, 0xb7, 0x00, 0x00, 0x00, 0xfb, 0xe0, 0x02, 0x00, 0x00, 0x00, 
    0x00, 0x00, 0x00, 0x00, 0x00, 0x00, 0x00, 0x00, 0x00, 0x00, 0x00, 0x00, 
    0x00, 0x00, 0x00, 0x00, 0x00, 0x00, 0x00, 0x00, 0x00, 0x00, 0x00, 0x00, 
    0x00, 0x00, 0x00, 0x00, 0x00, 0x00, 0x00, 0x00, 0x00, 0x00, 0x00, 0x00, 
    0x00, 0x00, 0x00, 0x00, 0x00, 0x00, 0x00, 0x00, 0x00, 0x00, 0x00, 0x00, 
    0x00, 0x00, 0x00, 0x00, 0x00, 0x00, 0x00, 0x00, 0x00, 0x00, 0x00, 0x00, 
    0x00, 0x00, 0x00, 0x00, 0x00, 0x00, 0x00, 0x00, 0x00, 0x00, 0x00, 0x00, 
    0x00, 0x00, 0x00, 0x00, 0x00, 0x00, 0x00, 0x00, 0x00, 0x00, 0x00, 0x00, 
    0x00, 0x00, 0x00, 0x00, 0x00, 0x00, 0x00, 0x00, 0x00, 0x00, 0x00, 0x00, 
    0x00, 0x00, 0x00, 0x00, 0x00, 0x00, 0x00, 0x00, 0x00, 0x00, 0x00, 0x00, 
    0x00, 0x00, 0x00, 0x00, 0x00, 0x00, 0x00, 0x00, 0x00, 0x00, 0x00, 0x00, 
    0x00, 0x00, 0x00, 0x00, 0x00, 0x00, 0x00, 0x00, 0x00, 0x00, 0x00, 0x00, 
    0x00, 0x00, 0x00, 0x00, 0x00, 0x00, 0x00, 0x00, 0x00, 0x00, 0x00, 0x00, 
    0x00, 0x00, 0x00, 0x00, 0x00, 0x00, 0x00, 0x00, 0x00, 0x00, 0x00, 0x00, 
    0xf8, 0x00, 0x01, 0x00, 0x00, 0x00, 0xfd, 0x45, 0x06, 0xf4, 0xe3, 0xdb, 
    0xfd, 0x04, 0xfe, 0xf4, 0xe3, 0xfd, 0xf4, 0xe3, 0xff, 0xf4, 0xe3, 0xff, 
    0xf4, 0xe3, 0xff, 0xf4, 0xe3, 0xff, 0xf4, 0xe3, 0xff, 0xf4, 0xe3, 0xff, 
    0xf4, 0xe3, 0xff, 0xf4, 0xe3, 0xff, 0xf4, 0xe3, 0xff, 0xf4, 0xe3, 0xff, 
    0xf4, 0xe3, 0xff, 0xf4, 0xe3, 0xff, 0xf4, 0xe3, 0xff, 0xf4, 0xe3, 0xff, 
    0xf4, 0xe3, 0xfd, 0xf5, 0x04, 0xfe, 0xf4, 0xe3, 0xe8, 0xec, 0xc4, 0x0f, 
    0xf8, 0x00, 0x01, 0xff, 0xe0, 0x01, 0x00, 0x00, 0x00, 0x00, 0x00, 0x00, 
    0x00, 0x00, 0x00, 0x00, 0x00, 0x00, 0x00, 0x00, 0x00, 0x00, 0x00, 0x00, 
    0x00, 0x00, 0x00, 0x00, 0x00, 0x00, 0x00, 0x00, 0x00, 0x00, 0x00, 0x00, 
    0x00, 0x00, 0x00, 0x00, 0x00, 0x00, 0xff, 0xe0, 0x01, 0x00, 0x00, 0x00, 
    0xe4, 0x63, 0x09, 0xf4, 0xc3, 0xe1, 0xfd, 0x04, 0xff, 0xf4, 0xe3, 0xfd, 
    0xf4, 0xe3, 0xff, 0xf4, 0xe3, 0xff, 0xf4, 0xe3, 0xff, 0xf4, 0xe3, 0xff, 
    0xf4, 0xe3, 0xff, 0xf4, 0xe3, 0xff, 0xf4, 0xe3, 0xff, 0xf4, 0xe3, 0xfe, 
    0xf4, 0xe3, 0xff, 0xf4, 0xc3, 0x33, 0x00, 0x00, 0x00, 0xff, 0xe0, 0x02, 
    0x00, 0x00, 0x00, 0x00, 0x00, 0x00, 0x00, 0x00, 0x00, 0x00, 0x00, 0x00, 
    0x00, 0x00, 0x00, 0x00, 0x00, 0x00, 0x00, 0x00, 0x00, 0x00, 0x00, 0x00, 
    0xfc, 0xc0, 0x05, 0x00, 0x00, 0x00, 0xec, 0xc3, 0x79, 0xfd, 0x24, 0xff, 
    0xf4, 0xc3, 0xfb, 0xf4, 0xe3, 0xff, 0xf4, 0xe3, 0xff, 0xf4, 0xe3, 0xff, 
    0xf4, 0xe3, 0xff, 0xf4, 0xe3, 0xff, 0xf4, 0xe3, 0xff, 0xf4, 0xe3, 0xff, 
    0xf4, 0xe3, 0xff, 0xf4, 0xe3, 0xff, 0xf4, 0xe3, 0xff, 0xf4, 0xe3, 0xff, 
    0xf4, 0xe3, 0xff, 0xf4, 0xe3, 0xff, 0xf4, 0xc3, 0xfc, 0xfd, 0x24, 0xff, 
    0xf4, 0xc4, 0x67, 0x00, 0x00, 0x00, 0xfb, 0xe0, 0x04, 0x00, 0x00, 0x00, 
    0x00, 0x00, 0x00, 0x00, 0x00, 0x00, 0x00, 0x00, 0x00, 0x00, 0x00, 0x00, 
    0x00, 0x00, 0x00, 0x00, 0x00, 0x00, 0x00, 0x00, 0x00, 0x00, 0x00, 0x00, 
    0x00, 0x00, 0x00, 0x00, 0x00, 0x00, 0x00, 0x00, 0x00, 0x00, 0x00, 0x00, 
    0x00, 0x00, 0x00, 0x00, 0x00, 0x00, 0x00, 0x00, 0x00, 0x00, 0x00, 0x00, 
    0x00, 0x00, 0x00, 0x00, 0x00, 0x00, 0x00, 0x00, 0x00, 0x00, 0x00, 0x00, 
    0x00, 0x00, 0x00, 0x00, 0x00, 0x00, 0x00, 0x00, 0x00, 0x00, 0x00, 0x00, 
    0x00, 0x00, 0x00, 0x00, 0x00, 0x00, 0x00, 0x00, 0x00, 0x00, 0x00, 0x00, 
    0x00, 0x00, 0x00, 0x00, 0x00, 0x00, 0x00, 0x00, 0x00, 0x00, 0x00, 0x00, 
    0x00, 0x00, 0x00, 0x00, 0x00, 0x00, 0x00, 0x00, 0x00, 0x00, 0x00, 0x00, 
    0x00, 0x00, 0x00, 0x00, 0x00, 0x00, 0x00, 0x00, 0x00, 0x00, 0x00, 0x00, 
    0x00, 0x00, 0x00, 0x00, 0x00, 0x00, 0x00, 0x00, 0x00, 0x00, 0x00, 0x00, 
    0x00, 0x00, 0x00, 0x00, 0x00, 0x00, 0x00, 0x00, 0x00, 0x00, 0x00, 0x00, 
    0x00, 0x00, 0x00, 0x00, 0x00, 0x00, 0x00, 0x00, 0x00, 0x00, 0x00, 0x00, 
    0xfb, 0xe0, 0x02, 0x00, 0x00, 0x00, 0xf4, 0xc3, 0x24, 0xf4, 0xe3, 0xf9, 
    0xf4, 0xe3, 0xff, 0xf4, 0xe3, 0xfe, 0xf4, 0xe3, 0xff, 0xf4, 0xe3, 0xff, 
    0xf4, 0xe3, 0xff, 0xf4, 0xe3, 0xff, 0xf4, 0xe3, 0xff, 0xf4, 0xe3, 0xff, 
    0xf4, 0xe3, 0xff, 0xf4, 0xe3, 0xff, 0xf4, 0xe3, 0xff, 0xf4, 0xe3, 0xff, 
    0xf4, 0xe3, 0xff, 0xf4, 0xe3, 0xff, 0xf4, 0xe3, 0xff, 0xf4, 0xe3, 0xff, 
    0xf4, 0xe3, 0xff, 0xf4, 0xe3, 0xfb, 0xfd, 0x24, 0xff, 0xf4, 0xc3, 0x71, 
    0x00, 0x00, 0x00, 0xfb, 0xe0, 0x04, 0x00, 0x00, 0x00, 0x00, 0x00, 0x00, 
    0x00, 0x00, 0x00, 0x00, 0x00, 0x00, 0x00, 0x00, 0x00, 0x00, 0x00, 0x00, 
    0x00, 0x00, 0x00, 0x00, 0x00, 0x00, 0x00, 0x00, 0x00, 0x00, 0x00, 0x00, 
    0x00, 0x00, 0x00, 0x00, 0x00, 0x00, 0xfd, 0x40, 0x03, 0x00, 0x00, 0x00, 
    0xf4, 0xe3, 0x41, 0xfd, 0x04, 0xff, 0xf4, 0xc3, 0xfe, 0xf4, 0xe3, 0xff, 
    0xf4, 0xe3, 0xff, 0xf4, 0xe3, 0xff, 0xf4, 0xe3, 0xff, 0xf4, 0xe3, 0xff, 
    0xf4, 0xe3, 0xff, 0xf4, 0xe3, 0xff, 0xf4, 0xe3, 0xff, 0xf4, 0xe3, 0xfd, 
    0xfd, 0x04, 0xff, 0xf4, 0xe3, 0x49, 0x00, 0x00, 0x00, 0xfd, 0x40, 0x03, 
    0x00, 0x00, 0x00, 0x00, 0x00, 0x00, 0x00, 0x00, 0x00, 0x00, 0x00, 0x00, 
    0x00, 0x00, 0x00, 0x00, 0x00, 0x00, 0x00, 0x00, 0x00, 0xcc, 0xc0, 0x05, 
    0x00, 0x00, 0x00, 0xec, 0xc3, 0x51, 0xfd, 0x04, 0xff, 0xf4, 0xe3, 0xfc, 
    0xf4, 0xe3, 0xff, 0xf4, 0xe3, 0xff, 0xf4, 0xe3, 0xff, 0xf4, 0xe3, 0xff, 
    0xf4, 0xe3, 0xff, 0xf4, 0xe3, 0xff, 0xf4, 0xe3, 0xff, 0xf4, 0xe3, 0xff, 
    0xf4, 0xe3, 0xff, 0xf4, 0xe3, 0xff, 0xf4, 0xe3, 0xff, 0xf4, 0xe3, 0xff, 
    0xf4, 0xe3, 0xff, 0xf4, 0xc3, 0xfe, 0xf4, 0xe3, 0xfe, 0xf4, 0xc3, 0xec, 
    0xf4, 0x83, 0x13, 0x00, 0x00, 0x00, 0xff, 0xe0, 0x01, 0x00, 0x00, 0x00, 
    0x00, 0x00, 0x00, 0x00, 0x00, 0x00, 0x00, 0x00, 0x00, 0x00, 0x00, 0x00, 
    0x00, 0x00, 0x00, 0x00, 0x00, 0x00, 0x00, 0x00, 0x00, 0x00, 0x00, 0x00, 
    0x00, 0x00, 0x00, 0x00, 0x00, 0x00, 0x00, 0x00, 0x00, 0x00, 0x00, 0x00, 
    0x00, 0x00, 0x00, 0x00, 0x00, 0x00, 0x00, 0x00, 0x00, 0x00, 0x00, 0x00, 
    0x00, 0x00, 0x00, 0x00, 0x00, 0x00, 0x00, 0x00, 0x00, 0x00, 0x00, 0x00, 
    0x00, 0x00, 0x00, 0x00, 0x00, 0x00, 0x00, 0x00, 0x00, 0x00, 0x00, 0x00, 
    0x00, 0x00, 0x00, 0x00, 0x00, 0x00, 0x00, 0x00, 0x00, 0x00, 0x00, 0x00, 
    0x00, 0x00, 0x00, 0x00, 0x00, 0x00, 0x00, 0x00, 0x00, 0x00, 0x00, 0x00, 
    0x00, 0x00, 0x00, 0x00, 0x00, 0x00, 0x00, 0x00, 0x00, 0x00, 0x00, 0x00, 
    0x00, 0x00, 0x00, 0x00, 0x00, 0x00, 0x00, 0x00, 0x00, 0x00, 0x00, 0x00, 
    0x00, 0x00, 0x00, 0x00, 0x00, 0x00, 0x00, 0x00, 0x00, 0x00, 0x00, 0x00, 
    0x00, 0x00, 0x00, 0x00, 0x00, 0x00, 0x00, 0x00, 0x00, 0x00, 0x00, 0x00, 
    0x00, 0x00, 0x00, 0x00, 0x00, 0x00, 0x00, 0x00, 0x00, 0x00, 0x00, 0x00, 
    0xfd, 0x40, 0x03, 0x00, 0x00, 0x00, 0xf4, 0xe4, 0x3e, 0xfd, 0x04, 0xff, 
    0xf4, 0xe3, 0xfd, 0xf4, 0xe3, 0xff, 0xf4, 0xe3, 0xff, 0xf4, 0xe3, 0xff, 
    0xf4, 0xe3, 0xff, 0xf4, 0xe3, 0xff, 0xf4, 0xe3, 0xff, 0xf4, 0xe3, 0xff, 
    0xf4, 0xe3, 0xff, 0xf4, 0xe3, 0xff, 0xf4, 0xe3, 0xff, 0xf4, 0xe3, 0xff, 
    0xf4, 0xe3, 0xff, 0xf4, 0xe3, 0xff, 0xf4, 0xe3, 0xff, 0xf4, 0xe3, 0xff, 
    0xf4, 0xe3, 0xff, 0xf4, 0xe3, 0xfd, 0xfd, 0x04, 0xfe, 0xf4, 0xc3, 0xde, 
    0xe4, 0x63, 0x09, 0xff, 0xe0, 0x01, 0xf8, 0x00, 0x01, 0x00, 0x00, 0x00, 
    0x00, 0x00, 0x00, 0x00, 0x00, 0x00, 0x00, 0x00, 0x00, 0x00, 0x00, 0x00, 
    0x00, 0x00, 0x00, 0x00, 0x00, 0x00, 0x00, 0x00, 0x00, 0x00, 0x00, 0x00, 
    0x00, 0x00, 0x00, 0x00, 0x00, 0x00, 0xfb, 0xe0, 0x04, 0x00, 0x00, 0x00, 
    0xf4, 0xc3, 0x90, 0xfd, 0x24, 0xff, 0xf4, 0xe3, 0xfb, 0xf4, 0xe3, 0xff, 
    0xf4, 0xe3, 0xff, 0xf4, 0xe3, 0xff, 0xf4, 0xe3, 0xff, 0xf4, 0xe3, 0xff, 
    0xf4, 0xe3, 0xff, 0xf4, 0xe3, 0xff, 0xf4, 0xe3, 0xff, 0xf4, 0xe3, 0xfb, 
    0xfd, 0x24, 0xff, 0xec, 0xc3, 0x64, 0x00, 0x00, 0x00, 0xfb, 0xe0, 0x04, 
    0x00, 0x00, 0x00, 0x00, 0x00, 0x00, 0x00, 0x00, 0x00, 0x00, 0x00, 0x00, 
    0x00, 0x00, 0x00, 0x00, 0x00, 0x00, 0xfb, 0xe0, 0x04, 0x00, 0x00, 0x00, 
    0xec, 0xa3, 0x38, 0xf5, 0x04, 0xf5, 0xf4, 0xe4, 0xfd, 0xf4, 0xe3, 0xfd, 
    0xf4, 0xe3, 0xff, 0xf4, 0xe3, 0xff, 0xf4, 0xe3, 0xff, 0xf4, 0xe3, 0xff, 
    0xf4, 0xe3, 0xff, 0xf4, 0xe3, 0xff, 0xf4, 0xe3, 0xff, 0xf4, 0xe3, 0xff, 
    0xf4, 0xe3, 0xff, 0xf4, 0xe3, 0xff, 0xf4, 0xe3, 0xff, 0xf4, 0xe3, 0xff, 
    0xf4, 0xe3, 0xff, 0xf4, 0xc3, 0xfc, 0xfd, 0x44, 0xff, 0xf4, 0xc3, 0x83, 
    0x00, 0x00, 0x00, 0xfd, 0x40, 0x03, 0x00, 0x00, 0x00, 0x00, 0x00, 0x00, 
    0x00, 0x00, 0x00, 0x00, 0x00, 0x00, 0x00, 0x00, 0x00, 0x00, 0x00, 0x00, 
    0x00, 0x00, 0x00, 0x00, 0x00, 0x00, 0x00, 0x00, 0x00, 0x00, 0x00, 0x00, 
    0x00, 0x00, 0x00, 0x00, 0x00, 0x00, 0x00, 0x00, 0x00, 0x00, 0x00, 0x00, 
    0x00, 0x00, 0x00, 0x00, 0x00, 0x00, 0x00, 0x00, 0x00, 0x00, 0x00, 0x00, 
    0x00, 0x00, 0x00, 0x00, 0x00, 0x00, 0x00, 0x00, 0x00, 0x00, 0x00, 0x00, 
    0x00, 0x00, 0x00, 0x00, 0x00, 0x00, 0x00, 0x00, 0x00, 0x00, 0x00, 0x00, 
    0x00, 0x00, 0x00, 0x00, 0x00, 0x00, 0x00, 0x00, 0x00, 0x00, 0x00, 0x00, 
    0x00, 0x00, 0x00, 0x00, 0x00, 0x00, 0x00, 0x00, 0x00, 0x00, 0x00, 0x00, 
    0x00, 0x00, 0x00, 0x00, 0x00, 0x00, 0x00, 0x00, 0x00, 0x00, 0x00, 0x00, 
    0x00, 0x00, 0x00, 0x00, 0x00, 0x00, 0x00, 0x00, 0x00, 0x00, 0x00, 0x00, 
    0x00, 0x00, 0x00, 0x00, 0x00, 0x00, 0x00, 0x00, 0x00, 0x00, 0x00, 0x00, 
    0x00, 0x00, 0x00, 0x00, 0x00, 0x00, 0x00, 0x00, 0x00, 0x00, 0x00, 0x00, 
    0x00, 0x00, 0x00, 0x00, 0x00, 0x00, 0x00, 0x00, 0x00, 0x00, 0x00, 0x00, 
    0xfd, 0x40, 0x03, 0x00, 0x00, 0x00, 0xf4, 0xe4, 0x4f, 0xfd, 0x24, 0xff, 
    0xf4, 0xc3, 0xfc, 0xf4, 0xe3, 0xff, 0xf4, 0xe3, 0xff, 0xf4, 0xe3, 0xff, 
    0xf4, 0xe3, 0xff, 0xf4, 0xe3, 0xff, 0xf4, 0xe3, 0xff, 0xf4, 0xe3, 0xff, 
    0xf4, 0xe3, 0xff, 0xf4, 0xe3, 0xff, 0xf4, 0xe3, 0xff, 0xf4, 0xe3, 0xff, 
    0xf4, 0xe3, 0xff, 0xf4, 0xe3, 0xff, 0xf4, 0xe3, 0xff, 0xf4, 0xe3, 0xff, 
    0xf4, 0xe3, 0xff, 0xf4, 0xe3, 0xff, 0xf4, 0xc3, 0xfc, 0xfd, 0x24, 0xff, 
    0xf4, 0xc3, 0x5a, 0x00, 0x00, 0x00, 0xfb, 0xe0, 0x04, 0x00, 0x00, 0x00, 
    0x00, 0x00, 0x00, 0x00, 0x00, 0x00, 0x00, 0x00, 0x00, 0x00, 0x00, 0x00, 
    0x00, 0x00, 0x00, 0x00, 0x00, 0x00, 0x00, 0x00, 0x00, 0x00, 0x00, 0x00, 
    0x00, 0x00, 0x00, 0x00, 0x00, 0x00, 0xf8, 0x00, 0x01, 0xfb, 0xe0, 0x04, 
    0xf4, 0xe3, 0xd6, 0xfd, 0x04, 0xff, 0xf4, 0xe3, 0xfd, 0xf4, 0xe3, 0xff, 
    0xf4, 0xe3, 0xff, 0xf4, 0xe3, 0xff, 0xf4, 0xe3, 0xff, 0xf4, 0xe3, 0xff, 
    0xf4, 0xe3, 0xff, 0xf4, 0xe3, 0xff, 0xf4, 0xe3, 0xff, 0xf4, 0xe3, 0xfb, 
    0xfd, 0x24, 0xff, 0xf4, 0xc3, 0x85, 0xff, 0xe0, 0x01, 0xfb, 0xe0, 0x04, 
    0x00, 0x00, 0x00, 0x00, 0x00, 0x00, 0x00, 0x00, 0x00, 0x00, 0x00, 0x00, 
    0x00, 0x00, 0x00, 0xfc, 0xc0, 0x05, 0x00, 0x00, 0x00, 0xec, 0xa4, 0x2f, 
    0xf4, 0xe3, 0xec, 0xfd, 0x04, 0xff, 0xf4, 0xc3, 0xfd, 0xf4, 0xe3, 0xff, 
    0xf4, 0xe3, 0xff, 0xf4, 0xe3, 0xff, 0xf4, 0xe3, 0xff, 0xf4, 0xe3, 0xff, 
    0xf4, 0xe3, 0xff, 0xf4, 0xe3, 0xff, 0xf4, 0xe3, 0xff, 0xf4, 0xe3, 0xff, 
    0xf4, 0xe3, 0xff, 0xf4, 0xe3, 0xff, 0xf4, 0xe3, 0xff, 0xf4, 0xe3, 0xff, 
    0xf4, 0xe3, 0xfd, 0xf5, 0x04, 0xfd, 0xf4, 0xe3, 0xe9, 0xfd, 0x03, 0x13, 
    0xff, 0xe0, 0x01, 0xff, 0xe0, 0x01, 0x00, 0x00, 0x00, 0x00, 0x00, 0x00, 
    0x00, 0x00, 0x00, 0x00, 0x00, 0x00, 0x00, 0x00, 0x00, 0x00, 0x00, 0x00, 
    0x00, 0x00, 0x00, 0x00, 0x00, 0x00, 0x00, 0x00, 0x00, 0x00, 0x00, 0x00, 
    0x00, 0x00, 0x00, 0x00, 0x00, 0x00, 0x00, 0x00, 0x00, 0x00, 0x00, 0x00, 
    0x00, 0x00, 0x00, 0x00, 0x00, 0x00, 0x00, 0x00, 0x00, 0x00, 0x00, 0x00, 
    0x00, 0x00, 0x00, 0x00, 0x00, 0x00, 0x00, 0x00, 0x00, 0x00, 0x00, 0x00, 
    0x00, 0x00, 0x00, 0x00, 0x00, 0x00, 0x00, 0x00, 0x00, 0x00, 0x00, 0x00, 
    0x00, 0x00, 0x00, 0x00, 0x00, 0x00, 0x00, 0x00, 0x00, 0x00, 0x00, 0x00, 
    0x00, 0x00, 0x00, 0x00, 0x00, 0x00, 0x00, 0x00, 0x00, 0x00, 0x00, 0x00, 
    0x00, 0x00, 0x00, 0x00, 0x00, 0x00, 0x00, 0x00, 0x00, 0x00, 0x00, 0x00, 
    0x00, 0x00, 0x00, 0x00, 0x00, 0x00, 0x00, 0x00, 0x00, 0x00, 0x00, 0x00, 
    0x00, 0x00, 0x00, 0x00, 0x00, 0x00, 0x00, 0x00, 0x00, 0x00, 0x00, 0x00, 
    0x00, 0x00, 0x00, 0x00, 0x00, 0x00, 0x00, 0x00, 0x00, 0x00, 0x00, 0x00, 
    0x00, 0x00, 0x00, 0x00, 0x00, 0x00, 0x00, 0x00, 0x00, 0x00, 0x00, 0x00, 
    0xfd, 0x40, 0x03, 0x00, 0x00, 0x00, 0xf4, 0xc3, 0x52, 0xfd, 0x24, 0xff, 
    0xf4, 0xc3, 0xfc, 0xf4, 0xe3, 0xff, 0xf4, 0xe3, 0xff, 0xf4, 0xe3, 0xff, 
    0xf4, 0xe3, 0xff, 0xf4, 0xe3, 0xff, 0xf4, 0xe3, 0xff, 0xf4, 0xe3, 0xff, 
    0xf4, 0xe3, 0xff, 0xf4, 0xe3, 0xff, 0xf4, 0xe3, 0xff, 0xf4, 0xe3, 0xff, 
    0xf4, 0xe3, 0xff, 0xf4, 0xe3, 0xff, 0xf4, 0xe3, 0xff, 0xf4, 0xe3, 0xff, 
    0xf4, 0xe3, 0xff, 0xf4, 0xe3, 0xff, 0xf4, 0xc3, 0xfc, 0xfd, 0x04, 0xfe, 
    0xf4, 0xe3, 0xc7, 0xff, 0xe0, 0x01, 0x7b, 0xe0, 0x02, 0x00, 0x00, 0x00, 
    0x00, 0x00, 0x00, 0x00, 0x00, 0x00, 0x00, 0x00, 0x00, 0x00, 0x00, 0x00, 
    0x00, 0x00, 0x00, 0x00, 0x00, 0x00, 0x00, 0x00, 0x00, 0x00, 0x00, 0x00, 
    0x00, 0x00, 0x00, 0xfb, 0xe0, 0x02, 0x00, 0x00, 0x00, 0xf4, 0xc3, 0x2b, 
    0xf4, 0xe3, 0xfc, 0xf4, 0xe3, 0xff, 0xf4, 0xe3, 0xff, 0xf4, 0xe3, 0xff, 
    0xf4, 0xe3, 0xff, 0xf4, 0xe3, 0xff, 0xf4, 0xe3, 0xff, 0xf4, 0xe3, 0xff, 
    0xf4, 0xe3, 0xff, 0xf4, 0xe3, 0xff, 0xf4, 0xe3, 0xff, 0xf4, 0xc3, 0xfc, 
    0xfd, 0x24, 0xff, 0xf4, 0xc3, 0xaf, 0x00, 0x00, 0x00, 0xbb, 0xe0, 0x04, 
    0x00, 0x00, 0x00, 0x00, 0x00, 0x00, 0x00, 0x00, 0x00, 0xfb, 0xe0, 0x02, 
    0xfd, 0xe0, 0x04, 0x00, 0x00, 0x00, 0xec, 0xa4, 0x36, 0xf5, 0x03, 0xe8, 
    0xfd, 0x04, 0xff, 0xf4, 0xc3, 0xfd, 0xf4, 0xe3, 0xff, 0xf4, 0xe3, 0xff, 
    0xf4, 0xe3, 0xff, 0xf4, 0xe3, 0xff, 0xf4, 0xe3, 0xff, 0xf4, 0xe3, 0xff, 
    0xf4, 0xe3, 0xff, 0xf4, 0xe3, 0xff, 0xf4, 0xe3, 0xff, 0xf4, 0xe3, 0xff, 
    0xf4, 0xe3, 0xff, 0xf4, 0xe3, 0xff, 0xf4, 0xe3, 0xff, 0xf4, 0xe3, 0xff, 
    0xf4, 0xc3, 0xfb, 0xfd, 0x24, 0xff, 0xf4, 0xc3, 0x64, 0x00, 0x00, 0x00, 
    0xfd, 0x40, 0x03, 0x00, 0x00, 0x00, 0x00, 0x00, 0x00, 0x00, 0x00, 0x00, 
    0x00, 0x00, 0x00, 0x00, 0x00, 0x00, 0x00, 0x00, 0x00, 0x00, 0x00, 0x00, 
    0x00, 0x00, 0x00, 0x00, 0x00, 0x00, 0x00, 0x00, 0x00, 0x00, 0x00, 0x00, 
    0x00, 0x00, 0x00, 0x00, 0x00, 0x00, 0x00, 0x00, 0x00, 0x00, 0x00, 0x00, 
    0x00, 0x00, 0x00, 0x00, 0x00, 0x00, 0x00, 0x00, 0x00, 0x00, 0x00, 0x00, 
    0x00, 0x00, 0x00, 0x00, 0x00, 0x00, 0x00, 0x00, 0x00, 0x00, 0x00, 0x00, 
    0x00, 0x00, 0x00, 0x00, 0x00, 0x00, 0x00, 0x00, 0x00, 0x00, 0x00, 0x00, 
    0x00, 0x00, 0x00, 0x00, 0x00, 0x00, 0x00, 0x00, 0x00, 0x00, 0x00, 0x00, 
    0x00, 0x00, 0x00, 0x00, 0x00, 0x00, 0x00, 0x00, 0x00, 0x00, 0x00, 0x00, 
    0x00, 0x00, 0x00, 0x00, 0x00, 0x00, 0x00, 0x00, 0x00, 0x00, 0x00, 0x00, 
    0x00, 0x00, 0x00, 0x00, 0x00, 0x00, 0x00, 0x00, 0x00, 0x00, 0x00, 0x00, 
    0x00, 0x00, 0x00, 0x00, 0x00, 0x00, 0x00, 0x00, 0x00, 0x00, 0x00, 0x00, 
    0x00, 0x00, 0x00, 0x00, 0x00, 0x00, 0x00, 0x00, 0x00, 0x00, 0x00, 0x00, 
    0x00, 0x00, 0x00, 0x00, 0x00, 0x00, 0x00, 0x00, 0x00, 0x00, 0x00, 0x00, 
    0xfd, 0x40, 0x03, 0x00, 0x00, 0x00, 0xf4, 0xe4, 0x46, 0xfd, 0x04, 0xff, 
    0xf4, 0xe3, 0xfd, 0xf4, 0xe3, 0xff, 0xf4, 0xe3, 0xff, 0xf4, 0xe3, 0xff, 
    0xf4, 0xe3, 0xff, 0xf4, 0xe3, 0xff, 0xf4, 0xe3, 0xff, 0xf4, 0xe3, 0xff, 
    0xf4, 0xe3, 0xff, 0xf4, 0xe3, 0xff, 0xf4, 0xe3, 0xff, 0xf4, 0xe3, 0xff, 
    0xf4, 0xe3, 0xff, 0xf4, 0xe3, 0xff, 0xf4, 0xe3, 0xff, 0xf4, 0xe3, 0xff, 
    0xf4, 0xe3, 0xff, 0xf4, 0xe3, 0xff, 0xf4, 0xe3, 0xff, 0xf4, 0xe3, 0xfd, 
    0xfd, 0x04, 0xfe, 0xf4, 0xe3, 0x39, 0x00, 0x00, 0x00, 0xfd, 0x40, 0x03, 
    0x00, 0x00, 0x00, 0x00, 0x00, 0x00, 0x00, 0x00, 0x00, 0x00, 0x00, 0x00, 
    0x00, 0x00, 0x00, 0x00, 0x00, 0x00, 0x00, 0x00, 0x00, 0x00, 0x00, 0x00, 
    0x00, 0x00, 0x00, 0xfb, 0xe0, 0x04, 0xf8, 0x00, 0x01, 0xf4, 0xc3, 0x69, 
    0xfd, 0x24, 0xff, 0xf4, 0xe3, 0xfb, 0xf4, 0xe3, 0xff, 0xf4, 0xe3, 0xff, 
    0xf4, 0xe3, 0xff, 0xf4, 0xe3, 0xff, 0xf4, 0xe3, 0xff, 0xf4, 0xe3, 0xff, 
    0xf4, 0xe3, 0xff, 0xf4, 0xe3, 0xff, 0xf4, 0xe3, 0xff, 0xf4, 0xc3, 0xfe, 
    0xf4, 0xe3, 0xfe, 0xf4, 0xe3, 0xf2, 0xec, 0xc3, 0x1e, 0x00, 0x00, 0x00, 
    0xfd, 0x40, 0x06, 0xfb, 0xe0, 0x04, 0xfd, 0x40, 0x03, 0x00, 0x00, 0x00, 
    0x00, 0x00, 0x00, 0xf4, 0xe4, 0x55, 0xf5, 0x03, 0xf2, 0xfd, 0x04, 0xff, 
    0xf4, 0xc3, 0xfd, 0xf4, 0xe3, 0xff, 0xf4, 0xe3, 0xff, 0xf4, 0xe3, 0xff, 
    0xf4, 0xe3, 0xff, 0xf4, 0xe3, 0xff, 0xf4, 0xe3, 0xff, 0xf4, 0xe3, 0xff, 
    0xf4, 0xe3, 0xff, 0xf4, 0xe3, 0xff, 0xf4, 0xe3, 0xff, 0xf4, 0xe3, 0xff, 
    0xf4, 0xe3, 0xff, 0xf4, 0xe3, 0xff, 0xf4, 0xe3, 0xff, 0xf4, 0xc3, 0xfc, 
    0xfd, 0x24, 0xff, 0xf4, 0xc3, 0xbd, 0xff, 0xe0, 0x01, 0xfd, 0x40, 0x03, 
    0x00, 0x00, 0x00, 0x00, 0x00, 0x00, 0x00, 0x00, 0x00, 0x00, 0x00, 0x00, 
    0x00, 0x00, 0x00, 0x00, 0x00, 0x00, 0x00, 0x00, 0x00, 0x00, 0x00, 0x00, 
    0x00, 0x00, 0x00, 0x00, 0x00, 0x00, 0x00, 0x00, 0x00, 0x00, 0x00, 0x00, 
    0x00, 0x00, 0x00, 0x00, 0x00, 0x00, 0x00, 0x00, 0x00, 0x00, 0x00, 0x00, 
    0x00, 0x00, 0x00, 0x00, 0x00, 0x00, 0x00, 0x00, 0x00, 0x00, 0x00, 0x00, 
    0x00, 0x00, 0x00, 0x00, 0x00, 0x00, 0x00, 0x00, 0x00, 0x00, 0x00, 0x00, 
    0x00, 0x00, 0x00, 0x00, 0x00, 0x00, 0x00, 0x00, 0x00, 0x00, 0x00, 0x00, 
    0x00, 0x00, 0x00, 0x00, 0x00, 0x00, 0x00, 0x00, 0x00, 0x00, 0x00, 0x00, 
    0x00, 0x00, 0x00, 0x00, 0x00, 0x00, 0x00, 0x00, 0x00, 0x00, 0x00, 0x00, 
    0x00, 0x00, 0x00, 0x00, 0x00, 0x00, 0x00, 0x00, 0x00, 0x00, 0x00, 0x00, 
    0x00, 0x00, 0x00, 0x00, 0x00, 0x00, 0x00, 0x00, 0x00, 0x00, 0x00, 0x00, 
    0x00, 0x00, 0x00, 0x00, 0x00, 0x00, 0x00, 0x00, 0x00, 0x00, 0x00, 0x00, 
    0x00, 0x00, 0x00, 0x00, 0x00, 0x00, 0x00, 0x00, 0x00, 0x00, 0x00, 0x00, 
    0x00, 0x00, 0x00, 0x00, 0x00, 0x00, 0x00, 0x00, 0x00, 0x00, 0x00, 0x00, 
    0xfb, 0xe0, 0x02, 0x00, 0x00, 0x00, 0xf4, 0xe4, 0x2f, 0xf4, 0xe3, 0xfe, 
    0xf4, 0xe3, 0xfe, 0xf4, 0xe3, 0xff, 0xf4, 0xe3, 0xff, 0xf4, 0xe3, 0xff, 
    0xf4, 0xe3, 0xff, 0xf4, 0xe3, 0xff, 0xf4, 0xe3, 0xff, 0xf4, 0xe3, 0xff, 
    0xf4, 0xe3, 0xff, 0xf4, 0xe3, 0xff, 0xf4, 0xe3, 0xff, 0xf4, 0xe3, 0xff, 
    0xf4, 0xe3, 0xff, 0xf4, 0xe3, 0xff, 0xf4, 0xe3, 0xff, 0xf4, 0xe3, 0xff, 
    0xf4, 0xe3, 0xff, 0xf4, 0xe3, 0xff, 0xf4, 0xe3, 0xff, 0xf4, 0xe3, 0xfb, 
    0xfd, 0x24, 0xff, 0xf4, 0xe3, 0xa1, 0x00, 0x00, 0x00, 0xfd, 0x40, 0x03, 
    0x00, 0x00, 0x00, 0x00, 0x00, 0x00, 0x00, 0x00, 0x00, 0x00, 0x00, 0x00, 
    0x00, 0x00, 0x00, 0x00, 0x00, 0x00, 0x00, 0x00, 0x00, 0x00, 0x00, 0x00, 
    0x00, 0x00, 0x00, 0xfb, 0xe0, 0x02, 0x00, 0x00, 0x00, 0xf4, 0xc3, 0xb6, 
    0xfd, 0x24, 0xff, 0xf4, 0xc3, 0xfc, 0xf4, 0xe3, 0xff, 0xf4, 0xe3, 0xff, 
    0xf4, 0xe3, 0xff, 0xf4, 0xe3, 0xff, 0xf4, 0xe3, 0xff, 0xf4, 0xe3, 0xff, 
    0xf4, 0xe3, 0xff, 0xf4, 0xe3, 0xff, 0xf4, 0xe3, 0xff, 0xf4, 0xe3, 0xff, 
    0xf4, 0xc3, 0xfd, 0xfd, 0x04, 0xff, 0xf4, 0xe3, 0xc0, 0xec, 0x84, 0x0e, 
    0x00, 0x00, 0x00, 0x00, 0x00, 0x00, 0x00, 0x00, 0x00, 0xf4, 0xc3, 0x21, 
    0xf4, 0xe3, 0x9b, 0xfd, 0x04, 0xff, 0xf4, 0xe4, 0xff, 0xf4, 0xc3, 0xfd, 
    0xf4, 0xe3, 0xff, 0xf4, 0xe3, 0xff, 0xf4, 0xe3, 0xff, 0xf4, 0xe3, 0xff, 
    0xf4, 0xe3, 0xff, 0xf4, 0xe3, 0xff, 0xf4, 0xe3, 0xff, 0xf4, 0xe3, 0xff, 
    0xf4, 0xe3, 0xff, 0xf4, 0xe3, 0xff, 0xf4, 0xe3, 0xff, 0xf4, 0xe3, 0xff, 
    0xf4, 0xe3, 0xff, 0xf4, 0xe3, 0xff, 0xf4, 0xc3, 0xfe, 0xf4, 0xe3, 0xfd, 
    0xf4, 0xe3, 0xf0, 0xf4, 0xe3, 0x22, 0x00, 0x00, 0x00, 0xfb, 0xe0, 0x02, 
    0x00, 0x00, 0x00, 0x00, 0x00, 0x00, 0x00, 0x00, 0x00, 0x00, 0x00, 0x00, 
    0x00, 0x00, 0x00, 0x00, 0x00, 0x00, 0x00, 0x00, 0x00, 0x00, 0x00, 0x00, 
    0x00, 0x00, 0x00, 0x00, 0x00, 0x00, 0x00, 0x00, 0x00, 0x00, 0x00, 0x00, 
    0x00, 0x00, 0x00, 0x00, 0x00, 0x00, 0x00, 0x00, 0x00, 0x00, 0x00, 0x00, 
    0x00, 0x00, 0x00, 0x00, 0x00, 0x00, 0x00, 0x00, 0x00, 0x00, 0x00, 0x00, 
    0x00, 0x00, 0x00, 0x00, 0x00, 0x00, 0x00, 0x00, 0x00, 0x00, 0x00, 0x00, 
    0x00, 0x00, 0x00, 0x00, 0x00, 0x00, 0x00, 0x00, 0x00, 0x00, 0x00, 0x00, 
    0x00, 0x00, 0x00, 0x00, 0x00, 0x00, 0x00, 0x00, 0x00, 0x00, 0x00, 0x00, 
    0x00, 0x00, 0x00, 0x00, 0x00, 0x00, 0x00, 0x00, 0x00, 0x00, 0x00, 0x00, 
    0xfb, 0xef, 0x02, 0xfd, 0xef, 0x04, 0xfd, 0xef, 0x04, 0xfd, 0xef, 0x04, 
    0xfd, 0xef, 0x04, 0xfd, 0x4a, 0x03, 0xf8, 0x00, 0x01, 0x00, 0x00, 0x00, 
    0x00, 0x00, 0x00, 0x00, 0x00, 0x00, 0x00, 0x00, 0x00, 0x00, 0x00, 0x00, 
    0x00, 0x00, 0x00, 0x00, 0x00, 0x00, 0x00, 0x00, 0x00, 0x00, 0x00, 0x00, 
    0x00, 0x00, 0x00, 0x00, 0x00, 0x00, 0x00, 0x00, 0x00, 0x00, 0x00, 0x00, 
    0xff, 0xe0, 0x01, 0x00, 0x00, 0x00, 0xec, 0xe3, 0x10, 0xf4, 0xe3, 0xeb, 
    0xf4, 0xe4, 0xff, 0xf4, 0xc3, 0xfe, 0xf4, 0xe3, 0xff, 0xf4, 0xe3, 0xff, 
    0xf4, 0xe3, 0xff, 0xf4, 0xe3, 0xff, 0xf4, 0xe3, 0xff, 0xf4, 0xe3, 0xff, 
    0xf4, 0xe3, 0xff, 0xf4, 0xe3, 0xff, 0xf4, 0xe3, 0xff, 0xf4, 0xe3, 0xff, 
    0xf4, 0xe3, 0xff, 0xf4, 0xe3, 0xff, 0xf4, 0xe3, 0xff, 0xf4, 0xe3, 0xff, 
    0xf4, 0xe3, 0xff, 0xf4, 0xe3, 0xff, 0xf4, 0xe3, 0xff, 0xf4, 0xc3, 0xfe, 
    0xf4, 0xe4, 0xff, 0xf4, 0xe3, 0xf1, 0xf4, 0xc4, 0x17, 0x00, 0x00, 0x00, 
    0xfb, 0xe0, 0x02, 0x00, 0x00, 0x00, 0x00, 0x00, 0x00, 0x00, 0x00, 0x00, 
    0x00, 0x00, 0x00, 0x00, 0x00, 0x00, 0x00, 0x00, 0x00, 0x00, 0x00, 0x00, 
    0xfb, 0xe0, 0x02, 0x00, 0x00, 0x00, 0xec, 0xc3, 0x21, 0xf4, 0xe3, 0xf8, 
    0xf4, 0xe3, 0xff, 0xf4, 0xe3, 0xfe, 0xf4, 0xe3, 0xff, 0xf4, 0xe3, 0xff, 
    0xf4, 0xe3, 0xff, 0xf4, 0xe3, 0xff, 0xf4, 0xe3, 0xff, 0xf4, 0xe3, 0xff, 
    0xf4, 0xe3, 0xff, 0xf4, 0xe3, 0xff, 0xf4, 0xe3, 0xff, 0xf4, 0xe3, 0xff, 
    0xf4, 0xe3, 0xff, 0xf4, 0xe3, 0xfd, 0xfd, 0x04, 0xff, 0xf4, 0xe3, 0xdb, 
    0xf4, 0xc3, 0x8b, 0xf4, 0xc3, 0x7d, 0xf4, 0xc3, 0xae, 0xf4, 0xe3, 0xf3, 
    0xfd, 0x24, 0xff, 0xf4, 0xc3, 0xfe, 0xf4, 0xc3, 0xfe, 0xf4, 0xe3, 0xff, 
    0xf4, 0xe3, 0xff, 0xf4, 0xe3, 0xff, 0xf4, 0xe3, 0xff, 0xf4, 0xe3, 0xff, 
    0xf4, 0xe3, 0xff, 0xf4, 0xe3, 0xff, 0xf4, 0xe3, 0xff, 0xf4, 0xe3, 0xff, 
    0xf4, 0xe3, 0xff, 0xf4, 0xe3, 0xff, 0xf4, 0xe3, 0xff, 0xf4, 0xe3, 0xff, 
    0xf4, 0xe3, 0xff, 0xf4, 0xe3, 0xff, 0xf4, 0xe3, 0xfb, 0xfd, 0x24, 0xff, 
    0xf4, 0xc3, 0x59, 0x00, 0x00, 0x00, 0xfd, 0x40, 0x03, 0x00, 0x00, 0x00, 
    0x00, 0x00, 0x00, 0x00, 0x00, 0x00, 0x00, 0x00, 0x00, 0x00, 0x00, 0x00, 
    0x00, 0x00, 0x00, 0x00, 0x00, 0x00, 0x00, 0x00, 0x00, 0x00, 0x00, 0x00, 
    0x00, 0x00, 0x00, 0x00, 0x00, 0x00, 0x00, 0x00, 0x00, 0x00, 0x00, 0x00, 
    0x00, 0x00, 0x00, 0x00, 0x00, 0x00, 0x00, 0x00, 0x00, 0x00, 0x00, 0x00, 
    0x00, 0x00, 0x00, 0x00, 0x00, 0x00, 0x00, 0x00, 0x00, 0x00, 0x00, 0x00, 
    0x00, 0x00, 0x00, 0x00, 0x00, 0x00, 0x00, 0x00, 0x00, 0x00, 0x00, 0x00, 
    0x00, 0x00, 0x00, 0x00, 0x00, 0x00, 0x00, 0x00, 0x00, 0x00, 0x00, 0x00, 
    0x00, 0x00, 0x00, 0x00, 0x00, 0x00, 0x00, 0x00, 0x00, 0x00, 0x00, 0x00, 
    0x00, 0x00, 0x00, 0x00, 0x00, 0x00, 0xff, 0xe0, 0x01, 0xfd, 0x4a, 0x03, 
    0x00, 0x00, 0x00, 0x00, 0x00, 0x00, 0x00, 0x00, 0x00, 0x00, 0x00, 0x00, 
    0x00, 0x00, 0x00, 0x00, 0x00, 0x00, 0x00, 0x00, 0x00, 0xad, 0x4a, 0x03, 
    0x00, 0x00, 0x00, 0x00, 0x00, 0x00, 0x00, 0x00, 0x00, 0x00, 0x00, 0x00, 
    0x00, 0x00, 0x00, 0x00, 0x00, 0x00, 0x00, 0x00, 0x00, 0x00, 0x00, 0x00, 
    0x00, 0x00, 0x00, 0x00, 0x00, 0x00, 0x00, 0x00, 0x00, 0x00, 0x00, 0x00, 
    0x00, 0x00, 0x00, 0xfb, 0xe0, 0x02, 0x00, 0x00, 0x00, 0xf4, 0xe3, 0xbe, 
    0xfd, 0x24, 0xfe, 0xf4, 0xc3, 0xfc, 0xf4, 0xe3, 0xff, 0xf4, 0xe3, 0xff, 
    0xf4, 0xe3, 0xff, 0xf4, 0xe3, 0xff, 0xf4, 0xe3, 0xff, 0xf4, 0xe3, 0xff, 
    0xf4, 0xe3, 0xff, 0xf4, 0xe3, 0xff, 0xf4, 0xe3, 0xff, 0xf4, 0xe3, 0xff, 
    0xf4, 0xe3, 0xff, 0xf4, 0xe3, 0xff, 0xf4, 0xe3, 0xff, 0xf4, 0xe3, 0xff, 
    0xf4, 0xe3, 0xff, 0xf4, 0xe3, 0xff, 0xf4, 0xe3, 0xff, 0xf4, 0xe3, 0xff, 
    0xf4, 0xe3, 0xfb, 0xfd, 0x24, 0xff, 0xf4, 0xe3, 0x6a, 0x00, 0x00, 0x00, 
    0xfb, 0xe0, 0x04, 0x00, 0x00, 0x00, 0x00, 0x00, 0x00, 0x00, 0x00, 0x00, 
    0x00, 0x00, 0x00, 0x00, 0x00, 0x00, 0x00, 0x00, 0x00, 0x00, 0x00, 0x00, 
    0xfb, 0xe0, 0x04, 0x00, 0x00, 0x00, 0xf4, 0xc3, 0x79, 0xfd, 0x24, 0xff, 
    0xf4, 0xe3, 0xfb, 0xf4, 0xe3, 0xff, 0xf4, 0xe3, 0xff, 0xf4, 0xe3, 0xff, 
    0xf4, 0xe3, 0xff, 0xf4, 0xe4, 0xff, 0xf4, 0xe4, 0xff, 0xf4, 0xe4, 0xff, 
    0xf4, 0xe4, 0xff, 0xf4, 0xe3, 0xff, 0xf4, 0xe3, 0xff, 0xf4, 0xe3, 0xff, 
    0xf4, 0xe3, 0xff, 0xf4, 0xe3, 0xff, 0xf4, 0xc3, 0xfd, 0xfd, 0x04, 0xff, 
    0xfd, 0x24, 0xff, 0xfd, 0x24, 0xff, 0xfd, 0x24, 0xff, 0xf4, 0xe3, 0xff, 
    0xf4, 0xc3, 0xfc, 0xf4, 0xe3, 0xff, 0xf4, 0xe3, 0xff, 0xf4, 0xe3, 0xff, 
    0xf4, 0xe3, 0xff, 0xf4, 0xe3, 0xff, 0xf4, 0xe3, 0xff, 0xf4, 0xe3, 0xff, 
    0xf4, 0xe3, 0xff, 0xf4, 0xe3, 0xff, 0xf4, 0xe3, 0xff, 0xf4, 0xe3, 0xff, 
    0xf4, 0xe3, 0xff, 0xf4, 0xe3, 0xff, 0xf4, 0xe3, 0xff, 0xf4, 0xe3, 0xff, 
    0xf4, 0xe3, 0xff, 0xf4, 0xc3, 0xfb, 0xfd, 0x24, 0xff, 0xf4, 0xc3, 0x97, 
    0x00, 0x00, 0x00, 0xfb, 0xe0, 0x04, 0x00, 0x00, 0x00, 0x00, 0x00, 0x00, 
    0x00, 0x00, 0x00, 0x00, 0x00, 0x00, 0x00, 0x00, 0x00, 0x00, 0x00, 0x00, 
    0x00, 0x00, 0x00, 0x00, 0x00, 0x00, 0x00, 0x00, 0x00, 0x00, 0x00, 0x00, 
    0x00, 0x00, 0x00, 0x00, 0x00, 0x00, 0x00, 0x00, 0x00, 0x00, 0x00, 0x00, 
    0x00, 0x00, 0x00, 0x00, 0x00, 0x00, 0x00, 0x00, 0x00, 0x00, 0x00, 0x00, 
    0x00, 0x00, 0x00, 0x00, 0x00, 0x00, 0x00, 0x00, 0x00, 0x00, 0x00, 0x00, 
    0x00, 0x00, 0x00, 0x00, 0x00, 0x00, 0x00, 0x00, 0x00, 0x00, 0x00, 0x00, 
    0x00, 0x00, 0x00, 0x00, 0x00, 0x00, 0x00, 0x00, 0x00, 0x00, 0x00, 0x00, 
    0x00, 0x00, 0x00, 0x00, 0x00, 0x00, 0x00, 0x00, 0x00, 0x00, 0x00, 0x00, 
    0x00, 0x00, 0x00, 0xff, 0xff, 0x01, 0x00, 0x00, 0x00, 0x00, 0x00, 0x00, 
    0xf6, 0x0e, 0x22, 0xfe, 0x2f, 0x67, 0xfe, 0x0e, 0x93, 0xfe, 0x0f, 0x99, 
    0xfe, 0x2f, 0x7f, 0xfe, 0x2e, 0x42, 0x00, 0x00, 0x00, 0x00, 0x00, 0x00, 
    0xfd, 0x4a, 0x03, 0x00, 0x00, 0x00, 0x00, 0x00, 0x00, 0x00, 0x00, 0x00, 
    0x00, 0x00, 0x00, 0x00, 0x00, 0x00, 0x00, 0x00, 0x00, 0x00, 0x00, 0x00, 
    0x00, 0x00, 0x00, 0x00, 0x00, 0x00, 0x00, 0x00, 0x00, 0x00, 0x00, 0x00, 
    0x00, 0x00, 0x00, 0xfb, 0xe0, 0x04, 0x00, 0x00, 0x00, 0xec, 0xc4, 0x76, 
    0xfd, 0x24, 0xff, 0xf4, 0xe3, 0xfb, 0xf4, 0xe3, 0xff, 0xf4, 0xe3, 0xff, 
    0xf4, 0xe3, 0xff, 0xf4, 0xe3, 0xff, 0xf4, 0xe3, 0xff, 0xf4, 0xe3, 0xff, 
    0xf4, 0xe3, 0xff, 0xf4, 0xe3, 0xff, 0xf4, 0xe3, 0xff, 0xf4, 0xe3, 0xff, 
    0xf4, 0xe3, 0xff, 0xf4, 0xe3, 0xff, 0xf4, 0xe3, 0xff, 0xf4, 0xe3, 0xff, 
    0xf4, 0xe3, 0xff, 0xf4, 0xe3, 0xff, 0xf4, 0xe3, 0xff, 0xf4, 0xe3, 0xff, 
    0xf4, 0xe3, 0xfc, 0xfd, 0x04, 0xff, 0xf4, 0xc3, 0xd0, 0xfb, 0xe0, 0x02, 
    0xfb, 0xe0, 0x02, 0x00, 0x00, 0x00, 0x00, 0x00, 0x00, 0x00, 0x00, 0x00, 
    0x00, 0x00, 0x00, 0x00, 0x00, 0x00, 0x00, 0x00, 0x00, 0xff, 0xe0, 0x01, 
    0xfb, 0xe0, 0x02, 0xfc, 0xe3, 0x08, 0xf4, 0xc3, 0xdd, 0xfd, 0x04, 0xff, 
    0xf4, 0xe3, 0xfd, 0xf4, 0xe3, 0xff, 0xf4, 0xe3, 0xff, 0xf4, 0xe3, 0xff, 
    0xf4, 0xe4, 0xff, 0xf4, 0xc3, 0xff, 0xf4, 0xa2, 0xff, 0xf4, 0xc2, 0xff, 
    0xf4, 0xa2, 0xff, 0xf4, 0xe3, 0xff, 0xf4, 0xe3, 0xff, 0xf4, 0xe3, 0xff, 
    0xf4, 0xe3, 0xff, 0xf4, 0xe3, 0xff, 0xf4, 0xe3, 0xff, 0xf4, 0xe3, 0xfd, 
    0xf4, 0xe3, 0xfb, 0xf4, 0xc3, 0xfb, 0xf4, 0xc3, 0xfc, 0xf4, 0xc3, 0xfe, 
    0xf4, 0xe3, 0xff, 0xf4, 0xe3, 0xff, 0xf4, 0xe3, 0xff, 0xf4, 0xe3, 0xff, 
    0xf4, 0xe3, 0xff, 0xf4, 0xe3, 0xff, 0xf4, 0xe3, 0xff, 0xf4, 0xe3, 0xff, 
    0xf4, 0xe3, 0xff, 0xf4, 0xe3, 0xff, 0xf4, 0xe3, 0xff, 0xf4, 0xe3, 0xff, 
    0xf4, 0xe3, 0xff, 0xf4, 0xe3, 0xff, 0xf4, 0xe3, 0xff, 0xf4, 0xe3, 0xff, 
    0xf4, 0xc3, 0xfd, 0xfd, 0x04, 0xff, 0xf4, 0xc3, 0xd0, 0xfc, 0xe3, 0x08, 
    0xad, 0x40, 0x03, 0xff, 0xe0, 0x01, 0x00, 0x00, 0x00, 0x00, 0x00, 0x00, 
    0x00, 0x00, 0x00, 0x00, 0x00, 0x00, 0x00, 0x00, 0x00, 0x00, 0x00, 0x00, 
    0x00, 0x00, 0x00, 0x00, 0x00, 0x00, 0x00, 0x00, 0x00, 0x00, 0x00, 0x00, 
    0x00, 0x00, 0x00, 0x00, 0x00, 0x00, 0x00, 0x00, 0x00, 0x00, 0x00, 0x00, 
    0x00, 0x00, 0x00, 0x00, 0x00, 0x00, 0x00, 0x00, 0x00, 0x00, 0x00, 0x00, 
    0x00, 0x00, 0x00, 0x00, 0x00, 0x00, 0x00, 0x00, 0x00, 0x00, 0x00, 0x00, 
    0x00, 0x00, 0x00, 0x00, 0x00, 0x00, 0x00, 0x00, 0x00, 0x00, 0x00, 0x00, 
    0x00, 0x00, 0x00, 0x00, 0x00, 0x00, 0x00, 0x00, 0x00, 0x00, 0x00, 0x00, 
    0x00, 0x00, 0x00, 0x00, 0x00, 0x00, 0x00, 0x00, 0x00, 0x00, 0x00, 0x00, 
    0xff, 0xe0, 0x01, 0x00, 0x00, 0x00, 0xfe, 0x2e, 0x09, 0xfe, 0x2f, 0x8f, 
    0xfe, 0x2f, 0xf3, 0xfe, 0x6f, 0xff, 0xfe, 0x6f, 0xff, 0xfe, 0x6f, 0xff, 
    0xfe, 0x6f, 0xff, 0xfe, 0x4f, 0xff, 0xfe, 0x2f, 0xca, 0xf5, 0xee, 0x42, 
    0x00, 0x00, 0x00, 0xfd, 0x4a, 0x03, 0x00, 0x00, 0x00, 0x00, 0x00, 0x00, 
    0x00, 0x00, 0x00, 0x00, 0x00, 0x00, 0x00, 0x00, 0x00, 0x00, 0x00, 0x00, 
    0x00, 0x00, 0x00, 0x00, 0x00, 0x00, 0x00, 0x00, 0x00, 0x00, 0x00, 0x00, 
    0x00, 0x00, 0x00, 0xfb, 0xe0, 0x02, 0x00, 0x00, 0x00, 0xec, 0xc3, 0x21, 
    0xf4, 0xe3, 0xf8, 0xf4, 0xe3, 0xfe, 0xf4, 0xe3, 0xfe, 0xf4, 0xe3, 0xff, 
    0xf4, 0xe3, 0xff, 0xf4, 0xe3, 0xff, 0xf4, 0xe3, 0xff, 0xf4, 0xe3, 0xff, 
    0xf4, 0xe3, 0xff, 0xf4, 0xe3, 0xff, 0xf4, 0xe3, 0xff, 0xf4, 0xe3, 0xff, 
    0xf4, 0xe3, 0xff, 0xf4, 0xe3, 0xff, 0xf4, 0xe3, 0xff, 0xf4, 0xe3, 0xff, 
    0xf4, 0xe3, 0xff, 0xf4, 0xe3, 0xff, 0xf4, 0xe3, 0xff, 0xf4, 0xe3, 0xff, 
    0xf4, 0xe3, 0xff, 0xf4, 0xc3, 0xfc, 0xfd, 0x24, 0xff, 0xec, 0xc3, 0x54, 
    0x00, 0x00, 0x00, 0xfd, 0x40, 0x03, 0x00, 0x00, 0x00, 0x00, 0x00, 0x00, 
    0x00, 0x00, 0x00, 0x00, 0x00, 0x00, 0x00, 0x00, 0x00, 0xfb, 0xe0, 0x04, 
    0x00, 0x00, 0x00, 0xf4, 0xc3, 0x66, 0xfd, 0x24, 0xff, 0xf4, 0xc3, 0xfc, 
    0xf4, 0xe3, 0xff, 0xf4, 0xe3, 0xff, 0xf4, 0xe3, 0xff, 0xf4, 0xe4, 0xff, 
    0xf4, 0xc3, 0xff, 0xf5, 0x26, 0xff, 0xfe, 0xd5, 0xff, 0xff, 0x38, 0xff, 
    0xf6, 0x0f, 0xff, 0xf4, 0xc3, 0xff, 0xf4, 0xe4, 0xff, 0xf4, 0xe3, 0xff, 
    0xf4, 0xe3, 0xff, 0xf4, 0xe3, 0xff, 0xf4, 0xe3, 0xff, 0xf4, 0xe3, 0xff, 
    0xf4, 0xe3, 0xff, 0xf4, 0xe3, 0xff, 0xf4, 0xe3, 0xff, 0xf4, 0xe3, 0xff, 
    0xf4, 0xe3, 0xff, 0xf4, 0xe3, 0xff, 0xf4, 0xe3, 0xff, 0xf4, 0xe3, 0xff, 
    0xf4, 0xe3, 0xff, 0xf4, 0xe3, 0xff, 0xf4, 0xe3, 0xff, 0xf4, 0xe3, 0xff, 
    0xf4, 0xe3, 0xff, 0xf4, 0xe3, 0xff, 0xf4, 0xe3, 0xff, 0xf4, 0xe3, 0xff, 
    0xf4, 0xe3, 0xff, 0xf4, 0xe3, 0xff, 0xf4, 0xe3, 0xff, 0xf4, 0xc3, 0xfe, 
    0xf4, 0xe4, 0xfd, 0xf5, 0x03, 0xf3, 0xec, 0xa3, 0x2a, 0x00, 0x00, 0x00, 
    0xad, 0x40, 0x03, 0x00, 0x00, 0x00, 0x00, 0x00, 0x00, 0x00, 0x00, 0x00, 
    0x00, 0x00, 0x00, 0x00, 0x00, 0x00, 0x00, 0x00, 0x00, 0x00, 0x00, 0x00, 
    0x00, 0x00, 0x00, 0x00, 0x00, 0x00, 0x00, 0x00, 0x00, 0x00, 0x00, 0x00, 
    0x00, 0x00, 0x00, 0x00, 0x00, 0x00, 0x00, 0x00, 0x00, 0x00, 0x00, 0x00, 
    0x00, 0x00, 0x00, 0x00, 0x00, 0x00, 0x00, 0x00, 0x00, 0x00, 0x00, 0x00, 
    0x00, 0x00, 0x00, 0x00, 0x00, 0x00, 0x00, 0x00, 0x00, 0x00, 0x00, 0x00, 
    0x00, 0x00, 0x00, 0x00, 0x00, 0x00, 0x00, 0x00, 0x00, 0x00, 0x00, 0x00, 
    0x00, 0x00, 0x00, 0x00, 0x00, 0x00, 0x00, 0x00, 0x00, 0x00, 0x00, 0x00, 
    0x00, 0x00, 0x00, 0x00, 0x00, 0x00, 0x00, 0x00, 0x00, 0x00, 0x00, 0x00, 
    0xfb, 0xef, 0x02, 0xed, 0xce, 0x0f, 0xfe, 0x2e, 0xc4, 0xfe, 0x90, 0xff, 
    0xfe, 0x0e, 0xff, 0xfe, 0x0e, 0xfb, 0xfe, 0x0e, 0xfb, 0xfe, 0x0e, 0xfb, 
    0xfe, 0x0e, 0xfb, 0xfe, 0x0e, 0xfd, 0xfe, 0x4f, 0xff, 0xfe, 0x4f, 0xfd, 
    0xfd, 0xee, 0x5e, 0x00, 0x00, 0x00, 0xff, 0xef, 0x02, 0x00, 0x00, 0x00, 
    0x00, 0x00, 0x00, 0x00, 0x00, 0x00, 0x00, 0x00, 0x00, 0x00, 0x00, 0x00, 
    0x00, 0x00, 0x00, 0x00, 0x00, 0x00, 0x00, 0x00, 0x00, 0x00, 0x00, 0x00, 
    0x00, 0x00, 0x00, 0x00, 0x00, 0x00, 0xfd, 0x40, 0x03, 0x00, 0x00, 0x00, 
    0xf4, 0xc3, 0xa5, 0xfd, 0x24, 0xff, 0xf4, 0xe3, 0xfb, 0xf4, 0xe3, 0xff, 
    0xf4, 0xe3, 0xff, 0xf4, 0xe3, 0xff, 0xf4, 0xe3, 0xff, 0xf4, 0xe3, 0xff, 
    0xf4, 0xe3, 0xff, 0xf4, 0xe3, 0xff, 0xf4, 0xe3, 0xff, 0xf4, 0xe3, 0xff, 
    0xf4, 0xe3, 0xff, 0xf4, 0xe3, 0xff, 0xf4, 0xe3, 0xff, 0xf4, 0xe3, 0xff, 
    0xf4, 0xe3, 0xff, 0xf4, 0xe3, 0xff, 0xf4, 0xe3, 0xff, 0xf4, 0xe3, 0xff, 
    0xf4, 0xe3, 0xff, 0xf4, 0xe3, 0xfd, 0xfd, 0x04, 0xfe, 0xf4, 0xe3, 0xd8, 
    0xfc, 0xe3, 0x08, 0xfd, 0x40, 0x03, 0xfb, 0xe0, 0x02, 0x00, 0x00, 0x00, 
    0x00, 0x00, 0x00, 0x00, 0x00, 0x00, 0xfb, 0xe0, 0x02, 0xff, 0xe0, 0x01, 
    0xf4, 0xc3, 0x12, 0xf4, 0xe3, 0xe7, 0xf4, 0xe4, 0xfe, 0xf4, 0xe3, 0xfd, 
    0xf4, 0xe3, 0xff, 0xf4, 0xe3, 0xff, 0xf4, 0xe3, 0xff, 0xf4, 0xe3, 0xff, 
    0xf4, 0xc3, 0xff, 0xff, 0x5a, 0xff, 0xff, 0xff, 0xff, 0xff, 0xff, 0xff, 
    0xff, 0xff, 0xff, 0xf6, 0x0e, 0xff, 0xf4, 0xa2, 0xff, 0xf4, 0xe4, 0xff, 
    0xf4, 0xe3, 0xff, 0xf4, 0xe3, 0xff, 0xf4, 0xe3, 0xff, 0xf4, 0xe3, 0xff, 
    0xf4, 0xe3, 0xff, 0xf4, 0xe3, 0xff, 0xf4, 0xe3, 0xff, 0xf4, 0xe3, 0xff, 
    0xf4, 0xe3, 0xff, 0xf4, 0xe3, 0xff, 0xf4, 0xe3, 0xff, 0xf4, 0xe3, 0xff, 
    0xf4, 0xe3, 0xff, 0xf4, 0xe3, 0xff, 0xf4, 0xe3, 0xff, 0xf4, 0xe3, 0xff, 
    0xf4, 0xe3, 0xff, 0xf4, 0xe3, 0xff, 0xf4, 0xe3, 0xff, 0xf4, 0xe3, 0xff, 
    0xf4, 0xe3, 0xff, 0xf4, 0xe3, 0xff, 0xf4, 0xe3, 0xff, 0xf4, 0xc3, 0xfc, 
    0xfd, 0x24, 0xff, 0xec, 0xc3, 0x61, 0x00, 0x00, 0x00, 0xbb, 0xe0, 0x04, 
    0x00, 0x00, 0x00, 0x00, 0x00, 0x00, 0x00, 0x00, 0x00, 0x00, 0x00, 0x00, 
    0x00, 0x00, 0x00, 0x00, 0x00, 0x00, 0x00, 0x00, 0x00, 0x00, 0x00, 0x00, 
    0x00, 0x00, 0x00, 0x00, 0x00, 0x00, 0x00, 0x00, 0x00, 0x00, 0x00, 0x00, 
    0x00, 0x00, 0x00, 0x00, 0x00, 0x00, 0x00, 0x00, 0x00, 0x00, 0x00, 0x00, 
    0x00, 0x00, 0x00, 0x00, 0x00, 0x00, 0x00, 0x00, 0x00, 0x00, 0x00, 0x00, 
    0x00, 0x00, 0x00, 0x00, 0x00, 0x00, 0x00, 0x00, 0x00, 0x00, 0x00, 0x00, 
    0x00, 0x00, 0x00, 0x00, 0x00, 0x00, 0x00, 0x00, 0x00, 0x00, 0x00, 0x00, 
    0x00, 0x00, 0x00, 0x00, 0x00, 0x00, 0x00, 0x00, 0x00, 0x00, 0x00, 0x00, 
    0x00, 0x00, 0x00, 0x00, 0x00, 0x00, 0x00, 0x00, 0x00, 0x00, 0x00, 0x00, 
    0x00, 0x00, 0x00, 0xfd, 0xee, 0xac, 0xfe, 0x90, 0xff, 0xfe, 0x0e, 0xf9, 
    0xfe, 0x0e, 0xfe, 0xfe, 0x0e, 0xff, 0xfe, 0x0e, 0xff, 0xfe, 0x0e, 0xff, 
    0xfe, 0x0e, 0xff, 0xfe, 0x0e, 0xff, 0xfe, 0x0e, 0xfc, 0xfe, 0x0e, 0xfe, 
    0xfe, 0x2f, 0xfc, 0xf6, 0x0e, 0x36, 0x00, 0x00, 0x00, 0xfd, 0x4a, 0x03, 
    0x00, 0x00, 0x00, 0x00, 0x00, 0x00, 0x00, 0x00, 0x00, 0x00, 0x00, 0x00, 
    0x00, 0x00, 0x00, 0x00, 0x00, 0x00, 0x00, 0x00, 0x00, 0x00, 0x00, 0x00, 
    0x00, 0x00, 0x00, 0x00, 0x00, 0x00, 0xad, 0x40, 0x03, 0x00, 0x00, 0x00, 
    0xf4, 0xc3, 0x2b, 0xf5, 0x03, 0xfa, 0xf4, 0xe3, 0xfd, 0xf4, 0xe3, 0xfe, 
    0xf4, 0xe3, 0xff, 0xf4, 0xe3, 0xff, 0xf4, 0xe3, 0xff, 0xf4, 0xe3, 0xff, 
    0xf4, 0xe3, 0xff, 0xf4, 0xe3, 0xff, 0xf4, 0xe3, 0xff, 0xf4, 0xe3, 0xff, 
    0xf4, 0xe3, 0xff, 0xf4, 0xe3, 0xff, 0xf4, 0xe3, 0xff, 0xf4, 0xe3, 0xff, 
    0xf4, 0xe3, 0xff, 0xf4, 0xe3, 0xff, 0xf4, 0xe3, 0xff, 0xf4, 0xe3, 0xff, 
    0xf4, 0xe3, 0xff, 0xf4, 0xe3, 0xff, 0xf4, 0xc3, 0xfc, 0xfd, 0x24, 0xff, 
    0xf4, 0xc3, 0x8f, 0x00, 0x00, 0x00, 0xfc, 0xc0, 0x05, 0xad, 0x40, 0x03, 
    0xff, 0xe0, 0x01, 0xfb, 0xe0, 0x04, 0xfb, 0xe0, 0x02, 0x00, 0x00, 0x00, 
    0xf4, 0xe3, 0xac, 0xfd, 0x24, 0xff, 0xf4, 0xc3, 0xfc, 0xf4, 0xe3, 0xff, 
    0xf4, 0xe3, 0xff, 0xf4, 0xe3, 0xff, 0xf4, 0xe4, 0xff, 0xf4, 0xa2, 0xff, 
    0xf5, 0xcb, 0xff, 0xff, 0xff, 0xff, 0xff, 0xff, 0xff, 0xff, 0xff, 0xff, 
    0xff, 0xff, 0xff, 0xfe, 0xf7, 0xff, 0xf4, 0xa2, 0xff, 0xf4, 0xe4, 0xff, 
    0xf4, 0xe3, 0xff, 0xf4, 0xe3, 0xff, 0xf4, 0xe3, 0xff, 0xf4, 0xe3, 0xff, 
    0xf4, 0xe3, 0xff, 0xf4, 0xe3, 0xff, 0xf4, 0xe3, 0xff, 0xf4, 0xe3, 0xff, 
    0xf4, 0xe3, 0xff, 0xf4, 0xe3, 0xff, 0xf4, 0xe3, 0xff, 0xf4, 0xe3, 0xff, 
    0xf4, 0xe3, 0xff, 0xf4, 0xe3, 0xff, 0xf4, 0xe3, 0xff, 0xf4, 0xe3, 0xff, 
    0xf4, 0xe3, 0xff, 0xf4, 0xe3, 0xff, 0xf4, 0xe3, 0xff, 0xf4, 0xe3, 0xff, 
    0xf4, 0xe3, 0xff, 0xf4, 0xe3, 0xff, 0xf4, 0xc3, 0xfc, 0xfd, 0x24, 0xff, 
    0xf4, 0xc3, 0xa9, 0x00, 0x00, 0x00, 0xfb, 0xe0, 0x04, 0x00, 0x00, 0x00, 
    0x00, 0x00, 0x00, 0x00, 0x00, 0x00, 0x00, 0x00, 0x00, 0x00, 0x00, 0x00, 
    0x00, 0x00, 0x00, 0x00, 0x00, 0x00, 0x00, 0x00, 0x00, 0x00, 0x00, 0x00, 
    0x00, 0x00, 0x00, 0x00, 0x00, 0x00, 0x00, 0x00, 0x00, 0x00, 0x00, 0x00, 
    0x00, 0x00, 0x00, 0x00, 0x00, 0x00, 0x00, 0x00, 0x00, 0x00, 0x00, 0x00, 
    0x00, 0x00, 0x00, 0x00, 0x00, 0x00, 0x00, 0x00, 0x00, 0x00, 0x00, 0x00, 
    0x00, 0x00, 0x00, 0x00, 0x00, 0x00, 0x00, 0x00, 0x00, 0x00, 0x00, 0x00, 
    0x00, 0x00, 0x00, 0x00, 0x00, 0x00, 0x00, 0x00, 0x00, 0x00, 0x00, 0x00, 
    0x00, 0x00, 0x00, 0x00, 0x00, 0x00, 0x00, 0x00, 0x00, 0x00, 0x00, 0x00, 
    0x00, 0x00, 0x00, 0x00, 0x00, 0x00, 0x00, 0x00, 0x00, 0x00, 0x00, 0x00, 
    0xfe, 0x0e, 0x4e, 0xfe, 0x4f, 0xff, 0xfe, 0x0e, 0xfb, 0xfe, 0x0e, 0xff, 
    0xfe, 0x0e, 0xff, 0xfe, 0x0e, 0xff, 0xfe, 0x0e, 0xff, 0xfe, 0x0e, 0xff, 
    0xfe, 0x0e, 0xff, 0xfe, 0x0e, 0xff, 0xfe, 0x0e, 0xff, 0xfe, 0x0e, 0xfb, 
    0xfe, 0x6f, 0xff, 0xfe, 0x0e, 0xc1, 0x00, 0x00, 0x00, 0xff, 0xef, 0x02, 
    0x00, 0x00, 0x00, 0x00, 0x00, 0x00, 0x00, 0x00, 0x00, 0x00, 0x00, 0x00, 
    0x00, 0x00, 0x00, 0x00, 0x00, 0x00, 0x00, 0x00, 0x00, 0x00, 0x00, 0x00, 
    0x00, 0x00, 0x00, 0x00, 0x00, 0x00, 0x00, 0x00, 0x00, 0xfd, 0x40, 0x03, 
    0x00, 0x00, 0x00, 0xf4, 0xc3, 0x9d, 0xfd, 0x24, 0xff, 0xf4, 0xc3, 0xfc, 
    0xf4, 0xe3, 0xff, 0xf4, 0xe3, 0xff, 0xf4, 0xe3, 0xff, 0xf4, 0xe3, 0xff, 
    0xf4, 0xe3, 0xff, 0xf4, 0xe3, 0xff, 0xf4, 0xe3, 0xff, 0xf4, 0xe3, 0xff, 
    0xf4, 0xe3, 0xff, 0xf4, 0xe3, 0xff, 0xf4, 0xe3, 0xff, 0xf4, 0xe3, 0xff, 
    0xf4, 0xe3, 0xff, 0xf4, 0xe3, 0xff, 0xf4, 0xe3, 0xff, 0xf4, 0xe3, 0xff, 
    0xf4, 0xe3, 0xff, 0xf4, 0xe3, 0xff, 0xf4, 0xe3, 0xff, 0xf4, 0xe3, 0xfc, 
    0xfd, 0x04, 0xff, 0xf4, 0xc3, 0x6b, 0x00, 0x00, 0x00, 0x00, 0x00, 0x00, 
    0x00, 0x00, 0x00, 0x00, 0x00, 0x00, 0x00, 0x00, 0x00, 0xf4, 0xe3, 0x93, 
    0xfd, 0x24, 0xff, 0xf4, 0xc3, 0xfc, 0xf4, 0xe3, 0xff, 0xf4, 0xe3, 0xff, 
    0xf4, 0xe3, 0xff, 0xf4, 0xe3, 0xff, 0xf4, 0xe4, 0xff, 0xf4, 0xa2, 0xff, 
    0xff, 0x18, 0xff, 0xff, 0xff, 0xff, 0xff, 0xff, 0xff, 0xff, 0xff, 0xff, 
    0xff, 0xff, 0xff, 0xfe, 0x72, 0xff, 0xf4, 0xa2, 0xff, 0xf4, 0xe4, 0xff, 
    0xf4, 0xe3, 0xff, 0xf4, 0xe3, 0xff, 0xf4, 0xe3, 0xff, 0xf4, 0xe3, 0xff, 
    0xf4, 0xe3, 0xff, 0xf4, 0xe3, 0xff, 0xf4, 0xe3, 0xff, 0xf4, 0xe3, 0xff, 
    0xf4, 0xe3, 0xff, 0xf4, 0xe3, 0xff, 0xf4, 0xe3, 0xff, 0xf4, 0xe3, 0xff, 
    0xf4, 0xe3, 0xff, 0xf4, 0xe3, 0xff, 0xf4, 0xe3, 0xff, 0xf4, 0xe3, 0xff, 
    0xf4, 0xe3, 0xff, 0xf4, 0xe3, 0xff, 0xf4, 0xe3, 0xff, 0xf4, 0xe3, 0xff, 
    0xf4, 0xe3, 0xff, 0xf4, 0xe3, 0xfd, 0xf5, 0x04, 0xfd, 0xf4, 0xe3, 0xea, 
    0xf5, 0x24, 0x17, 0xff, 0xe0, 0x01, 0xfb, 0xe0, 0x02, 0x00, 0x00, 0x00, 
    0x00, 0x00, 0x00, 0x00, 0x00, 0x00, 0x00, 0x00, 0x00, 0x00, 0x00, 0x00, 
    0x00, 0x00, 0x00, 0x00, 0x00, 0x00, 0x00, 0x00, 0x00, 0x00, 0x00, 0x00, 
    0x00, 0x00, 0x00, 0x00, 0x00, 0x00, 0x00, 0x00, 0x00, 0x00, 0x00, 0x00, 
    0x00, 0x00, 0x00, 0x00, 0x00, 0x00, 0x00, 0x00, 0x00, 0x00, 0x00, 0x00, 
    0x00, 0x00, 0x00, 0x00, 0x00, 0x00, 0x00, 0x00, 0x00, 0x00, 0x00, 0x00, 
    0x00, 0x00, 0x00, 0x00, 0x00, 0x00, 0x00, 0x00, 0x00, 0x00, 0x00, 0x00, 
    0x00, 0x00, 0x00, 0x00, 0x00, 0x00, 0x00, 0x00, 0x00, 0x00, 0x00, 0x00, 
    0x00, 0x00, 0x00, 0x00, 0x00, 0x00, 0x00, 0x00, 0x00, 0x00, 0x00, 0x00, 
    0x00, 0x00, 0x00, 0x00, 0x00, 0x00, 0x00, 0x00, 0x00, 0x00, 0x00, 0x00, 
    0xfe, 0x0e, 0xb8, 0xfe, 0x4f, 0xfe, 0xfe, 0x0e, 0xfd, 0xfe, 0x0e, 0xff, 
    0xfe, 0x0e, 0xff, 0xfe, 0x0e, 0xff, 0xfe, 0x0e, 0xff, 0xfe, 0x0e, 0xff, 
    0xfe, 0x0e, 0xff, 0xfe, 0x0e, 0xff, 0xfe, 0x0e, 0xff, 0xfe, 0x0e, 0xff, 
    0xfe, 0x0e, 0xfe, 0xfe, 0x0e, 0xfe, 0xfd, 0xee, 0x2e, 0x00, 0x00, 0x00, 
    0xff, 0xef, 0x02, 0x00, 0x00, 0x00, 0x00, 0x00, 0x00, 0x00, 0x00, 0x00, 
    0x00, 0x00, 0x00, 0x00, 0x00, 0x00, 0x00, 0x00, 0x00, 0x00, 0x00, 0x00, 
    0x00, 0x00, 0x00, 0x00, 0x00, 0x00, 0x00, 0x00, 0x00, 0xfb, 0xe0, 0x02, 
    0xff, 0xe0, 0x01, 0xf4, 0xe3, 0x1a, 0xf4, 0xe4, 0xef, 0xf4, 0xe3, 0xfd, 
    0xf4, 0xc3, 0xfe, 0xf4, 0xe3, 0xff, 0xf4, 0xe3, 0xff, 0xf4, 0xe3, 0xff, 
    0xf4, 0xe3, 0xff, 0xf4, 0xe3, 0xff, 0xf4, 0xe3, 0xff, 0xf4, 0xe3, 0xff, 
    0xf4, 0xe3, 0xff, 0xf4, 0xe3, 0xff, 0xf4, 0xe3, 0xff, 0xf4, 0xe3, 0xff, 
    0xf4, 0xe3, 0xff, 0xf4, 0xe3, 0xff, 0xf4, 0xe3, 0xff, 0xf4, 0xe3, 0xff, 
    0xf4, 0xe3, 0xff, 0xf4, 0xe3, 0xff, 0xf4, 0xe3, 0xff, 0xf4, 0xe3, 0xff, 
    0xf4, 0xe3, 0xfd, 0xfd, 0x04, 0xff, 0xf4, 0xe3, 0x9a, 0xf4, 0xc3, 0x33, 
    0xec, 0xc4, 0x1e, 0xf4, 0xe3, 0x4a, 0xf4, 0xe4, 0xbf, 0xfd, 0x24, 0xff, 
    0xf4, 0xe3, 0xfc, 0xf4, 0xe3, 0xff, 0xf4, 0xe3, 0xff, 0xf4, 0xe3, 0xff, 
    0xf4, 0xe3, 0xff, 0xf4, 0xe4, 0xff, 0xf4, 0xa2, 0xff, 0xf5, 0xab, 0xff, 
    0xff, 0xff, 0xff, 0xff, 0xff, 0xff, 0xff, 0xff, 0xff, 0xff, 0xff, 0xff, 
    0xff, 0xff, 0xff, 0xf5, 0x48, 0xff, 0xf4, 0xc2, 0xff, 0xf4, 0xe4, 0xff, 
    0xf4, 0xe3, 0xff, 0xf4, 0xe3, 0xff, 0xf4, 0xe3, 0xff, 0xf4, 0xe3, 0xff, 
    0xf4, 0xe3, 0xff, 0xf4, 0xe3, 0xff, 0xf4, 0xe3, 0xff, 0xf4, 0xe3, 0xff, 
    0xf4, 0xe3, 0xff, 0xf4, 0xe3, 0xff, 0xf4, 0xe3, 0xff, 0xf4, 0xe3, 0xff, 
    0xf4, 0xe3, 0xff, 0xf4, 0xe3, 0xff, 0xf4, 0xe3, 0xff, 0xf4, 0xe3, 0xff, 
    0xf4, 0xe3, 0xff, 0xf4, 0xe3, 0xff, 0xf4, 0xe3, 0xff, 0xf4, 0xe3, 0xff, 
    0xf4, 0xe3, 0xff, 0xf4, 0xc3, 0xfc, 0xfd, 0x24, 0xff, 0xf4, 0xc3, 0x66, 
    0x00, 0x00, 0x00, 0xfb, 0xe0, 0x04, 0x00, 0x00, 0x00, 0x00, 0x00, 0x00, 
    0x00, 0x00, 0x00, 0x00, 0x00, 0x00, 0x00, 0x00, 0x00, 0x00, 0x00, 0x00, 
    0x00, 0x00, 0x00, 0x00, 0x00, 0x00, 0x00, 0x00, 0x00, 0x00, 0x00, 0x00, 
    0x00, 0x00, 0x00, 0x00, 0x00, 0x00, 0x00, 0x00, 0x00, 0x00, 0x00, 0x00, 
    0x00, 0x00, 0x00, 0x00, 0x00, 0x00, 0x00, 0x00, 0x00, 0x00, 0x00, 0x00, 
    0x00, 0x00, 0x00, 0x00, 0x00, 0x00, 0x00, 0x00, 0x00, 0x00, 0x00, 0x00, 
    0x00, 0x00, 0x00, 0x00, 0x00, 0x00, 0x00, 0x00, 0x00, 0x00, 0x00, 0x00, 
    0x00, 0x00, 0x00, 0x00, 0x00, 0x00, 0x00, 0x00, 0x00, 0x00, 0x00, 0x00, 
    0x00, 0x00, 0x00, 0x00, 0x00, 0x00, 0x00, 0x00, 0x00, 0x00, 0x00, 0x00, 
    0x00, 0x00, 0x00, 0x00, 0x00, 0x00, 0x00, 0x00, 0x00, 0x00, 0x00, 0x00, 
    0xfe, 0x0e, 0xec, 0xfe, 0x0e, 0xff, 0xfe, 0x0e, 0xfe, 0xfe, 0x0e, 0xff, 
    0xfe, 0x0e, 0xff, 0xfe, 0x0e, 0xff, 0xfe, 0x0e, 0xff, 0xfe, 0x0e, 0xff, 
    0xfe, 0x0e, 0xff, 0xfe, 0x0e, 0xff, 0xfe, 0x0e, 0xff, 0xfe, 0x0e, 0xff, 
    0xfe, 0x0e, 0xfb, 0xfe, 0x6f, 0xff, 0xfe, 0x0e, 0x64, 0x00, 0x00, 0x00, 
    0xfd, 0xef, 0x04, 0x00, 0x00, 0x00, 0x00, 0x00, 0x00, 0x00, 0x00, 0x00, 
    0x00, 0x00, 0x00, 0x00, 0x00, 0x00, 0x00, 0x00, 0x00, 0x00, 0x00, 0x00, 
    0x00, 0x00, 0x00, 0x00, 0x00, 0x00, 0x00, 0x00, 0x00, 0x00, 0x00, 0x00, 
    0xfd, 0x40, 0x03, 0x00, 0x00, 0x00, 0xf4, 0xc3, 0x64, 0xfd, 0x24, 0xff, 
    0xf4, 0xc3, 0xfb, 0xf4, 0xe3, 0xff, 0xf4, 0xe3, 0xff, 0xf4, 0xe3, 0xff, 
    0xf4, 0xe3, 0xff, 0xf4, 0xe3, 0xff, 0xf4, 0xe3, 0xff, 0xf4, 0xe3, 0xff, 
    0xf4, 0xe3, 0xff, 0xf4, 0xe3, 0xff, 0xf4, 0xe3, 0xff, 0xf4, 0xe3, 0xff, 
    0xf4, 0xe3, 0xff, 0xf4, 0xe3, 0xff, 0xf4, 0xe3, 0xff, 0xf4, 0xe3, 0xff, 
    0xf4, 0xe3, 0xff, 0xf4, 0xe3, 0xff, 0xf4, 0xe3, 0xff, 0xf4, 0xe3, 0xff, 
    0xf4, 0xe3, 0xff, 0xf4, 0xc3, 0xfe, 0xfd, 0x24, 0xff, 0xf4, 0xe3, 0xff, 
    0xf4, 0xc3, 0xf7, 0xfd, 0x04, 0xff, 0xfd, 0x24, 0xff, 0xf4, 0xc3, 0xfc, 
    0xf4, 0xe3, 0xff, 0xf4, 0xe3, 0xff, 0xf4, 0xe3, 0xff, 0xf4, 0xe3, 0xff, 
    0xf4, 0xe4, 0xff, 0xf4, 0xe3, 0xff, 0xf4, 0xe4, 0xff, 0xff, 0x7b, 0xff, 
    0xff, 0xff, 0xff, 0xff, 0xff, 0xff, 0xff, 0xff, 0xff, 0xff, 0xff, 0xff, 
    0xf6, 0x96, 0xff, 0xe3, 0xc3, 0xff, 0xec, 0x44, 0xff, 0xf4, 0xa4, 0xff, 
    0xf4, 0xe3, 0xff, 0xf4, 0xe3, 0xff, 0xf4, 0xe3, 0xff, 0xf4, 0xe3, 0xff, 
    0xf4, 0xe3, 0xff, 0xf4, 0xe3, 0xff, 0xf4, 0xe3, 0xff, 0xf4, 0xe3, 0xff, 
    0xf4, 0xe3, 0xff, 0xf4, 0xe3, 0xff, 0xf4, 0xe3, 0xff, 0xf4, 0xe3, 0xff, 
    0xf4, 0xe3, 0xff, 0xf4, 0xe3, 0xff, 0xf4, 0xe3, 0xff, 0xf4, 0xe3, 0xff, 
    0xf4, 0xe3, 0xff, 0xf4, 0xe3, 0xff, 0xf4, 0xe3, 0xff, 0xf4, 0xe3, 0xff, 
    0xf4, 0xe3, 0xfc, 0xfd, 0x04, 0xfe, 0xf4, 0xc3, 0xd2, 0xfd, 0xe0, 0x04, 
    0xff, 0xe0, 0x02, 0xff, 0xe0, 0x01, 0x00, 0x00, 0x00, 0x00, 0x00, 0x00, 
    0x00, 0x00, 0x00, 0x00, 0x00, 0x00, 0x00, 0x00, 0x00, 0x00, 0x00, 0x00, 
    0x00, 0x00, 0x00, 0x00, 0x00, 0x00, 0x00, 0x00, 0x00, 0x00, 0x00, 0x00, 
    0x00, 0x00, 0x00, 0x00, 0x00, 0x00, 0x00, 0x00, 0x00, 0x00, 0x00, 0x00, 
    0x00, 0x00, 0x00, 0x00, 0x00, 0x00, 0x00, 0x00, 0x00, 0x00, 0x00, 0x00, 
    0x00, 0x00, 0x00, 0x00, 0x00, 0x00, 0x00, 0x00, 0x00, 0x00, 0x00, 0x00, 
    0x00, 0x00, 0x00, 0x00, 0x00, 0x00, 0x00, 0x00, 0x00, 0x00, 0x00, 0x00, 
    0x00, 0x00, 0x00, 0x00, 0x00, 0x00, 0x00, 0x00, 0x00, 0x00, 0x00, 0x00, 
    0x00, 0x00, 0x00, 0x00, 0x00, 0x00, 0x00, 0x00, 0x00, 0x00, 0x00, 0x00, 
    0x00, 0x00, 0x00, 0x00, 0x00, 0x00, 0x00, 0x00, 0x00, 0x00, 0x00, 0x00, 
    0xfe, 0x0e, 0xfd, 0xfe, 0x0e, 0xff, 0xfe, 0x0e, 0xff, 0xfe, 0x0e, 0xff, 
    0xfe, 0x0e, 0xff, 0xfe, 0x0e, 0xff, 0xfe, 0x0e, 0xff, 0xfe, 0x0e, 0xff, 
    0xfe, 0x0e, 0xff, 0xfe, 0x0e, 0xff, 0xfe, 0x0e, 0xff, 0xfe, 0x0e, 0xff, 
    0xfe, 0x0e, 0xfb, 0xfe, 0x6f, 0xff, 0xfe, 0x0e, 0x79, 0x00, 0x00, 0x00, 
    0xfd, 0xef, 0x04, 0x00, 0x00, 0x00, 0x00, 0x00, 0x00, 0x00, 0x00, 0x00, 
    0x00, 0x00, 0x00, 0x00, 0x00, 0x00, 0x00, 0x00, 0x00, 0x00, 0x00, 0x00, 
    0x00, 0x00, 0x00, 0x00, 0x00, 0x00, 0x00, 0x00, 0x00, 0x00, 0x00, 0x00, 
    0x00, 0x00, 0x00, 0xbb, 0xe0, 0x04, 0x00, 0x00, 0x00, 0xf4, 0xc3, 0xad, 
    0xfd, 0x24, 0xff, 0xf4, 0xc3, 0xfb, 0xf4, 0xe3, 0xff, 0xf4, 0xe3, 0xff, 
    0xf4, 0xe3, 0xff, 0xf4, 0xe3, 0xff, 0xf4, 0xe3, 0xff, 0xf4, 0xe3, 0xff, 
    0xf4, 0xe3, 0xff, 0xf4, 0xe3, 0xff, 0xf4, 0xe3, 0xff, 0xf4, 0xe3, 0xff, 
    0xf4, 0xe3, 0xff, 0xf4, 0xe3, 0xff, 0xf4, 0xe3, 0xff, 0xf4, 0xe3, 0xff, 
    0xf4, 0xe3, 0xff, 0xf4, 0xe3, 0xff, 0xf4, 0xe3, 0xff, 0xf4, 0xe3, 0xff, 
    0xf4, 0xe3, 0xff, 0xf4, 0xe3, 0xff, 0xf4, 0xc3, 0xfc, 0xf4, 0xe3, 0xff, 
    0xf4, 0xe3, 0xff, 0xf4, 0xe3, 0xfd, 0xf4, 0xc3, 0xfc, 0xf4, 0xe3, 0xff, 
    0xf4, 0xe3, 0xff, 0xf4, 0xe3, 0xff, 0xf4, 0xe3, 0xff, 0xf4, 0xe3, 0xff, 
    0xf4, 0xe4, 0xff, 0xf4, 0xa1, 0xff, 0xfe, 0xb4, 0xff, 0xff, 0xff, 0xff, 
    0xff, 0xff, 0xff, 0xff, 0xff, 0xff, 0xff, 0xff, 0xff, 0xff, 0xff, 0xff, 
    0xec, 0xa9, 0xff, 0xe3, 0xc3, 0xff, 0xe3, 0xe4, 0xff, 0xe3, 0xe4, 0xff, 
    0xec, 0x24, 0xff, 0xec, 0x84, 0xff, 0xf4, 0xa4, 0xff, 0xf4, 0xc3, 0xff, 
    0xf4, 0xe3, 0xff, 0xf4, 0xe3, 0xff, 0xf4, 0xe3, 0xff, 0xf4, 0xe3, 0xff, 
    0xf4, 0xe3, 0xff, 0xf4, 0xe3, 0xff, 0xf4, 0xe3, 0xff, 0xf4, 0xe3, 0xff, 
    0xf4, 0xe3, 0xff, 0xf4, 0xe3, 0xff, 0xf4, 0xe3, 0xff, 0xf4, 0xe3, 0xff, 
    0xf4, 0xe3, 0xff, 0xf4, 0xe3, 0xff, 0xf4, 0xe3, 0xff, 0xf4, 0xe3, 0xff, 
    0xf4, 0xc3, 0xfc, 0xfd, 0x24, 0xff, 0xf4, 0xe4, 0x56, 0x00, 0x00, 0x00, 
    0xfb, 0xe0, 0x04, 0x00, 0x00, 0x00, 0x00, 0x00, 0x00, 0x00, 0x00, 0x00, 
    0x00, 0x00, 0x00, 0x00, 0x00, 0x00, 0x00, 0x00, 0x00, 0x00, 0x00, 0x00, 
    0x00, 0x00, 0x00, 0x00, 0x00, 0x00, 0x00, 0x00, 0x00, 0x00, 0x00, 0x00, 
    0x00, 0x00, 0x00, 0x00, 0x00, 0x00, 0x00, 0x00, 0x00, 0x00, 0x00, 0x00, 
    0x00, 0x00, 0x00, 0x00, 0x00, 0x00, 0x00, 0x00, 0x00, 0x00, 0x00, 0x00, 
    0x00, 0x00, 0x00, 0x00, 0x00, 0x00, 0x00, 0x00, 0x00, 0x00, 0x00, 0x00, 
    0x00, 0x00, 0x00, 0x00, 0x00, 0x00, 0x00, 0x00, 0x00, 0x00, 0x00, 0x00, 
    0x00, 0x00, 0x00, 0x00, 0x00, 0x00, 0x00, 0x00, 0x00, 0x00, 0x00, 0x00, 
    0x00, 0x00, 0x00, 0x00, 0x00, 0x00, 0x00, 0x00, 0x00, 0x00, 0x00, 0x00, 
    0x00, 0x00, 0x00, 0x00, 0x00, 0x00, 0x00, 0x00, 0x00, 0x00, 0x00, 0x00, 
    0xfe, 0x0e, 0xf3, 0xfe, 0x0e, 0xff, 0xfe, 0x0e, 0xff, 0xfe, 0x0e, 0xff, 
    0xfe, 0x0e, 0xff, 0xfe, 0x0e, 0xff, 0xfe, 0x0e, 0xff, 0xfe, 0x0e, 0xff, 
    0xfe, 0x0e, 0xff, 0xfe, 0x0e, 0xff, 0xfe, 0x0e, 0xff, 0xfe, 0x0e, 0xff, 
    0xfe, 0x0e, 0xfb, 0xfe, 0x6f, 0xfe, 0xfd, 0xee, 0x6d, 0x00, 0x00, 0x00, 
    0xfd, 0xef, 0x04, 0x00, 0x00, 0x00, 0x00, 0x00, 0x00, 0x00, 0x00, 0x00, 
    0x00, 0x00, 0x00, 0x00, 0x00, 0x00, 0x00, 0x00, 0x00, 0x00, 0x00, 0x00, 
    0x00, 0x00, 0x00, 0x00, 0x00, 0x00, 0x00, 0x00, 0x00, 0x00, 0x00, 0x00, 
    0x00, 0x00, 0x00, 0x7b, 0xe0, 0x02, 0xfb, 0xe0, 0x02, 0xf4, 0xa3, 0x11, 
    0xf4, 0xe3, 0xda, 0xfd, 0x04, 0xff, 0xf4, 0xc3, 0xfc, 0xf4, 0xe3, 0xff, 
    0xf4, 0xe3, 0xff, 0xf4, 0xe3, 0xff, 0xf4, 0xe3, 0xff, 0xf4, 0xe3, 0xff, 
    0xf4, 0xe3, 0xff, 0xf4, 0xe3, 0xff, 0xf4, 0xe3, 0xff, 0xf4, 0xe3, 0xff, 
    0xf4, 0xe3, 0xff, 0xf4, 0xe3, 0xff, 0xf4, 0xe3, 0xff, 0xf4, 0xe3, 0xff, 
    0xf4, 0xe3, 0xff, 0xf4, 0xe3, 0xff, 0xf4, 0xe3, 0xff, 0xf4, 0xe3, 0xff, 
    0xf4, 0xe3, 0xff, 0xf4, 0xe3, 0xff, 0xf4, 0xe3, 0xff, 0xf4, 0xe3, 0xff, 
    0xf4, 0xe3, 0xfe, 0xf4, 0xe3, 0xff, 0xf4, 0xe3, 0xff, 0xf4, 0xe3, 0xff, 
    0xf4, 0xe3, 0xff, 0xf4, 0xe3, 0xff, 0xf4, 0xe4, 0xff, 0xf4, 0xe4, 0xff, 
    0xf4, 0xa1, 0xff, 0xfe, 0x30, 0xff, 0xff, 0xff, 0xff, 0xff, 0xff, 0xff, 
    0xff, 0xff, 0xff, 0xff, 0xff, 0xff, 0xff, 0xff, 0xff, 0xf6, 0x34, 0xff, 
    0xe3, 0xa2, 0xff, 0xe4, 0x05, 0xff, 0xe3, 0xe4, 0xff, 0xe3, 0xe4, 0xff, 
    0xe3, 0xe4, 0xff, 0xe3, 0xe4, 0xff, 0xe3, 0xe4, 0xff, 0xe4, 0x04, 0xff, 
    0xe4, 0x04, 0xff, 0xe4, 0x04, 0xff, 0xe4, 0x04, 0xff, 0xe4, 0x04, 0xff, 
    0xec, 0x44, 0xff, 0xf4, 0xc3, 0xff, 0xf4, 0xe3, 0xff, 0xf4, 0xe3, 0xff, 
    0xf4, 0xe3, 0xff, 0xf4, 0xe3, 0xff, 0xf4, 0xe3, 0xff, 0xf4, 0xe3, 0xff, 
    0xf4, 0xe3, 0xff, 0xf4, 0xe3, 0xff, 0xf4, 0xe3, 0xff, 0xf4, 0xe3, 0xfd, 
    0xfd, 0x04, 0xff, 0xf4, 0xc3, 0xd8, 0xfc, 0xc6, 0x05, 0xff, 0xe0, 0x01, 
    0xf8, 0x00, 0x01, 0x00, 0x00, 0x00, 0x00, 0x00, 0x00, 0x00, 0x00, 0x00, 
    0x00, 0x00, 0x00, 0x00, 0x00, 0x00, 0x00, 0x00, 0x00, 0x00, 0x00, 0x00, 
    0x00, 0x00, 0x00, 0x00, 0x00, 0x00, 0x00, 0x00, 0x00, 0x00, 0x00, 0x00, 
    0x00, 0x00, 0x00, 0x00, 0x00, 0x00, 0x00, 0x00, 0x00, 0x00, 0x00, 0x00, 
    0x00, 0x00, 0x00, 0x00, 0x00, 0x00, 0x00, 0x00, 0x00, 0x00, 0x00, 0x00, 
    0x00, 0x00, 0x00, 0x00, 0x00, 0x00, 0x00, 0x00, 0x00, 0x00, 0x00, 0x00, 
    0x00, 0x00, 0x00, 0x00, 0x00, 0x00, 0x00, 0x00, 0x00, 0x00, 0x00, 0x00, 
    0x00, 0x00, 0x00, 0x00, 0x00, 0x00, 0x00, 0x00, 0x00, 0x00, 0x00, 0x00, 
    0x00, 0x00, 0x00, 0x00, 0x00, 0x00, 0x00, 0x00, 0x00, 0x00, 0x00, 0x00, 
    0x00, 0x00, 0x00, 0x00, 0x00, 0x00, 0x00, 0x00, 0x00, 0x00, 0x00, 0x00, 
    0xfe, 0x0e, 0xc9, 0xfe, 0x4f, 0xfe, 0xfe, 0x0e, 0xfd, 0xfe, 0x0e, 0xff, 
    0xfe, 0x0e, 0xff, 0xfe, 0x0e, 0xff, 0xfe, 0x0e, 0xff, 0xfe, 0x0e, 0xff, 
    0xfe, 0x0e, 0xff, 0xfe, 0x0e, 0xff, 0xfe, 0x0e, 0xff, 0xfe, 0x0e, 0xff, 
    0xfe, 0x0e, 0xfd, 0xfe, 0x2f, 0xff, 0xfe, 0x0e, 0x3d, 0x00, 0x00, 0x00, 
    0xfd, 0x4a, 0x03, 0x00, 0x00, 0x00, 0x00, 0x00, 0x00, 0x00, 0x00, 0x00, 
    0x00, 0x00, 0x00, 0x00, 0x00, 0x00, 0x00, 0x00, 0x00, 0x00, 0x00, 0x00, 
    0x00, 0x00, 0x00, 0x00, 0x00, 0x00, 0x00, 0x00, 0x00, 0x00, 0x00, 0x00, 
    0x00, 0x00, 0x00, 0x00, 0x00, 0x00, 0xff, 0xe0, 0x02, 0x00, 0x00, 0x00, 
    0xec, 0xc3, 0x2b, 0xfd, 0x04, 0xee, 0xf5, 0x04, 0xff, 0xf4, 0xc3, 0xfd, 
    0xf4, 0xe3, 0xff, 0xf4, 0xe3, 0xff, 0xf4, 0xe3, 0xff, 0xf4, 0xe3, 0xff, 
    0xf4, 0xe3, 0xff, 0xf4, 0xe3, 0xff, 0xf4, 0xe3, 0xff, 0xf4, 0xe3, 0xff, 
    0xf4, 0xe3, 0xff, 0xf4, 0xe3, 0xff, 0xf4, 0xe3, 0xff, 0xf4, 0xe3, 0xff, 
    0xf4, 0xe3, 0xff, 0xf4, 0xe3, 0xff, 0xf4, 0xe3, 0xff, 0xf4, 0xe3, 0xff, 
    0xf4, 0xe3, 0xff, 0xf4, 0xe3, 0xff, 0xf4, 0xe3, 0xff, 0xf4, 0xe3, 0xff, 
    0xf4, 0xe3, 0xff, 0xf4, 0xe3, 0xff, 0xf4, 0xe3, 0xff, 0xf4, 0xe3, 0xff, 
    0xf4, 0xe3, 0xff, 0xf4, 0xe4, 0xff, 0xf4, 0xe4, 0xff, 0xf4, 0xa1, 0xff, 
    0xfe, 0x2f, 0xff, 0xff, 0xff, 0xff, 0xff, 0xff, 0xff, 0xff, 0xff, 0xff, 
    0xff, 0xff, 0xff, 0xff, 0xff, 0xff, 0xff, 0x7c, 0xff, 0xe4, 0x05, 0xff, 
    0xe3, 0xe4, 0xff, 0xe3, 0xe4, 0xff, 0xe3, 0xe4, 0xff, 0xe3, 0xe4, 0xff, 
    0xe3, 0xe4, 0xff, 0xe3, 0xe4, 0xff, 0xe3, 0xe4, 0xff, 0xe3, 0xe4, 0xff, 
    0xe3, 0xe4, 0xff, 0xe3, 0xe4, 0xff, 0xe3, 0xe4, 0xff, 0xe3, 0xe4, 0xff, 
    0xe3, 0xc4, 0xff, 0xe4, 0x04, 0xff, 0xf4, 0xc4, 0xff, 0xf4, 0xe3, 0xff, 
    0xf4, 0xe3, 0xff, 0xf4, 0xe3, 0xff, 0xf4, 0xe3, 0xff, 0xf4, 0xe3, 0xff, 
    0xf4, 0xe3, 0xff, 0xf4, 0xe3, 0xff, 0xf4, 0xe3, 0xff, 0xf4, 0xe3, 0xfb, 
    0xfd, 0x24, 0xff, 0xf4, 0xe3, 0x78, 0x00, 0x00, 0x00, 0xfb, 0xe0, 0x04, 
    0x00, 0x00, 0x00, 0x00, 0x00, 0x00, 0x00, 0x00, 0x00, 0x00, 0x00, 0x00, 
    0x00, 0x00, 0x00, 0x00, 0x00, 0x00, 0x00, 0x00, 0x00, 0x00, 0x00, 0x00, 
    0x00, 0x00, 0x00, 0x00, 0x00, 0x00, 0x00, 0x00, 0x00, 0x00, 0x00, 0x00, 
    0x00, 0x00, 0x00, 0x00, 0x00, 0x00, 0x00, 0x00, 0x00, 0x00, 0x00, 0x00, 
    0x00, 0x00, 0x00, 0x00, 0x00, 0x00, 0x00, 0x00, 0x00, 0x00, 0x00, 0x00, 
    0x00, 0x00, 0x00, 0x00, 0x00, 0x00, 0x00, 0x00, 0x00, 0x00, 0x00, 0x00, 
    0x00, 0x00, 0x00, 0x00, 0x00, 0x00, 0x00, 0x00, 0x00, 0x00, 0x00, 0x00, 
    0x00, 0x00, 0x00, 0x00, 0x00, 0x00, 0x00, 0x00, 0x00, 0x00, 0x00, 0x00, 
    0x00, 0x00, 0x00, 0x00, 0x00, 0x00, 0x00, 0x00, 0x00, 0x00, 0x00, 0x00, 
    0x00, 0x00, 0x00, 0x00, 0x00, 0x00, 0x00, 0x00, 0x00, 0x00, 0x00, 0x00, 
    0xfe, 0x0e, 0x6b, 0xfe, 0x6f, 0xff, 0xfe, 0x0e, 0xfc, 0xfe, 0x0e, 0xff, 
    0xfe, 0x0e, 0xff, 0xfe, 0x0e, 0xff, 0xfe, 0x0e, 0xff, 0xfe, 0x0e, 0xff, 
    0xfe, 0x0e, 0xff, 0xfe, 0x0e, 0xff, 0xfe, 0x0e, 0xff, 0xfe, 0x0e, 0xfc, 
    0xfe, 0x4f, 0xfe, 0xfe, 0x0e, 0xd9, 0xfd, 0xad, 0x07, 0xff, 0xe0, 0x01, 
    0xff, 0xe0, 0x01, 0x00, 0x00, 0x00, 0x00, 0x00, 0x00, 0x00, 0x00, 0x00, 
    0x00, 0x00, 0x00, 0x00, 0x00, 0x00, 0x00, 0x00, 0x00, 0x00, 0x00, 0x00, 
    0x00, 0x00, 0x00, 0x00, 0x00, 0x00, 0x00, 0x00, 0x00, 0x00, 0x00, 0x00, 
    0x00, 0x00, 0x00, 0x00, 0x00, 0x00, 0x00, 0x00, 0x00, 0xfd, 0x40, 0x03, 
    0x00, 0x00, 0x00, 0xec, 0xc3, 0x41, 0xfd, 0x04, 0xf7, 0xf4, 0xe4, 0xff, 
    0xf4, 0xc3, 0xfd, 0xf4, 0xe3, 0xff, 0xf4, 0xe3, 0xff, 0xf4, 0xe3, 0xff, 
    0xf4, 0xe3, 0xff, 0xf4, 0xe3, 0xff, 0xf4, 0xe3, 0xff, 0xf4, 0xe3, 0xff, 
    0xf4, 0xe3, 0xff, 0xf4, 0xe3, 0xff, 0xf4, 0xe3, 0xff, 0xf4, 0xe3, 0xff, 
    0xf4, 0xe3, 0xff, 0xf4, 0xe3, 0xff, 0xf4, 0xe4, 0xff, 0xf4, 0xe4, 0xff, 
    0xf4, 0xe4, 0xff, 0xf4, 0xe4, 0xff, 0xf4, 0xe4, 0xff, 0xf4, 0xe3, 0xff, 
    0xf4, 0xe3, 0xff, 0xf4, 0xe4, 0xff, 0xf4, 0xe4, 0xff, 0xf4, 0xe4, 0xff, 
    0xf4, 0xe4, 0xff, 0xf4, 0xc2, 0xff, 0xf4, 0xc3, 0xff, 0xfe, 0x92, 0xff, 
    0xff, 0xff, 0xff, 0xff, 0xff, 0xff, 0xff, 0xff, 0xff, 0xff, 0xff, 0xff, 
    0xff, 0xff, 0xff, 0xff, 0xff, 0xff, 0xec, 0xca, 0xff, 0xe3, 0xc3, 0xff, 
    0xe4, 0x05, 0xff, 0xe3, 0xe4, 0xff, 0xe3, 0xe4, 0xff, 0xe3, 0xe4, 0xff, 
    0xe3, 0xe4, 0xff, 0xe3, 0xe4, 0xff, 0xe3, 0xe4, 0xff, 0xe3, 0xe4, 0xff, 
    0xe3, 0xe4, 0xff, 0xe3, 0xe4, 0xff, 0xe3, 0xe4, 0xff, 0xe3, 0xe4, 0xff, 
    0xe3, 0xe4, 0xff, 0xe3, 0xc4, 0xff, 0xec, 0x44, 0xff, 0xf4, 0xe3, 0xff, 
    0xf4, 0xe3, 0xff, 0xf4, 0xe3, 0xff, 0xf4, 0xe3, 0xff, 0xf4, 0xe3, 0xff, 
    0xf4, 0xe3, 0xff, 0xf4, 0xe3, 0xff, 0xf4, 0xe3, 0xfe, 0xf4, 0xe3, 0xff, 
    0xf4, 0xe3, 0xfb, 0xfd, 0x04, 0x26, 0x00, 0x00, 0x00, 0xfb, 0xe0, 0x02, 
    0x00, 0x00, 0x00, 0x00, 0x00, 0x00, 0x00, 0x00, 0x00, 0x00, 0x00, 0x00, 
    0x00, 0x00, 0x00, 0x00, 0x00, 0x00, 0x00, 0x00, 0x00, 0x00, 0x00, 0x00, 
    0x00, 0x00, 0x00, 0x00, 0x00, 0x00, 0x00, 0x00, 0x00, 0x00, 0x00, 0x00, 
    0x00, 0x00, 0x00, 0x00, 0x00, 0x00, 0x00, 0x00, 0x00, 0x00, 0x00, 0x00, 
    0x00, 0x00, 0x00, 0x00, 0x00, 0x00, 0x00, 0x00, 0x00, 0x00, 0x00, 0x00, 
    0x00, 0x00, 0x00, 0x00, 0x00, 0x00, 0x00, 0x00, 0x00, 0x00, 0x00, 0x00, 
    0x00, 0x00, 0x00, 0x00, 0x00, 0x00, 0x00, 0x00, 0x00, 0x00, 0x00, 0x00, 
    0x00, 0x00, 0x00, 0x00, 0x00, 0x00, 0x00, 0x00, 0x00, 0x00, 0x00, 0x00, 
    0x00, 0x00, 0x00, 0x00, 0x00, 0x00, 0x00, 0x00, 0x00, 0x00, 0x00, 0x00, 
    0x00, 0x00, 0x00, 0x00, 0x00, 0x00, 0x00, 0x00, 0x00, 0x00, 0x00, 0x00, 
    0xe6, 0x2e, 0x09, 0xfe, 0x0e, 0xcf, 0xfe, 0x6f, 0xff, 0xfd, 0xee, 0xfa, 
    0xfe, 0x0e, 0xff, 0xfe, 0x0e, 0xff, 0xfe, 0x0e, 0xff, 0xfe, 0x0e, 0xff, 
    0xfe, 0x0e, 0xff, 0xfe, 0x0e, 0xff, 0xfe, 0x0e, 0xfe, 0xfe, 0x0e, 0xfa, 
    0xfe, 0x6f, 0xff, 0xfe, 0x0e, 0x56, 0x00, 0x00, 0x00, 0xff, 0xf5, 0x03, 
    0x00, 0x00, 0x00, 0x00, 0x00, 0x00, 0x00, 0x00, 0x00, 0x00, 0x00, 0x00, 
    0x00, 0x00, 0x00, 0x00, 0x00, 0x00, 0x00, 0x00, 0x00, 0x00, 0x00, 0x00, 
    0x00, 0x00, 0x00, 0x00, 0x00, 0x00, 0x00, 0x00, 0x00, 0x00, 0x00, 0x00, 
    0x00, 0x00, 0x00, 0x00, 0x00, 0x00, 0x00, 0x00, 0x00, 0x00, 0x00, 0x00, 
    0xfb, 0xe0, 0x04, 0x00, 0x00, 0x00, 0xec, 0xa3, 0x4a, 0xfd, 0x03, 0xf9, 
    0xf4, 0xe4, 0xfe, 0xf4, 0xc3, 0xfd, 0xf4, 0xe3, 0xff, 0xf4, 0xe3, 0xff, 
    0xf4, 0xe3, 0xff, 0xf4, 0xe3, 0xff, 0xf4, 0xe3, 0xff, 0xf4, 0xe3, 0xff, 
    0xf4, 0xe3, 0xff, 0xf4, 0xe3, 0xff, 0xf4, 0xe3, 0xff, 0xf4, 0xe3, 0xff, 
    0xf4, 0xe3, 0xff, 0xf4, 0xe4, 0xff, 0xf4, 0xc3, 0xff, 0xf4, 0xa1, 0xff, 
    0xf4, 0xa1, 0xff, 0xf4, 0xc2, 0xff, 0xf4, 0xc3, 0xff, 0xf4, 0xe3, 0xff, 
    0xf4, 0xe3, 0xff, 0xf4, 0xe3, 0xff, 0xf4, 0xc3, 0xff, 0xf4, 0xa2, 0xff, 
    0xf4, 0xa2, 0xff, 0xf5, 0x68, 0xff, 0xff, 0x38, 0xff, 0xff, 0xff, 0xff, 
    0xff, 0xff, 0xff, 0xff, 0xff, 0xff, 0xff, 0xff, 0xff, 0xff, 0xff, 0xff, 
    0xff, 0xff, 0xff, 0xed, 0x6e, 0xff, 0xe3, 0xa2, 0xff, 0xe4, 0x05, 0xff, 
    0xe3, 0xe4, 0xff, 0xe3, 0xe4, 0xff, 0xe3, 0xe4, 0xff, 0xe3, 0xe4, 0xff, 
    0xe3, 0xe4, 0xff, 0xe3, 0xe4, 0xff, 0xe3, 0xe4, 0xff, 0xe3, 0xe4, 0xff, 
    0xe3, 0xe4, 0xff, 0xe3, 0xe4, 0xff, 0xe3, 0xe4, 0xff, 0xe3, 0xe4, 0xff, 
    0xe3, 0xe4, 0xff, 0xe3, 0xe4, 0xff, 0xe4, 0x04, 0xff, 0xf4, 0xc3, 0xff, 
    0xf4, 0xe3, 0xff, 0xf4, 0xe3, 0xff, 0xf4, 0xe3, 0xff, 0xf4, 0xe3, 0xff, 
    0xf4, 0xe3, 0xff, 0xf4, 0xe3, 0xff, 0xf4, 0xe3, 0xfd, 0xfd, 0x04, 0xff, 
    0xf4, 0xc3, 0xd0, 0xfb, 0xe0, 0x02, 0xf8, 0x00, 0x01, 0x00, 0x00, 0x00, 
    0x00, 0x00, 0x00, 0x00, 0x00, 0x00, 0x00, 0x00, 0x00, 0x00, 0x00, 0x00, 
    0x00, 0x00, 0x00, 0x00, 0x00, 0x00, 0x00, 0x00, 0x00, 0x00, 0x00, 0x00, 
    0x00, 0x00, 0x00, 0x00, 0x00, 0x00, 0x00, 0x00, 0x00, 0x00, 0x00, 0x00, 
    0x00, 0x00, 0x00, 0x00, 0x00, 0x00, 0x00, 0x00, 0x00, 0x00, 0x00, 0x00, 
    0x00, 0x00, 0x00, 0x00, 0x00, 0x00, 0x00, 0x00, 0x00, 0x00, 0x00, 0x00, 
    0x00, 0x00, 0x00, 0x00, 0x00, 0x00, 0x00, 0x00, 0x00, 0x00, 0x00, 0x00, 
    0x00, 0x00, 0x00, 0x00, 0x00, 0x00, 0x00, 0x00, 0x00, 0x00, 0x00, 0x00, 
    0x00, 0x00, 0x00, 0x00, 0x00, 0x00, 0x00, 0x00, 0x00, 0x00, 0x00, 0x00, 
    0x00, 0x00, 0x00, 0x00, 0x00, 0x00, 0x00, 0x00, 0x00, 0x00, 0x00, 0x00, 
    0x00, 0x00, 0x00, 0x00, 0x00, 0x00, 0x00, 0x00, 0x00, 0x00, 0x00, 0x00, 
    0x00, 0x00, 0x00, 0xfe, 0x0e, 0x2b, 0xfe, 0x2f, 0xea, 0xfe, 0x6f, 0xff, 
    0xfe, 0x0e, 0xfb, 0xfe, 0x0e, 0xfb, 0xfe, 0x0e, 0xfd, 0xfe, 0x0e, 0xfd, 
    0xfe, 0x0e, 0xfc, 0xfe, 0x0e, 0xfb, 0xfe, 0x0e, 0xff, 0xfe, 0x90, 0xff, 
    0xfd, 0xee, 0x8e, 0x00, 0x00, 0x00, 0xfd, 0x4a, 0x03, 0x00, 0x00, 0x00, 
    0x00, 0x00, 0x00, 0x00, 0x00, 0x00, 0x00, 0x00, 0x00, 0x00, 0x00, 0x00, 
    0x00, 0x00, 0x00, 0x00, 0x00, 0x00, 0x00, 0x00, 0x00, 0x00, 0x00, 0x00, 
    0x00, 0x00, 0x00, 0x00, 0x00, 0x00, 0x00, 0x00, 0x00, 0x00, 0x00, 0x00, 
    0x00, 0x00, 0x00, 0x00, 0x00, 0x00, 0x00, 0x00, 0x00, 0x00, 0x00, 0x00, 
    0x00, 0x00, 0x00, 0xfb, 0xe0, 0x04, 0x00, 0x00, 0x00, 0xf4, 0xc3, 0x4c, 
    0xfd, 0x03, 0xfa, 0xf4, 0xe4, 0xff, 0xf4, 0xc3, 0xfd, 0xf4, 0xe3, 0xff, 
    0xf4, 0xe3, 0xff, 0xf4, 0xe3, 0xff, 0xf4, 0xe3, 0xff, 0xf4, 0xe3, 0xff, 
    0xf4, 0xe3, 0xff, 0xf4, 0xe3, 0xff, 0xf4, 0xe3, 0xff, 0xf4, 0xe3, 0xff, 
    0xf4, 0xe4, 0xff, 0xf4, 0xc3, 0xff, 0xf5, 0x26, 0xff, 0xfe, 0x51, 0xff, 
    0xfe, 0x51, 0xff, 0xf5, 0x89, 0xff, 0xf5, 0x05, 0xff, 0xf4, 0xe3, 0xff, 
    0xf4, 0xc3, 0xff, 0xf4, 0xe4, 0xff, 0xf5, 0x26, 0xff, 0xf5, 0xcc, 0xff, 
    0xfe, 0xf6, 0xff, 0xff, 0xff, 0xff, 0xff, 0xff, 0xff, 0xff, 0xff, 0xff, 
    0xff, 0xff, 0xff, 0xff, 0xff, 0xff, 0xff, 0xff, 0xff, 0xff, 0xff, 0xff, 
    0xf5, 0xb0, 0xff, 0xe3, 0xa2, 0xff, 0xe4, 0x05, 0xff, 0xe3, 0xe4, 0xff, 
    0xe3, 0xe4, 0xff, 0xe3, 0xe4, 0xff, 0xe3, 0xe4, 0xff, 0xe3, 0xe4, 0xff, 
    0xe3, 0xe4, 0xff, 0xe3, 0xe4, 0xff, 0xe3, 0xe4, 0xff, 0xe3, 0xe4, 0xff, 
    0xe3, 0xe4, 0xff, 0xe3, 0xe4, 0xff, 0xe3, 0xe4, 0xff, 0xe3, 0xe4, 0xff, 
    0xe3, 0xe4, 0xff, 0xe3, 0xe4, 0xff, 0xe4, 0x04, 0xff, 0xf4, 0xc3, 0xff, 
    0xf4, 0xe3, 0xff, 0xf4, 0xe3, 0xff, 0xf4, 0xe3, 0xff, 0xf4, 0xe3, 0xff, 
    0xf4, 0xe3, 0xff, 0xf4, 0xe3, 0xff, 0xf4, 0xe3, 0xfb, 0xfd, 0x24, 0xff, 
    0xf4, 0xe3, 0xa0, 0x00, 0x00, 0x00, 0xfd, 0x40, 0x03, 0x00, 0x00, 0x00, 
    0x00, 0x00, 0x00, 0x00, 0x00, 0x00, 0x00, 0x00, 0x00, 0x00, 0x00, 0x00, 
    0x00, 0x00, 0x00, 0x00, 0x00, 0x00, 0x00, 0x00, 0x00, 0x00, 0x00, 0x00, 
    0x00, 0x00, 0x00, 0x00, 0x00, 0x00, 0x00, 0x00, 0x00, 0x00, 0x00, 0x00, 
    0x00, 0x00, 0x00, 0x00, 0x00, 0x00, 0x00, 0x00, 0x00, 0x00, 0x00, 0x00, 
    0x00, 0x00, 0x00, 0x00, 0x00, 0x00, 0x00, 0x00, 0x00, 0x00, 0x00, 0x00, 
    0x00, 0x00, 0x00, 0x00, 0x00, 0x00, 0x00, 0x00, 0x00, 0x00, 0x00, 0x00, 
    0x00, 0x00, 0x00, 0x00, 0x00, 0x00, 0x00, 0x00, 0x00, 0x00, 0x00, 0x00, 
    0x00, 0x00, 0x00, 0x00, 0x00, 0x00, 0x00, 0x00, 0x00, 0x00, 0x00, 0x00, 
    0x00, 0x00, 0x00, 0x00, 0x00, 0x00, 0x00, 0x00, 0x00, 0x00, 0x00, 0x00, 
    0x00, 0x00, 0x00, 0x00, 0x00, 0x00, 0x00, 0x00, 0x00, 0x00, 0x00, 0x00, 
    0xff, 0xef, 0x02, 0x00, 0x00, 0x00, 0xfd, 0xee, 0x2a, 0xfe, 0x2f, 0xc4, 
    0xfe, 0x6f, 0xff, 0xfe, 0x6f, 0xff, 0xfe, 0x4f, 0xff, 0xfe, 0x4f, 0xff, 
    0xfe, 0x4f, 0xff, 0xfe, 0x6f, 0xff, 0xfe, 0x2f, 0xf3, 0xfe, 0x0e, 0x75, 
    0x00, 0x00, 0x00, 0xff, 0xef, 0x02, 0xff, 0xe0, 0x01, 0x00, 0x00, 0x00, 
    0x00, 0x00, 0x00, 0x00, 0x00, 0x00, 0x00, 0x00, 0x00, 0x00, 0x00, 0x00, 
    0x00, 0x00, 0x00, 0x00, 0x00, 0x00, 0x00, 0x00, 0x00, 0x00, 0x00, 0x00, 
    0x00, 0x00, 0x00, 0x00, 0x00, 0x00, 0x00, 0x00, 0x00, 0x00, 0x00, 0x00, 
    0x00, 0x00, 0x00, 0x00, 0x00, 0x00, 0x00, 0x00, 0x00, 0x00, 0x00, 0x00, 
    0x00, 0x00, 0x00, 0x00, 0x00, 0x00, 0xfd, 0xe0, 0x04, 0x00, 0x00, 0x00, 
    0xec, 0xc3, 0x49, 0xfd, 0x04, 0xf4, 0xfd, 0x04, 0xff, 0xf4, 0xc3, 0xfd, 
    0xf4, 0xe3, 0xff, 0xf4, 0xe3, 0xff, 0xf4, 0xe3, 0xff, 0xf4, 0xe3, 0xff, 
    0xf4, 0xe3, 0xff, 0xf4, 0xe3, 0xff, 0xf4, 0xe3, 0xff, 0xf4, 0xe4, 0xff, 
    0xf4, 0xc3, 0xff, 0xf5, 0x26, 0xff, 0xff, 0xbc, 0xff, 0xff, 0xff, 0xff, 
    0xff, 0xff, 0xff, 0xff, 0xff, 0xff, 0xff, 0xbd, 0xff, 0xff, 0x7a, 0xff, 
    0xff, 0x5a, 0xff, 0xff, 0x9b, 0xff, 0xff, 0xde, 0xff, 0xff, 0xff, 0xff, 
    0xff, 0xff, 0xff, 0xff, 0xff, 0xff, 0xff, 0xff, 0xff, 0xff, 0xff, 0xff, 
    0xff, 0xff, 0xff, 0xff, 0xff, 0xff, 0xff, 0xff, 0xff, 0xf5, 0x8f, 0xff, 
    0xe3, 0xa2, 0xff, 0xe4, 0x05, 0xff, 0xe3, 0xe4, 0xff, 0xe3, 0xe4, 0xff, 
    0xe3, 0xe4, 0xff, 0xe3, 0xe4, 0xff, 0xe3, 0xe4, 0xff, 0xe3, 0xe4, 0xff, 
    0xe3, 0xe4, 0xff, 0xe3, 0xe4, 0xff, 0xe3, 0xe4, 0xff, 0xe3, 0xe4, 0xff, 
    0xe3, 0xe4, 0xff, 0xe3, 0xe4, 0xff, 0xe3, 0xe4, 0xff, 0xe3, 0xe4, 0xff, 
    0xe3, 0xe4, 0xff, 0xe3, 0xe4, 0xff, 0xe4, 0x04, 0xff, 0xf4, 0xe3, 0xff, 
    0xf4, 0xe3, 0xff, 0xf4, 0xe3, 0xff, 0xf4, 0xe3, 0xff, 0xf4, 0xe3, 0xff, 
    0xf4, 0xe3, 0xff, 0xf4, 0xe3, 0xff, 0xf4, 0xc3, 0xfb, 0xfd, 0x24, 0xff, 
    0xf4, 0xc3, 0x83, 0x00, 0x00, 0x00, 0xfd, 0xe7, 0x04, 0x00, 0x00, 0x00, 
    0x00, 0x00, 0x00, 0x00, 0x00, 0x00, 0x00, 0x00, 0x00, 0x00, 0x00, 0x00, 
    0x00, 0x00, 0x00, 0x00, 0x00, 0x00, 0x00, 0x00, 0x00, 0x00, 0x00, 0x00, 
    0x00, 0x00, 0x00, 0x00, 0x00, 0x00, 0x00, 0x00, 0x00, 0x00, 0x00, 0x00, 
    0x00, 0x00, 0x00, 0x00, 0x00, 0x00, 0x00, 0x00, 0x00, 0x00, 0x00, 0x00, 
    0x00, 0x00, 0x00, 0xf8, 0x00, 0x01, 0xfb, 0xe0, 0x02, 0xfd, 0x40, 0x03, 
    0xfd, 0x40, 0x03, 0xfb, 0xe0, 0x04, 0xfd, 0xe7, 0x04, 0xfb, 0xe0, 0x04, 
    0xfb, 0xe0, 0x04, 0xfb, 0xe0, 0x04, 0xfd, 0x40, 0x03, 0xf8, 0x00, 0x01, 
    0x00, 0x00, 0x00, 0x00, 0x00, 0x00, 0x00, 0x00, 0x00, 0x00, 0x00, 0x00, 
    0x00, 0x00, 0x00, 0x00, 0x00, 0x00, 0x00, 0x00, 0x00, 0x00, 0x00, 0x00, 
    0x00, 0x00, 0x00, 0x00, 0x00, 0x00, 0x00, 0x00, 0x00, 0x00, 0x00, 0x00, 
    0x00, 0x00, 0x00, 0xff, 0xef, 0x02, 0x00, 0x00, 0x00, 0xf8, 0x00, 0x01, 
    0xfe, 0x0e, 0x51, 0xfe, 0x2f, 0xa0, 0xfe, 0x2e, 0xc8, 0xfe, 0x0e, 0xd1, 
    0xfe, 0x0e, 0xb9, 0xfe, 0x2f, 0x7d, 0xf5, 0xee, 0x23, 0x00, 0x00, 0x00, 
    0xfb, 0xef, 0x02, 0x00, 0x00, 0x00, 0x00, 0x00, 0x00, 0x00, 0x00, 0x00, 
    0x00, 0x00, 0x00, 0x00, 0x00, 0x00, 0x00, 0x00, 0x00, 0x00, 0x00, 0x00, 
    0x00, 0x00, 0x00, 0x00, 0x00, 0x00, 0x00, 0x00, 0x00, 0x00, 0x00, 0x00, 
    0x00, 0x00, 0x00, 0x00, 0x00, 0x00, 0x00, 0x00, 0x00, 0x00, 0x00, 0x00, 
    0x00, 0x00, 0x00, 0x00, 0x00, 0x00, 0x00, 0x00, 0x00, 0x00, 0x00, 0x00, 
    0x00, 0x00, 0x00, 0x00, 0x00, 0x00, 0x00, 0x00, 0x00, 0xfb, 0xe0, 0x04, 
    0x00, 0x00, 0x00, 0xec, 0xc3, 0x3d, 0xf5, 0x04, 0xef, 0xfd, 0x04, 0xff, 
    0xf4, 0xc3, 0xfc, 0xf4, 0xe3, 0xff, 0xf4, 0xe3, 0xff, 0xf4, 0xe3, 0xff, 
    0xf4, 0xe3, 0xff, 0xf4, 0xe3, 0xff, 0xf4, 0xe3, 0xff, 0xf4, 0xe4, 0xff, 
    0xf4, 0xa1, 0xff, 0xfe, 0x2f, 0xff, 0xff, 0xff, 0xff, 0xff, 0xff, 0xff, 
    0xff, 0xff, 0xff, 0xff, 0xff, 0xff, 0xff, 0xff, 0xff, 0xff, 0xff, 0xff, 
    0xff, 0xff, 0xff, 0xff, 0xff, 0xff, 0xff, 0xff, 0xff, 0xff, 0xff, 0xff, 
    0xff, 0xff, 0xff, 0xff, 0xff, 0xff, 0xff, 0xff, 0xff, 0xff, 0xff, 0xff, 
    0xff, 0xff, 0xff, 0xff, 0x9d, 0xff, 0xed, 0x0b, 0xff, 0xe3, 0xa2, 0xff, 
    0xe4, 0x05, 0xff, 0xe3, 0xe4, 0xff, 0xe3, 0xe4, 0xff, 0xe3, 0xe4, 0xff, 
    0xe3, 0xe4, 0xff, 0xe3, 0xe4, 0xff, 0xe3, 0xe4, 0xff, 0xe3, 0xe4, 0xff, 
    0xe3, 0xe4, 0xff, 0xe3, 0xe4, 0xff, 0xe3, 0xe4, 0xff, 0xe3, 0xe4, 0xff, 
    0xe3, 0xe4, 0xff, 0xe3, 0xe4, 0xff, 0xe3, 0xe4, 0xff, 0xe3, 0xe4, 0xff, 
    0xe3, 0xe4, 0xff, 0xe3, 0xe4, 0xff, 0xe4, 0x04, 0xff, 0xf4, 0xe3, 0xff, 
    0xf4, 0xe3, 0xff, 0xf4, 0xe3, 0xff, 0xf4, 0xe3, 0xff, 0xf4, 0xe3, 0xff, 
    0xf4, 0xe3, 0xff, 0xf4, 0xe3, 0xff, 0xf4, 0xc3, 0xfb, 0xfd, 0x24, 0xff, 
    0xf4, 0xc3, 0x82, 0xff, 0xe0, 0x01, 0xfd, 0xe7, 0x04, 0x00, 0x00, 0x00, 
    0x00, 0x00, 0x00, 0x00, 0x00, 0x00, 0x00, 0x00, 0x00, 0x00, 0x00, 0x00, 
    0x00, 0x00, 0x00, 0x00, 0x00, 0x00, 0x00, 0x00, 0x00, 0x00, 0x00, 0x00, 
    0x00, 0x00, 0x00, 0x00, 0x00, 0x00, 0x00, 0x00, 0x00, 0x00, 0x00, 0x00, 
    0x00, 0x00, 0x00, 0xff, 0xe0, 0x01, 0xfd, 0x40, 0x03, 0xfb, 0xe0, 0x04, 
    0xfd, 0x40, 0x03, 0x00, 0x00, 0x00, 0x00, 0x00, 0x00, 0x00, 0x00, 0x00, 
    0x00, 0x00, 0x00, 0x00, 0x00, 0x00, 0x00, 0x00, 0x00, 0x00, 0x00, 0x00, 
    0x00, 0x00, 0x00, 0x00, 0x00, 0x00, 0x00, 0x00, 0x00, 0x00, 0x00, 0x00, 
    0xfd, 0x40, 0x03, 0xf8, 0x00, 0x01, 0x00, 0x00, 0x00, 0x00, 0x00, 0x00, 
    0x00, 0x00, 0x00, 0x00, 0x00, 0x00, 0x00, 0x00, 0x00, 0x00, 0x00, 0x00, 
    0x00, 0x00, 0x00, 0x00, 0x00, 0x00, 0x00, 0x00, 0x00, 0x00, 0x00, 0x00, 
    0x00, 0x00, 0x00, 0x00, 0x00, 0x00, 0xfb, 0xef, 0x02, 0x00, 0x00, 0x00, 
    0x00, 0x00, 0x00, 0x00, 0x00, 0x00, 0x00, 0x00, 0x00, 0x00, 0x00, 0x00, 
    0x00, 0x00, 0x00, 0x00, 0x00, 0x00, 0x00, 0x00, 0x00, 0xfd, 0x4a, 0x03, 
    0x00, 0x00, 0x00, 0x00, 0x00, 0x00, 0x00, 0x00, 0x00, 0x00, 0x00, 0x00, 
    0x00, 0x00, 0x00, 0x00, 0x00, 0x00, 0x00, 0x00, 0x00, 0x00, 0x00, 0x00, 
    0x00, 0x00, 0x00, 0x00, 0x00, 0x00, 0x00, 0x00, 0x00, 0x00, 0x00, 0x00, 
    0x00, 0x00, 0x00, 0x00, 0x00, 0x00, 0x00, 0x00, 0x00, 0x00, 0x00, 0x00, 
    0x00, 0x00, 0x00, 0x00, 0x00, 0x00, 0x00, 0x00, 0x00, 0x00, 0x00, 0x00, 
    0x00, 0x00, 0x00, 0x00, 0x00, 0x00, 0x00, 0x00, 0x00, 0x00, 0x00, 0x00, 
    0xfd, 0xe0, 0x04, 0x00, 0x00, 0x00, 0xf4, 0xc3, 0x33, 0xfd, 0x04, 0xe6, 
    0xfd, 0x04, 0xff, 0xf4, 0xc3, 0xfc, 0xf4, 0xe3, 0xff, 0xf4, 0xe3, 0xff, 
    0xf4, 0xe3, 0xff, 0xf4, 0xe3, 0xff, 0xf4, 0xe3, 0xff, 0xf4, 0xe4, 0xff, 
    0xf4, 0xa2, 0xff, 0xf6, 0x0e, 0xff, 0xff, 0xff, 0xff, 0xff, 0xff, 0xff, 
    0xff, 0xff, 0xff, 0xff, 0xff, 0xff, 0xff, 0xff, 0xff, 0xff, 0xff, 0xff, 
    0xff, 0xff, 0xff, 0xff, 0xff, 0xff, 0xff, 0xff, 0xff, 0xff, 0xff, 0xff, 
    0xff, 0xff, 0xff, 0xff, 0xff, 0xff, 0xff, 0xff, 0xff, 0xff, 0xff, 0xff, 
    0xf6, 0x96, 0xff, 0xe4, 0x46, 0xff, 0xe3, 0xa3, 0xff, 0xe4, 0x05, 0xff, 
    0xe3, 0xe4, 0xff, 0xe3, 0xe4, 0xff, 0xe3, 0xe4, 0xff, 0xe3, 0xe4, 0xff, 
    0xe3, 0xe4, 0xff, 0xe3, 0xe4, 0xff, 0xe3, 0xe4, 0xff, 0xe3, 0xe4, 0xff, 
    0xe3, 0xe4, 0xff, 0xe3, 0xe4, 0xff, 0xe3, 0xe4, 0xff, 0xe3, 0xe4, 0xff, 
    0xe3, 0xe4, 0xff, 0xe3, 0xe4, 0xff, 0xe3, 0xe4, 0xff, 0xe3, 0xe4, 0xff, 
    0xe3, 0xe4, 0xff, 0xe3, 0xe4, 0xff, 0xe4, 0x04, 0xff, 0xf4, 0xc3, 0xff, 
    0xf4, 0xe3, 0xff, 0xf4, 0xe3, 0xff, 0xf4, 0xe3, 0xff, 0xf4, 0xe3, 0xff, 
    0xf4, 0xe3, 0xff, 0xf4, 0xe3, 0xff, 0xf4, 0xe3, 0xfb, 0xfd, 0x24, 0xff, 
    0xf4, 0xc3, 0xac, 0x00, 0x00, 0x00, 0xfb, 0xe0, 0x04, 0x00, 0x00, 0x00, 
    0x00, 0x00, 0x00, 0x00, 0x00, 0x00, 0x00, 0x00, 0x00, 0x00, 0x00, 0x00, 
    0x00, 0x00, 0x00, 0x00, 0x00, 0x00, 0x00, 0x00, 0x00, 0x00, 0x00, 0x00, 
    0x00, 0x00, 0x00, 0xf8, 0x00, 0x01, 0xfb, 0xe0, 0x02, 0xfb, 0xe0, 0x04, 
    0xfd, 0x40, 0x03, 0x00, 0x00, 0x00, 0x00, 0x00, 0x00, 0x00, 0x00, 0x00, 
    0x00, 0x00, 0x00, 0xcc, 0xc6, 0x05, 0xf4, 0xe4, 0x1d, 0xf4, 0xe3, 0x3a, 
    0xf4, 0xe3, 0x56, 0xf4, 0xc3, 0x71, 0xf4, 0xc3, 0x83, 0xf4, 0xe3, 0x91, 
    0xf4, 0xe4, 0x8d, 0xf4, 0xe3, 0x71, 0xf4, 0xe4, 0x3d, 0xdc, 0x84, 0x07, 
    0x00, 0x00, 0x00, 0x00, 0x00, 0x00, 0xff, 0xe0, 0x01, 0x00, 0x00, 0x00, 
    0x00, 0x00, 0x00, 0x00, 0x00, 0x00, 0x00, 0x00, 0x00, 0x00, 0x00, 0x00, 
    0x00, 0x00, 0x00, 0x00, 0x00, 0x00, 0x00, 0x00, 0x00, 0x00, 0x00, 0x00, 
    0x00, 0x00, 0x00, 0x00, 0x00, 0x00, 0x00, 0x00, 0x00, 0xf8, 0x00, 0x01, 
    0xfd, 0x55, 0x03, 0xff, 0xf5, 0x03, 0x00, 0x00, 0x00, 0x00, 0x00, 0x00, 
    0xff, 0xef, 0x02, 0xfd, 0xef, 0x04, 0xfb, 0xef, 0x02, 0x00, 0x00, 0x00, 
    0x00, 0x00, 0x00, 0x00, 0x00, 0x00, 0x00, 0x00, 0x00, 0x00, 0x00, 0x00, 
    0x00, 0x00, 0x00, 0x00, 0x00, 0x00, 0x00, 0x00, 0x00, 0x00, 0x00, 0x00, 
    0x00, 0x00, 0x00, 0x00, 0x00, 0x00, 0x00, 0x00, 0x00, 0x00, 0x00, 0x00, 
    0x00, 0x00, 0x00, 0x00, 0x00, 0x00, 0x00, 0x00, 0x00, 0x00, 0x00, 0x00, 
    0x00, 0x00, 0x00, 0x00, 0x00, 0x00, 0x00, 0x00, 0x00, 0x00, 0x00, 0x00, 
    0x00, 0x00, 0x00, 0x00, 0x00, 0x00, 0x00, 0x00, 0x00, 0x00, 0x00, 0x00, 
    0x00, 0x00, 0x00, 0xfb, 0xe0, 0x04, 0x00, 0x00, 0x00, 0xec, 0xc3, 0x28, 
    0xf4, 0xe3, 0xdd, 0xfd, 0x24, 0xff, 0xf4, 0xc3, 0xfb, 0xf4, 0xe3, 0xff, 
    0xf4, 0xe3, 0xff, 0xf4, 0xe3, 0xff, 0xf4, 0xe3, 0xff, 0xf4, 0xe3, 0xff, 
    0xf4, 0xe3, 0xff, 0xf4, 0xe4, 0xff, 0xff, 0x17, 0xff, 0xff, 0xff, 0xff, 
    0xff, 0xff, 0xff, 0xff, 0xff, 0xff, 0xff, 0xff, 0xff, 0xff, 0xff, 0xff, 
    0xff, 0xff, 0xff, 0xff, 0xff, 0xff, 0xff, 0xff, 0xff, 0xff, 0xff, 0xff, 
    0xff, 0xff, 0xff, 0xff, 0xff, 0xff, 0xfe, 0xd8, 0xff, 0xed, 0x0c, 0xff, 
    0xe3, 0xc3, 0xff, 0xe3, 0xc3, 0xff, 0xe4, 0x05, 0xff, 0xe3, 0xe4, 0xff, 
    0xe3, 0xe4, 0xff, 0xe3, 0xe4, 0xff, 0xe3, 0xe4, 0xff, 0xe3, 0xe4, 0xff, 
    0xe3, 0xe4, 0xff, 0xe3, 0xe4, 0xff, 0xe3, 0xe4, 0xff, 0xe3, 0xe4, 0xff, 
    0xe3, 0xe4, 0xff, 0xe3, 0xe4, 0xff, 0xe3, 0xe4, 0xff, 0xe3, 0xe4, 0xff, 
    0xe3, 0xe4, 0xff, 0xe3, 0xe4, 0xff, 0xe3, 0xe4, 0xff, 0xe3, 0xe4, 0xff, 
    0xe3, 0xe4, 0xff, 0xe3, 0xe4, 0xff, 0xe3, 0xe4, 0xff, 0xf4, 0xc4, 0xff, 
    0xf4, 0xe3, 0xff, 0xf4, 0xe3, 0xff, 0xf4, 0xe3, 0xff, 0xf4, 0xe3, 0xff, 
    0xf4, 0xe3, 0xff, 0xf4, 0xe3, 0xff, 0xf4, 0xc3, 0xfe, 0xf4, 0xe3, 0xfe, 
    0xf4, 0xe3, 0xf2, 0xe4, 0xa3, 0x20, 0x00, 0x00, 0x00, 0xd3, 0xe0, 0x06, 
    0xad, 0x40, 0x03, 0xff, 0xe0, 0x01, 0xff, 0xe0, 0x01, 0xff, 0xe0, 0x01, 
    0xff, 0xe0, 0x01, 0xfb, 0xe0, 0x02, 0xfd, 0x40, 0x03, 0xfb, 0xe0, 0x04, 
    0xfd, 0x40, 0x03, 0x00, 0x00, 0x00, 0x00, 0x00, 0x00, 0x00, 0x00, 0x00, 
    0x00, 0x00, 0x00, 0xf4, 0xa3, 0x11, 0xf4, 0xe3, 0x42, 0xf4, 0xe3, 0x7c, 
    0xf4, 0xe3, 0xb1, 0xf4, 0xe3, 0xda, 0xf4, 0xe3, 0xf4, 0xfd, 0x04, 0xff, 
    0xfd, 0x24, 0xff, 0xfd, 0x24, 0xff, 0xfd, 0x44, 0xff, 0xfd, 0x24, 0xff, 
    0xfd, 0x24, 0xff, 0xfd, 0x24, 0xff, 0xfd, 0x04, 0xff, 0xf4, 0xe3, 0xd9, 
    0xf4, 0xe3, 0x71, 0xaa, 0xa0, 0x03, 0x00, 0x00, 0x00, 0xff, 0xe0, 0x01, 
    0x00, 0x00, 0x00, 0x00, 0x00, 0x00, 0x00, 0x00, 0x00, 0x00, 0x00, 0x00, 
    0x00, 0x00, 0x00, 0x00, 0x00, 0x00, 0x00, 0x00, 0x00, 0x00, 0x00, 0x00, 
    0x00, 0x00, 0x00, 0x00, 0x00, 0x00, 0x00, 0x00, 0x00, 0x00, 0x00, 0x00, 
    0x00, 0x00, 0x00, 0x00, 0x00, 0x00, 0x00, 0x00, 0x00, 0xf8, 0x00, 0x01, 
    0x00, 0x00, 0x00, 0x00, 0x00, 0x00, 0x00, 0x00, 0x00, 0x00, 0x00, 0x00, 
    0x00, 0x00, 0x00, 0x00, 0x00, 0x00, 0x00, 0x00, 0x00, 0x00, 0x00, 0x00, 
    0x00, 0x00, 0x00, 0x00, 0x00, 0x00, 0x00, 0x00, 0x00, 0x00, 0x00, 0x00, 
    0x00, 0x00, 0x00, 0x00, 0x00, 0x00, 0x00, 0x00, 0x00, 0x00, 0x00, 0x00, 
    0x00, 0x00, 0x00, 0x00, 0x00, 0x00, 0x00, 0x00, 0x00, 0x00, 0x00, 0x00, 
    0x00, 0x00, 0x00, 0x00, 0x00, 0x00, 0x00, 0x00, 0x00, 0x00, 0x00, 0x00, 
    0x00, 0x00, 0x00, 0x00, 0x00, 0x00, 0x00, 0x00, 0x00, 0x00, 0x00, 0x00, 
    0x00, 0x00, 0x00, 0x00, 0x00, 0x00, 0xfb, 0xe0, 0x04, 0x00, 0x00, 0x00, 
    0xe4, 0xa4, 0x1f, 0xf4, 0xe4, 0xd6, 0xfd, 0x24, 0xff, 0xf4, 0xc3, 0xfb, 
    0xf4, 0xe3, 0xff, 0xf4, 0xe3, 0xff, 0xf4, 0xe3, 0xff, 0xf4, 0xe3, 0xff, 
    0xf4, 0xe4, 0xff, 0xf4, 0xc3, 0xff, 0xf4, 0xc3, 0xff, 0xf5, 0xab, 0xff, 
    0xfe, 0x92, 0xff, 0xff, 0x38, 0xff, 0xff, 0x9c, 0xff, 0xff, 0xbd, 0xff, 
    0xff, 0xbe, 0xff, 0xff, 0xbd, 0xff, 0xff, 0x5b, 0xff, 0xf6, 0xb7, 0xff, 
    0xf5, 0xd0, 0xff, 0xec, 0x89, 0xff, 0xe3, 0xc3, 0xff, 0xe3, 0xa3, 0xff, 
    0xe3, 0xe4, 0xff, 0xe3, 0xe4, 0xff, 0xe3, 0xe4, 0xff, 0xe3, 0xe4, 0xff, 
    0xe3, 0xe4, 0xff, 0xe3, 0xe4, 0xff, 0xe3, 0xe4, 0xff, 0xe3, 0xe4, 0xff, 
    0xe3, 0xe4, 0xff, 0xe3, 0xe4, 0xff, 0xe3, 0xe4, 0xff, 0xe3, 0xe4, 0xff, 
    0xe3, 0xe4, 0xff, 0xe3, 0xe4, 0xff, 0xe3, 0xe4, 0xff, 0xe3, 0xe4, 0xff, 
    0xe3, 0xe4, 0xff, 0xe3, 0xe4, 0xff, 0xe3, 0xe4, 0xff, 0xe3, 0xe4, 0xff, 
    0xe3, 0xe4, 0xff, 0xe3, 0xe4, 0xff, 0xe3, 0xe4, 0xff, 0xec, 0xa4, 0xff, 
    0xf4, 0xe3, 0xff, 0xf4, 0xe3, 0xff, 0xf4, 0xe3, 0xff, 0xf4, 0xe3, 0xff, 
    0xf4, 0xe3, 0xff, 0xf4, 0xe3, 0xff, 0xf4, 0xe3, 0xff, 0xf4, 0xe3, 0xfd, 
    0xfd, 0x04, 0xff, 0xf4, 0xe3, 0xc8, 0xf4, 0xc3, 0x1c, 0x00, 0x00, 0x00, 
    0x00, 0x00, 0x00, 0x00, 0x00, 0x00, 0x00, 0x00, 0x00, 0x00, 0x00, 0x00, 
    0x00, 0x00, 0x00, 0x00, 0x00, 0x00, 0x00, 0x00, 0x00, 0x00, 0x00, 0x00, 
    0x00, 0x00, 0x00, 0xfc, 0xc6, 0x05, 0xf5, 0x04, 0x2e, 0xf4, 0xe3, 0x68, 
    0xf4, 0xc3, 0xac, 0xf4, 0xe3, 0xe8, 0xfd, 0x04, 0xff, 0xfd, 0x24, 0xff, 
    0xfd, 0x24, 0xff, 0xfd, 0x04, 0xff, 0xf4, 0xe3, 0xff, 0xf4, 0xc3, 0xfe, 
    0xf4, 0xc3, 0xfc, 0xf4, 0xe3, 0xfb, 0xf4, 0xc3, 0xfb, 0xf4, 0xe3, 0xfb, 
    0xf4, 0xc3, 0xfb, 0xf4, 0xe3, 0xfb, 0xf4, 0xc3, 0xfe, 0xfd, 0x04, 0xff, 
    0xfd, 0x44, 0xff, 0xf4, 0xe4, 0xbf, 0xf4, 0xc3, 0x14, 0x00, 0x00, 0x00, 
    0x7b, 0xe0, 0x02, 0x00, 0x00, 0x00, 0x00, 0x00, 0x00, 0x00, 0x00, 0x00, 
    0x00, 0x00, 0x00, 0x00, 0x00, 0x00, 0x00, 0x00, 0x00, 0x00, 0x00, 0x00, 
    0x00, 0x00, 0x00, 0x00, 0x00, 0x00, 0x00, 0x00, 0x00, 0x00, 0x00, 0x00, 
    0x00, 0x00, 0x00, 0x00, 0x00, 0x00, 0x00, 0x00, 0x00, 0x00, 0x00, 0x00, 
    0x00, 0x00, 0x00, 0x00, 0x00, 0x00, 0x00, 0x00, 0x00, 0x00, 0x00, 0x00, 
    0x00, 0x00, 0x00, 0x00, 0x00, 0x00, 0x00, 0x00, 0x00, 0x00, 0x00, 0x00, 
    0x00, 0x00, 0x00, 0x00, 0x00, 0x00, 0xff, 0xe0, 0x01, 0xff, 0xe0, 0x01, 
    0xff, 0xe0, 0x01, 0xff, 0xe0, 0x01, 0xff, 0xe0, 0x01, 0xff, 0xe0, 0x01, 
    0x00, 0x00, 0x00, 0x00, 0x00, 0x00, 0x00, 0x00, 0x00, 0x00, 0x00, 0x00, 
    0x00, 0x00, 0x00, 0x00, 0x00, 0x00, 0x00, 0x00, 0x00, 0x00, 0x00, 0x00, 
    0x00, 0x00, 0x00, 0x00, 0x00, 0x00, 0x00, 0x00, 0x00, 0x00, 0x00, 0x00, 
    0x00, 0x00, 0x00, 0x00, 0x00, 0x00, 0x00, 0x00, 0x00, 0xfd, 0x40, 0x03, 
    0x00, 0x00, 0x00, 0xec, 0x83, 0x1a, 0xf4, 0xe3, 0xd1, 0xfd, 0x24, 0xff, 
    0xf4, 0xc3, 0xfb, 0xf4, 0xe3, 0xff, 0xf4, 0xe3, 0xff, 0xf4, 0xe3, 0xff, 
    0xf4, 0xe3, 0xff, 0xf4, 0xe4, 0xff, 0xf4, 0xe3, 0xff, 0xf4, 0xa2, 0xff, 
    0xf4, 0xa2, 0xff, 0xf4, 0xc3, 0xff, 0xf4, 0xe4, 0xff, 0xec, 0x46, 0xff, 
    0xe4, 0x47, 0xff, 0xe4, 0x26, 0xff, 0xe3, 0xe4, 0xff, 0xe3, 0xa3, 0xff, 
    0xe3, 0xa2, 0xff, 0xe3, 0xc3, 0xff, 0xe3, 0xe4, 0xff, 0xe4, 0x05, 0xff, 
    0xe3, 0xe4, 0xff, 0xe3, 0xe4, 0xff, 0xe3, 0xe4, 0xff, 0xe3, 0xe4, 0xff, 
    0xe3, 0xe4, 0xff, 0xe3, 0xe4, 0xff, 0xe3, 0xe4, 0xff, 0xe3, 0xe4, 0xff, 
    0xe3, 0xe4, 0xff, 0xe3, 0xe4, 0xff, 0xe3, 0xe4, 0xff, 0xe3, 0xe4, 0xff, 
    0xe3, 0xe4, 0xff, 0xe3, 0xe4, 0xff, 0xe3, 0xe4, 0xff, 0xe3, 0xe4, 0xff, 
    0xe3, 0xe4, 0xff, 0xe3, 0xe4, 0xff, 0xe3, 0xe4, 0xff, 0xe3, 0xe4, 0xff, 
    0xe3, 0xe4, 0xff, 0xe3, 0xe4, 0xff, 0xe3, 0xe4, 0xff, 0xec, 0x64, 0xff, 
    0xf4, 0xe3, 0xff, 0xf4, 0xe3, 0xff, 0xf4, 0xe3, 0xff, 0xf4, 0xe3, 0xff, 
    0xf4, 0xe3, 0xff, 0xf4, 0xe3, 0xff, 0xf4, 0xe3, 0xff, 0xf4, 0xe3, 0xff, 
    0xf4, 0xc3, 0xfd, 0xfd, 0x04, 0xff, 0xf4, 0xe3, 0xea, 0xf4, 0xe3, 0x86, 
    0xf4, 0xe3, 0x3e, 0xf4, 0xe3, 0x1a, 0xfc, 0xc3, 0x0a, 0xe4, 0xc3, 0x0a, 
    0xf4, 0xc3, 0x12, 0xf4, 0xe4, 0x27, 0xf4, 0xe3, 0x43, 0xf4, 0xc3, 0x71, 
    0xf4, 0xe3, 0xa6, 0xf4, 0xe3, 0xd9, 0xf4, 0xe3, 0xff, 0xfd, 0x24, 0xff, 
    0xfd, 0x24, 0xff, 0xf4, 0xe4, 0xff, 0xf4, 0xe3, 0xfd, 0xf4, 0xe3, 0xfb, 
    0xf4, 0xc3, 0xfc, 0xf4, 0xe3, 0xfd, 0xf4, 0xc3, 0xfe, 0xf4, 0xe3, 0xff, 
    0xf4, 0xe3, 0xff, 0xf4, 0xe3, 0xff, 0xf4, 0xe3, 0xff, 0xf4, 0xe3, 0xff, 
    0xf4, 0xe3, 0xff, 0xf4, 0xe3, 0xff, 0xf4, 0xe3, 0xff, 0xf4, 0xe3, 0xfd, 
    0xf4, 0xc3, 0xfa, 0xfd, 0x44, 0xff, 0xf4, 0xe3, 0xc2, 0xfd, 0x45, 0x06, 
    0xfb, 0xe0, 0x02, 0xf8, 0x00, 0x01, 0x00, 0x00, 0x00, 0x00, 0x00, 0x00, 
    0x00, 0x00, 0x00, 0x00, 0x00, 0x00, 0x00, 0x00, 0x00, 0x00, 0x00, 0x00, 
    0x00, 0x00, 0x00, 0x00, 0x00, 0x00, 0x00, 0x00, 0x00, 0x00, 0x00, 0x00, 
    0x00, 0x00, 0x00, 0x00, 0x00, 0x00, 0x00, 0x00, 0x00, 0x00, 0x00, 0x00, 
    0x00, 0x00, 0x00, 0x00, 0x00, 0x00, 0x00, 0x00, 0x00, 0x00, 0x00, 0x00, 
    0x00, 0x00, 0x00, 0x00, 0x00, 0x00, 0x00, 0x00, 0x01, 0xfd, 0x40, 0x03, 
    0xfb, 0xe0, 0x04, 0xfb, 0xe0, 0x02, 0x00, 0x00, 0x00, 0x00, 0x00, 0x00, 
    0x00, 0x00, 0x00, 0x00, 0x00, 0x00, 0x00, 0x00, 0x00, 0x00, 0x00, 0x00, 
    0xff, 0xe0, 0x01, 0xfd, 0x40, 0x03, 0xfb, 0xe7, 0x04, 0xfd, 0x40, 0x03, 
    0xfb, 0xe0, 0x02, 0xf8, 0x00, 0x01, 0x00, 0x00, 0x00, 0x00, 0x00, 0x00, 
    0x00, 0x00, 0x00, 0x00, 0x00, 0x00, 0x00, 0x00, 0x00, 0x00, 0x00, 0x00, 
    0x00, 0x00, 0x00, 0x00, 0x00, 0x00, 0x00, 0x00, 0x00, 0x00, 0x00, 0x00, 
    0xfd, 0x40, 0x03, 0x00, 0x00, 0x00, 0xec, 0xc4, 0x17, 0xf4, 0xe3, 0xd2, 
    0xfd, 0x24, 0xff, 0xf4, 0xc3, 0xfc, 0xf4, 0xe3, 0xff, 0xf4, 0xe3, 0xff, 
    0xf4, 0xe3, 0xff, 0xf4, 0xe3, 0xff, 0xf4, 0xe3, 0xff, 0xf4, 0xe4, 0xff, 
    0xf4, 0xe4, 0xff, 0xf4, 0xe4, 0xff, 0xf4, 0xa3, 0xff, 0xe3, 0xe4, 0xff, 
    0xe3, 0xc4, 0xff, 0xe3, 0xe4, 0xff, 0xe3, 0xe4, 0xff, 0xe3, 0xe4, 0xff, 
    0xe4, 0x05, 0xff, 0xe3, 0xe4, 0xff, 0xe3, 0xe4, 0xff, 0xe3, 0xe4, 0xff, 
    0xe3, 0xe4, 0xff, 0xe3, 0xe4, 0xff, 0xe3, 0xe4, 0xff, 0xe3, 0xe4, 0xff, 
    0xe3, 0xe4, 0xff, 0xe3, 0xe4, 0xff, 0xe3, 0xe4, 0xff, 0xe3, 0xe4, 0xff, 
    0xe3, 0xe4, 0xff, 0xe3, 0xe4, 0xff, 0xe3, 0xe4, 0xff, 0xe3, 0xe4, 0xff, 
    0xe3, 0xe4, 0xff, 0xe3, 0xe4, 0xff, 0xe3, 0xe4, 0xff, 0xe3, 0xe4, 0xff, 
    0xe3, 0xe4, 0xff, 0xe3, 0xe4, 0xff, 0xe3, 0xe4, 0xff, 0xe3, 0xe4, 0xff, 
    0xe3, 0xe4, 0xff, 0xe3, 0xe4, 0xff, 0xe3, 0xe4, 0xff, 0xe4, 0x04, 0xff, 
    0xf4, 0xe3, 0xff, 0xf4, 0xe3, 0xff, 0xf4, 0xe3, 0xff, 0xf4, 0xe3, 0xff, 
    0xf4, 0xe3, 0xff, 0xf4, 0xe3, 0xff, 0xf4, 0xe3, 0xff, 0xf4, 0xe3, 0xff, 
    0xf4, 0xe3, 0xff, 0xf4, 0xc3, 0xfd, 0xf4, 0xe4, 0xff, 0xfd, 0x24, 0xff, 
    0xfd, 0x04, 0xff, 0xf4, 0xc3, 0xf2, 0xf4, 0xc3, 0xe7, 0xf4, 0xc3, 0xe7, 
    0xf4, 0xe3, 0xed, 0xf4, 0xc3, 0xfb, 0xfd, 0x04, 0xff, 0xfd, 0x24, 0xff, 
    0xfd, 0x24, 0xff, 0xfd, 0x04, 0xff, 0xf4, 0xe3, 0xff, 0xf4, 0xe3, 0xfb, 
    0xf4, 0xc3, 0xfc, 0xf4, 0xc3, 0xfe, 0xf4, 0xe3, 0xff, 0xf4, 0xe3, 0xff, 
    0xf4, 0xe3, 0xff, 0xf4, 0xe3, 0xff, 0xf4, 0xe3, 0xff, 0xf4, 0xe3, 0xff, 
    0xf4, 0xe3, 0xff, 0xf4, 0xe3, 0xff, 0xf4, 0xe3, 0xff, 0xf4, 0xe3, 0xff, 
    0xf4, 0xe3, 0xff, 0xf4, 0xe3, 0xff, 0xf4, 0xe3, 0xff, 0xf4, 0xe3, 0xff, 
    0xf4, 0xe3, 0xff, 0xf4, 0xc3, 0xf9, 0xfd, 0x44, 0xff, 0xf4, 0xe3, 0x6d, 
    0x00, 0x00, 0x00, 0xfb, 0xe0, 0x04, 0x00, 0x00, 0x00, 0x00, 0x00, 0x00, 
    0x00, 0x00, 0x00, 0x00, 0x00, 0x00, 0x00, 0x00, 0x00, 0x00, 0x00, 0x00, 
    0x00, 0x00, 0x00, 0x00, 0x00, 0x00, 0x00, 0x00, 0x00, 0x00, 0x00, 0x00, 
    0x00, 0x00, 0x00, 0x00, 0x00, 0x00, 0x00, 0x00, 0x00, 0x00, 0x00, 0x00, 
    0x00, 0x00, 0x00, 0x00, 0x00, 0x00, 0x00, 0x00, 0x00, 0x00, 0x00, 0x00, 
    0x00, 0x00, 0x00, 0xfd, 0x40, 0x03, 0x00, 0x00, 0x00, 0x00, 0x00, 0x00, 
    0x00, 0x00, 0x00, 0x00, 0x00, 0x00, 0xfd, 0x43, 0x09, 0xe4, 0xa4, 0x16, 
    0xf4, 0xe3, 0x1a, 0xf4, 0xe3, 0x18, 0xf4, 0x83, 0x13, 0xfc, 0xe3, 0x08, 
    0x00, 0x00, 0x00, 0x00, 0x00, 0x00, 0x00, 0x00, 0x00, 0x00, 0x00, 0x00, 
    0x00, 0x00, 0x00, 0x00, 0x00, 0x00, 0xfd, 0x40, 0x03, 0xfb, 0xe0, 0x04, 
    0xfd, 0x40, 0x03, 0xfb, 0xe0, 0x02, 0x00, 0x00, 0x01, 0x00, 0x00, 0x00, 
    0x00, 0x00, 0x00, 0x00, 0x00, 0x00, 0x00, 0x00, 0x00, 0x00, 0x00, 0x00, 
    0x00, 0x00, 0x00, 0xfd, 0x40, 0x03, 0x00, 0x00, 0x00, 0xec, 0xa3, 0x1b, 
    0xf4, 0xe3, 0xdc, 0xfd, 0x04, 0xff, 0xf4, 0xe3, 0xfd, 0xf4, 0xe3, 0xff, 
    0xf4, 0xe3, 0xff, 0xf4, 0xe3, 0xff, 0xf4, 0xe3, 0xff, 0xf4, 0xe3, 0xff, 
    0xf4, 0xe3, 0xff, 0xf4, 0xe3, 0xff, 0xf4, 0xc4, 0xff, 0xe3, 0xe4, 0xff, 
    0xe3, 0xe4, 0xff, 0xe3, 0xe4, 0xff, 0xe3, 0xe4, 0xff, 0xe3, 0xe4, 0xff, 
    0xe3, 0xe4, 0xff, 0xe3, 0xe4, 0xff, 0xe3, 0xe4, 0xff, 0xe3, 0xe4, 0xff, 
    0xe3, 0xe4, 0xff, 0xe3, 0xe4, 0xff, 0xe3, 0xe4, 0xff, 0xe3, 0xe4, 0xff, 
    0xe3, 0xe4, 0xff, 0xe3, 0xe4, 0xff, 0xe3, 0xe4, 0xff, 0xe3, 0xe4, 0xff, 
    0xe3, 0xe4, 0xff, 0xe3, 0xe4, 0xff, 0xe3, 0xe4, 0xff, 0xe3, 0xe4, 0xff, 
    0xe3, 0xe4, 0xff, 0xe3, 0xe4, 0xff, 0xe3, 0xe4, 0xff, 0xe3, 0xe4, 0xff, 
    0xe3, 0xe4, 0xff, 0xe3, 0xe4, 0xff, 0xe3, 0xe4, 0xff, 0xe3, 0xe4, 0xff, 
    0xe3, 0xe4, 0xff, 0xe3, 0xe4, 0xff, 0xe3, 0xe4, 0xff, 0xe3, 0xe4, 0xff, 
    0xec, 0x84, 0xff, 0xf4, 0xe3, 0xff, 0xf4, 0xe3, 0xff, 0xf4, 0xe3, 0xff, 
    0xf4, 0xe3, 0xff, 0xf4, 0xe3, 0xff, 0xf4, 0xe3, 0xff, 0xf4, 0xe3, 0xff, 
    0xf4, 0xe3, 0xff, 0xf4, 0xe3, 0xff, 0xf4, 0xc3, 0xfe, 0xf4, 0xe3, 0xfb, 
    0xf4, 0xc3, 0xfe, 0xf4, 0xe3, 0xff, 0xfd, 0x04, 0xff, 0xfd, 0x04, 0xff, 
    0xf4, 0xe4, 0xff, 0xf4, 0xe3, 0xff, 0xf4, 0xe3, 0xfd, 0xf4, 0xe3, 0xfb, 
    0xf4, 0xc3, 0xfc, 0xf4, 0xe3, 0xfd, 0xf4, 0xe3, 0xfe, 0xf4, 0xe3, 0xff, 
    0xf4, 0xe3, 0xff, 0xf4, 0xe3, 0xff, 0xf4, 0xe3, 0xff, 0xf4, 0xe3, 0xff, 
    0xf4, 0xe3, 0xff, 0xf4, 0xe3, 0xff, 0xf4, 0xe3, 0xff, 0xf4, 0xe3, 0xff, 
    0xf4, 0xe3, 0xff, 0xf4, 0xe3, 0xff, 0xf4, 0xe3, 0xff, 0xf4, 0xe3, 0xff, 
    0xf4, 0xe3, 0xff, 0xf4, 0xe3, 0xff, 0xf4, 0xe3, 0xff, 0xf4, 0xe3, 0xff, 
    0xf4, 0xe3, 0xff, 0xf4, 0xc3, 0xfd, 0xfd, 0x04, 0xfd, 0xf4, 0xc3, 0xd3, 
    0xfd, 0x40, 0x03, 0xff, 0xe0, 0x01, 0xf8, 0x00, 0x01, 0x00, 0x00, 0x00, 
    0x00, 0x00, 0x00, 0x00, 0x00, 0x00, 0x00, 0x00, 0x00, 0x00, 0x00, 0x00, 
    0x00, 0x00, 0x00, 0x00, 0x00, 0x00, 0x00, 0x00, 0x00, 0x00, 0x00, 0x00, 
    0x00, 0x00, 0x00, 0x00, 0x00, 0x00, 0x00, 0x00, 0x00, 0x00, 0x00, 0x00, 
    0x00, 0x00, 0x00, 0x00, 0x00, 0x00, 0x00, 0x00, 0x00, 0xff, 0xe0, 0x01, 
    0xfb, 0xe0, 0x02, 0x00, 0x00, 0x00, 0x00, 0x00, 0x00, 0xf4, 0xe3, 0x40, 
    0xf4, 0xe3, 0x8a, 0xf4, 0xe3, 0xc1, 0xf4, 0xe3, 0xdf, 0xf4, 0xe3, 0xf1, 
    0xf4, 0xe3, 0xf6, 0xf4, 0xc3, 0xf6, 0xf4, 0xc3, 0xee, 0xf4, 0xe3, 0xde, 
    0xf4, 0xe3, 0xc9, 0xf4, 0xe3, 0xa9, 0xf4, 0xe3, 0x80, 0xf4, 0xe3, 0x53, 
    0xfd, 0x03, 0x29, 0xfc, 0x84, 0x07, 0x00, 0x00, 0x00, 0x00, 0x00, 0x00, 
    0x00, 0x00, 0x00, 0x00, 0x00, 0x00, 0x00, 0x00, 0x00, 0xfd, 0x40, 0x03, 
    0xfb, 0xe0, 0x04, 0xbb, 0xe0, 0x04, 0xfd, 0x40, 0x03, 0xfb, 0xe0, 0x02, 
    0x7b, 0xe0, 0x02, 0xff, 0xe0, 0x01, 0xcc, 0xc0, 0x05, 0x00, 0x00, 0x00, 
    0xec, 0xc3, 0x2d, 0xf5, 0x04, 0xed, 0xf4, 0xe4, 0xfe, 0xf4, 0xc3, 0xfe, 
    0xf4, 0xe3, 0xff, 0xf4, 0xe3, 0xff, 0xf4, 0xe3, 0xff, 0xf4, 0xe3, 0xff, 
    0xf4, 0xe3, 0xff, 0xf4, 0xe3, 0xff, 0xf4, 0xc3, 0xff, 0xe4, 0x04, 0xff, 
    0xe3, 0xe4, 0xff, 0xe3, 0xe4, 0xff, 0xe3, 0xe4, 0xff, 0xe3, 0xe4, 0xff, 
    0xe3, 0xe4, 0xff, 0xe3, 0xe4, 0xff, 0xe3, 0xe4, 0xff, 0xe3, 0xe4, 0xff, 
    0xe3, 0xe4, 0xff, 0xe3, 0xe4, 0xff, 0xe3, 0xe4, 0xff, 0xe3, 0xe4, 0xff, 
    0xe3, 0xe4, 0xff, 0xe3, 0xe4, 0xff, 0xe3, 0xe4, 0xff, 0xe3, 0xe4, 0xff, 
    0xe3, 0xe4, 0xff, 0xe3, 0xe4, 0xff, 0xe3, 0xe4, 0xff, 0xe3, 0xe4, 0xff, 
    0xe3, 0xe4, 0xff, 0xe3, 0xe4, 0xff, 0xe3, 0xe4, 0xff, 0xe3, 0xe4, 0xff, 
    0xe3, 0xe4, 0xff, 0xe3, 0xe4, 0xff, 0xe3, 0xe4, 0xff, 0xe3, 0xe4, 0xff, 
    0xe3, 0xe4, 0xff, 0xe3, 0xe4, 0xff, 0xe3, 0xe4, 0xff, 0xe3, 0xe4, 0xff, 
    0xec, 0x24, 0xff, 0xf4, 0xe3, 0xff, 0xf4, 0xe3, 0xff, 0xf4, 0xe3, 0xff, 
    0xf4, 0xe3, 0xff, 0xf4, 0xe3, 0xff, 0xf4, 0xe3, 0xff, 0xf4, 0xe3, 0xff, 
    0xf4, 0xe3, 0xff, 0xf4, 0xe3, 0xff, 0xf4, 0xe3, 0xff, 0xf4, 0xe3, 0xff, 
    0xf4, 0xe3, 0xff, 0xf4, 0xc3, 0xfe, 0xf4, 0xc3, 0xfe, 0xf4, 0xc3, 0xfe, 
    0xf4, 0xc3, 0xfe, 0xf4, 0xe3, 0xfe, 0xf4, 0xe3, 0xff, 0xf4, 0xe3, 0xff, 
    0xf4, 0xe3, 0xff, 0xf4, 0xe3, 0xff, 0xf4, 0xe3, 0xff, 0xf4, 0xe3, 0xff, 
    0xf4, 0xe3, 0xff, 0xf4, 0xe3, 0xff, 0xf4, 0xe3, 0xff, 0xf4, 0xe3, 0xff, 
    0xf4, 0xe3, 0xff, 0xf4, 0xe3, 0xff, 0xf4, 0xe3, 0xff, 0xf4, 0xe3, 0xff, 
    0xf4, 0xe3, 0xff, 0xf4, 0xe3, 0xff, 0xf4, 0xe3, 0xff, 0xf4, 0xe3, 0xff, 
    0xf4, 0xe3, 0xff, 0xf4, 0xe3, 0xff, 0xf4, 0xe3, 0xff, 0xf4, 0xe3, 0xff, 
    0xf4, 0xe3, 0xff, 0xf4, 0xe3, 0xfe, 0xf4, 0xe3, 0xff, 0xf4, 0xe3, 0xfa, 
    0xf4, 0xe3, 0x20, 0x00, 0x00, 0x00, 0xfb, 0xe0, 0x02, 0x00, 0x00, 0x00, 
    0x00, 0x00, 0x00, 0x00, 0x00, 0x00, 0x00, 0x00, 0x00, 0x00, 0x00, 0x00, 
    0x00, 0x00, 0x00, 0x00, 0x00, 0x00, 0x00, 0x00, 0x00, 0x00, 0x00, 0x00, 
    0x00, 0x00, 0x00, 0x00, 0x00, 0x00, 0x00, 0x00, 0x00, 0x00, 0x00, 0x00, 
    0x00, 0x00, 0x00, 0x00, 0x00, 0x00, 0xfb, 0xe0, 0x02, 0x00, 0x00, 0x00, 
    0x00, 0x00, 0x00, 0xf4, 0xe3, 0x56, 0xf4, 0xe3, 0xcb, 0xfd, 0x04, 0xff, 
    0xfd, 0x24, 0xff, 0xfd, 0x24, 0xff, 0xfd, 0x04, 0xff, 0xf4, 0xe3, 0xff, 
    0xf4, 0xe3, 0xff, 0xf4, 0xe3, 0xff, 0xf4, 0xe4, 0xff, 0xfd, 0x04, 0xff, 
    0xfd, 0x04, 0xff, 0xfd, 0x24, 0xff, 0xfd, 0x24, 0xff, 0xfd, 0x24, 0xff, 
    0xf4, 0xe3, 0xfc, 0xf4, 0xc3, 0xdf, 0xf4, 0xe3, 0xb2, 0xf4, 0xe3, 0x7c, 
    0xf4, 0xe3, 0x49, 0xf4, 0xe4, 0x1d, 0x00, 0x00, 0x00, 0x00, 0x00, 0x00, 
    0x00, 0x00, 0x00, 0x00, 0x00, 0x00, 0x00, 0x00, 0x00, 0x00, 0x00, 0x00, 
    0x00, 0x00, 0x00, 0x00, 0x00, 0x00, 0x00, 0x00, 0x00, 0x00, 0x00, 0x00, 
    0x00, 0x00, 0x00, 0xf4, 0xc3, 0x9b, 0xfd, 0x24, 0xff, 0xf4, 0xe3, 0xfb, 
    0xf4, 0xe3, 0xff, 0xf4, 0xe3, 0xff, 0xf4, 0xe3, 0xff, 0xf4, 0xe3, 0xff, 
    0xf4, 0xe3, 0xff, 0xf4, 0xe3, 0xff, 0xf4, 0xc3, 0xff, 0xe4, 0x04, 0xff, 
    0xe3, 0xe4, 0xff, 0xe3, 0xe4, 0xff, 0xe3, 0xe4, 0xff, 0xe3, 0xe4, 0xff, 
    0xe3, 0xe4, 0xff, 0xe3, 0xe4, 0xff, 0xe3, 0xe4, 0xff, 0xe3, 0xe4, 0xff, 
    0xe3, 0xe4, 0xff, 0xe3, 0xe4, 0xff, 0xe3, 0xe4, 0xff, 0xe3, 0xe4, 0xff, 
    0xe3, 0xe4, 0xff, 0xe3, 0xe4, 0xff, 0xe3, 0xe4, 0xff, 0xe3, 0xe4, 0xff, 
    0xe3, 0xe4, 0xff, 0xe3, 0xe4, 0xff, 0xe3, 0xe4, 0xff, 0xe3, 0xe4, 0xff, 
    0xe3, 0xe4, 0xff, 0xe3, 0xe4, 0xff, 0xe3, 0xe4, 0xff, 0xe3, 0xe4, 0xff, 
    0xe3, 0xe4, 0xff, 0xe3, 0xe4, 0xff, 0xe3, 0xe4, 0xff, 0xe3, 0xe4, 0xff, 
    0xe3, 0xe4, 0xff, 0xe3, 0xe4, 0xff, 0xe3, 0xe4, 0xff, 0xe3, 0xe4, 0xff, 
    0xe3, 0xe4, 0xff, 0xec, 0x64, 0xff, 0xf4, 0xe3, 0xff, 0xf4, 0xe3, 0xff, 
    0xf4, 0xe3, 0xff, 0xf4, 0xe3, 0xff, 0xf4, 0xe3, 0xff, 0xf4, 0xe3, 0xff, 
    0xf4, 0xe3, 0xff, 0xf4, 0xe3, 0xff, 0xf4, 0xe3, 0xff, 0xf4, 0xe3, 0xff, 
    0xf4, 0xe3, 0xff, 0xf4, 0xe3, 0xff, 0xf4, 0xe3, 0xff, 0xf4, 0xe3, 0xff, 
    0xf4, 0xe3, 0xff, 0xf4, 0xe3, 0xff, 0xf4, 0xe3, 0xff, 0xf4, 0xe3, 0xff, 
    0xf4, 0xe3, 0xff, 0xf4, 0xe3, 0xff, 0xf4, 0xe3, 0xff, 0xf4, 0xe3, 0xff, 
    0xf4, 0xe3, 0xff, 0xf4, 0xe3, 0xff, 0xf4, 0xe3, 0xff, 0xf4, 0xe3, 0xff, 
    0xf4, 0xe3, 0xff, 0xf4, 0xe3, 0xff, 0xf4, 0xe3, 0xff, 0xf4, 0xe3, 0xff, 
    0xf4, 0xe3, 0xff, 0xf4, 0xe3, 0xff, 0xf4, 0xe3, 0xff, 0xf4, 0xe3, 0xff, 
    0xf4, 0xe3, 0xff, 0xf4, 0xe3, 0xff, 0xf4, 0xe3, 0xff, 0xf4, 0xe3, 0xff, 
    0xf4, 0xe3, 0xff, 0xf4, 0xe3, 0xff, 0xf4, 0xe3, 0xfe, 0xf4, 0xe4, 0xff, 
    0xf4, 0xc3, 0x38, 0x00, 0x00, 0x00, 0xfd, 0x40, 0x03, 0x00, 0x00, 0x00, 
    0x00, 0x00, 0x00, 0x00, 0x00, 0x00, 0x00, 0x00, 0x00, 0x00, 0x00, 0x00, 
    0x00, 0x00, 0x00, 0x00, 0x00, 0x00, 0x00, 0x00, 0x00, 0x00, 0x00, 0x00, 
    0x00, 0x00, 0x00, 0x00, 0x00, 0x00, 0x00, 0x00, 0x00, 0x00, 0x00, 0x00, 
    0x00, 0x00, 0x00, 0xfb, 0xe0, 0x02, 0x00, 0x00, 0x00, 0xdc, 0xc4, 0x0f, 
    0xf4, 0xe3, 0xa9, 0xfd, 0x24, 0xff, 0xfd, 0x04, 0xff, 0xf4, 0xe3, 0xfd, 
    0xf4, 0xe3, 0xfb, 0xf4, 0xc3, 0xfc, 0xf4, 0xe3, 0xfd, 0xf4, 0xc3, 0xfe, 
    0xf4, 0xe3, 0xfe, 0xf4, 0xc3, 0xfe, 0xf4, 0xc3, 0xfe, 0xf4, 0xe3, 0xfd, 
    0xf4, 0xc3, 0xfc, 0xf4, 0xc3, 0xfc, 0xf4, 0xe3, 0xfb, 0xf4, 0xc3, 0xfc, 
    0xf4, 0xe3, 0xff, 0xfd, 0x04, 0xff, 0xfd, 0x24, 0xff, 0xfd, 0x24, 0xff, 
    0xfd, 0x04, 0xff, 0xf4, 0xe3, 0xf5, 0xf4, 0xc3, 0xd3, 0xf4, 0xe3, 0xa9, 
    0xf4, 0xc3, 0x80, 0xf4, 0xc3, 0x59, 0xf4, 0xc4, 0x3f, 0xf4, 0xe3, 0x2a, 
    0xf5, 0x03, 0x1b, 0xf4, 0xe3, 0x15, 0xec, 0xc4, 0x17, 0xf4, 0xc3, 0x29, 
    0xec, 0xc3, 0x63, 0xf4, 0xe3, 0xe3, 0xf4, 0xe4, 0xfe, 0xf4, 0xc3, 0xfe, 
    0xf4, 0xe3, 0xff, 0xf4, 0xe3, 0xff, 0xf4, 0xe3, 0xff, 0xf4, 0xe3, 0xff, 
    0xf4, 0xe3, 0xff, 0xf4, 0xe3, 0xff, 0xf4, 0xc3, 0xff, 0xe4, 0x04, 0xff, 
    0xe3, 0xe4, 0xff, 0xe3, 0xe4, 0xff, 0xe3, 0xe4, 0xff, 0xe3, 0xe4, 0xff, 
    0xe3, 0xe4, 0xff, 0xe3, 0xe4, 0xff, 0xe3, 0xe4, 0xff, 0xe3, 0xe4, 0xff, 
    0xe3, 0xe4, 0xff, 0xe3, 0xe4, 0xff, 0xe3, 0xe4, 0xff, 0xe3, 0xe4, 0xff, 
    0xe3, 0xe4, 0xff, 0xe3, 0xe4, 0xff, 0xe3, 0xe4, 0xff, 0xe3, 0xe4, 0xff, 
    0xe3, 0xe4, 0xff, 0xe3, 0xe4, 0xff, 0xe3, 0xe4, 0xff, 0xe3, 0xe4, 0xff, 
    0xe3, 0xe4, 0xff, 0xe3, 0xe4, 0xff, 0xe3, 0xe4, 0xff, 0xe3, 0xe4, 0xff, 
    0xe3, 0xe4, 0xff, 0xe3, 0xe4, 0xff, 0xe3, 0xe4, 0xff, 0xe3, 0xe4, 0xff, 
    0xe3, 0xe4, 0xff, 0xe3, 0xe4, 0xff, 0xe3, 0xe4, 0xff, 0xe3, 0xe4, 0xff, 
    0xe3, 0xe4, 0xff, 0xe3, 0xe4, 0xff, 0xec, 0x84, 0xff, 0xf4, 0xe3, 0xff, 
    0xf4, 0xe3, 0xff, 0xf4, 0xe3, 0xff, 0xf4, 0xe3, 0xff, 0xf4, 0xe3, 0xff, 
    0xf4, 0xe3, 0xff, 0xf4, 0xe3, 0xff, 0xf4, 0xe3, 0xff, 0xf4, 0xe3, 0xff, 
    0xf4, 0xe3, 0xff, 0xf4, 0xe3, 0xff, 0xf4, 0xe3, 0xff, 0xf4, 0xe3, 0xff, 
    0xf4, 0xe3, 0xff, 0xf4, 0xe3, 0xff, 0xf4, 0xe3, 0xff, 0xf4, 0xe3, 0xff, 
    0xf4, 0xe3, 0xff, 0xf4, 0xe3, 0xff, 0xf4, 0xe3, 0xff, 0xf4, 0xe3, 0xff, 
    0xf4, 0xe3, 0xff, 0xf4, 0xe3, 0xff, 0xf4, 0xe3, 0xff, 0xf4, 0xe3, 0xff, 
    0xf4, 0xe3, 0xff, 0xf4, 0xe3, 0xff, 0xf4, 0xe3, 0xff, 0xf4, 0xe3, 0xff, 
    0xf4, 0xe3, 0xff, 0xf4, 0xe3, 0xff, 0xf4, 0xe3, 0xff, 0xf4, 0xe3, 0xff, 
    0xf4, 0xe3, 0xff, 0xf4, 0xe3, 0xff, 0xf4, 0xe3, 0xff, 0xf4, 0xe3, 0xff, 
    0xf4, 0xe3, 0xff, 0xf4, 0xe3, 0xff, 0xf4, 0xe3, 0xfe, 0xf4, 0xe3, 0xff, 
    0xf4, 0xc3, 0x38, 0x00, 0x00, 0x00, 0xfd, 0x40, 0x03, 0x00, 0x00, 0x00, 
    0x00, 0x00, 0x00, 0x00, 0x00, 0x00, 0x00, 0x00, 0x00, 0x00, 0x00, 0x00, 
    0x00, 0x00, 0x00, 0x00, 0x00, 0x00, 0x00, 0x00, 0x00, 0x00, 0x00, 0x00, 
    0x00, 0x00, 0x00, 0x00, 0x00, 0x00, 0x00, 0x00, 0x00, 0x00, 0x00, 0x00, 
    0xfb, 0xe0, 0x02, 0x00, 0x00, 0x00, 0xec, 0xa3, 0x18, 0xf4, 0xe4, 0xcd, 
    0xfd, 0x24, 0xff, 0xf4, 0xc3, 0xfb, 0xf4, 0xc3, 0xfd, 0xf4, 0xe3, 0xff, 
    0xf4, 0xe3, 0xff, 0xf4, 0xe3, 0xff, 0xf4, 0xe3, 0xff, 0xf4, 0xe3, 0xff, 
    0xf4, 0xe3, 0xff, 0xf4, 0xe3, 0xff, 0xf4, 0xe3, 0xff, 0xf4, 0xe3, 0xff, 
    0xf4, 0xe3, 0xff, 0xf4, 0xe3, 0xff, 0xf4, 0xe3, 0xff, 0xf4, 0xe3, 0xff, 
    0xf4, 0xe3, 0xfe, 0xf4, 0xe3, 0xfd, 0xf4, 0xc3, 0xfc, 0xf4, 0xe3, 0xfb, 
    0xf4, 0xe3, 0xfd, 0xf4, 0xe3, 0xff, 0xfd, 0x04, 0xff, 0xfd, 0x24, 0xff, 
    0xfd, 0x24, 0xff, 0xfd, 0x24, 0xff, 0xfd, 0x04, 0xff, 0xf4, 0xe3, 0xfd, 
    0xf4, 0xe3, 0xf6, 0xf4, 0xe3, 0xf1, 0xf4, 0xc3, 0xf3, 0xf4, 0xe3, 0xfc, 
    0xfd, 0x24, 0xff, 0xfd, 0x04, 0xff, 0xf4, 0xc3, 0xff, 0xf4, 0xe3, 0xff, 
    0xf4, 0xe3, 0xff, 0xf4, 0xe3, 0xff, 0xf4, 0xe3, 0xff, 0xf4, 0xe3, 0xff, 
    0xf4, 0xe3, 0xff, 0xf4, 0xe3, 0xff, 0xf4, 0xc4, 0xff, 0xe3, 0xe4, 0xff, 
    0xe3, 0xe4, 0xff, 0xe3, 0xe4, 0xff, 0xe3, 0xe4, 0xff, 0xe3, 0xe4, 0xff, 
    0xe3, 0xe4, 0xff, 0xe3, 0xe4, 0xff, 0xe3, 0xe4, 0xff, 0xe3, 0xe4, 0xff, 
    0xe3, 0xe4, 0xff, 0xe3, 0xe4, 0xff, 0xe3, 0xe4, 0xff, 0xe3, 0xe4, 0xff, 
    0xe3, 0xe4, 0xff, 0xe3, 0xe4, 0xff, 0xe3, 0xe4, 0xff, 0xe3, 0xe4, 0xff, 
    0xe3, 0xe4, 0xff, 0xe3, 0xe4, 0xff, 0xe3, 0xe4, 0xff, 0xe3, 0xe4, 0xff, 
    0xe3, 0xe4, 0xff, 0xe3, 0xe4, 0xff, 0xe3, 0xe4, 0xff, 0xe3, 0xe4, 0xff, 
    0xe3, 0xe4, 0xff, 0xe3, 0xe4, 0xff, 0xe3, 0xe4, 0xff, 0xe3, 0xe4, 0xff, 
    0xe3, 0xe4, 0xff, 0xe3, 0xe4, 0xff, 0xe3, 0xe4, 0xff, 0xe3, 0xe4, 0xff, 
    0xe3, 0xe4, 0xff, 0xe3, 0xe4, 0xff, 0xe3, 0xe4, 0xff, 0xec, 0xa4, 0xff, 
    0xf4, 0xe3, 0xff, 0xf4, 0xe3, 0xff, 0xf4, 0xe3, 0xff, 0xf4, 0xe3, 0xff, 
    0xf4, 0xe3, 0xff, 0xf4, 0xe3, 0xff, 0xf4, 0xe3, 0xff, 0xf4, 0xe3, 0xff, 
    0xf4, 0xe3, 0xff, 0xf4, 0xe3, 0xff, 0xf4, 0xe3, 0xff, 0xf4, 0xe3, 0xff, 
    0xf4, 0xe3, 0xff, 0xf4, 0xe3, 0xff, 0xf4, 0xe3, 0xff, 0xf4, 0xe3, 0xff, 
    0xf4, 0xe3, 0xff, 0xf4, 0xe3, 0xff, 0xf4, 0xe3, 0xff, 0xf4, 0xe3, 0xff, 
    0xf4, 0xe3, 0xff, 0xf4, 0xe3, 0xff, 0xf4, 0xe3, 0xff, 0xf4, 0xe3, 0xff, 
    0xf4, 0xe3, 0xff, 0xf4, 0xe3, 0xff, 0xf4, 0xe3, 0xff, 0xf4, 0xe3, 0xff, 
    0xf4, 0xe3, 0xff, 0xf4, 0xe3, 0xff, 0xf4, 0xe3, 0xff, 0xf4, 0xe3, 0xff, 
    0xf4, 0xe3, 0xff, 0xf4, 0xe3, 0xff, 0xf4, 0xe3, 0xff, 0xf4, 0xe3, 0xff, 
    0xf4, 0xe3, 0xff, 0xf4, 0xe3, 0xfe, 0xf4, 0xe3, 0xff, 0xf4, 0xc3, 0xfc, 
    0xf4, 0xa4, 0x25, 0x00, 0x00, 0x00, 0xfb, 0xe0, 0x02, 0x00, 0x00, 0x00, 
    0x00, 0x00, 0x00, 0x00, 0x00, 0x00, 0x00, 0x00, 0x00, 0x00, 0x00, 0x00, 
    0x00, 0x00, 0x00, 0x00, 0x00, 0x00, 0x00, 0x00, 0x00, 0x00, 0x00, 0x00, 
    0x00, 0x00, 0x00, 0x00, 0x00, 0x00, 0x00, 0x00, 0x00, 0xff, 0xe0, 0x01, 
    0xfb, 0xe0, 0x02, 0xfd, 0x02, 0x0b, 0xf4, 0xe3, 0xcb, 0xfd, 0x24, 0xff, 
    0xf4, 0xc3, 0xfa, 0xf4, 0xe3, 0xff, 0xf4, 0xe3, 0xff, 0xf4, 0xe3, 0xff, 
    0xf4, 0xe3, 0xff, 0xf4, 0xe3, 0xff, 0xf4, 0xe3, 0xff, 0xf4, 0xe3, 0xff, 
    0xf4, 0xe3, 0xff, 0xf4, 0xe3, 0xff, 0xf4, 0xe3, 0xff, 0xf4, 0xe3, 0xff, 
    0xf4, 0xe3, 0xff, 0xf4, 0xe3, 0xff, 0xf4, 0xe3, 0xff, 0xf4, 0xe3, 0xff, 
    0xf4, 0xe3, 0xff, 0xf4, 0xe3, 0xff, 0xf4, 0xe3, 0xff, 0xf4, 0xe3, 0xff, 
    0xf4, 0xe3, 0xff, 0xf4, 0xc3, 0xfe, 0xf4, 0xe3, 0xfd, 0xf4, 0xe3, 0xfb, 
    0xf4, 0xe3, 0xfb, 0xf4, 0xc3, 0xfc, 0xf4, 0xc3, 0xfe, 0xf4, 0xe3, 0xff, 
    0xf4, 0xe3, 0xff, 0xf4, 0xe3, 0xff, 0xf4, 0xe3, 0xff, 0xf4, 0xe3, 0xff, 
    0xf4, 0xc3, 0xfc, 0xf4, 0xc3, 0xfe, 0xf4, 0xe3, 0xff, 0xf4, 0xe3, 0xff, 
    0xf4, 0xe3, 0xff, 0xf4, 0xe3, 0xff, 0xf4, 0xe3, 0xff, 0xf4, 0xe3, 0xff, 
    0xf4, 0xe3, 0xff, 0xf4, 0xe3, 0xff, 0xec, 0x84, 0xff, 0xe3, 0xe4, 0xff, 
    0xe3, 0xe4, 0xff, 0xe3, 0xe4, 0xff, 0xe3, 0xe4, 0xff, 0xe3, 0xe4, 0xff, 
    0xe3, 0xe4, 0xff, 0xe3, 0xe4, 0xff, 0xe3, 0xe4, 0xff, 0xe3, 0xe4, 0xff, 
    0xe3, 0xe4, 0xff, 0xe3, 0xe4, 0xff, 0xe3, 0xe4, 0xff, 0xe3, 0xe4, 0xff, 
    0xe3, 0xe4, 0xff, 0xe3, 0xe4, 0xff, 0xe3, 0xe4, 0xff, 0xe3, 0xe4, 0xff, 
    0xe3, 0xe4, 0xff, 0xe3, 0xe4, 0xff, 0xe3, 0xe4, 0xff, 0xe3, 0xe4, 0xff, 
    0xe3, 0xe4, 0xff, 0xe3, 0xe4, 0xff, 0xe3, 0xe4, 0xff, 0xe3, 0xe4, 0xff, 
    0xe3, 0xe4, 0xff, 0xe3, 0xe4, 0xff, 0xe3, 0xe4, 0xff, 0xe3, 0xe4, 0xff, 
    0xe3, 0xe4, 0xff, 0xe3, 0xe4, 0xff, 0xe3, 0xe4, 0xff, 0xe3, 0xe4, 0xff, 
    0xe3, 0xe4, 0xff, 0xe3, 0xe4, 0xff, 0xe3, 0xe4, 0xff, 0xe3, 0xe4, 0xff, 
    0xec, 0x64, 0xff, 0xf4, 0xe3, 0xff, 0xf4, 0xe3, 0xff, 0xf4, 0xe3, 0xff, 
    0xf4, 0xe3, 0xff, 0xf4, 0xe3, 0xff, 0xf4, 0xe3, 0xff, 0xf4, 0xe3, 0xff, 
    0xf4, 0xe3, 0xff, 0xf4, 0xe3, 0xff, 0xf4, 0xe3, 0xff, 0xf4, 0xe3, 0xff, 
    0xf4, 0xe3, 0xff, 0xf4, 0xe3, 0xff, 0xf4, 0xe3, 0xff, 0xf4, 0xe3, 0xff, 
    0xf4, 0xe3, 0xff, 0xf4, 0xe3, 0xff, 0xf4, 0xe3, 0xff, 0xf4, 0xe3, 0xff, 
    0xf4, 0xe3, 0xff, 0xf4, 0xe3, 0xff, 0xf4, 0xe3, 0xff, 0xf4, 0xe3, 0xff, 
    0xf4, 0xe3, 0xff, 0xf4, 0xe3, 0xff, 0xf4, 0xe3, 0xff, 0xf4, 0xe3, 0xff, 
    0xf4, 0xe3, 0xff, 0xf4, 0xe3, 0xff, 0xf4, 0xe3, 0xff, 0xf4, 0xe3, 0xff, 
    0xf4, 0xe3, 0xff, 0xf4, 0xe3, 0xff, 0xf4, 0xe3, 0xff, 0xf4, 0xe3, 0xff, 
    0xf4, 0xe3, 0xff, 0xf4, 0xe3, 0xfd, 0xfd, 0x04, 0xff, 0xf4, 0xc3, 0xe2, 
    0xfd, 0x43, 0x09, 0x00, 0x00, 0x00, 0xff, 0xe0, 0x01, 0x00, 0x00, 0x00, 
    0x00, 0x00, 0x00, 0x00, 0x00, 0x00, 0x00, 0x00, 0x00, 0x00, 0x00, 0x00, 
    0x00, 0x00, 0x00, 0x00, 0x00, 0x00, 0x00, 0x00, 0x00, 0x00, 0x00, 0x00, 
    0x00, 0x00, 0x00, 0x00, 0x00, 0x00, 0x00, 0x00, 0x00, 0xfd, 0x40, 0x03, 
    0x00, 0x00, 0x00, 0xec, 0xc3, 0xa5, 0xfd, 0x44, 0xff, 0xf4, 0xe3, 0xfa, 
    0xf4, 0xe3, 0xff, 0xf4, 0xe3, 0xff, 0xf4, 0xe3, 0xff, 0xf4, 0xe3, 0xff, 
    0xf4, 0xe3, 0xff, 0xf4, 0xe3, 0xff, 0xf4, 0xe3, 0xff, 0xf4, 0xe3, 0xff, 
    0xf4, 0xe3, 0xff, 0xf4, 0xe3, 0xff, 0xf4, 0xe3, 0xff, 0xf4, 0xe3, 0xff, 
    0xf4, 0xe3, 0xff, 0xf4, 0xe3, 0xff, 0xf4, 0xe3, 0xff, 0xf4, 0xe3, 0xff, 
    0xf4, 0xe3, 0xff, 0xf4, 0xe3, 0xff, 0xf4, 0xe3, 0xff, 0xf4, 0xe3, 0xff, 
    0xf4, 0xe3, 0xff, 0xf4, 0xe3, 0xff, 0xf4, 0xe3, 0xff, 0xf4, 0xe3, 0xff, 
    0xf4, 0xe3, 0xff, 0xf4, 0xe3, 0xff, 0xf4, 0xe3, 0xff, 0xf4, 0xe3, 0xfe, 
    0xf4, 0xe3, 0xfe, 0xf4, 0xc3, 0xfe, 0xf4, 0xc3, 0xfe, 0xf4, 0xe3, 0xfe, 
    0xf4, 0xe3, 0xff, 0xf4, 0xe3, 0xff, 0xf4, 0xe3, 0xff, 0xf4, 0xe3, 0xff, 
    0xf4, 0xe3, 0xff, 0xf4, 0xe3, 0xff, 0xf4, 0xe3, 0xff, 0xf4, 0xe3, 0xff, 
    0xf4, 0xe3, 0xff, 0xf4, 0xe3, 0xff, 0xec, 0x44, 0xff, 0xe3, 0xe4, 0xff, 
    0xe3, 0xe4, 0xff, 0xe3, 0xe4, 0xff, 0xe3, 0xe4, 0xff, 0xe3, 0xe4, 0xff, 
    0xe3, 0xe4, 0xff, 0xe3, 0xe4, 0xff, 0xe3, 0xe4, 0xff, 0xe3, 0xe4, 0xff, 
    0xe3, 0xe4, 0xff, 0xe3, 0xe4, 0xff, 0xe3, 0xe4, 0xff, 0xe3, 0xe4, 0xff, 
    0xe3, 0xe4, 0xff, 0xe3, 0xe4, 0xff, 0xe3, 0xe4, 0xff, 0xe3, 0xe4, 0xff, 
    0xe3, 0xe4, 0xff, 0xe3, 0xe4, 0xff, 0xe3, 0xe4, 0xff, 0xe3, 0xe4, 0xff, 
    0xe3, 0xe4, 0xff, 0xe3, 0xe4, 0xff, 0xe3, 0xe4, 0xff, 0xe3, 0xe4, 0xff, 
    0xe3, 0xe4, 0xff, 0xe3, 0xe4, 0xff, 0xe3, 0xe4, 0xff, 0xe3, 0xe4, 0xff, 
    0xe3, 0xe4, 0xff, 0xe3, 0xe4, 0xff, 0xe3, 0xe4, 0xff, 0xe3, 0xe4, 0xff, 
    0xe3, 0xe4, 0xff, 0xe3, 0xe4, 0xff, 0xe3, 0xe4, 0xff, 0xe3, 0xe4, 0xff, 
    0xe3, 0xe4, 0xff, 0xec, 0x24, 0xff, 0xec, 0xa4, 0xff, 0xf4, 0xe3, 0xff, 
    0xf4, 0xe3, 0xff, 0xf4, 0xe3, 0xff, 0xf4, 0xe3, 0xff, 0xf4, 0xe3, 0xff, 
    0xf4, 0xe3, 0xff, 0xf4, 0xe3, 0xff, 0xf4, 0xe3, 0xff, 0xf4, 0xe3, 0xff, 
    0xf4, 0xe3, 0xff, 0xf4, 0xe3, 0xff, 0xf4, 0xe3, 0xff, 0xf4, 0xe3, 0xff, 
    0xf4, 0xe3, 0xff, 0xf4, 0xe3, 0xff, 0xf4, 0xe3, 0xff, 0xf4, 0xe3, 0xff, 
    0xf4, 0xe3, 0xff, 0xf4, 0xe3, 0xff, 0xf4, 0xe3, 0xff, 0xf4, 0xe3, 0xff, 
    0xf4, 0xe3, 0xff, 0xf4, 0xe3, 0xff, 0xf4, 0xe3, 0xff, 0xf4, 0xe3, 0xff, 
    0xf4, 0xe3, 0xff, 0xf4, 0xe3, 0xff, 0xf4, 0xe3, 0xff, 0xf4, 0xe3, 0xff, 
    0xf4, 0xe3, 0xff, 0xf4, 0xe3, 0xff, 0xf4, 0xe3, 0xff, 0xf4, 0xe3, 0xff, 
    0xf4, 0xe3, 0xff, 0xf4, 0xe3, 0xfb, 0xfd, 0x24, 0xfe, 0xf4, 0xc3, 0xa9, 
    0x00, 0x00, 0x00, 0xfd, 0x40, 0x03, 0x00, 0x00, 0x00, 0x00, 0x00, 0x00, 
    0x00, 0x00, 0x00, 0x00, 0x00, 0x00, 0x00, 0x00, 0x00, 0x00, 0x00, 0x00, 
    0x00, 0x00, 0x00, 0x00, 0x00, 0x00, 0x00, 0x00, 0x00, 0x00, 0x00, 0x00, 
    0x00, 0x00, 0x00, 0x00, 0x00, 0x00, 0xfd, 0x40, 0x03, 0x00, 0x00, 0x00, 
    0xf4, 0xe3, 0x55, 0xfd, 0x24, 0xff, 0xf4, 0xe3, 0xfb, 0xf4, 0xe3, 0xff, 
    0xf4, 0xe3, 0xff, 0xf4, 0xe3, 0xff, 0xf4, 0xe3, 0xff, 0xf4, 0xe3, 0xff, 
    0xf4, 0xe3, 0xff, 0xf4, 0xe3, 0xff, 0xf4, 0xe3, 0xff, 0xf4, 0xe3, 0xff, 
    0xf4, 0xe3, 0xff, 0xf4, 0xe3, 0xff, 0xf4, 0xe3, 0xff, 0xf4, 0xe3, 0xff, 
    0xf4, 0xe3, 0xff, 0xf4, 0xe3, 0xff, 0xf4, 0xe3, 0xff, 0xf4, 0xe3, 0xff, 
    0xf4, 0xe3, 0xff, 0xf4, 0xe3, 0xff, 0xf4, 0xe3, 0xff, 0xf4, 0xe3, 0xff, 
    0xf4, 0xe3, 0xff, 0xf4, 0xe3, 0xff, 0xf4, 0xe3, 0xff, 0xf4, 0xe3, 0xff, 
    0xf4, 0xe3, 0xff, 0xf4, 0xe3, 0xff, 0xf4, 0xe3, 0xff, 0xf4, 0xe3, 0xff, 
    0xf4, 0xe3, 0xff, 0xf4, 0xe3, 0xff, 0xf4, 0xe3, 0xff, 0xf4, 0xe3, 0xff, 
    0xf4, 0xe3, 0xff, 0xf4, 0xe3, 0xff, 0xf4, 0xe3, 0xff, 0xf4, 0xe3, 0xff, 
    0xf4, 0xe3, 0xff, 0xf4, 0xe3, 0xff, 0xf4, 0xe3, 0xff, 0xf4, 0xe3, 0xff, 
    0xf4, 0xe3, 0xff, 0xf4, 0xc4, 0xff, 0xe3, 0xe4, 0xff, 0xe3, 0xe4, 0xff, 
    0xe3, 0xe4, 0xff, 0xe3, 0xe4, 0xff, 0xe3, 0xe4, 0xff, 0xe3, 0xe4, 0xff, 
    0xe3, 0xe4, 0xff, 0xe3, 0xe4, 0xff, 0xe3, 0xe4, 0xff, 0xe3, 0xe4, 0xff, 
    0xe3, 0xe4, 0xff, 0xe3, 0xe4, 0xff, 0xe3, 0xe4, 0xff, 0xe3, 0xe4, 0xff, 
    0xe3, 0xe4, 0xff, 0xe3, 0xe4, 0xff, 0xe3, 0xe4, 0xff, 0xe3, 0xe4, 0xff, 
    0xe3, 0xe4, 0xff, 0xe3, 0xe4, 0xff, 0xe3, 0xe4, 0xff, 0xe3, 0xe4, 0xff, 
    0xe3, 0xe4, 0xff, 0xe3, 0xe4, 0xff, 0xe3, 0xe4, 0xff, 0xe3, 0xe4, 0xff, 
    0xe3, 0xe4, 0xff, 0xe3, 0xe4, 0xff, 0xe3, 0xe4, 0xff, 0xe3, 0xe4, 0xff, 
    0xe3, 0xe4, 0xff, 0xe3, 0xe4, 0xff, 0xe3, 0xe4, 0xff, 0xe3, 0xe4, 0xff, 
    0xe3, 0xe4, 0xff, 0xe3, 0xe4, 0xff, 0xe3, 0xe4, 0xff, 0xe3, 0xe4, 0xff, 
    0xe3, 0xe4, 0xff, 0xe3, 0xe4, 0xff, 0xe3, 0xe4, 0xff, 0xec, 0x24, 0xff, 
    0xec, 0xa4, 0xff, 0xf4, 0xe3, 0xff, 0xf4, 0xe3, 0xff, 0xf4, 0xe3, 0xff, 
    0xf4, 0xe3, 0xff, 0xf4, 0xe3, 0xff, 0xf4, 0xe3, 0xff, 0xf4, 0xe3, 0xff, 
    0xf4, 0xe3, 0xff, 0xf4, 0xe3, 0xff, 0xf4, 0xe3, 0xff, 0xf4, 0xe3, 0xff, 
    0xf4, 0xe3, 0xff, 0xf4, 0xe3, 0xff, 0xf4, 0xe3, 0xff, 0xf4, 0xe3, 0xff, 
    0xf4, 0xe3, 0xff, 0xf4, 0xe3, 0xff, 0xf4, 0xe3, 0xff, 0xf4, 0xe3, 0xff, 
    0xf4, 0xe3, 0xff, 0xf4, 0xe3, 0xff, 0xf4, 0xe3, 0xff, 0xf4, 0xe3, 0xff, 
    0xf4, 0xe3, 0xff, 0xf4, 0xe3, 0xff, 0xf4, 0xe3, 0xff, 0xf4, 0xe3, 0xff, 
    0xf4, 0xe3, 0xff, 0xf4, 0xe3, 0xff, 0xf4, 0xe3, 0xff, 0xf4, 0xe3, 0xff, 
    0xf4, 0xe3, 0xff, 0xf4, 0xc3, 0xfc, 0xfd, 0x24, 0xff, 0xf4, 0xe3, 0x4b, 
    0x00, 0x00, 0x00, 0xbb, 0xe0, 0x04, 0x00, 0x00, 0x00, 0x00, 0x00, 0x00, 
    0x00, 0x00, 0x00, 0x00, 0x00, 0x00, 0x00, 0x00, 0x00, 0x00, 0x00, 0x00, 
    0x00, 0x00, 0x00, 0x00, 0x00, 0x00, 0x00, 0x00, 0x00, 0x00, 0x00, 0x00, 
    0x00, 0x00, 0x00, 0x00, 0x00, 0x00, 0x7b, 0xe0, 0x02, 0xad, 0x40, 0x03, 
    0xf4, 0xe3, 0xcc, 0xfd, 0x04, 0xfe, 0xf4, 0xc3, 0xfc, 0xf4, 0xe3, 0xff, 
    0xf4, 0xe3, 0xff, 0xf4, 0xe3, 0xff, 0xf4, 0xe3, 0xff, 0xf4, 0xe3, 0xff, 
    0xf4, 0xe3, 0xff, 0xf4, 0xe3, 0xff, 0xf4, 0xe3, 0xff, 0xf4, 0xe3, 0xff, 
    0xf4, 0xe3, 0xff, 0xf4, 0xe3, 0xff, 0xf4, 0xe3, 0xff, 0xf4, 0xe3, 0xff, 
    0xf4, 0xe3, 0xff, 0xf4, 0xe3, 0xff, 0xf4, 0xe3, 0xff, 0xf4, 0xe3, 0xff, 
    0xf4, 0xe3, 0xff, 0xf4, 0xe3, 0xff, 0xf4, 0xe3, 0xff, 0xf4, 0xe3, 0xff, 
    0xf4, 0xe3, 0xff, 0xf4, 0xe3, 0xff, 0xf4, 0xe3, 0xff, 0xf4, 0xe3, 0xff, 
    0xf4, 0xe3, 0xff, 0xf4, 0xe3, 0xff, 0xf4, 0xe3, 0xff, 0xf4, 0xe3, 0xff, 
    0xf4, 0xe3, 0xff, 0xf4, 0xe3, 0xff, 0xf4, 0xe3, 0xff, 0xf4, 0xe3, 0xff, 
    0xf4, 0xe3, 0xff, 0xf4, 0xe3, 0xff, 0xf4, 0xe3, 0xff, 0xf4, 0xe3, 0xff, 
    0xf4, 0xe3, 0xff, 0xf4, 0xe3, 0xff, 0xf4, 0xe3, 0xff, 0xf4, 0xe3, 0xff, 
    0xf4, 0xe3, 0xff, 0xec, 0x44, 0xff, 0xe3, 0xe4, 0xff, 0xe3, 0xe4, 0xff, 
    0xe3, 0xe4, 0xff, 0xe3, 0xe4, 0xff, 0xe3, 0xe4, 0xff, 0xe3, 0xe4, 0xff, 
    0xe3, 0xe4, 0xff, 0xe3, 0xe4, 0xff, 0xe3, 0xe4, 0xff, 0xe3, 0xe4, 0xff, 
    0xe3, 0xe4, 0xff, 0xe3, 0xe4, 0xff, 0xe3, 0xe4, 0xff, 0xe3, 0xe4, 0xff, 
    0xe3, 0xe4, 0xff, 0xe3, 0xe4, 0xff, 0xe3, 0xe4, 0xff, 0xe3, 0xe4, 0xff, 
    0xe3, 0xe4, 0xff, 0xe3, 0xe4, 0xff, 0xe3, 0xe4, 0xff, 0xe3, 0xe4, 0xff, 
    0xe3, 0xe4, 0xff, 0xe3, 0xe4, 0xff, 0xe3, 0xe4, 0xff, 0xe3, 0xe4, 0xff, 
    0xe3, 0xe4, 0xff, 0xe3, 0xe4, 0xff, 0xe3, 0xe4, 0xff, 0xe3, 0xe4, 0xff, 
    0xe3, 0xe4, 0xff, 0xe3, 0xe4, 0xff, 0xe3, 0xe4, 0xff, 0xe3, 0xe4, 0xff, 
    0xe3, 0xe4, 0xff, 0xe3, 0xe4, 0xff, 0xe3, 0xe4, 0xff, 0xe3, 0xe4, 0xff, 
    0xe3, 0xe4, 0xff, 0xe3, 0xe4, 0xff, 0xe3, 0xe4, 0xff, 0xe3, 0xe4, 0xff, 
    0xe3, 0xe4, 0xff, 0xec, 0x84, 0xff, 0xf4, 0xe3, 0xff, 0xf4, 0xe3, 0xff, 
    0xf4, 0xe3, 0xff, 0xf4, 0xe3, 0xff, 0xf4, 0xe3, 0xff, 0xf4, 0xe3, 0xff, 
    0xf4, 0xe3, 0xff, 0xf4, 0xe3, 0xff, 0xf4, 0xe3, 0xff, 0xf4, 0xe3, 0xff, 
    0xf4, 0xe3, 0xff, 0xf4, 0xe3, 0xff, 0xf4, 0xe3, 0xff, 0xf4, 0xe3, 0xff, 
    0xf4, 0xe3, 0xff, 0xf4, 0xe3, 0xff, 0xf4, 0xe3, 0xff, 0xf4, 0xe3, 0xff, 
    0xf4, 0xe3, 0xff, 0xf4, 0xe3, 0xff, 0xf4, 0xe3, 0xff, 0xf4, 0xe3, 0xff, 
    0xf4, 0xe3, 0xff, 0xf4, 0xe3, 0xff, 0xf4, 0xe3, 0xff, 0xf4, 0xe3, 0xff, 
    0xf4, 0xe3, 0xff, 0xf4, 0xe3, 0xff, 0xf4, 0xe3, 0xff, 0xf4, 0xe3, 0xff, 
    0xf4, 0xc3, 0xfc, 0xfd, 0x24, 0xff, 0xec, 0xc3, 0xcb, 0xfd, 0x4a, 0x03, 
    0x7b, 0xe0, 0x02, 0x00, 0x00, 0x00, 0x00, 0x00, 0x00, 0x00, 0x00, 0x00, 
    0x00, 0x00, 0x00, 0x00, 0x00, 0x00, 0x00, 0x00, 0x00, 0x00, 0x00, 0x00, 
    0x00, 0x00, 0x00, 0x00, 0x00, 0x00, 0x00, 0x00, 0x00, 0x00, 0x00, 0x00, 
    0x00, 0x00, 0x00, 0xfb, 0xe0, 0x02, 0x00, 0x00, 0x00, 0xf4, 0xc4, 0x26, 
    0xf4, 0xe3, 0xfc, 0xf4, 0xe3, 0xff, 0xf4, 0xe3, 0xfe, 0xf4, 0xe3, 0xff, 
    0xf4, 0xe3, 0xff, 0xf4, 0xe3, 0xff, 0xf4, 0xe3, 0xff, 0xf4, 0xe3, 0xff, 
    0xf4, 0xe3, 0xff, 0xf4, 0xe3, 0xff, 0xf4, 0xe3, 0xff, 0xf4, 0xe3, 0xff, 
    0xf4, 0xe3, 0xff, 0xf4, 0xe3, 0xff, 0xf4, 0xe3, 0xff, 0xf4, 0xe3, 0xff, 
    0xf4, 0xe3, 0xff, 0xf4, 0xe3, 0xff, 0xf4, 0xe3, 0xff, 0xf4, 0xe3, 0xff, 
    0xf4, 0xe3, 0xff, 0xf4, 0xe3, 0xff, 0xf4, 0xe3, 0xff, 0xf4, 0xe3, 0xff, 
    0xf4, 0xe3, 0xff, 0xf4, 0xe3, 0xff, 0xf4, 0xe3, 0xff, 0xf4, 0xe3, 0xff, 
    0xf4, 0xe3, 0xff, 0xf4, 0xe3, 0xff, 0xf4, 0xe3, 0xff, 0xf4, 0xe3, 0xff, 
    0xf4, 0xe3, 0xff, 0xf4, 0xe3, 0xff, 0xf4, 0xe3, 0xff, 0xf4, 0xe3, 0xff, 
    0xf4, 0xe3, 0xff, 0xf4, 0xe3, 0xff, 0xf4, 0xe3, 0xff, 0xf4, 0xe3, 0xff, 
    0xf4, 0xe3, 0xff, 0xf4, 0xe3, 0xff, 0xf4, 0xe3, 0xff, 0xf4, 0xe3, 0xff, 
    0xec, 0x64, 0xff, 0xe3, 0xe4, 0xff, 0xe3, 0xe4, 0xff, 0xe3, 0xe4, 0xff, 
    0xe3, 0xe4, 0xff, 0xe3, 0xe4, 0xff, 0xe3, 0xe4, 0xff, 0xe3, 0xe4, 0xff, 
    0xe3, 0xe4, 0xff, 0xe3, 0xe4, 0xff, 0xe3, 0xe4, 0xff, 0xe3, 0xe4, 0xff, 
    0xe3, 0xe4, 0xff, 0xe3, 0xe4, 0xff, 0xe3, 0xe4, 0xff, 0xe3, 0xe4, 0xff, 
    0xe3, 0xe4, 0xff, 0xe3, 0xe4, 0xff, 0xe3, 0xe4, 0xff, 0xe3, 0xe4, 0xff, 
    0xe3, 0xe4, 0xff, 0xe3, 0xe4, 0xff, 0xe3, 0xe4, 0xff, 0xe3, 0xe4, 0xff, 
    0xe3, 0xe4, 0xff, 0xe3, 0xe4, 0xff, 0xe3, 0xe4, 0xff, 0xe3, 0xe4, 0xff, 
    0xe3, 0xe4, 0xff, 0xe3, 0xe4, 0xff, 0xe3, 0xe4, 0xff, 0xe3, 0xe4, 0xff, 
    0xe3, 0xe4, 0xff, 0xe3, 0xe4, 0xff, 0xe3, 0xe4, 0xff, 0xe3, 0xe4, 0xff, 
    0xe3, 0xe4, 0xff, 0xe3, 0xe4, 0xff, 0xe3, 0xe4, 0xff, 0xe3, 0xe4, 0xff, 
    0xe3, 0xe4, 0xff, 0xe3, 0xe4, 0xff, 0xe3, 0xe4, 0xff, 0xe3, 0xe4, 0xff, 
    0xe3, 0xe4, 0xff, 0xe3, 0xe4, 0xff, 0xf4, 0xc4, 0xff, 0xf4, 0xe3, 0xff, 
    0xf4, 0xe3, 0xff, 0xf4, 0xe3, 0xff, 0xf4, 0xe3, 0xff, 0xf4, 0xe3, 0xff, 
    0xf4, 0xe3, 0xff, 0xf4, 0xe3, 0xff, 0xf4, 0xe3, 0xff, 0xf4, 0xe3, 0xff, 
    0xf4, 0xe3, 0xff, 0xf4, 0xe3, 0xff, 0xf4, 0xe3, 0xff, 0xf4, 0xe3, 0xff, 
    0xf4, 0xe3, 0xff, 0xf4, 0xe3, 0xff, 0xf4, 0xe3, 0xff, 0xf4, 0xe3, 0xff, 
    0xf4, 0xe3, 0xff, 0xf4, 0xe3, 0xff, 0xf4, 0xe3, 0xff, 0xf4, 0xe3, 0xff, 
    0xf4, 0xe3, 0xff, 0xf4, 0xe3, 0xff, 0xf4, 0xe3, 0xff, 0xf4, 0xe3, 0xff, 
    0xf4, 0xe3, 0xff, 0xf4, 0xe3, 0xff, 0xf4, 0xe3, 0xff, 0xf4, 0xc3, 0xfd, 
    0xf4, 0xe3, 0xfd, 0xf4, 0xe4, 0xfc, 0xf4, 0xc3, 0x35, 0x00, 0x00, 0x00, 
    0xaa, 0xa0, 0x03, 0x00, 0x00, 0x00, 0x00, 0x00, 0x00, 0x00, 0x00, 0x00, 
    0x00, 0x00, 0x00, 0x00, 0x00, 0x00, 0x00, 0x00, 0x00, 0x00, 0x00, 0x00, 
    0x00, 0x00, 0x00, 0x00, 0x00, 0x00, 0x00, 0x00, 0x00, 0x00, 0x00, 0x00, 
    0x00, 0x00, 0x00, 0xfd, 0x40, 0x03, 0x00, 0x00, 0x00, 0xf4, 0xe3, 0x49, 
    0xfd, 0x04, 0xff, 0xf4, 0xc3, 0xfd, 0xf4, 0xe3, 0xff, 0xf4, 0xe3, 0xff, 
    0xf4, 0xe3, 0xff, 0xf4, 0xe3, 0xff, 0xf4, 0xe3, 0xff, 0xf4, 0xe3, 0xff, 
    0xf4, 0xe3, 0xff, 0xf4, 0xe3, 0xff, 0xf4, 0xe3, 0xff, 0xf4, 0xe3, 0xff, 
    0xf4, 0xe3, 0xff, 0xf4, 0xe3, 0xff, 0xf4, 0xe3, 0xff, 0xf4, 0xe3, 0xff, 
    0xf4, 0xe3, 0xff, 0xf4, 0xe3, 0xff, 0xf4, 0xe3, 0xff, 0xf4, 0xe3, 0xff, 
    0xf4, 0xe3, 0xff, 0xf4, 0xe3, 0xff, 0xf4, 0xe3, 0xff, 0xf4, 0xe3, 0xff, 
    0xf4, 0xe3, 0xff, 0xf4, 0xe3, 0xff, 0xf4, 0xe3, 0xff, 0xf4, 0xe3, 0xff, 
    0xf4, 0xe3, 0xff, 0xf4, 0xe3, 0xff, 0xf4, 0xe3, 0xff, 0xf4, 0xe3, 0xff, 
    0xf4, 0xe3, 0xff, 0xf4, 0xe3, 0xff, 0xf4, 0xe3, 0xff, 0xf4, 0xe3, 0xff, 
    0xf4, 0xe3, 0xff, 0xf4, 0xe3, 0xff, 0xf4, 0xe3, 0xff, 0xf4, 0xe3, 0xff, 
    0xf4, 0xe3, 0xff, 0xf4, 0xe3, 0xff, 0xf4, 0xe3, 0xff, 0xec, 0x64, 0xff, 
    0xe3, 0xe4, 0xff, 0xe3, 0xe4, 0xff, 0xe3, 0xe4, 0xff, 0xe3, 0xe4, 0xff, 
    0xe3, 0xe4, 0xff, 0xe3, 0xe4, 0xff, 0xe3, 0xe4, 0xff, 0xe3, 0xe4, 0xff, 
    0xe3, 0xe4, 0xff, 0xe3, 0xe4, 0xff, 0xe3, 0xe4, 0xff, 0xe3, 0xe4, 0xff, 
    0xe3, 0xe4, 0xff, 0xe3, 0xe4, 0xff, 0xe3, 0xe4, 0xff, 0xe3, 0xe4, 0xff, 
    0xe3, 0xe4, 0xff, 0xe3, 0xe4, 0xff, 0xe3, 0xe4, 0xff, 0xe3, 0xe4, 0xff, 
    0xe3, 0xe4, 0xff, 0xe3, 0xe4, 0xff, 0xe3, 0xe4, 0xff, 0xe3, 0xe4, 0xff, 
    0xe3, 0xe4, 0xff, 0xe3, 0xe4, 0xff, 0xe3, 0xe4, 0xff, 0xe3, 0xe4, 0xff, 
    0xe3, 0xe4, 0xff, 0xe3, 0xe4, 0xff, 0xe3, 0xe4, 0xff, 0xe3, 0xe4, 0xff, 
    0xe3, 0xe4, 0xff, 0xe3, 0xe4, 0xff, 0xe3, 0xe4, 0xff, 0xe3, 0xe4, 0xff, 
    0xe3, 0xe4, 0xff, 0xe3, 0xe4, 0xff, 0xe3, 0xe4, 0xff, 0xe3, 0xe4, 0xff, 
    0xe3, 0xe4, 0xff, 0xe3, 0xe4, 0xff, 0xe3, 0xe4, 0xff, 0xe3, 0xe4, 0xff, 
    0xe3, 0xe4, 0xff, 0xe3, 0xe4, 0xff, 0xec, 0x64, 0xff, 0xf4, 0xe3, 0xff, 
    0xf4, 0xe3, 0xff, 0xf4, 0xe3, 0xff, 0xf4, 0xe3, 0xff, 0xf4, 0xe3, 0xff, 
    0xf4, 0xe3, 0xff, 0xf4, 0xe3, 0xff, 0xf4, 0xe3, 0xff, 0xf4, 0xe3, 0xff, 
    0xf4, 0xe3, 0xff, 0xf4, 0xe3, 0xff, 0xf4, 0xe3, 0xff, 0xf4, 0xe3, 0xff, 
    0xf4, 0xe3, 0xff, 0xf4, 0xe3, 0xff, 0xf4, 0xe3, 0xff, 0xf4, 0xe3, 0xff, 
    0xf4, 0xe3, 0xff, 0xf4, 0xe3, 0xff, 0xf4, 0xe3, 0xff, 0xf4, 0xe3, 0xff, 
    0xf4, 0xe3, 0xff, 0xf4, 0xe3, 0xff, 0xf4, 0xe3, 0xff, 0xf4, 0xe3, 0xff, 
    0xf4, 0xe3, 0xff, 0xf4, 0xe3, 0xfe, 0xf4, 0xc3, 0xfb, 0xf4, 0xe4, 0xff, 
    0xfd, 0x24, 0xff, 0xf4, 0xc3, 0x61, 0x00, 0x00, 0x00, 0xfd, 0x40, 0x03, 
    0x00, 0x00, 0x00, 0x00, 0x00, 0x00, 0x00, 0x00, 0x00, 0x00, 0x00, 0x00, 
    0x00, 0x00, 0x00, 0x00, 0x00, 0x00, 0x00, 0x00, 0x00, 0x00, 0x00, 0x00, 
    0x00, 0x00, 0x00, 0x00, 0x00, 0x00, 0x00, 0x00, 0x00, 0x00, 0x00, 0x00, 
    0x00, 0x00, 0x00, 0xfd, 0x40, 0x03, 0x00, 0x00, 0x00, 0xf4, 0xe3, 0x4c, 
    0xfd, 0x04, 0xfe, 0xf4, 0xc3, 0xfc, 0xf4, 0xe3, 0xff, 0xf4, 0xe3, 0xff, 
    0xf4, 0xe3, 0xff, 0xf4, 0xe3, 0xff, 0xf4, 0xe3, 0xff, 0xf4, 0xe3, 0xff, 
    0xf4, 0xe3, 0xff, 0xf4, 0xe3, 0xff, 0xf4, 0xe3, 0xff, 0xf4, 0xe3, 0xff, 
    0xf4, 0xe3, 0xff, 0xf4, 0xe3, 0xff, 0xf4, 0xe3, 0xff, 0xf4, 0xe3, 0xff, 
    0xf4, 0xe3, 0xff, 0xf4, 0xe3, 0xff, 0xf4, 0xe3, 0xff, 0xf4, 0xe3, 0xff, 
    0xf4, 0xe3, 0xff, 0xf4, 0xe3, 0xff, 0xf4, 0xe3, 0xff, 0xf4, 0xe3, 0xff, 
    0xf4, 0xe3, 0xff, 0xf4, 0xe3, 0xff, 0xf4, 0xe3, 0xff, 0xf4, 0xe3, 0xff, 
    0xf4, 0xe3, 0xff, 0xf4, 0xe3, 0xff, 0xf4, 0xe3, 0xff, 0xf4, 0xe3, 0xff, 
    0xf4, 0xe3, 0xff, 0xf4, 0xe3, 0xff, 0xf4, 0xe3, 0xff, 0xf4, 0xe3, 0xff, 
    0xf4, 0xe3, 0xff, 0xf4, 0xe3, 0xff, 0xf4, 0xe3, 0xff, 0xf4, 0xe3, 0xff, 
    0xf4, 0xe3, 0xff, 0xf4, 0xe3, 0xff, 0xec, 0x84, 0xff, 0xe3, 0xe4, 0xff, 
    0xe3, 0xe4, 0xff, 0xe3, 0xe4, 0xff, 0xe3, 0xe4, 0xff, 0xe3, 0xe4, 0xff, 
    0xe3, 0xe4, 0xff, 0xe3, 0xe4, 0xff, 0xe3, 0xe4, 0xff, 0xe3, 0xe4, 0xff, 
    0xe3, 0xe4, 0xff, 0xe3, 0xe4, 0xff, 0xe3, 0xe4, 0xff, 0xe3, 0xe4, 0xff, 
    0xe3, 0xe4, 0xff, 0xe3, 0xe4, 0xff, 0xe3, 0xe4, 0xff, 0xe3, 0xe4, 0xff, 
    0xe3, 0xe4, 0xff, 0xe3, 0xe4, 0xff, 0xe3, 0xe4, 0xff, 0xe3, 0xe4, 0xff, 
    0xe3, 0xe4, 0xff, 0xe3, 0xe4, 0xff, 0xe3, 0xe4, 0xff, 0xe3, 0xe4, 0xff, 
    0xe3, 0xe4, 0xff, 0xe3, 0xe4, 0xff, 0xe3, 0xe4, 0xff, 0xe3, 0xe4, 0xff, 
    0xe3, 0xe4, 0xff, 0xe3, 0xe4, 0xff, 0xe3, 0xe4, 0xff, 0xe3, 0xe4, 0xff, 
    0xe3, 0xe4, 0xff, 0xe3, 0xe4, 0xff, 0xe3, 0xe4, 0xff, 0xe3, 0xe4, 0xff, 
    0xe3, 0xe4, 0xff, 0xe3, 0xe4, 0xff, 0xe3, 0xe4, 0xff, 0xe3, 0xe4, 0xff, 
    0xe3, 0xe4, 0xff, 0xe3, 0xe4, 0xff, 0xe3, 0xe4, 0xff, 0xe3, 0xe4, 0xff, 
    0xe3, 0xe4, 0xff, 0xe3, 0xe4, 0xff, 0xec, 0x44, 0xff, 0xf4, 0xe3, 0xff, 
    0xf4, 0xe3, 0xff, 0xf4, 0xe3, 0xff, 0xf4, 0xe3, 0xff, 0xf4, 0xe3, 0xff, 
    0xf4, 0xe3, 0xff, 0xf4, 0xe3, 0xff, 0xf4, 0xe3, 0xff, 0xf4, 0xe3, 0xff, 
    0xf4, 0xe3, 0xff, 0xf4, 0xe3, 0xff, 0xf4, 0xe3, 0xff, 0xf4, 0xe3, 0xff, 
    0xf4, 0xe3, 0xff, 0xf4, 0xe3, 0xff, 0xf4, 0xe3, 0xff, 0xf4, 0xe3, 0xff, 
    0xf4, 0xe3, 0xff, 0xf4, 0xe3, 0xff, 0xf4, 0xe3, 0xff, 0xf4, 0xe3, 0xff, 
    0xf4, 0xe3, 0xff, 0xf4, 0xc3, 0xfe, 0xf4, 0xe3, 0xfd, 0xf4, 0xc3, 0xfc, 
    0xf4, 0xe3, 0xfb, 0xf4, 0xe3, 0xff, 0xfd, 0x24, 0xff, 0xfd, 0x04, 0xef, 
    0xf4, 0xc3, 0x5a, 0x00, 0x00, 0x00, 0xfd, 0x40, 0x03, 0x00, 0x00, 0x00, 
    0x00, 0x00, 0x00, 0x00, 0x00, 0x00, 0x00, 0x00, 0x00, 0x00, 0x00, 0x00, 
    0x00, 0x00, 0x00, 0x00, 0x00, 0x00, 0x00, 0x00, 0x00, 0x00, 0x00, 0x00, 
    0x00, 0x00, 0x00, 0x00, 0x00, 0x00, 0x00, 0x00, 0x00, 0x00, 0x00, 0x00, 
    0x00, 0x00, 0x00, 0xff, 0xe0, 0x02, 0x00, 0x00, 0x00, 0xf4, 0xe4, 0x2f, 
    0xf4, 0xe3, 0xff, 0xf4, 0xe3, 0xfe, 0xf4, 0xe3, 0xff, 0xf4, 0xe3, 0xff, 
    0xf4, 0xe3, 0xff, 0xf4, 0xe3, 0xff, 0xf4, 0xe3, 0xff, 0xf4, 0xe3, 0xff, 
    0xf4, 0xe3, 0xff, 0xf4, 0xe3, 0xff, 0xf4, 0xe3, 0xff, 0xf4, 0xe3, 0xff, 
    0xf4, 0xe3, 0xff, 0xf4, 0xe3, 0xff, 0xf4, 0xe3, 0xff, 0xf4, 0xe3, 0xff, 
    0xf4, 0xe3, 0xff, 0xf4, 0xe3, 0xff, 0xf4, 0xe3, 0xff, 0xf4, 0xe3, 0xff, 
    0xf4, 0xe3, 0xff, 0xf4, 0xe3, 0xff, 0xf4, 0xe3, 0xff, 0xf4, 0xe3, 0xff, 
    0xf4, 0xe3, 0xff, 0xf4, 0xe3, 0xff, 0xf4, 0xe3, 0xff, 0xf4, 0xe3, 0xff, 
    0xf4, 0xe3, 0xff, 0xf4, 0xe3, 0xff, 0xf4, 0xe3, 0xff, 0xf4, 0xe3, 0xff, 
    0xf4, 0xe3, 0xff, 0xf4, 0xe3, 0xff, 0xf4, 0xe3, 0xff, 0xf4, 0xe3, 0xff, 
    0xf4, 0xe3, 0xff, 0xf4, 0xe3, 0xff, 0xf4, 0xe3, 0xff, 0xf4, 0xe3, 0xff, 
    0xf4, 0xe3, 0xff, 0xf4, 0xc4, 0xff, 0xe3, 0xe4, 0xff, 0xe3, 0xe4, 0xff, 
    0xe3, 0xe4, 0xff, 0xe3, 0xe4, 0xff, 0xe3, 0xe4, 0xff, 0xe3, 0xe4, 0xff, 
    0xe3, 0xe4, 0xff, 0xe3, 0xe4, 0xff, 0xe3, 0xe4, 0xff, 0xe3, 0xe4, 0xff, 
    0xe3, 0xe4, 0xff, 0xe3, 0xe4, 0xff, 0xe3, 0xe4, 0xff, 0xe3, 0xe4, 0xff, 
    0xe3, 0xe4, 0xff, 0xe3, 0xe4, 0xff, 0xe3, 0xe4, 0xff, 0xe3, 0xe4, 0xff, 
    0xe3, 0xe4, 0xff, 0xe3, 0xe4, 0xff, 0xe3, 0xe4, 0xff, 0xe3, 0xe4, 0xff, 
    0xe3, 0xe4, 0xff, 0xe3, 0xe4, 0xff, 0xe3, 0xe4, 0xff, 0xe3, 0xe4, 0xff, 
    0xe3, 0xe4, 0xff, 0xe3, 0xe4, 0xff, 0xe3, 0xe4, 0xff, 0xe3, 0xe4, 0xff, 
    0xe3, 0xe4, 0xff, 0xe3, 0xe4, 0xff, 0xe3, 0xe4, 0xff, 0xe3, 0xe4, 0xff, 
    0xe3, 0xe4, 0xff, 0xe3, 0xe4, 0xff, 0xe3, 0xe4, 0xff, 0xe3, 0xe4, 0xff, 
    0xe3, 0xe4, 0xff, 0xe3, 0xe4, 0xff, 0xe3, 0xe4, 0xff, 0xe3, 0xe4, 0xff, 
    0xe3, 0xe4, 0xff, 0xe3, 0xe4, 0xff, 0xe3, 0xe4, 0xff, 0xe3, 0xe4, 0xff, 
    0xe3, 0xe4, 0xff, 0xe3, 0xe4, 0xff, 0xec, 0x64, 0xff, 0xf4, 0xe3, 0xff, 
    0xf4, 0xe3, 0xff, 0xf4, 0xe3, 0xff, 0xf4, 0xe3, 0xff, 0xf4, 0xe3, 0xff, 
    0xf4, 0xe3, 0xff, 0xf4, 0xe3, 0xff, 0xf4, 0xe3, 0xff, 0xf4, 0xe3, 0xff, 
    0xf4, 0xe3, 0xff, 0xf4, 0xe3, 0xff, 0xf4, 0xe3, 0xff, 0xf4, 0xe3, 0xfe, 
    0xf4, 0xe3, 0xfd, 0xf4, 0xc3, 0xfc, 0xf4, 0xe3, 0xfb, 0xf4, 0xe3, 0xfb, 
    0xf4, 0xe3, 0xfb, 0xf4, 0xe3, 0xfb, 0xf4, 0xc3, 0xfc, 0xf4, 0xe3, 0xfd, 
    0xf4, 0xe3, 0xff, 0xf4, 0xe3, 0xff, 0xfd, 0x04, 0xff, 0xfd, 0x24, 0xff, 
    0xfd, 0x24, 0xff, 0xf4, 0xe3, 0xf5, 0xf4, 0xe3, 0xa2, 0xec, 0xa3, 0x25, 
    0x00, 0x00, 0x00, 0xfd, 0x40, 0x03, 0x00, 0x00, 0x00, 0x00, 0x00, 0x00, 
    0x00, 0x00, 0x00, 0x00, 0x00, 0x00, 0x00, 0x00, 0x00, 0x00, 0x00, 0x00, 
    0x00, 0x00, 0x00, 0x00, 0x00, 0x00, 0x00, 0x00, 0x00, 0x00, 0x00, 0x00, 
    0x00, 0x00, 0x00, 0x00, 0x00, 0x00, 0x00, 0x00, 0x00, 0x00, 0x00, 0x00, 
    0x00, 0x00, 0x00, 0xf8, 0x00, 0x01, 0xff, 0xe0, 0x01, 0xfd, 0x45, 0x06, 
    0xf4, 0xc3, 0xda, 0xfd, 0x04, 0xfe, 0xf4, 0xc3, 0xfc, 0xf4, 0xe3, 0xff, 
    0xf4, 0xe3, 0xff, 0xf4, 0xe3, 0xff, 0xf4, 0xe3, 0xff, 0xf4, 0xe3, 0xff, 
    0xf4, 0xe3, 0xff, 0xf4, 0xe3, 0xff, 0xf4, 0xe3, 0xff, 0xf4, 0xe3, 0xff, 
    0xf4, 0xe3, 0xff, 0xf4, 0xe3, 0xff, 0xf4, 0xe3, 0xff, 0xf4, 0xe3, 0xff, 
    0xf4, 0xe3, 0xff, 0xf4, 0xe3, 0xff, 0xf4, 0xe3, 0xff, 0xf4, 0xe3, 0xff, 
    0xf4, 0xe3, 0xff, 0xf4, 0xe3, 0xff, 0xf4, 0xe3, 0xff, 0xf4, 0xe3, 0xff, 
    0xf4, 0xe3, 0xff, 0xf4, 0xe3, 0xff, 0xf4, 0xe3, 0xff, 0xf4, 0xe3, 0xff, 
    0xf4, 0xe3, 0xff, 0xf4, 0xe3, 0xff, 0xf4, 0xe3, 0xff, 0xf4, 0xe3, 0xff, 
    0xf4, 0xe3, 0xff, 0xf4, 0xe3, 0xff, 0xf4, 0xe3, 0xff, 0xf4, 0xe3, 0xff, 
    0xf4, 0xe3, 0xff, 0xf4, 0xe3, 0xff, 0xf4, 0xe3, 0xff, 0xf4, 0xe3, 0xff, 
    0xf4, 0xe3, 0xff, 0xec, 0x84, 0xff, 0xe3, 0xe4, 0xff, 0xe3, 0xe4, 0xff, 
    0xe3, 0xe4, 0xff, 0xe3, 0xe4, 0xff, 0xe3, 0xe4, 0xff, 0xe3, 0xe4, 0xff, 
    0xe3, 0xe4, 0xff, 0xe3, 0xe4, 0xff, 0xe3, 0xe4, 0xff, 0xe3, 0xe4, 0xff, 
    0xe3, 0xe4, 0xff, 0xe3, 0xe4, 0xff, 0xe3, 0xe4, 0xff, 0xe3, 0xe4, 0xff, 
    0xe3, 0xe4, 0xff, 0xe3, 0xe4, 0xff, 0xe3, 0xe4, 0xff, 0xe3, 0xe4, 0xff, 
    0xe3, 0xe4, 0xff, 0xe3, 0xe4, 0xff, 0xe3, 0xe4, 0xff, 0xe3, 0xe4, 0xff, 
    0xe3, 0xe4, 0xff, 0xe3, 0xe4, 0xff, 0xe3, 0xe4, 0xff, 0xe3, 0xe4, 0xff, 
    0xe3, 0xe4, 0xff, 0xe3, 0xe4, 0xff, 0xe3, 0xe4, 0xff, 0xe3, 0xe4, 0xff, 
    0xe3, 0xe4, 0xff, 0xe3, 0xe4, 0xff, 0xe3, 0xe4, 0xff, 0xe3, 0xe4, 0xff, 
    0xe3, 0xe4, 0xff, 0xe3, 0xe4, 0xff, 0xe3, 0xe4, 0xff, 0xe3, 0xe4, 0xff, 
    0xe3, 0xe4, 0xff, 0xe3, 0xe4, 0xff, 0xe3, 0xe4, 0xff, 0xe3, 0xe4, 0xff, 
    0xe3, 0xe4, 0xff, 0xe3, 0xe4, 0xff, 0xe3, 0xe4, 0xff, 0xe3, 0xe4, 0xff, 
    0xe3, 0xe4, 0xff, 0xe3, 0xe4, 0xff, 0xf4, 0xc4, 0xff, 0xf4, 0xe3, 0xff, 
    0xf4, 0xe3, 0xff, 0xf4, 0xe3, 0xff, 0xf4, 0xe3, 0xff, 0xf4, 0xe3, 0xff, 
    0xf4, 0xe3, 0xff, 0xf4, 0xe3, 0xff, 0xf4, 0xe3, 0xff, 0xf4, 0xe3, 0xff, 
    0xf4, 0xe3, 0xff, 0xf4, 0xe3, 0xfd, 0xf4, 0xe3, 0xfb, 0xf4, 0xe3, 0xff, 
    0xfd, 0x04, 0xff, 0xfd, 0x24, 0xff, 0xfd, 0x24, 0xff, 0xfd, 0x24, 0xff, 
    0xfd, 0x24, 0xff, 0xfd, 0x24, 0xff, 0xfd, 0x24, 0xff, 0xfd, 0x04, 0xff, 
    0xf4, 0xe3, 0xff, 0xf4, 0xe3, 0xf3, 0xf4, 0xe4, 0xd7, 0xf4, 0xe3, 0xac, 
    0xfd, 0x03, 0x6a, 0xf4, 0xe3, 0x22, 0x00, 0x00, 0x00, 0x00, 0x00, 0x00, 
    0xfd, 0x40, 0x03, 0x00, 0x00, 0x00, 0x00, 0x00, 0x00, 0x00, 0x00, 0x00, 
    0x00, 0x00, 0x00, 0x00, 0x00, 0x00, 0x00, 0x00, 0x00, 0x00, 0x00, 0x00, 
    0x00, 0x00, 0x00, 0x00, 0x00, 0x00, 0x00, 0x00, 0x00, 0x00, 0x00, 0x00, 
    0x00, 0x00, 0x00, 0x00, 0x00, 0x00, 0x00, 0x00, 0x00, 0x00, 0x00, 0x00, 
    0x00, 0x00, 0x00, 0x00, 0x00, 0x00, 0xfd, 0x40, 0x03, 0x00, 0x00, 0x00, 
    0xf4, 0xc4, 0x4d, 0xfd, 0x24, 0xff, 0xf4, 0xe3, 0xff, 0xf4, 0xc3, 0xfb, 
    0xf4, 0xc3, 0xfe, 0xf4, 0xe3, 0xff, 0xf4, 0xe3, 0xff, 0xf4, 0xe3, 0xff, 
    0xf4, 0xe3, 0xff, 0xf4, 0xe3, 0xff, 0xf4, 0xe3, 0xff, 0xf4, 0xe3, 0xff, 
    0xf4, 0xe3, 0xff, 0xf4, 0xe3, 0xff, 0xf4, 0xe3, 0xff, 0xf4, 0xe3, 0xff, 
    0xf4, 0xe3, 0xff, 0xf4, 0xe3, 0xff, 0xf4, 0xe3, 0xff, 0xf4, 0xe3, 0xff, 
    0xf4, 0xe3, 0xff, 0xf4, 0xe3, 0xff, 0xf4, 0xe3, 0xff, 0xf4, 0xe3, 0xff, 
    0xf4, 0xe3, 0xff, 0xf4, 0xe3, 0xff, 0xf4, 0xe3, 0xff, 0xf4, 0xe3, 0xff, 
    0xf4, 0xe3, 0xff, 0xf4, 0xe3, 0xff, 0xf4, 0xe3, 0xff, 0xf4, 0xe3, 0xff, 
    0xf4, 0xe3, 0xff, 0xf4, 0xe3, 0xff, 0xf4, 0xe3, 0xff, 0xf4, 0xe3, 0xff, 
    0xf4, 0xe3, 0xff, 0xf4, 0xe3, 0xff, 0xf4, 0xe3, 0xff, 0xf4, 0xe3, 0xff, 
    0xf4, 0xe3, 0xff, 0xec, 0x84, 0xff, 0xe3, 0xe4, 0xff, 0xe3, 0xe4, 0xff, 
    0xe3, 0xe4, 0xff, 0xe3, 0xe4, 0xff, 0xe3, 0xe4, 0xff, 0xe3, 0xe4, 0xff, 
    0xe3, 0xe4, 0xff, 0xe3, 0xe4, 0xff, 0xe3, 0xe4, 0xff, 0xe3, 0xe4, 0xff, 
    0xe3, 0xe4, 0xff, 0xe3, 0xe4, 0xff, 0xe3, 0xe4, 0xff, 0xe3, 0xe4, 0xff, 
    0xe3, 0xe4, 0xff, 0xe3, 0xe4, 0xff, 0xe3, 0xe4, 0xff, 0xe3, 0xe4, 0xff, 
    0xe3, 0xe4, 0xff, 0xe3, 0xe4, 0xff, 0xe3, 0xe4, 0xff, 0xe3, 0xe4, 0xff, 
    0xe3, 0xe4, 0xff, 0xe3, 0xe4, 0xff, 0xe3, 0xe4, 0xff, 0xe3, 0xe4, 0xff, 
    0xe3, 0xe4, 0xff, 0xe3, 0xe4, 0xff, 0xe3, 0xe4, 0xff, 0xe3, 0xe4, 0xff, 
    0xe3, 0xe4, 0xff, 0xe3, 0xe4, 0xff, 0xe3, 0xe4, 0xff, 0xe3, 0xe4, 0xff, 
    0xe3, 0xe4, 0xff, 0xe3, 0xe4, 0xff, 0xe3, 0xe4, 0xff, 0xe3, 0xe4, 0xff, 
    0xe3, 0xe4, 0xff, 0xe3, 0xe4, 0xff, 0xe3, 0xe4, 0xff, 0xe3, 0xe4, 0xff, 
    0xe3, 0xe4, 0xff, 0xe3, 0xe4, 0xff, 0xe3, 0xe4, 0xff, 0xe3, 0xe4, 0xff, 
    0xe3, 0xe4, 0xff, 0xec, 0x44, 0xff, 0xf4, 0xe3, 0xff, 0xf4, 0xe3, 0xff, 
    0xf4, 0xe3, 0xff, 0xf4, 0xe3, 0xff, 0xf4, 0xe3, 0xff, 0xf4, 0xe3, 0xff, 
    0xf4, 0xe3, 0xff, 0xf4, 0xe3, 0xff, 0xf4, 0xe3, 0xff, 0xf4, 0xe3, 0xfe, 
    0xf4, 0xc3, 0xfc, 0xfd, 0x04, 0xff, 0xfd, 0x24, 0xff, 0xf4, 0xe3, 0xfd, 
    0xf4, 0xc3, 0xde, 0xf4, 0xe3, 0xb7, 0xf4, 0xc3, 0x9a, 0xf4, 0xe3, 0x82, 
    0xf4, 0xe4, 0x6f, 0xf4, 0xe3, 0x60, 0xf4, 0xc3, 0x52, 0xec, 0xe3, 0x43, 
    0xf4, 0xc3, 0x2e, 0xf4, 0xe3, 0x18, 0xfb, 0xe0, 0x04, 0x00, 0x00, 0x00, 
    0x00, 0x00, 0x00, 0x00, 0x00, 0x00, 0xfd, 0x40, 0x03, 0xfb, 0xe0, 0x02, 
    0x00, 0x00, 0x00, 0x00, 0x00, 0x00, 0x00, 0x00, 0x00, 0x00, 0x00, 0x00, 
    0x00, 0x00, 0x00, 0x00, 0x00, 0x00, 0x00, 0x00, 0x00, 0x00, 0x00, 0x00, 
    0x00, 0x00, 0x00, 0x00, 0x00, 0x00, 0x00, 0x00, 0x00, 0x00, 0x00, 0x00, 
    0x00, 0x00, 0x00, 0x00, 0x00, 0x00, 0x00, 0x00, 0x00, 0x00, 0x00, 0x00, 
    0x00, 0x00, 0x00, 0x00, 0x00, 0x00, 0x00, 0x00, 0x00, 0xfb, 0xe0, 0x02, 
    0x00, 0x00, 0x00, 0xec, 0xc3, 0x64, 0xfd, 0x04, 0xf7, 0xfd, 0x24, 0xff, 
    0xf4, 0xe3, 0xff, 0xf4, 0xc3, 0xfc, 0xf4, 0xe3, 0xfb, 0xf4, 0xe3, 0xfb, 
    0xf4, 0xc3, 0xfc, 0xf4, 0xc3, 0xfc, 0xf4, 0xc3, 0xfc, 0xf4, 0xc3, 0xfc, 
    0xf4, 0xe3, 0xfb, 0xf4, 0xe3, 0xfb, 0xf4, 0xe3, 0xfb, 0xf4, 0xe3, 0xfb, 
    0xf4, 0xe3, 0xfb, 0xf4, 0xe3, 0xfb, 0xf4, 0xe3, 0xfb, 0xf4, 0xe3, 0xfb, 
    0xf4, 0xe3, 0xfb, 0xf4, 0xe3, 0xfb, 0xf4, 0xe3, 0xfb, 0xf4, 0xc3, 0xfc, 
    0xf4, 0xe3, 0xfd, 0xf4, 0xc3, 0xfe, 0xf4, 0xe3, 0xff, 0xf4, 0xe3, 0xff, 
    0xf4, 0xe3, 0xff, 0xf4, 0xe3, 0xff, 0xf4, 0xe3, 0xff, 0xf4, 0xe3, 0xff, 
    0xf4, 0xe3, 0xff, 0xf4, 0xe3, 0xff, 0xf4, 0xe3, 0xff, 0xf4, 0xe3, 0xff, 
    0xf4, 0xe3, 0xff, 0xf4, 0xe3, 0xff, 0xf4, 0xe3, 0xff, 0xf4, 0xe3, 0xff, 
    0xf4, 0xe3, 0xff, 0xf4, 0xc4, 0xff, 0xe3, 0xe4, 0xff, 0xe3, 0xe4, 0xff, 
    0xe3, 0xe4, 0xff, 0xe3, 0xe4, 0xff, 0xe3, 0xe4, 0xff, 0xe3, 0xe4, 0xff, 
    0xe3, 0xe4, 0xff, 0xe3, 0xe4, 0xff, 0xe3, 0xe4, 0xff, 0xe3, 0xe4, 0xff, 
    0xe3, 0xe4, 0xff, 0xe3, 0xe4, 0xff, 0xe3, 0xe4, 0xff, 0xe3, 0xe4, 0xff, 
    0xe3, 0xe4, 0xff, 0xe3, 0xe4, 0xff, 0xe3, 0xe4, 0xff, 0xe3, 0xe4, 0xff, 
    0xe3, 0xe4, 0xff, 0xe3, 0xe4, 0xff, 0xe3, 0xe4, 0xff, 0xe3, 0xe4, 0xff, 
    0xe3, 0xe4, 0xff, 0xe3, 0xe4, 0xff, 0xe3, 0xe4, 0xff, 0xe3, 0xe4, 0xff, 
    0xe3, 0xe4, 0xff, 0xe3, 0xe4, 0xff, 0xe3, 0xe4, 0xff, 0xe3, 0xe4, 0xff, 
    0xe3, 0xe4, 0xff, 0xe3, 0xe4, 0xff, 0xe3, 0xe4, 0xff, 0xe3, 0xe4, 0xff, 
    0xe3, 0xe4, 0xff, 0xe3, 0xe4, 0xff, 0xe3, 0xe4, 0xff, 0xe3, 0xe4, 0xff, 
    0xe3, 0xe4, 0xff, 0xe3, 0xe4, 0xff, 0xe3, 0xe4, 0xff, 0xe3, 0xe4, 0xff, 
    0xe3, 0xe4, 0xff, 0xe3, 0xe4, 0xff, 0xe3, 0xe4, 0xff, 0xe3, 0xe4, 0xff, 
    0xe4, 0x04, 0xff, 0xf4, 0xc4, 0xff, 0xf4, 0xe3, 0xff, 0xf4, 0xe3, 0xff, 
    0xf4, 0xe3, 0xff, 0xf4, 0xe3, 0xff, 0xf4, 0xe3, 0xff, 0xf4, 0xe3, 0xff, 
    0xf4, 0xe3, 0xff, 0xf4, 0xe3, 0xff, 0xf4, 0xc3, 0xfe, 0xf4, 0xe3, 0xff, 
    0xfd, 0x24, 0xff, 0xf4, 0xe3, 0xd4, 0xf4, 0xe3, 0x74, 0xf4, 0xe3, 0x2c, 
    0xdc, 0x84, 0x07, 0x00, 0x00, 0x00, 0x00, 0x00, 0x00, 0x00, 0x00, 0x00, 
    0x00, 0x00, 0x00, 0x00, 0x00, 0x00, 0x00, 0x00, 0x00, 0x00, 0x00, 0x00, 
    0x00, 0x00, 0x00, 0x00, 0x00, 0x00, 0x00, 0x00, 0x00, 0xfd, 0x40, 0x03, 
    0xfb, 0xe0, 0x04, 0xfb, 0xe0, 0x02, 0x00, 0x00, 0x00, 0x00, 0x00, 0x00, 
    0x00, 0x00, 0x00, 0x00, 0x00, 0x00, 0x00, 0x00, 0x00, 0x00, 0x00, 0x00, 
    0x00, 0x00, 0x00, 0x00, 0x00, 0x00, 0x00, 0x00, 0x00, 0x00, 0x00, 0x00, 
    0x00, 0x00, 0x00, 0x00, 0x00, 0x00, 0x00, 0x00, 0x00, 0x00, 0x00, 0x00, 
    0x00, 0x00, 0x00, 0x00, 0x00, 0x00, 0x00, 0x00, 0x00, 0x00, 0x00, 0x00, 
    0x00, 0x00, 0x00, 0x00, 0x00, 0x00, 0x00, 0x00, 0x00, 0x00, 0x00, 0x00, 
    0xfd, 0x40, 0x03, 0x00, 0x00, 0x00, 0xec, 0xc3, 0x30, 0xf5, 0x03, 0xa4, 
    0xf4, 0xe4, 0xed, 0xfd, 0x24, 0xff, 0xfd, 0x24, 0xff, 0xfd, 0x24, 0xff, 
    0xfd, 0x24, 0xff, 0xfd, 0x24, 0xff, 0xfd, 0x24, 0xff, 0xfd, 0x24, 0xff, 
    0xfd, 0x24, 0xff, 0xfd, 0x24, 0xff, 0xfd, 0x24, 0xff, 0xfd, 0x24, 0xff, 
    0xfd, 0x24, 0xff, 0xfd, 0x24, 0xff, 0xfd, 0x24, 0xff, 0xfd, 0x24, 0xff, 
    0xfd, 0x24, 0xff, 0xfd, 0x24, 0xff, 0xfd, 0x24, 0xff, 0xfd, 0x24, 0xff, 
    0xfd, 0x04, 0xff, 0xf4, 0xe4, 0xff, 0xf4, 0xe3, 0xfe, 0xf4, 0xc3, 0xfc, 
    0xf4, 0xe3, 0xfb, 0xf4, 0xe3, 0xfd, 0xf4, 0xe3, 0xff, 0xf4, 0xe3, 0xff, 
    0xf4, 0xe3, 0xff, 0xf4, 0xe3, 0xff, 0xf4, 0xe3, 0xff, 0xf4, 0xe3, 0xff, 
    0xf4, 0xe3, 0xff, 0xf4, 0xe3, 0xff, 0xf4, 0xe3, 0xff, 0xf4, 0xe3, 0xff, 
    0xf4, 0xe3, 0xff, 0xf4, 0xe3, 0xff, 0xec, 0x44, 0xff, 0xe3, 0xe4, 0xff, 
    0xe3, 0xe4, 0xff, 0xe3, 0xe4, 0xff, 0xe3, 0xe4, 0xff, 0xe3, 0xe4, 0xff, 
    0xe3, 0xe4, 0xff, 0xe3, 0xe4, 0xff, 0xe3, 0xe4, 0xff, 0xe3, 0xe4, 0xff, 
    0xe3, 0xe4, 0xff, 0xe3, 0xe4, 0xff, 0xe3, 0xe4, 0xff, 0xe3, 0xe4, 0xff, 
    0xe3, 0xe4, 0xff, 0xe3, 0xe4, 0xff, 0xe3, 0xe4, 0xff, 0xe3, 0xe4, 0xff, 
    0xe3, 0xe4, 0xff, 0xe3, 0xe4, 0xff, 0xe3, 0xe4, 0xff, 0xe3, 0xe4, 0xff, 
    0xe3, 0xe4, 0xff, 0xe3, 0xe4, 0xff, 0xe3, 0xe4, 0xff, 0xe3, 0xe4, 0xff, 
    0xe3, 0xe4, 0xff, 0xe3, 0xe4, 0xff, 0xe3, 0xe4, 0xff, 0xe3, 0xe4, 0xff, 
    0xe3, 0xe4, 0xff, 0xe3, 0xe4, 0xff, 0xe3, 0xe4, 0xff, 0xe3, 0xe4, 0xff, 
    0xe3, 0xe4, 0xff, 0xe3, 0xe4, 0xff, 0xe3, 0xe4, 0xff, 0xe3, 0xe4, 0xff, 
    0xe3, 0xe4, 0xff, 0xe3, 0xe4, 0xff, 0xe3, 0xe4, 0xff, 0xe3, 0xe4, 0xff, 
    0xe3, 0xe4, 0xff, 0xe3, 0xe4, 0xff, 0xe3, 0xe4, 0xff, 0xe3, 0xe4, 0xff, 
    0xec, 0x44, 0xff, 0xf4, 0xe3, 0xff, 0xf4, 0xe3, 0xff, 0xf4, 0xe3, 0xff, 
    0xf4, 0xe3, 0xff, 0xf4, 0xe3, 0xff, 0xf4, 0xe3, 0xff, 0xf4, 0xe3, 0xff, 
    0xf4, 0xe3, 0xff, 0xf4, 0xc3, 0xfe, 0xf4, 0xe4, 0xff, 0xf4, 0xe3, 0xfb, 
    0xf4, 0xe3, 0x74, 0xdc, 0x84, 0x07, 0x00, 0x00, 0x00, 0x00, 0x00, 0x00, 
    0x00, 0x00, 0x00, 0xfb, 0xe0, 0x02, 0xfb, 0xe0, 0x04, 0xfb, 0xe0, 0x04, 
    0xfb, 0xe0, 0x04, 0xfb, 0xe0, 0x04, 0xbb, 0xe0, 0x04, 0xfd, 0x40, 0x03, 
    0xfb, 0xe0, 0x02, 0xff, 0xe0, 0x01, 0xf8, 0x00, 0x01, 0x00, 0x00, 0x00, 
    0x00, 0x00, 0x00, 0x00, 0x00, 0x00, 0x00, 0x00, 0x00, 0x00, 0x00, 0x00, 
    0x00, 0x00, 0x00, 0x00, 0x00, 0x00, 0x00, 0x00, 0x00, 0x00, 0x00, 0x00, 
    0x00, 0x00, 0x00, 0x00, 0x00, 0x00, 0x00, 0x00, 0x00, 0x00, 0x00, 0x00, 
    0x00, 0x00, 0x00, 0x00, 0x00, 0x00, 0x00, 0x00, 0x00, 0x00, 0x00, 0x00, 
    0x00, 0x00, 0x00, 0x00, 0x00, 0x00, 0x00, 0x00, 0x00, 0x00, 0x00, 0x00, 
    0x00, 0x00, 0x00, 0x00, 0x00, 0x00, 0x00, 0x00, 0x00, 0x00, 0x00, 0x00, 
    0x00, 0x00, 0x00, 0xad, 0x40, 0x03, 0x00, 0x00, 0x00, 0x00, 0x00, 0x00, 
    0xfd, 0x24, 0x17, 0xf4, 0xe3, 0x50, 0xf4, 0xe3, 0x81, 0xf4, 0xe3, 0xa1, 
    0xf4, 0xe3, 0xb3, 0xf4, 0xe3, 0xba, 0xf4, 0xe3, 0xba, 0xf4, 0xe3, 0xb3, 
    0xf4, 0xe3, 0xaa, 0xf4, 0xe3, 0xa0, 0xf4, 0xe3, 0x94, 0xf4, 0xe3, 0x89, 
    0xf4, 0xe3, 0x81, 0xf4, 0xc3, 0x79, 0xf4, 0xe3, 0x77, 0xf4, 0xc3, 0x7b, 
    0xf4, 0xe3, 0x84, 0xf4, 0xe3, 0x93, 0xf4, 0xe3, 0xa5, 0xf4, 0xc3, 0xbc, 
    0xf4, 0xc3, 0xd7, 0xf4, 0xe3, 0xed, 0xf4, 0xe4, 0xff, 0xfd, 0x24, 0xff, 
    0xfd, 0x24, 0xff, 0xfd, 0x04, 0xff, 0xf4, 0xc3, 0xfe, 0xf4, 0xc3, 0xfc, 
    0xf4, 0xe3, 0xfe, 0xf4, 0xe3, 0xff, 0xf4, 0xe3, 0xff, 0xf4, 0xe3, 0xff, 
    0xf4, 0xe3, 0xff, 0xf4, 0xe3, 0xff, 0xf4, 0xe3, 0xff, 0xf4, 0xe3, 0xff, 
    0xf4, 0xe3, 0xff, 0xf4, 0xe3, 0xff, 0xf4, 0xc3, 0xff, 0xe4, 0x04, 0xff, 
    0xe3, 0xe4, 0xff, 0xe3, 0xe4, 0xff, 0xe3, 0xe4, 0xff, 0xe3, 0xe4, 0xff, 
    0xe3, 0xe4, 0xff, 0xe3, 0xe4, 0xff, 0xe3, 0xe4, 0xff, 0xe3, 0xe4, 0xff, 
    0xe3, 0xe4, 0xff, 0xe3, 0xe4, 0xff, 0xe3, 0xe4, 0xff, 0xe3, 0xe4, 0xff, 
    0xe3, 0xe4, 0xff, 0xe3, 0xe4, 0xff, 0xe3, 0xe4, 0xff, 0xe3, 0xe4, 0xff, 
    0xe3, 0xe4, 0xff, 0xe3, 0xe4, 0xff, 0xe3, 0xe4, 0xff, 0xe3, 0xe4, 0xff, 
    0xe3, 0xe4, 0xff, 0xe3, 0xe4, 0xff, 0xe3, 0xe4, 0xff, 0xe3, 0xe4, 0xff, 
    0xe3, 0xe4, 0xff, 0xe3, 0xe4, 0xff, 0xe3, 0xe4, 0xff, 0xe3, 0xe4, 0xff, 
    0xe3, 0xe4, 0xff, 0xe3, 0xe4, 0xff, 0xe3, 0xe4, 0xff, 0xe3, 0xe4, 0xff, 
    0xe3, 0xe4, 0xff, 0xe3, 0xe4, 0xff, 0xe3, 0xe4, 0xff, 0xe3, 0xe4, 0xff, 
    0xe3, 0xe4, 0xff, 0xe3, 0xe4, 0xff, 0xe3, 0xe4, 0xff, 0xe3, 0xe4, 0xff, 
    0xe3, 0xe4, 0xff, 0xe3, 0xe4, 0xff, 0xe3, 0xe4, 0xff, 0xe3, 0xe4, 0xff, 
    0xec, 0xa4, 0xff, 0xf4, 0xe3, 0xff, 0xf4, 0xe3, 0xff, 0xf4, 0xe3, 0xff, 
    0xf4, 0xe3, 0xff, 0xf4, 0xe3, 0xff, 0xf4, 0xe3, 0xff, 0xf4, 0xe3, 0xff, 
    0xf4, 0xc3, 0xfe, 0xf4, 0xe4, 0xfc, 0xfd, 0x03, 0xf9, 0xec, 0xc3, 0x4c, 
    0x00, 0x00, 0x00, 0x00, 0x00, 0x00, 0xfb, 0xe0, 0x04, 0xfb, 0xe0, 0x02, 
    0xf8, 0x00, 0x01, 0x00, 0x00, 0x00, 0x00, 0x00, 0x00, 0x00, 0x00, 0x00, 
    0x00, 0x00, 0x00, 0x00, 0x00, 0x00, 0x00, 0x00, 0x00, 0x00, 0x00, 0x00, 
    0x00, 0x00, 0x00, 0x00, 0x00, 0x00, 0x00, 0x00, 0x00, 0x00, 0x00, 0x00, 
    0x00, 0x00, 0x00, 0x00, 0x00, 0x00, 0x00, 0x00, 0x00, 0x00, 0x00, 0x00, 
    0x00, 0x00, 0x00, 0x00, 0x00, 0x00, 0x00, 0x00, 0x00, 0x00, 0x00, 0x00, 
    0x00, 0x00, 0x00, 0x00, 0x00, 0x00, 0x00, 0x00, 0x00, 0x00, 0x00, 0x00, 
    0x00, 0x00, 0x00, 0x00, 0x00, 0x00, 0x00, 0x00, 0x00, 0x00, 0x00, 0x00, 
    0x00, 0x00, 0x00, 0x00, 0x00, 0x00, 0x00, 0x00, 0x00, 0x00, 0x00, 0x00, 
    0x00, 0x00, 0x00, 0x00, 0x00, 0x00, 0x00, 0x00, 0x00, 0x00, 0x00, 0x00, 
    0x00, 0x00, 0x00, 0x00, 0x00, 0x00, 0xfb, 0xe0, 0x02, 0xfd, 0x40, 0x03, 
    0x00, 0x00, 0x00, 0x00, 0x00, 0x00, 0x00, 0x00, 0x00, 0x00, 0x00, 0x00, 
    0x00, 0x00, 0x00, 0x00, 0x00, 0x00, 0x00, 0x00, 0x00, 0x00, 0x00, 0x00, 
    0x00, 0x00, 0x00, 0x00, 0x00, 0x00, 0x00, 0x00, 0x00, 0x00, 0x00, 0x00, 
    0x00, 0x00, 0x00, 0x00, 0x00, 0x00, 0x00, 0x00, 0x00, 0x00, 0x00, 0x00, 
    0x00, 0x00, 0x00, 0x00, 0x00, 0x00, 0x00, 0x00, 0x00, 0x00, 0x00, 0x00, 
    0xff, 0xe0, 0x01, 0xfc, 0xe4, 0x15, 0xf5, 0x03, 0x33, 0xf4, 0xe3, 0x60, 
    0xf4, 0xe3, 0x95, 0xf4, 0xe3, 0xd3, 0xfd, 0x04, 0xff, 0xfd, 0x24, 0xff, 
    0xf4, 0xe3, 0xff, 0xf4, 0xe3, 0xfd, 0xf4, 0xe3, 0xff, 0xf4, 0xe3, 0xff, 
    0xf4, 0xe3, 0xff, 0xf4, 0xe3, 0xff, 0xf4, 0xe3, 0xff, 0xf4, 0xe3, 0xff, 
    0xf4, 0xe3, 0xff, 0xf4, 0xe3, 0xff, 0xf4, 0xe3, 0xff, 0xec, 0x64, 0xff, 
    0xe3, 0xe4, 0xff, 0xe3, 0xe4, 0xff, 0xe3, 0xe4, 0xff, 0xe3, 0xe4, 0xff, 
    0xe3, 0xe4, 0xff, 0xe3, 0xe4, 0xff, 0xe3, 0xe4, 0xff, 0xe3, 0xe4, 0xff, 
    0xe3, 0xe4, 0xff, 0xe3, 0xe4, 0xff, 0xe3, 0xe4, 0xff, 0xe3, 0xe4, 0xff, 
    0xe3, 0xe4, 0xff, 0xe3, 0xe4, 0xff, 0xe3, 0xe4, 0xff, 0xe3, 0xe4, 0xff, 
    0xe3, 0xe4, 0xff, 0xe3, 0xe4, 0xff, 0xe3, 0xe4, 0xff, 0xe3, 0xe4, 0xff, 
    0xe3, 0xe4, 0xff, 0xe3, 0xe4, 0xff, 0xe3, 0xe4, 0xff, 0xe3, 0xe4, 0xff, 
    0xe3, 0xe4, 0xff, 0xe3, 0xe4, 0xff, 0xe3, 0xe4, 0xff, 0xe3, 0xe4, 0xff, 
    0xe3, 0xe4, 0xff, 0xe3, 0xe4, 0xff, 0xe3, 0xe4, 0xff, 0xe3, 0xe4, 0xff, 
    0xe3, 0xe4, 0xff, 0xe3, 0xe4, 0xff, 0xe3, 0xe4, 0xff, 0xe3, 0xe4, 0xff, 
    0xe3, 0xe4, 0xff, 0xe3, 0xe4, 0xff, 0xe3, 0xe4, 0xff, 0xe3, 0xe4, 0xff, 
    0xe3, 0xe4, 0xff, 0xe3, 0xe4, 0xff, 0xe3, 0xe4, 0xff, 0xe4, 0x04, 0xff, 
    0xf4, 0xc3, 0xff, 0xf4, 0xe3, 0xff, 0xf4, 0xe3, 0xff, 0xf4, 0xe3, 0xff, 
    0xf4, 0xe3, 0xff, 0xf4, 0xe3, 0xff, 0xf4, 0xe3, 0xff, 0xf4, 0xe3, 0xff, 
    0xf4, 0xc3, 0xfd, 0xfd, 0x24, 0xff, 0xf4, 0xc3, 0x6d, 0x00, 0x00, 0x00, 
    0xfb, 0xe0, 0x06, 0xf8, 0x00, 0x01, 0x00, 0x00, 0x00, 0x00, 0x00, 0x00, 
    0x00, 0x00, 0x00, 0x00, 0x00, 0x00, 0x00, 0x00, 0x00, 0x00, 0x00, 0x00, 
    0x00, 0x00, 0x00, 0x00, 0x00, 0x00, 0x00, 0x00, 0x00, 0x00, 0x00, 0x00, 
    0x00, 0x00, 0x00, 0x00, 0x00, 0x00, 0x00, 0x00, 0x00, 0x00, 0x00, 0x00, 
    0x00, 0x00, 0x00, 0x00, 0x00, 0x00, 0x00, 0x00, 0x00, 0x00, 0x00, 0x00, 
    0x00, 0x00, 0x00, 0x00, 0x00, 0x00, 0x00, 0x00, 0x00, 0x00, 0x00, 0x00, 
    0x00, 0x00, 0x00, 0x00, 0x00, 0x00, 0x00, 0x00, 0x00, 0x00, 0x00, 0x00, 
    0x00, 0x00, 0x00, 0x00, 0x00, 0x00, 0x00, 0x00, 0x00, 0x00, 0x00, 0x00, 
    0x00, 0x00, 0x00, 0x00, 0x00, 0x00, 0x00, 0x00, 0x00, 0x00, 0x00, 0x00, 
    0x00, 0x00, 0x00, 0x00, 0x00, 0x00, 0x00, 0x00, 0x00, 0x00, 0x00, 0x00, 
    0x00, 0x00, 0x00, 0x00, 0x00, 0x00, 0x00, 0x00, 0x00, 0x00, 0x00, 0x00, 
    0xff, 0xe0, 0x01, 0xfd, 0x40, 0x03, 0xfb, 0xe0, 0x04, 0xbb, 0xe0, 0x04, 
    0xfb, 0xe0, 0x02, 0xfb, 0xe0, 0x02, 0xfb, 0xe0, 0x02, 0xfb, 0xe0, 0x02, 
    0xfd, 0x40, 0x03, 0xfb, 0xe0, 0x04, 0xfb, 0xe0, 0x04, 0xfb, 0xe0, 0x04, 
    0xfb, 0xe0, 0x04, 0xfb, 0xe0, 0x04, 0xfb, 0xe0, 0x04, 0xfb, 0xe0, 0x04, 
    0xfb, 0xe0, 0x04, 0xfb, 0xe0, 0x04, 0xbb, 0xe0, 0x04, 0xfb, 0xe0, 0x02, 
    0x00, 0x00, 0x00, 0x00, 0x00, 0x00, 0x00, 0x00, 0x00, 0x00, 0x00, 0x00, 
    0x00, 0x00, 0x00, 0xfa, 0xa0, 0x03, 0xf4, 0xe3, 0x3c, 0xf4, 0xe3, 0xa1, 
    0xf4, 0xe4, 0xfd, 0xfd, 0x04, 0xff, 0xf4, 0xc3, 0xfd, 0xf4, 0xe3, 0xff, 
    0xf4, 0xe3, 0xff, 0xf4, 0xe3, 0xff, 0xf4, 0xe3, 0xff, 0xf4, 0xe3, 0xff, 
    0xf4, 0xe3, 0xff, 0xf4, 0xe3, 0xff, 0xf4, 0xe3, 0xff, 0xf4, 0xc4, 0xff, 
    0xe3, 0xe4, 0xff, 0xe3, 0xe4, 0xff, 0xe3, 0xe4, 0xff, 0xe3, 0xe4, 0xff, 
    0xe3, 0xe4, 0xff, 0xe3, 0xe4, 0xff, 0xe3, 0xe4, 0xff, 0xe3, 0xe4, 0xff, 
    0xe3, 0xe4, 0xff, 0xe3, 0xe4, 0xff, 0xe3, 0xe4, 0xff, 0xe3, 0xe4, 0xff, 
    0xe3, 0xe4, 0xff, 0xe3, 0xe4, 0xff, 0xe3, 0xe4, 0xff, 0xe3, 0xe4, 0xff, 
    0xe3, 0xe4, 0xff, 0xe3, 0xe4, 0xff, 0xe3, 0xe4, 0xff, 0xe3, 0xe4, 0xff, 
    0xe3, 0xe4, 0xff, 0xe3, 0xe4, 0xff, 0xe3, 0xe4, 0xff, 0xe3, 0xe4, 0xff, 
    0xe3, 0xe4, 0xff, 0xe3, 0xe4, 0xff, 0xe3, 0xe4, 0xff, 0xe3, 0xe4, 0xff, 
    0xe3, 0xe4, 0xff, 0xe3, 0xe4, 0xff, 0xe3, 0xe4, 0xff, 0xe3, 0xe4, 0xff, 
    0xe3, 0xe4, 0xff, 0xe3, 0xe4, 0xff, 0xe3, 0xe4, 0xff, 0xe3, 0xe4, 0xff, 
    0xe3, 0xe4, 0xff, 0xe3, 0xe4, 0xff, 0xe3, 0xe4, 0xff, 0xe3, 0xe4, 0xff, 
    0xe3, 0xe4, 0xff, 0xe3, 0xe4, 0xff, 0xe3, 0xe4, 0xff, 0xec, 0x24, 0xff, 
    0xf4, 0xe3, 0xff, 0xf4, 0xe3, 0xff, 0xf4, 0xe3, 0xff, 0xf4, 0xe3, 0xff, 
    0xf4, 0xe3, 0xff, 0xf4, 0xe3, 0xff, 0xf4, 0xe3, 0xff, 0xf4, 0xe3, 0xfd, 
    0xfd, 0x04, 0xff, 0xf4, 0xc3, 0xcd, 0x00, 0x00, 0x00, 0xfd, 0x40, 0x03, 
    0xf8, 0x00, 0x01, 0x00, 0x00, 0x00, 0x00, 0x00, 0x00, 0x00, 0x00, 0x00, 
    0x00, 0x00, 0x00, 0x00, 0x00, 0x00, 0x00, 0x00, 0x00, 0x00, 0x00, 0x00, 
    0x00, 0x00, 0x00, 0x00, 0x00, 0x00, 0x00, 0x00, 0x00, 0x00, 0x00, 0x00, 
    0x00, 0x00, 0x00, 0x00, 0x00, 0x00, 0x00, 0x00, 0x00, 0x00, 0x00, 0x00, 
    0x00, 0x00, 0x00, 0x00, 0x00, 0x00, 0x00, 0x00, 0x00, 0x00, 0x00, 0x00, 
    0x00, 0x00, 0x00, 0x00, 0x00, 0x00, 0x00, 0x00, 0x00, 0x00, 0x00, 0x00, 
    0x00, 0x00, 0x00, 0x00, 0x00, 0x00, 0x00, 0x00, 0x00, 0x00, 0x00, 0x00, 
    0x00, 0x00, 0x00, 0x00, 0x00, 0x00, 0x00, 0x00, 0x00, 0x00, 0x00, 0x00, 
    0x00, 0x00, 0x00, 0x00, 0x00, 0x00, 0x00, 0x00, 0x00, 0x00, 0x00, 0x00, 
    0x00, 0x00, 0x00, 0x00, 0x00, 0x00, 0x00, 0x00, 0x00, 0x00, 0x00, 0x00, 
    0x00, 0x00, 0x00, 0x00, 0x00, 0x00, 0x00, 0x00, 0x00, 0x00, 0x00, 0x00, 
    0x00, 0x00, 0x00, 0x00, 0x00, 0x00, 0x00, 0x00, 0x00, 0x00, 0x00, 0x00, 
    0x00, 0x00, 0x00, 0x00, 0x00, 0x00, 0x00, 0x00, 0x00, 0x00, 0x00, 0x00, 
    0x00, 0x00, 0x00, 0x00, 0x00, 0x00, 0x00, 0x00, 0x00, 0x00, 0x00, 0x00, 
    0x00, 0x00, 0x00, 0x00, 0x00, 0x00, 0x00, 0x00, 0x00, 0x00, 0x00, 0x00, 
    0x00, 0x00, 0x00, 0x00, 0x00, 0x00, 0x00, 0x00, 0x00, 0x00, 0x00, 0x00, 
    0x00, 0x00, 0x01, 0xff, 0xe0, 0x01, 0xff, 0xe0, 0x02, 0xfb, 0xe0, 0x04, 
    0xbb, 0xe0, 0x04, 0x00, 0x00, 0x00, 0x00, 0x00, 0x00, 0x00, 0x00, 0x00, 
    0xf4, 0xe3, 0x3b, 0xf4, 0xe4, 0xd7, 0xfd, 0x04, 0xff, 0xf4, 0xc3, 0xfd, 
    0xf4, 0xe3, 0xff, 0xf4, 0xe3, 0xff, 0xf4, 0xe3, 0xff, 0xf4, 0xe3, 0xff, 
    0xf4, 0xe3, 0xff, 0xf4, 0xe3, 0xff, 0xf4, 0xe3, 0xff, 0xf4, 0xe3, 0xff, 
    0xec, 0x24, 0xff, 0xe3, 0xe4, 0xff, 0xe3, 0xe4, 0xff, 0xe3, 0xe4, 0xff, 
    0xe3, 0xe4, 0xff, 0xe3, 0xe4, 0xff, 0xe3, 0xe4, 0xff, 0xe3, 0xe4, 0xff, 
    0xe3, 0xe4, 0xff, 0xe3, 0xe4, 0xff, 0xe3, 0xe4, 0xff, 0xe3, 0xe4, 0xff, 
    0xe3, 0xe4, 0xff, 0xe3, 0xe4, 0xff, 0xe3, 0xe4, 0xff, 0xe3, 0xe4, 0xff, 
    0xe3, 0xe4, 0xff, 0xe3, 0xe4, 0xff, 0xe3, 0xe4, 0xff, 0xe3, 0xe4, 0xff, 
    0xe3, 0xe4, 0xff, 0xe3, 0xe4, 0xff, 0xe3, 0xe4, 0xff, 0xe3, 0xe4, 0xff, 
    0xe3, 0xe4, 0xff, 0xe3, 0xe4, 0xff, 0xe3, 0xe4, 0xff, 0xe3, 0xe4, 0xff, 
    0xe3, 0xe4, 0xff, 0xe3, 0xe4, 0xff, 0xe3, 0xe4, 0xff, 0xe3, 0xe4, 0xff, 
    0xe3, 0xe4, 0xff, 0xe3, 0xe4, 0xff, 0xe3, 0xe4, 0xff, 0xe3, 0xe4, 0xff, 
    0xe3, 0xe4, 0xff, 0xe3, 0xe4, 0xff, 0xe3, 0xe4, 0xff, 0xe3, 0xe4, 0xff, 
    0xe3, 0xe4, 0xff, 0xe3, 0xe4, 0xff, 0xe3, 0xe4, 0xff, 0xec, 0x44, 0xff, 
    0xf4, 0xe3, 0xff, 0xf4, 0xe3, 0xff, 0xf4, 0xe3, 0xff, 0xf4, 0xe3, 0xff, 
    0xf4, 0xe3, 0xff, 0xf4, 0xe3, 0xff, 0xf4, 0xe3, 0xff, 0xf4, 0xe3, 0xfb, 
    0xfd, 0x24, 0xff, 0xf4, 0xc3, 0x6c, 0x00, 0x00, 0x00, 0xfb, 0xe0, 0x04, 
    0x00, 0x00, 0x00, 0x00, 0x00, 0x00, 0x00, 0x00, 0x00, 0x00, 0x00, 0x00, 
    0x00, 0x00, 0x00, 0x00, 0x00, 0x00, 0x00, 0x00, 0x00, 0x00, 0x00, 0x00, 
    0x00, 0x00, 0x00, 0x00, 0x00, 0x00, 0x00, 0x00, 0x00, 0x00, 0x00, 0x00, 
    0x00, 0x00, 0x00, 0x00, 0x00, 0x00, 0x00, 0x00, 0x00, 0x00, 0x00, 0x00, 
    0x00, 0x00, 0x00, 0x00, 0x00, 0x00, 0x00, 0x00, 0x00, 0x00, 0x00, 0x00, 
    0x00, 0x00, 0x00, 0x00, 0x00, 0x00, 0x00, 0x00, 0x00, 0x00, 0x00, 0x00, 
    0x00, 0x00, 0x00, 0x00, 0x00, 0x00, 0x00, 0x00, 0x00, 0x00, 0x00, 0x00, 
    0x00, 0x00, 0x00, 0x00, 0x00, 0x00, 0x00, 0x00, 0x00, 0x00, 0x00, 0x00, 
    0x00, 0x00, 0x00, 0x00, 0x00, 0x00, 0x00, 0x00, 0x00, 0x00, 0x00, 0x00, 
    0x00, 0x00, 0x00, 0x00, 0x00, 0x00, 0x00, 0x00, 0x00, 0x00, 0x00, 0x00, 
    0x00, 0x00, 0x00, 0x00, 0x00, 0x00, 0x00, 0x00, 0x00, 0x00, 0x00, 0x00, 
    0x00, 0x00, 0x00, 0x00, 0x00, 0x00, 0x00, 0x00, 0x00, 0x00, 0x00, 0x00, 
    0x00, 0x00, 0x00, 0x00, 0x00, 0x00, 0x00, 0x00, 0x00, 0x00, 0x00, 0x00, 
    0x00, 0x00, 0x00, 0x00, 0x00, 0x00, 0x00, 0x00, 0x00, 0x00, 0x00, 0x00, 
    0x00, 0x00, 0x00, 0x00, 0x00, 0x00, 0x00, 0x00, 0x00, 0x00, 0x00, 0x00, 
    0x00, 0x00, 0x00, 0x00, 0x00, 0x00, 0x00, 0x00, 0x00, 0x00, 0x00, 0x00, 
    0x00, 0x00, 0x00, 0x00, 0x00, 0x00, 0x00, 0x00, 0x00, 0x00, 0x00, 0x00, 
    0x00, 0x00, 0x00, 0x00, 0x00, 0x01, 0xff, 0xe0, 0x02, 0xfb, 0xe0, 0x04, 
    0x00, 0x00, 0x00, 0xec, 0xa3, 0x18, 0xf4, 0xe3, 0xdc, 0xfd, 0x04, 0xfe, 
    0xf4, 0xe3, 0xfd, 0xf4, 0xe3, 0xff, 0xf4, 0xe3, 0xff, 0xf4, 0xe3, 0xff, 
    0xf4, 0xe3, 0xff, 0xf4, 0xe3, 0xff, 0xf4, 0xe3, 0xff, 0xf4, 0xe3, 0xff, 
    0xec, 0x64, 0xff, 0xe3, 0xe4, 0xff, 0xe3, 0xe4, 0xff, 0xe3, 0xe4, 0xff, 
    0xe3, 0xe4, 0xff, 0xe3, 0xe4, 0xff, 0xe3, 0xe4, 0xff, 0xe3, 0xe4, 0xff, 
    0xe3, 0xe4, 0xff, 0xe3, 0xe4, 0xff, 0xe3, 0xe4, 0xff, 0xe3, 0xe4, 0xff, 
    0xe3, 0xe4, 0xff, 0xe3, 0xe4, 0xff, 0xe3, 0xe4, 0xff, 0xe3, 0xe4, 0xff, 
    0xe3, 0xe4, 0xff, 0xe3, 0xe4, 0xff, 0xe3, 0xe4, 0xff, 0xe3, 0xe4, 0xff, 
    0xe3, 0xe4, 0xff, 0xe3, 0xe4, 0xff, 0xe3, 0xe4, 0xff, 0xe3, 0xe4, 0xff, 
    0xe3, 0xe4, 0xff, 0xe3, 0xe4, 0xff, 0xe3, 0xe4, 0xff, 0xe3, 0xe4, 0xff, 
    0xe3, 0xe4, 0xff, 0xe3, 0xe4, 0xff, 0xe3, 0xe4, 0xff, 0xe3, 0xe4, 0xff, 
    0xe3, 0xe4, 0xff, 0xe3, 0xe4, 0xff, 0xe3, 0xe4, 0xff, 0xe3, 0xe4, 0xff, 
    0xe3, 0xe4, 0xff, 0xe3, 0xe4, 0xff, 0xe3, 0xe4, 0xff, 0xe3, 0xe4, 0xff, 
    0xe3, 0xe4, 0xff, 0xe3, 0xe4, 0xff, 0xe3, 0xe4, 0xff, 0xec, 0x64, 0xff, 
    0xf4, 0xe3, 0xff, 0xf4, 0xe3, 0xff, 0xf4, 0xe3, 0xff, 0xf4, 0xe3, 0xff, 
    0xf4, 0xe3, 0xff, 0xf4, 0xe3, 0xff, 0xf4, 0xe3, 0xff, 0xf4, 0xc3, 0xfe, 
    0xf4, 0xe4, 0xff, 0xf4, 0xc3, 0x36, 0x00, 0x00, 0x00, 0xff, 0xe0, 0x02, 
    0x00, 0x00, 0x00, 0x00, 0x00, 0x00, 0x00, 0x00, 0x00, 0x00, 0x00, 0x00, 
    0x00, 0x00, 0x00, 0x00, 0x00, 0x00, 0x00, 0x00, 0x00, 0x00, 0x00, 0x00, 
    0x00, 0x00, 0x00, 0x00, 0x00, 0x00, 0x00, 0x00, 0x00, 0x00, 0x00, 0x00, 
    0x00, 0x00, 0x00, 0x00, 0x00, 0x00, 0x00, 0x00, 0x00, 0x00, 0x00, 0x00, 
    0x00, 0x00, 0x00, 0x00, 0x00, 0x00, 0x00, 0x00, 0x00, 0x00, 0x00, 0x00, 
    0x00, 0x00, 0x00, 0x00, 0x00, 0x00, 0x00, 0x00, 0x00, 0x00, 0x00, 0x00, 
    0x00, 0x00, 0x00, 0x00, 0x00, 0x00, 0x00, 0x00, 0x00, 0x00, 0x00, 0x00, 
    0x00, 0x00, 0x00, 0x00, 0x00, 0x00, 0x00, 0x00, 0x00, 0x00, 0x00, 0x00, 
    0x00, 0x00, 0x00, 0x00, 0x00, 0x00, 0x00, 0x00, 0x00, 0x00, 0x00, 0x00, 
    0x00, 0x00, 0x00, 0x00, 0x00, 0x00, 0x00, 0x00, 0x00, 0x00, 0x00, 0x00, 
    0x00, 0x00, 0x00, 0x00, 0x00, 0x00, 0x00, 0x00, 0x00, 0x00, 0x00, 0x00, 
    0x00, 0x00, 0x00, 0x00, 0x00, 0x00, 0x00, 0x00, 0x00, 0x00, 0x00, 0x00, 
    0x00, 0x00, 0x00, 0x00, 0x00, 0x00, 0x00, 0x00, 0x00, 0x00, 0x00, 0x00, 
    0x00, 0x00, 0x00, 0x00, 0x00, 0x00, 0x00, 0x00, 0x00, 0x00, 0x00, 0x00, 
    0x00, 0x00, 0x00, 0x00, 0x00, 0x00, 0x00, 0x00, 0x00, 0x00, 0x00, 0x00, 
    0x00, 0x00, 0x00, 0x00, 0x00, 0x00, 0x00, 0x00, 0x00, 0x00, 0x00, 0x00, 
    0x00, 0x00, 0x00, 0x00, 0x00, 0x00, 0x00, 0x00, 0x00, 0x00, 0x00, 0x00, 
    0x00, 0x00, 0x00, 0x00, 0x00, 0x00, 0x00, 0x00, 0x00, 0x00, 0x00, 0x00, 
    0xd3, 0xe0, 0x06, 0x00, 0x00, 0x00, 0xf4, 0xc3, 0x4c, 0xfd, 0x04, 0xff, 
    0xf4, 0xe3, 0xfd, 0xf4, 0xe3, 0xff, 0xf4, 0xe3, 0xff, 0xf4, 0xe3, 0xff, 
    0xf4, 0xe3, 0xff, 0xf4, 0xe3, 0xff, 0xf4, 0xe3, 0xff, 0xf4, 0xe3, 0xff, 
    0xec, 0x84, 0xff, 0xe3, 0xe4, 0xff, 0xe3, 0xe4, 0xff, 0xe3, 0xe4, 0xff, 
    0xe3, 0xe4, 0xff, 0xe3, 0xe4, 0xff, 0xe3, 0xe4, 0xff, 0xe3, 0xe4, 0xff, 
    0xe3, 0xe4, 0xff, 0xe3, 0xe4, 0xff, 0xe3, 0xe4, 0xff, 0xe3, 0xe4, 0xff, 
    0xe3, 0xe4, 0xff, 0xe3, 0xe4, 0xff, 0xe3, 0xe4, 0xff, 0xe3, 0xe4, 0xff, 
    0xe3, 0xe4, 0xff, 0xe3, 0xe4, 0xff, 0xe3, 0xe4, 0xff, 0xe3, 0xe4, 0xff, 
    0xe3, 0xe4, 0xff, 0xe3, 0xe4, 0xff, 0xe3, 0xe4, 0xff, 0xe3, 0xe4, 0xff, 
    0xe3, 0xe4, 0xff, 0xe3, 0xe4, 0xff, 0xe3, 0xe4, 0xff, 0xe3, 0xe4, 0xff, 
    0xe3, 0xe4, 0xff, 0xe3, 0xe4, 0xff, 0xe3, 0xe4, 0xff, 0xe3, 0xe4, 0xff, 
    0xe3, 0xe4, 0xff, 0xe3, 0xe4, 0xff, 0xe3, 0xe4, 0xff, 0xe3, 0xe4, 0xff, 
    0xe3, 0xe4, 0xff, 0xe3, 0xe4, 0xff, 0xe3, 0xe4, 0xff, 0xe3, 0xe4, 0xff, 
    0xe3, 0xe4, 0xff, 0xe3, 0xe4, 0xff, 0xe3, 0xe4, 0xff, 0xec, 0x64, 0xff, 
    0xf4, 0xe3, 0xff, 0xf4, 0xe3, 0xff, 0xf4, 0xe3, 0xff, 0xf4, 0xe3, 0xff, 
    0xf4, 0xe3, 0xff, 0xf4, 0xe3, 0xff, 0xf4, 0xe3, 0xfe, 0xf4, 0xe3, 0xff, 
    0xf4, 0xc3, 0xfb, 0xf4, 0xa4, 0x25, 0x00, 0x00, 0x00, 0xfb, 0xe0, 0x02, 
    0x00, 0x00, 0x00, 0x00, 0x00, 0x00, 0x00, 0x00, 0x00, 0x00, 0x00, 0x00, 
    0x00, 0x00, 0x00, 0x00, 0x00, 0x00, 0x00, 0x00, 0x00, 0x00, 0x00, 0x00, 
    0x00, 0x00, 0x00, 0x00, 0x00, 0x00, 0x00, 0x00, 0x00, 0x00, 0x00, 0x00, 
    0x00, 0x00, 0x00, 0x00, 0x00, 0x00, 0x00, 0x00, 0x00, 0x00, 0x00, 0x00, 
    0x00, 0x00, 0x00, 0x00, 0x00, 0x00, 0x00, 0x00, 0x00, 0x00, 0x00, 0x00, 
    0x00, 0x00, 0x00, 0x00, 0x00, 0x00, 0x00, 0x00, 0x00, 0x00, 0x00, 0x00, 
    0x00, 0x00, 0x00, 0x00, 0x00, 0x00, 0x00, 0x00, 0x00, 0x00, 0x00, 0x00, 
    0x00, 0x00, 0x00, 0x00, 0x00, 0x00, 0x00, 0x00, 0x00, 0x00, 0x00, 0x00, 
    0x00, 0x00, 0x00, 0x00, 0x00, 0x00, 0x00, 0x00, 0x00, 0x00, 0x00, 0x00, 
    0x00, 0x00, 0x00, 0x00, 0x00, 0x00, 0x00, 0x00, 0x00, 0x00, 0x00, 0x00, 
    0x00, 0x00, 0x00, 0x00, 0x00, 0x00, 0x00, 0x00, 0x00, 0x00, 0x00, 0x00, 
    0x00, 0x00, 0x00, 0x00, 0x00, 0x00, 0x00, 0x00, 0x00, 0x00, 0x00, 0x00, 
    0x00, 0x00, 0x00, 0x00, 0x00, 0x00, 0x00, 0x00, 0x00, 0x00, 0x00, 0x00, 
    0x00, 0x00, 0x00, 0x00, 0x00, 0x00, 0x00, 0x00, 0x00, 0x00, 0x00, 0x00, 
    0x00, 0x00, 0x00, 0x00, 0x00, 0x00, 0x00, 0x00, 0x00, 0x00, 0x00, 0x00, 
    0x00, 0x00, 0x00, 0x00, 0x00, 0x00, 0x00, 0x00, 0x00, 0x00, 0x00, 0x00, 
    0x00, 0x00, 0x00, 0x00, 0x00, 0x00, 0x00, 0x00, 0x00, 0x00, 0x00, 0x00, 
    0x00, 0x00, 0x00, 0x00, 0x00, 0x00, 0x00, 0x00, 0x00, 0x00, 0x00, 0x00, 
    0xff, 0xe0, 0x01, 0xff, 0xe0, 0x01, 0xe5, 0x43, 0x09, 0xf4, 0xc3, 0xe4, 
    0xfd, 0x04, 0xff, 0xf4, 0xe3, 0xfd, 0xf4, 0xe3, 0xff, 0xf4, 0xe3, 0xff, 
    0xf4, 0xe3, 0xff, 0xf4, 0xe3, 0xff, 0xf4, 0xe3, 0xff, 0xf4, 0xe3, 0xff, 
    0xec, 0xa4, 0xff, 0xe3, 0xe4, 0xff, 0xe3, 0xe4, 0xff, 0xe3, 0xe4, 0xff, 
    0xe3, 0xe4, 0xff, 0xe3, 0xe4, 0xff, 0xe3, 0xe4, 0xff, 0xe3, 0xe4, 0xff, 
    0xe3, 0xe4, 0xff, 0xe3, 0xe4, 0xff, 0xe3, 0xe4, 0xff, 0xe3, 0xe4, 0xff, 
    0xe3, 0xe4, 0xff, 0xe3, 0xe4, 0xff, 0xe3, 0xe4, 0xff, 0xe3, 0xe4, 0xff, 
    0xe3, 0xe4, 0xff, 0xe3, 0xe4, 0xff, 0xe3, 0xe4, 0xff, 0xe3, 0xe4, 0xff, 
    0xe3, 0xe4, 0xff, 0xe3, 0xe4, 0xff, 0xe3, 0xe4, 0xff, 0xe3, 0xe4, 0xff, 
    0xe3, 0xe4, 0xff, 0xe3, 0xe4, 0xff, 0xe3, 0xe4, 0xff, 0xe3, 0xe4, 0xff, 
    0xe3, 0xe4, 0xff, 0xe3, 0xe4, 0xff, 0xe3, 0xe4, 0xff, 0xe3, 0xe4, 0xff, 
    0xe3, 0xe4, 0xff, 0xe3, 0xe4, 0xff, 0xe3, 0xe4, 0xff, 0xe3, 0xe4, 0xff, 
    0xe3, 0xe4, 0xff, 0xe3, 0xe4, 0xff, 0xe3, 0xe4, 0xff, 0xe3, 0xe4, 0xff, 
    0xe3, 0xe4, 0xff, 0xe3, 0xe4, 0xff, 0xe3, 0xe4, 0xff, 0xec, 0x64, 0xff, 
    0xf4, 0xe3, 0xff, 0xf4, 0xe3, 0xff, 0xf4, 0xe3, 0xff, 0xf4, 0xe3, 0xff, 
    0xf4, 0xe3, 0xff, 0xf4, 0xe3, 0xff, 0xf4, 0xe3, 0xff, 0xf4, 0xe3, 0xfd, 
    0xfd, 0x04, 0xfe, 0xf4, 0xe3, 0x3a, 0xfb, 0xe0, 0x02, 0xfb, 0xe0, 0x04, 
    0x00, 0x00, 0x00, 0x00, 0x00, 0x00, 0x00, 0x00, 0x00, 0x00, 0x00, 0x00, 
    0x00, 0x00, 0x00, 0x00, 0x00, 0x00, 0x00, 0x00, 0x00, 0x00, 0x00, 0x00, 
    0x00, 0x00, 0x00, 0x00, 0x00, 0x00, 0x00, 0x00, 0x00, 0x00, 0x00, 0x00, 
    0x00, 0x00, 0x00, 0x00, 0x00, 0x00, 0x00, 0x00, 0x00, 0x00, 0x00, 0x00, 
    0x00, 0x00, 0x00, 0x00, 0x00, 0x00, 0x00, 0x00, 0x00, 0x00, 0x00, 0x00, 
    0x00, 0x00, 0x00, 0x00, 0x00, 0x00, 0x00, 0x00, 0x00, 0x00, 0x00, 0x00, 
    0x00, 0x00, 0x00, 0x00, 0x00, 0x00, 0x00, 0x00, 0x00, 0x00, 0x00, 0x00, 
    0x00, 0x00, 0x00, 0x00, 0x00, 0x00, 0x00, 0x00, 0x00, 0x00, 0x00, 0x00, 
    0x00, 0x00, 0x00, 0x00, 0x00, 0x00, 0x00, 0x00, 0x00, 0x00, 0x00, 0x00, 
    0x00, 0x00, 0x00, 0x00, 0x00, 0x00, 0x00, 0x00, 0x00, 0x00, 0x00, 0x00, 
    0x00, 0x00, 0x00, 0x00, 0x00, 0x00, 0x00, 0x00, 0x00, 0x00, 0x00, 0x00, 
    0x00, 0x00, 0x00, 0x00, 0x00, 0x00, 0x00, 0x00, 0x00, 0x00, 0x00, 0x00, 
    0x00, 0x00, 0x00, 0x00, 0x00, 0x00, 0x00, 0x00, 0x00, 0x00, 0x00, 0x00, 
    0x00, 0x00, 0x00, 0x00, 0x00, 0x00, 0x00, 0x00, 0x00, 0x00, 0x00, 0x00, 
    0x00, 0x00, 0x00, 0x00, 0x00, 0x00, 0x00, 0x00, 0x00, 0x00, 0x00, 0x00, 
    0x00, 0x00, 0x00, 0x00, 0x00, 0x00, 0x00, 0x00, 0x00, 0x00, 0x00, 0x00, 
    0x00, 0x00, 0x00, 0x00, 0x00, 0x00, 0x00, 0x00, 0x00, 0x00, 0x00, 0x00, 
    0x00, 0x00, 0x00, 0x00, 0x00, 0x00, 0x00, 0x00, 0x00, 0x00, 0x00, 0x00, 
    0x00, 0x00, 0x00, 0x00, 0x00, 0x00, 0x00, 0x00, 0x00, 0xf4, 0xc3, 0xce, 
    0xfd, 0x04, 0xff, 0xf4, 0xe3, 0xfd, 0xf4, 0xe3, 0xff, 0xf4, 0xe3, 0xff, 
    0xf4, 0xe3, 0xff, 0xf4, 0xe3, 0xff, 0xf4, 0xe3, 0xff, 0xf4, 0xe3, 0xff, 
    0xf4, 0xa4, 0xff, 0xe3, 0xe4, 0xff, 0xe3, 0xe4, 0xff, 0xe3, 0xe4, 0xff, 
    0xe3, 0xe4, 0xff, 0xe3, 0xe4, 0xff, 0xe3, 0xe4, 0xff, 0xe3, 0xe4, 0xff, 
    0xe3, 0xe4, 0xff, 0xe3, 0xe4, 0xff, 0xe3, 0xe4, 0xff, 0xe3, 0xe4, 0xff, 
    0xe3, 0xe4, 0xff, 0xe3, 0xe4, 0xff, 0xe3, 0xe4, 0xff, 0xe3, 0xe4, 0xff, 
    0xe3, 0xe4, 0xff, 0xe3, 0xe4, 0xff, 0xe3, 0xe4, 0xff, 0xe3, 0xe4, 0xff, 
    0xe3, 0xe4, 0xff, 0xe3, 0xe4, 0xff, 0xe3, 0xe4, 0xff, 0xe3, 0xe4, 0xff, 
    0xe3, 0xe4, 0xff, 0xe3, 0xe4, 0xff, 0xe3, 0xe4, 0xff, 0xe3, 0xe4, 0xff, 
    0xe3, 0xe4, 0xff, 0xe3, 0xe4, 0xff, 0xe3, 0xe4, 0xff, 0xe3, 0xe4, 0xff, 
    0xe3, 0xe4, 0xff, 0xe3, 0xe4, 0xff, 0xe3, 0xe4, 0xff, 0xe3, 0xe4, 0xff, 
    0xe3, 0xe4, 0xff, 0xe3, 0xe4, 0xff, 0xe3, 0xe4, 0xff, 0xe3, 0xe4, 0xff, 
    0xe3, 0xe4, 0xff, 0xe3, 0xe4, 0xff, 0xe3, 0xe4, 0xff, 0xec, 0x44, 0xff, 
    0xf4, 0xe3, 0xff, 0xf4, 0xe3, 0xff, 0xf4, 0xe3, 0xff, 0xf4, 0xe3, 0xff, 
    0xf4, 0xe3, 0xff, 0xf4, 0xe3, 0xff, 0xf4, 0xe3, 0xff, 0xf4, 0xc3, 0xfc, 
    0xfd, 0x24, 0xff, 0xf4, 0xc3, 0xae, 0x00, 0x00, 0x00, 0x00, 0x00, 0x00, 
    0xfd, 0xe0, 0x04, 0xfb, 0xe0, 0x04, 0xfb, 0xe0, 0x04, 0xfb, 0xe0, 0x04, 
    0xfd, 0x40, 0x03, 0xfb, 0xe0, 0x02, 0xfb, 0xe0, 0x02, 0xfb, 0xe0, 0x04, 
    0xfb, 0xe0, 0x04, 0x7b, 0xe0, 0x02, 0x00, 0x00, 0x00, 0x00, 0x00, 0x00, 
    0x00, 0x00, 0x00, 0x00, 0x00, 0x00, 0x00, 0x00, 0x00, 0x00, 0x00, 0x00, 
    0x00, 0x00, 0x00, 0x00, 0x00, 0x00, 0x00, 0x00, 0x00, 0x00, 0x00, 0x00, 
    0x00, 0x00, 0x00, 0x00, 0x00, 0x00, 0x00, 0x00, 0x00, 0x00, 0x00, 0x00, 
    0x00, 0x00, 0x00, 0x00, 0x00, 0x00, 0x00, 0x00, 0x00, 0x00, 0x00, 0x00, 
    0x00, 0x00, 0x00, 0x00, 0x00, 0x00, 0x00, 0x00, 0x00, 0x00, 0x00, 0x00, 
    0x00, 0x00, 0x00, 0x00, 0x00, 0x00, 0x00, 0x00, 0x00, 0x00, 0x00, 0x00, 
    0x00, 0x00, 0x00, 0x00, 0x00, 0x00, 0x00, 0x00, 0x00, 0x00, 0x00, 0x00, 
    0x00, 0x00, 0x00, 0x00, 0x00, 0x00, 0x00, 0x00, 0x00, 0x00, 0x00, 0x00, 
    0x00, 0x00, 0x00, 0x00, 0x00, 0x00, 0x00, 0x00, 0x00, 0x00, 0x00, 0x00, 
    0x00, 0x00, 0x00, 0x00, 0x00, 0x00, 0x00, 0x00, 0x00, 0x00, 0x00, 0x00, 
    0x00, 0x00, 0x00, 0x00, 0x00, 0x00, 0x00, 0x00, 0x00, 0x00, 0x00, 0x00, 
    0x00, 0x00, 0x00, 0x00, 0x00, 0x00, 0x00, 0x00, 0x00, 0x00, 0x00, 0x00, 
    0x00, 0x00, 0x00, 0x00, 0x00, 0x00, 0x00, 0x00, 0x00, 0x00, 0x00, 0x00, 
    0x00, 0x00, 0x00, 0x00, 0x00, 0x00, 0x00, 0x00, 0x00, 0x00, 0x00, 0x00, 
    0x00, 0x00, 0x00, 0x00, 0x00, 0x00, 0x00, 0x00, 0x00, 0x00, 0x00, 0x00, 
    0xff, 0xe0, 0x01, 0x00, 0x00, 0x00, 0xfd, 0x43, 0x09, 0xf4, 0xc3, 0xe2, 
    0xfd, 0x04, 0xff, 0xf4, 0xe3, 0xfd, 0xf4, 0xe3, 0xff, 0xf4, 0xe3, 0xff, 
    0xf4, 0xe3, 0xff, 0xf4, 0xe3, 0xff, 0xf4, 0xe3, 0xff, 0xf4, 0xe3, 0xff, 
    0xec, 0xa4, 0xff, 0xe3, 0xe4, 0xff, 0xe3, 0xe4, 0xff, 0xe3, 0xe4, 0xff, 
    0xe3, 0xe4, 0xff, 0xe3, 0xe4, 0xff, 0xe3, 0xe4, 0xff, 0xe3, 0xe4, 0xff, 
    0xe3, 0xe4, 0xff, 0xe3, 0xe4, 0xff, 0xe3, 0xe4, 0xff, 0xe3, 0xe4, 0xff, 
    0xe3, 0xe4, 0xff, 0xe3, 0xe4, 0xff, 0xe3, 0xe4, 0xff, 0xe3, 0xe4, 0xff, 
    0xe3, 0xe4, 0xff, 0xe3, 0xe4, 0xff, 0xe3, 0xe4, 0xff, 0xe3, 0xe4, 0xff, 
    0xe3, 0xe4, 0xff, 0xe3, 0xe4, 0xff, 0xe3, 0xe4, 0xff, 0xe3, 0xe4, 0xff, 
    0xe3, 0xe4, 0xff, 0xe3, 0xe4, 0xff, 0xe3, 0xe4, 0xff, 0xe3, 0xe4, 0xff, 
    0xe3, 0xe4, 0xff, 0xe3, 0xe4, 0xff, 0xe3, 0xe4, 0xff, 0xe3, 0xe4, 0xff, 
    0xe3, 0xe4, 0xff, 0xe3, 0xe4, 0xff, 0xe3, 0xe4, 0xff, 0xe3, 0xe4, 0xff, 
    0xe3, 0xe4, 0xff, 0xe3, 0xe4, 0xff, 0xe3, 0xe4, 0xff, 0xe3, 0xe4, 0xff, 
    0xe3, 0xe4, 0xff, 0xe3, 0xe4, 0xff, 0xe3, 0xe4, 0xff, 0xec, 0x44, 0xff, 
    0xf4, 0xe3, 0xff, 0xf4, 0xe3, 0xff, 0xf4, 0xe3, 0xff, 0xf4, 0xe3, 0xff, 
    0xf4, 0xe3, 0xff, 0xf4, 0xe3, 0xff, 0xf4, 0xe3, 0xff, 0xf4, 0xe3, 0xff, 
    0xf4, 0xe3, 0xfd, 0xfd, 0x04, 0xff, 0xf4, 0xe3, 0x8b, 0xfd, 0xa4, 0x07, 
    0x00, 0x00, 0x00, 0x00, 0x00, 0x00, 0x00, 0x00, 0x00, 0x00, 0x00, 0x00, 
    0x00, 0x00, 0x00, 0x00, 0x00, 0x00, 0x00, 0x00, 0x00, 0x00, 0x00, 0x00, 
    0x00, 0x00, 0x00, 0x00, 0x00, 0x00, 0xfd, 0x40, 0x03, 0x00, 0x00, 0x00, 
    0x00, 0x00, 0x00, 0x00, 0x00, 0x00, 0x00, 0x00, 0x00, 0x00, 0x00, 0x00, 
    0x00, 0x00, 0x00, 0x00, 0x00, 0x00, 0x00, 0x00, 0x00, 0x00, 0x00, 0x00, 
    0x00, 0x00, 0x00, 0x00, 0x00, 0x00, 0x00, 0x00, 0x00, 0x00, 0x00, 0x00, 
    0x00, 0x00, 0x00, 0x00, 0x00, 0x00, 0x00, 0x00, 0x00, 0x00, 0x00, 0x00, 
    0x00, 0x00, 0x00, 0x00, 0x00, 0x00, 0x00, 0x00, 0x00, 0x00, 0x00, 0x00, 
    0x00, 0x00, 0x00, 0x00, 0x00, 0x00, 0x00, 0x00, 0x00, 0x00, 0x00, 0x00, 
    0x00, 0x00, 0x00, 0x00, 0x00, 0x00, 0x00, 0x00, 0x00, 0x00, 0x00, 0x00, 
    0x00, 0x00, 0x00, 0x00, 0x00, 0x00, 0x00, 0x00, 0x00, 0x00, 0x00, 0x00, 
    0x00, 0x00, 0x00, 0x00, 0x00, 0x00, 0x00, 0x00, 0x00, 0x00, 0x00, 0x00, 
    0x00, 0x00, 0x00, 0x00, 0x00, 0x00, 0x00, 0x00, 0x00, 0x00, 0x00, 0x00, 
    0x00, 0x00, 0x00, 0x00, 0x00, 0x00, 0x00, 0x00, 0x00, 0x00, 0x00, 0x00, 
    0x00, 0x00, 0x00, 0x00, 0x00, 0x00, 0x00, 0x00, 0x00, 0x00, 0x00, 0x00, 
    0x00, 0x00, 0x00, 0x00, 0x00, 0x00, 0x00, 0x00, 0x00, 0x00, 0x00, 0x00, 
    0x00, 0x00, 0x00, 0x00, 0x00, 0x00, 0x00, 0x00, 0x00, 0x00, 0x00, 0x00, 
    0x00, 0x00, 0x00, 0x00, 0x00, 0x00, 0x00, 0x00, 0x00, 0x00, 0x00, 0x00, 
    0xfd, 0x40, 0x03, 0x7b, 0xe0, 0x02, 0xf4, 0xc3, 0x38, 0xfd, 0x04, 0xff, 
    0xf4, 0xe3, 0xfd, 0xf4, 0xe3, 0xff, 0xf4, 0xe3, 0xff, 0xf4, 0xe3, 0xff, 
    0xf4, 0xe3, 0xff, 0xf4, 0xe3, 0xff, 0xf4, 0xe3, 0xff, 0xf4, 0xe3, 0xff, 
    0xec, 0x84, 0xff, 0xe3, 0xe4, 0xff, 0xe3, 0xe4, 0xff, 0xe3, 0xe4, 0xff, 
    0xe3, 0xe4, 0xff, 0xe3, 0xe4, 0xff, 0xe3, 0xe4, 0xff, 0xe3, 0xe4, 0xff, 
    0xe3, 0xe4, 0xff, 0xe3, 0xe4, 0xff, 0xe3, 0xe4, 0xff, 0xe3, 0xe4, 0xff, 
    0xe3, 0xe4, 0xff, 0xe3, 0xe4, 0xff, 0xe3, 0xe4, 0xff, 0xe3, 0xe4, 0xff, 
    0xe3, 0xe4, 0xff, 0xe3, 0xe4, 0xff, 0xe3, 0xe4, 0xff, 0xe3, 0xe4, 0xff, 
    0xe3, 0xe4, 0xff, 0xe3, 0xe4, 0xff, 0xe3, 0xe4, 0xff, 0xe3, 0xe4, 0xff, 
    0xe3, 0xe4, 0xff, 0xe3, 0xe4, 0xff, 0xe3, 0xe4, 0xff, 0xe3, 0xe4, 0xff, 
    0xe3, 0xe4, 0xff, 0xe3, 0xe4, 0xff, 0xe3, 0xe4, 0xff, 0xe3, 0xe4, 0xff, 
    0xe3, 0xe4, 0xff, 0xe3, 0xe4, 0xff, 0xe3, 0xe4, 0xff, 0xe3, 0xe4, 0xff, 
    0xe3, 0xe4, 0xff, 0xe3, 0xe4, 0xff, 0xe3, 0xe4, 0xff, 0xe3, 0xe4, 0xff, 
    0xe3, 0xe4, 0xff, 0xe3, 0xe4, 0xff, 0xe3, 0xe4, 0xff, 0xec, 0x44, 0xff, 
    0xf4, 0xe3, 0xff, 0xf4, 0xe3, 0xff, 0xf4, 0xe3, 0xff, 0xf4, 0xe3, 0xff, 
    0xf4, 0xe3, 0xff, 0xf4, 0xe3, 0xff, 0xf4, 0xe3, 0xff, 0xf4, 0xe3, 0xff, 
    0xf4, 0xe3, 0xff, 0xf4, 0xe3, 0xfd, 0xfd, 0x24, 0xff, 0xf4, 0xe3, 0xd7, 
    0xf4, 0xc3, 0x90, 0xf4, 0xe3, 0x7c, 0xf4, 0xe3, 0x84, 0xf4, 0xe3, 0x98, 
    0xf4, 0xe3, 0xad, 0xf4, 0xc3, 0xbb, 0xf4, 0xe3, 0xb5, 0xf4, 0xe3, 0x99, 
    0xf5, 0x03, 0x61, 0xec, 0xc3, 0x1c, 0x00, 0x00, 0x00, 0x00, 0x00, 0x00, 
    0x00, 0x00, 0x00, 0x00, 0x00, 0x00, 0x00, 0x00, 0x00, 0x00, 0x00, 0x00, 
    0x00, 0x00, 0x00, 0x00, 0x00, 0x00, 0x00, 0x00, 0x00, 0x00, 0x00, 0x00, 
    0x00, 0x00, 0x00, 0x00, 0x00, 0x00, 0x00, 0x00, 0x00, 0x00, 0x00, 0x00, 
    0x00, 0x00, 0x00, 0x00, 0x00, 0x00, 0x00, 0x00, 0x00, 0x00, 0x00, 0x00, 
    0x00, 0x00, 0x00, 0x00, 0x00, 0x00, 0x00, 0x00, 0x00, 0x00, 0x00, 0x00, 
    0x00, 0x00, 0x00, 0x00, 0x00, 0x00, 0x00, 0x00, 0x00, 0x00, 0x00, 0x00, 
    0x00, 0x00, 0x00, 0x00, 0x00, 0x00, 0x00, 0x00, 0x00, 0x00, 0x00, 0x00, 
    0x00, 0x00, 0x00, 0x00, 0x00, 0x00, 0x00, 0x00, 0x00, 0x00, 0x00, 0x00, 
    0x00, 0x00, 0x00, 0x00, 0x00, 0x00, 0x00, 0x00, 0x00, 0x00, 0x00, 0x00, 
    0x00, 0x00, 0x00, 0x00, 0x00, 0x00, 0x00, 0x00, 0x00, 0x00, 0x00, 0x00, 
    0x00, 0x00, 0x00, 0x00, 0x00, 0x00, 0x00, 0x00, 0x00, 0x00, 0x00, 0x00, 
    0x00, 0x00, 0x00, 0x00, 0x00, 0x00, 0x00, 0x00, 0x00, 0x00, 0x00, 0x00, 
    0x00, 0x00, 0x00, 0x00, 0x00, 0x00, 0x00, 0x00, 0x00, 0x00, 0x00, 0x00, 
    0x00, 0x00, 0x00, 0x00, 0x00, 0x00, 0x00, 0x00, 0x00, 0x00, 0x00, 0x00, 
    0x00, 0x00, 0x00, 0x00, 0x00, 0x00, 0x00, 0x00, 0x00, 0x00, 0x00, 0x00, 
    0xfc, 0xc0, 0x05, 0x00, 0x00, 0x00, 0xf4, 0xc3, 0xa7, 0xfd, 0x24, 0xff, 
    0xf4, 0xc3, 0xfc, 0xf4, 0xe3, 0xff, 0xf4, 0xe3, 0xff, 0xf4, 0xe3, 0xff, 
    0xf4, 0xe3, 0xff, 0xf4, 0xe3, 0xff, 0xf4, 0xe3, 0xff, 0xf4, 0xe3, 0xff, 
    0xec, 0x64, 0xff, 0xe3, 0xe4, 0xff, 0xe3, 0xe4, 0xff, 0xe3, 0xe4, 0xff, 
    0xe3, 0xe4, 0xff, 0xe3, 0xe4, 0xff, 0xe3, 0xe4, 0xff, 0xe3, 0xe4, 0xff, 
    0xe3, 0xe4, 0xff, 0xe3, 0xe4, 0xff, 0xe3, 0xe4, 0xff, 0xe3, 0xe4, 0xff, 
    0xe3, 0xe4, 0xff, 0xe3, 0xe4, 0xff, 0xe3, 0xe4, 0xff, 0xe3, 0xe4, 0xff, 
    0xe3, 0xe4, 0xff, 0xe3, 0xe4, 0xff, 0xe3, 0xe4, 0xff, 0xe3, 0xe4, 0xff, 
    0xe3, 0xe4, 0xff, 0xe3, 0xe4, 0xff, 0xe3, 0xe4, 0xff, 0xe3, 0xe4, 0xff, 
    0xe3, 0xe4, 0xff, 0xe3, 0xe4, 0xff, 0xe3, 0xe4, 0xff, 0xe3, 0xe4, 0xff, 
    0xe3, 0xe4, 0xff, 0xe3, 0xe4, 0xff, 0xe3, 0xe4, 0xff, 0xe3, 0xe4, 0xff, 
    0xe3, 0xe4, 0xff, 0xe3, 0xe4, 0xff, 0xe3, 0xe4, 0xff, 0xe3, 0xe4, 0xff, 
    0xe3, 0xe4, 0xff, 0xe3, 0xe4, 0xff, 0xe3, 0xe4, 0xff, 0xe3, 0xe4, 0xff, 
    0xe3, 0xe4, 0xff, 0xe3, 0xe4, 0xff, 0xe3, 0xe4, 0xff, 0xec, 0x84, 0xff, 
    0xf4, 0xe3, 0xff, 0xf4, 0xe3, 0xff, 0xf4, 0xe3, 0xff, 0xf4, 0xe3, 0xff, 
    0xf4, 0xe3, 0xff, 0xf4, 0xe3, 0xff, 0xf4, 0xe3, 0xff, 0xf4, 0xe3, 0xff, 
    0xf4, 0xe3, 0xff, 0xf4, 0xe3, 0xff, 0xf4, 0xc3, 0xfc, 0xfd, 0x04, 0xff, 
    0xfd, 0x24, 0xff, 0xfd, 0x24, 0xff, 0xfd, 0x24, 0xff, 0xfd, 0x24, 0xff, 
    0xfd, 0x24, 0xff, 0xfd, 0x24, 0xff, 0xfd, 0x24, 0xff, 0xfd, 0x24, 0xff, 
    0xfd, 0x24, 0xff, 0xfd, 0x03, 0xf0, 0xf4, 0xe3, 0x82, 0xfb, 0xe0, 0x02, 
    0xff, 0xe0, 0x01, 0xf8, 0x00, 0x01, 0x00, 0x00, 0x00, 0x00, 0x00, 0x00, 
    0x00, 0x00, 0x00, 0x00, 0x00, 0x00, 0x00, 0x00, 0x00, 0x00, 0x00, 0x00, 
    0x00, 0x00, 0x00, 0x00, 0x00, 0x00, 0x00, 0x00, 0x00, 0x00, 0x00, 0x00, 
    0x00, 0x00, 0x00, 0x00, 0x00, 0x00, 0x00, 0x00, 0x00, 0x00, 0x00, 0x00, 
    0x00, 0x00, 0x00, 0x00, 0x00, 0x00, 0x00, 0x00, 0x00, 0x00, 0x00, 0x00, 
    0x00, 0x00, 0x00, 0x00, 0x00, 0x00, 0x00, 0x00, 0x00, 0x00, 0x00, 0x00, 
    0x00, 0x00, 0x00, 0x00, 0x00, 0x00, 0x00, 0x00, 0x00, 0x00, 0x00, 0x00, 
    0x00, 0x00, 0x00, 0x00, 0x00, 0x00, 0x00, 0x00, 0x00, 0x00, 0x00, 0x00, 
    0x00, 0x00, 0x00, 0x00, 0x00, 0x00, 0x00, 0x00, 0x00, 0x00, 0x00, 0x00, 
    0x00, 0x00, 0x00, 0x00, 0x00, 0x00, 0x00, 0x00, 0x00, 0x00, 0x00, 0x00, 
    0x00, 0x00, 0x00, 0x00, 0x00, 0x00, 0x00, 0x00, 0x00, 0x00, 0x00, 0x00, 
    0x00, 0x00, 0x00, 0x00, 0x00, 0x00, 0x00, 0x00, 0x00, 0x00, 0x00, 0x00, 
    0x00, 0x00, 0x00, 0x00, 0x00, 0x00, 0x00, 0x00, 0x00, 0x00, 0x00, 0x00, 
    0x00, 0x00, 0x00, 0x00, 0x00, 0x00, 0x00, 0x00, 0x00, 0x00, 0x00, 0x00, 
    0x00, 0x00, 0x00, 0x00, 0x00, 0x00, 0xff, 0xe0, 0x01, 0xd3, 0xe0, 0x06, 
    0x00, 0x00, 0x00, 0xf4, 0xc3, 0x56, 0xfd, 0x04, 0xff, 0xf4, 0xe3, 0xfd, 
    0xf4, 0xe3, 0xff, 0xf4, 0xe3, 0xff, 0xf4, 0xe3, 0xff, 0xf4, 0xe3, 0xff, 
    0xf4, 0xe3, 0xff, 0xf4, 0xe3, 0xff, 0xf4, 0xe3, 0xff, 0xf4, 0xe3, 0xff, 
    0xec, 0x24, 0xff, 0xe3, 0xe4, 0xff, 0xe3, 0xe4, 0xff, 0xe3, 0xe4, 0xff, 
    0xe3, 0xe4, 0xff, 0xe3, 0xe4, 0xff, 0xe3, 0xe4, 0xff, 0xe3, 0xe4, 0xff, 
    0xe3, 0xe4, 0xff, 0xe3, 0xe4, 0xff, 0xe3, 0xe4, 0xff, 0xe3, 0xe4, 0xff, 
    0xe3, 0xe4, 0xff, 0xe3, 0xe4, 0xff, 0xe3, 0xe4, 0xff, 0xe3, 0xe4, 0xff, 
    0xe3, 0xe4, 0xff, 0xe3, 0xe4, 0xff, 0xe3, 0xe4, 0xff, 0xe3, 0xe4, 0xff, 
    0xe3, 0xe4, 0xff, 0xe3, 0xe4, 0xff, 0xe3, 0xe4, 0xff, 0xe3, 0xe4, 0xff, 
    0xe3, 0xe4, 0xff, 0xe3, 0xe4, 0xff, 0xe3, 0xe4, 0xff, 0xe3, 0xe4, 0xff, 
    0xe3, 0xe4, 0xff, 0xe3, 0xe4, 0xff, 0xe3, 0xe4, 0xff, 0xe3, 0xe4, 0xff, 
    0xe3, 0xe4, 0xff, 0xe3, 0xe4, 0xff, 0xe3, 0xe4, 0xff, 0xe3, 0xe4, 0xff, 
    0xe3, 0xe4, 0xff, 0xe3, 0xe4, 0xff, 0xe3, 0xe4, 0xff, 0xe3, 0xe4, 0xff, 
    0xe3, 0xe4, 0xff, 0xe3, 0xc4, 0xff, 0xec, 0x44, 0xff, 0xf4, 0xe3, 0xff, 
    0xf4, 0xe3, 0xff, 0xf4, 0xe3, 0xff, 0xf4, 0xe3, 0xff, 0xf4, 0xe3, 0xff, 
    0xf4, 0xe3, 0xff, 0xf4, 0xe3, 0xff, 0xf4, 0xe3, 0xff, 0xf4, 0xe3, 0xff, 
    0xf4, 0xe3, 0xff, 0xf4, 0xe3, 0xff, 0xf4, 0xe3, 0xff, 0xf4, 0xe3, 0xfd, 
    0xf4, 0xe3, 0xfb, 0xf4, 0xe3, 0xfb, 0xf4, 0xe3, 0xfb, 0xf4, 0xe3, 0xfb, 
    0xf4, 0xc3, 0xfc, 0xf4, 0xc3, 0xfc, 0xf4, 0xc3, 0xfc, 0xf4, 0xe3, 0xfb, 
    0xf4, 0xc3, 0xfb, 0xf4, 0xe3, 0xff, 0xfd, 0x44, 0xff, 0xf4, 0xc3, 0xa4, 
    0xf8, 0x00, 0x01, 0xfb, 0xe0, 0x02, 0xf8, 0x00, 0x01, 0x00, 0x00, 0x00, 
    0x00, 0x00, 0x00, 0x00, 0x00, 0x00, 0x00, 0x00, 0x00, 0x00, 0x00, 0x00, 
    0x00, 0x00, 0x00, 0x00, 0x00, 0x00, 0x00, 0x00, 0x00, 0x00, 0x00, 0x00, 
    0x00, 0x00, 0x00, 0x00, 0x00, 0x00, 0x00, 0x00, 0x00, 0x00, 0x00, 0x00, 
    0x00, 0x00, 0x00, 0x00, 0x00, 0x00, 0x00, 0x00, 0x00, 0x00, 0x00, 0x00, 
    0x00, 0x00, 0x00, 0x00, 0x00, 0x00, 0x00, 0x00, 0x00, 0x00, 0x00, 0x00, 
    0x00, 0x00, 0x00, 0x00, 0x00, 0x00, 0x00, 0x00, 0x00, 0x00, 0x00, 0x00, 
    0x00, 0x00, 0x00, 0x00, 0x00, 0x00, 0x00, 0x00, 0x00, 0x00, 0x00, 0x00, 
    0x00, 0x00, 0x00, 0x00, 0x00, 0x00, 0x00, 0x00, 0x00, 0x00, 0x00, 0x00, 
    0x00, 0x00, 0x00, 0x00, 0x00, 0x00, 0x00, 0x00, 0x00, 0x00, 0x00, 0x00, 
    0x00, 0x00, 0x00, 0x00, 0x00, 0x00, 0x00, 0x00, 0x00, 0x00, 0x00, 0x00, 
    0x00, 0x00, 0x00, 0x00, 0x00, 0x00, 0x00, 0x00, 0x00, 0x00, 0x00, 0x00, 
    0x00, 0x00, 0x00, 0x00, 0x00, 0x00, 0x00, 0x00, 0x00, 0x00, 0x00, 0x00, 
    0x00, 0x00, 0x00, 0x00, 0x00, 0x00, 0x00, 0x00, 0x00, 0x00, 0x00, 0x00, 
    0xff, 0xe0, 0x01, 0xfb, 0xe0, 0x04, 0x00, 0x00, 0x00, 0x00, 0x00, 0x00, 
    0xf4, 0xc3, 0x51, 0xfd, 0x04, 0xf6, 0xf4, 0xe4, 0xfd, 0xf4, 0xc3, 0xfe, 
    0xf4, 0xe3, 0xff, 0xf4, 0xe3, 0xff, 0xf4, 0xe3, 0xff, 0xf4, 0xe3, 0xff, 
    0xf4, 0xe3, 0xff, 0xf4, 0xe3, 0xff, 0xf4, 0xe3, 0xff, 0xf4, 0xc4, 0xff, 
    0xe4, 0x04, 0xff, 0xe3, 0xe4, 0xff, 0xe3, 0xe4, 0xff, 0xe3, 0xe4, 0xff, 
    0xe3, 0xe4, 0xff, 0xe3, 0xe4, 0xff, 0xe3, 0xe4, 0xff, 0xe3, 0xe4, 0xff, 
    0xe3, 0xe4, 0xff, 0xe3, 0xe4, 0xff, 0xe3, 0xe4, 0xff, 0xe3, 0xe4, 0xff, 
    0xe3, 0xe4, 0xff, 0xe3, 0xe4, 0xff, 0xe3, 0xe4, 0xff, 0xe3, 0xe4, 0xff, 
    0xe3, 0xe4, 0xff, 0xe3, 0xe4, 0xff, 0xe3, 0xe4, 0xff, 0xe3, 0xe4, 0xff, 
    0xe3, 0xe4, 0xff, 0xe3, 0xe4, 0xff, 0xe3, 0xe4, 0xff, 0xe3, 0xe4, 0xff, 
    0xe3, 0xe4, 0xff, 0xe3, 0xe4, 0xff, 0xe3, 0xe4, 0xff, 0xe3, 0xe4, 0xff, 
    0xe3, 0xe4, 0xff, 0xe3, 0xe4, 0xff, 0xe3, 0xe4, 0xff, 0xe3, 0xe4, 0xff, 
    0xe3, 0xe4, 0xff, 0xe3, 0xe4, 0xff, 0xe3, 0xe4, 0xff, 0xe3, 0xe4, 0xff, 
    0xe3, 0xe4, 0xff, 0xe3, 0xe4, 0xff, 0xe3, 0xe4, 0xff, 0xe3, 0xe4, 0xff, 
    0xe4, 0x04, 0xff, 0xec, 0x84, 0xff, 0xf4, 0xe3, 0xff, 0xf4, 0xe3, 0xff, 
    0xf4, 0xe3, 0xff, 0xf4, 0xe3, 0xff, 0xf4, 0xe3, 0xff, 0xf4, 0xe3, 0xff, 
    0xf4, 0xe3, 0xff, 0xf4, 0xe3, 0xff, 0xf4, 0xe3, 0xff, 0xf4, 0xe3, 0xff, 
    0xf4, 0xe3, 0xff, 0xf4, 0xe3, 0xff, 0xf4, 0xe3, 0xff, 0xf4, 0xe3, 0xff, 
    0xf4, 0xe3, 0xff, 0xf4, 0xe3, 0xff, 0xf4, 0xe3, 0xff, 0xf4, 0xe3, 0xff, 
    0xf4, 0xe3, 0xff, 0xf4, 0xe3, 0xff, 0xf4, 0xe3, 0xff, 0xf4, 0xe3, 0xff, 
    0xf4, 0xe3, 0xff, 0xf4, 0xc3, 0xfe, 0xf4, 0xe3, 0xf9, 0xfd, 0x44, 0xff, 
    0xf4, 0xe3, 0x66, 0x00, 0x00, 0x00, 0xfd, 0x40, 0x03, 0x00, 0x00, 0x00, 
    0x00, 0x00, 0x00, 0x00, 0x00, 0x00, 0x00, 0x00, 0x00, 0x00, 0x00, 0x00, 
    0x00, 0x00, 0x00, 0x00, 0x00, 0x00, 0x00, 0x00, 0x00, 0x00, 0x00, 0x00, 
    0x00, 0x00, 0x00, 0x00, 0x00, 0x00, 0x00, 0x00, 0x00, 0x00, 0x00, 0x00, 
    0x00, 0x00, 0x00, 0x00, 0x00, 0x00, 0x00, 0x00, 0x00, 0x00, 0x00, 0x00, 
    0x00, 0x00, 0x00, 0x00, 0x00, 0x00, 0x00, 0x00, 0x00, 0x00, 0x00, 0x00, 
    0x00, 0x00, 0x00, 0x00, 0x00, 0x00, 0x00, 0x00, 0x00, 0x00, 0x00, 0x00, 
    0x00, 0x00, 0x00, 0x00, 0x00, 0x00, 0x00, 0x00, 0x00, 0x00, 0x00, 0x00, 
    0x00, 0x00, 0x00, 0x00, 0x00, 0x00, 0x00, 0x00, 0x00, 0x00, 0x00, 0x00, 
    0x00, 0x00, 0x00, 0x00, 0x00, 0x00, 0x00, 0x00, 0x00, 0x00, 0x00, 0x00, 
    0x00, 0x00, 0x00, 0x00, 0x00, 0x00, 0x00, 0x00, 0x00, 0x00, 0x00, 0x00, 
    0x00, 0x00, 0x00, 0x00, 0x00, 0x00, 0x00, 0x00, 0x00, 0x00, 0x00, 0x00, 
    0x00, 0x00, 0x00, 0x00, 0x00, 0x00, 0x00, 0x00, 0x00, 0x00, 0x00, 0x00, 
    0x00, 0x00, 0x00, 0xff, 0xe0, 0x01, 0xfd, 0x40, 0x03, 0xfd, 0x40, 0x03, 
    0x00, 0x00, 0x00, 0x00, 0x00, 0x00, 0xec, 0xa2, 0x0c, 0xf4, 0xe4, 0x85, 
    0xfd, 0x04, 0xff, 0xf4, 0xe4, 0xff, 0xf4, 0xc3, 0xfe, 0xf4, 0xe3, 0xff, 
    0xf4, 0xe3, 0xff, 0xf4, 0xe3, 0xff, 0xf4, 0xe3, 0xff, 0xf4, 0xe3, 0xff, 
    0xf4, 0xe3, 0xff, 0xf4, 0xe3, 0xff, 0xf4, 0xe3, 0xff, 0xec, 0x84, 0xff, 
    0xe3, 0xe4, 0xff, 0xe3, 0xe4, 0xff, 0xe3, 0xe4, 0xff, 0xe3, 0xe4, 0xff, 
    0xe3, 0xe4, 0xff, 0xe3, 0xe4, 0xff, 0xe3, 0xe4, 0xff, 0xe3, 0xe4, 0xff, 
    0xe3, 0xe4, 0xff, 0xe3, 0xe4, 0xff, 0xe3, 0xe4, 0xff, 0xe3, 0xe4, 0xff, 
    0xe3, 0xe4, 0xff, 0xe3, 0xe4, 0xff, 0xe3, 0xe4, 0xff, 0xe3, 0xe4, 0xff, 
    0xe3, 0xe4, 0xff, 0xe3, 0xe4, 0xff, 0xe3, 0xe4, 0xff, 0xe3, 0xe4, 0xff, 
    0xe3, 0xe4, 0xff, 0xe3, 0xe4, 0xff, 0xe3, 0xe4, 0xff, 0xe3, 0xe4, 0xff, 
    0xe3, 0xe4, 0xff, 0xe3, 0xe4, 0xff, 0xe3, 0xe4, 0xff, 0xe3, 0xe4, 0xff, 
    0xe3, 0xe4, 0xff, 0xe3, 0xe4, 0xff, 0xe3, 0xe4, 0xff, 0xe3, 0xe4, 0xff, 
    0xe3, 0xe4, 0xff, 0xe3, 0xe4, 0xff, 0xe3, 0xe4, 0xff, 0xe3, 0xe4, 0xff, 
    0xe3, 0xe4, 0xff, 0xe3, 0xe4, 0xff, 0xe3, 0xe4, 0xff, 0xec, 0x24, 0xff, 
    0xf4, 0xc4, 0xff, 0xf4, 0xe3, 0xff, 0xf4, 0xe3, 0xff, 0xf4, 0xe3, 0xff, 
    0xf4, 0xe3, 0xff, 0xf4, 0xe3, 0xff, 0xf4, 0xe3, 0xff, 0xf4, 0xe3, 0xff, 
    0xf4, 0xe3, 0xff, 0xf4, 0xe3, 0xff, 0xf4, 0xe3, 0xff, 0xf4, 0xe3, 0xff, 
    0xf4, 0xe3, 0xff, 0xf4, 0xe3, 0xff, 0xf4, 0xe3, 0xff, 0xf4, 0xe3, 0xff, 
    0xf4, 0xe3, 0xff, 0xf4, 0xe3, 0xff, 0xf4, 0xe3, 0xff, 0xf4, 0xe3, 0xff, 
    0xf4, 0xe3, 0xff, 0xf4, 0xe3, 0xff, 0xf4, 0xe3, 0xff, 0xf4, 0xe3, 0xff, 
    0xf4, 0xe3, 0xff, 0xf4, 0xe3, 0xff, 0xf4, 0xe3, 0xfd, 0xfd, 0x04, 0xfd, 
    0xf4, 0xe3, 0xdb, 0xdc, 0x84, 0x07, 0xf8, 0x00, 0x01, 0x00, 0x00, 0x00, 
    0x00, 0x00, 0x00, 0x00, 0x00, 0x00, 0x00, 0x00, 0x00, 0x00, 0x00, 0x00, 
    0x00, 0x00, 0x00, 0x00, 0x00, 0x00, 0x00, 0x00, 0x00, 0x00, 0x00, 0x00, 
    0x00, 0x00, 0x00, 0x00, 0x00, 0x00, 0x00, 0x00, 0x00, 0x00, 0x00, 0x00, 
    0x00, 0x00, 0x00, 0x00, 0x00, 0x00, 0x00, 0x00, 0x00, 0x00, 0x00, 0x00, 
    0x00, 0x00, 0x00, 0x00, 0x00, 0x00, 0x00, 0x00, 0x00, 0x00, 0x00, 0x00, 
    0x00, 0x00, 0x00, 0x00, 0x00, 0x00, 0x00, 0x00, 0x00, 0x00, 0x00, 0x00, 
    0x00, 0x00, 0x00, 0x00, 0x00, 0x00, 0x00, 0x00, 0x00, 0x00, 0x00, 0x00, 
    0x00, 0x00, 0x00, 0x00, 0x00, 0x00, 0x00, 0x00, 0x00, 0x00, 0x00, 0x00, 
    0x00, 0x00, 0x00, 0x00, 0x00, 0x00, 0x00, 0x00, 0x00, 0x00, 0x00, 0x00, 
    0x00, 0x00, 0x00, 0x00, 0x00, 0x00, 0x00, 0x00, 0x00, 0x00, 0x00, 0x00, 
    0x00, 0x00, 0x00, 0x00, 0x00, 0x00, 0xf8, 0x00, 0x01, 0xff, 0xe0, 0x01, 
    0xfb, 0xe0, 0x02, 0xfd, 0x40, 0x03, 0xfb, 0xe0, 0x04, 0xfb, 0xe0, 0x04, 
    0xff, 0xe0, 0x01, 0x00, 0x00, 0x00, 0x00, 0x00, 0x00, 0x00, 0x00, 0x00, 
    0xe4, 0x83, 0x13, 0xf5, 0x03, 0x69, 0xf4, 0xe3, 0xda, 0xfd, 0x24, 0xff, 
    0xf4, 0xe3, 0xfe, 0xf4, 0xc3, 0xfe, 0xf4, 0xe3, 0xff, 0xf4, 0xe3, 0xff, 
    0xf4, 0xe3, 0xff, 0xf4, 0xe3, 0xff, 0xf4, 0xe3, 0xff, 0xf4, 0xe3, 0xff, 
    0xf4, 0xe3, 0xff, 0xf4, 0xe3, 0xff, 0xf4, 0xe3, 0xff, 0xec, 0x24, 0xff, 
    0xe3, 0xe4, 0xff, 0xe3, 0xe4, 0xff, 0xe3, 0xe4, 0xff, 0xe3, 0xe4, 0xff, 
    0xe3, 0xe4, 0xff, 0xe3, 0xe4, 0xff, 0xe3, 0xe4, 0xff, 0xe3, 0xe4, 0xff, 
    0xe3, 0xe4, 0xff, 0xe3, 0xe4, 0xff, 0xe3, 0xe4, 0xff, 0xe3, 0xe4, 0xff, 
    0xe3, 0xe4, 0xff, 0xe3, 0xe4, 0xff, 0xe3, 0xe4, 0xff, 0xe3, 0xe4, 0xff, 
    0xe3, 0xe4, 0xff, 0xe3, 0xe4, 0xff, 0xe3, 0xe4, 0xff, 0xe3, 0xe4, 0xff, 
    0xe3, 0xe4, 0xff, 0xe3, 0xe4, 0xff, 0xe3, 0xe4, 0xff, 0xe3, 0xe4, 0xff, 
    0xe3, 0xe4, 0xff, 0xe3, 0xe4, 0xff, 0xe3, 0xe4, 0xff, 0xe3, 0xe4, 0xff, 
    0xe3, 0xe4, 0xff, 0xe3, 0xe4, 0xff, 0xe3, 0xe4, 0xff, 0xe3, 0xe4, 0xff, 
    0xe3, 0xe4, 0xff, 0xe3, 0xe4, 0xff, 0xe3, 0xe4, 0xff, 0xe3, 0xe4, 0xff, 
    0xe3, 0xe4, 0xff, 0xe3, 0xe4, 0xff, 0xec, 0x44, 0xff, 0xf4, 0xe3, 0xff, 
    0xf4, 0xe3, 0xff, 0xf4, 0xe3, 0xff, 0xf4, 0xe3, 0xff, 0xf4, 0xe3, 0xff, 
    0xf4, 0xe3, 0xff, 0xf4, 0xe3, 0xff, 0xf4, 0xe3, 0xff, 0xf4, 0xe3, 0xff, 
    0xf4, 0xe3, 0xff, 0xf4, 0xe3, 0xff, 0xf4, 0xe3, 0xff, 0xf4, 0xe3, 0xff, 
    0xf4, 0xe3, 0xff, 0xf4, 0xe3, 0xff, 0xf4, 0xe3, 0xff, 0xf4, 0xe3, 0xff, 
    0xf4, 0xe3, 0xff, 0xf4, 0xe3, 0xff, 0xf4, 0xe3, 0xff, 0xf4, 0xe3, 0xff, 
    0xf4, 0xe3, 0xff, 0xf4, 0xe3, 0xff, 0xf4, 0xe3, 0xff, 0xf4, 0xe3, 0xff, 
    0xf4, 0xe3, 0xff, 0xf4, 0xe3, 0xff, 0xf4, 0xe3, 0xff, 0xf4, 0xc3, 0xfe, 
    0xf4, 0xe3, 0xfe, 0xec, 0xa4, 0x2f, 0x00, 0x00, 0x00, 0xfb, 0xe0, 0x02, 
    0x00, 0x00, 0x00, 0x00, 0x00, 0x00, 0x00, 0x00, 0x00, 0x00, 0x00, 0x00, 
    0x00, 0x00, 0x00, 0x00, 0x00, 0x00, 0x00, 0x00, 0x00, 0x00, 0x00, 0x00, 
    0x00, 0x00, 0x00, 0x00, 0x00, 0x00, 0x00, 0x00, 0x00, 0x00, 0x00, 0x00, 
    0x00, 0x00, 0x00, 0x00, 0x00, 0x00, 0x00, 0x00, 0x00, 0x00, 0x00, 0x00, 
    0x00, 0x00, 0x00, 0x00, 0x00, 0x00, 0x00, 0x00, 0x00, 0x00, 0x00, 0x00, 
    0x00, 0x00, 0x00, 0x00, 0x00, 0x00, 0x00, 0x00, 0x00, 0x00, 0x00, 0x00, 
    0x00, 0x00, 0x00, 0xf8, 0x00, 0x01, 0xfb, 0xe0, 0x02, 0xfd, 0x40, 0x03, 
    0xfd, 0x40, 0x03, 0xfb, 0xe0, 0x04, 0xfb, 0xe0, 0x04, 0xfb, 0xe0, 0x04, 
    0xfb, 0xe0, 0x04, 0xfb, 0xe0, 0x04, 0xfb, 0xe0, 0x04, 0xfb, 0xe0, 0x04, 
    0xfb, 0xe0, 0x04, 0xbb, 0xe0, 0x04, 0xbb, 0xe0, 0x04, 0xfd, 0x40, 0x03, 
    0xfb, 0xe0, 0x02, 0x00, 0x00, 0x00, 0x00, 0x00, 0x00, 0x00, 0x00, 0x00, 
    0x00, 0x00, 0x00, 0x00, 0x00, 0x00, 0x00, 0x00, 0x00, 0x00, 0x00, 0x00, 
    0x00, 0x00, 0x00, 0xf4, 0xc4, 0x17, 0xf4, 0xe4, 0x4f, 0xf4, 0xe3, 0x9c, 
    0xf4, 0xe3, 0xe8, 0xfd, 0x24, 0xff, 0xfd, 0x04, 0xff, 0xf4, 0xc3, 0xfc, 
    0xf4, 0xe3, 0xff, 0xf4, 0xe3, 0xff, 0xf4, 0xe3, 0xff, 0xf4, 0xe3, 0xff, 
    0xf4, 0xe3, 0xff, 0xf4, 0xe3, 0xff, 0xf4, 0xe3, 0xff, 0xf4, 0xe3, 0xff, 
    0xf4, 0xe3, 0xff, 0xf4, 0xe3, 0xff, 0xec, 0x84, 0xff, 0xe3, 0xe4, 0xff, 
    0xe3, 0xe4, 0xff, 0xe3, 0xe4, 0xff, 0xe3, 0xe4, 0xff, 0xe3, 0xe4, 0xff, 
    0xe3, 0xe4, 0xff, 0xe3, 0xe4, 0xff, 0xe3, 0xe4, 0xff, 0xe3, 0xe4, 0xff, 
    0xe3, 0xe4, 0xff, 0xe3, 0xe4, 0xff, 0xe3, 0xe4, 0xff, 0xe3, 0xe4, 0xff, 
    0xe3, 0xe4, 0xff, 0xe3, 0xe4, 0xff, 0xe3, 0xe4, 0xff, 0xe3, 0xe4, 0xff, 
    0xe3, 0xe4, 0xff, 0xe3, 0xe4, 0xff, 0xe3, 0xe4, 0xff, 0xe3, 0xe4, 0xff, 
    0xe3, 0xe4, 0xff, 0xe3, 0xe4, 0xff, 0xe3, 0xe4, 0xff, 0xe3, 0xe4, 0xff, 
    0xe3, 0xe4, 0xff, 0xe3, 0xe4, 0xff, 0xe3, 0xe4, 0xff, 0xe3, 0xe4, 0xff, 
    0xe3, 0xe4, 0xff, 0xe3, 0xe4, 0xff, 0xe3, 0xe4, 0xff, 0xe3, 0xe4, 0xff, 
    0xe3, 0xe4, 0xff, 0xe3, 0xe4, 0xff, 0xe3, 0xe4, 0xff, 0xe3, 0xe4, 0xff, 
    0xe3, 0xe4, 0xff, 0xec, 0x24, 0xff, 0xf4, 0xe3, 0xff, 0xf4, 0xe3, 0xff, 
    0xf4, 0xe3, 0xff, 0xf4, 0xe3, 0xff, 0xf4, 0xe3, 0xff, 0xf4, 0xe3, 0xff, 
    0xf4, 0xe3, 0xff, 0xf4, 0xe3, 0xff, 0xf4, 0xe3, 0xff, 0xf4, 0xe3, 0xff, 
    0xf4, 0xe3, 0xff, 0xf4, 0xe3, 0xff, 0xf4, 0xe3, 0xff, 0xf4, 0xe3, 0xff, 
    0xf4, 0xe3, 0xff, 0xf4, 0xe3, 0xff, 0xf4, 0xe3, 0xff, 0xf4, 0xe3, 0xff, 
    0xf4, 0xe3, 0xff, 0xf4, 0xe3, 0xff, 0xf4, 0xe3, 0xff, 0xf4, 0xe3, 0xff, 
    0xf4, 0xe3, 0xff, 0xf4, 0xe3, 0xff, 0xf4, 0xe3, 0xff, 0xf4, 0xe3, 0xff, 
    0xf4, 0xe3, 0xff, 0xf4, 0xe3, 0xff, 0xf4, 0xe3, 0xff, 0xf4, 0xe3, 0xfd, 
    0xfd, 0x04, 0xfe, 0xf4, 0xe4, 0x47, 0x00, 0x00, 0x00, 0xfd, 0x40, 0x03, 
    0x00, 0x00, 0x00, 0x00, 0x00, 0x00, 0x00, 0x00, 0x00, 0x00, 0x00, 0x00, 
    0x00, 0x00, 0x00, 0x00, 0x00, 0x00, 0x00, 0x00, 0x00, 0x00, 0x00, 0x00, 
    0x00, 0x00, 0x00, 0x00, 0x00, 0x00, 0x00, 0x00, 0x00, 0x00, 0x00, 0x00, 
    0x00, 0x00, 0x00, 0x00, 0x00, 0x00, 0x00, 0x00, 0x00, 0x00, 0x00, 0x00, 
    0x00, 0x00, 0x00, 0x00, 0x00, 0x00, 0x00, 0x00, 0x00, 0x00, 0x00, 0x00, 
    0x00, 0x00, 0x00, 0x00, 0x00, 0x00, 0xfb, 0xe0, 0x02, 0xfb, 0xe0, 0x04, 
    0xad, 0x40, 0x03, 0x00, 0x00, 0x00, 0x00, 0x00, 0x00, 0x00, 0x00, 0x00, 
    0x00, 0x00, 0x00, 0x00, 0x00, 0x00, 0x00, 0x00, 0x00, 0x00, 0x00, 0x00, 
    0x00, 0x00, 0x00, 0x00, 0x00, 0x00, 0x00, 0x00, 0x00, 0x00, 0x00, 0x00, 
    0x00, 0x00, 0x00, 0x00, 0x00, 0x00, 0x00, 0x00, 0x00, 0x00, 0x00, 0x00, 
    0x00, 0x00, 0x00, 0x00, 0x00, 0x00, 0xdc, 0xe3, 0x08, 0xf5, 0x24, 0x17, 
    0xf4, 0xc4, 0x2e, 0xf4, 0xc4, 0x47, 0xf4, 0xe3, 0x6a, 0xf4, 0xe3, 0x8f, 
    0xf4, 0xe3, 0xc2, 0xf4, 0xe3, 0xee, 0xfd, 0x24, 0xff, 0xfd, 0x24, 0xff, 
    0xf4, 0xe4, 0xff, 0xf4, 0xc3, 0xfc, 0xf4, 0xe3, 0xfd, 0xf4, 0xe3, 0xff, 
    0xf4, 0xe3, 0xff, 0xf4, 0xe3, 0xff, 0xf4, 0xe3, 0xff, 0xf4, 0xe3, 0xff, 
    0xf4, 0xe3, 0xff, 0xf4, 0xe3, 0xff, 0xf4, 0xe3, 0xff, 0xf4, 0xe3, 0xff, 
    0xf4, 0xe3, 0xff, 0xf4, 0xc4, 0xff, 0xe4, 0x04, 0xff, 0xe3, 0xe4, 0xff, 
    0xe3, 0xe4, 0xff, 0xe3, 0xe4, 0xff, 0xe3, 0xe4, 0xff, 0xe3, 0xe4, 0xff, 
    0xe3, 0xe4, 0xff, 0xe3, 0xe4, 0xff, 0xe3, 0xe4, 0xff, 0xe3, 0xe4, 0xff, 
    0xe3, 0xe4, 0xff, 0xe3, 0xe4, 0xff, 0xe3, 0xe4, 0xff, 0xe3, 0xe4, 0xff, 
    0xe3, 0xe4, 0xff, 0xe3, 0xe4, 0xff, 0xe3, 0xe4, 0xff, 0xe3, 0xe4, 0xff, 
    0xe3, 0xe4, 0xff, 0xe3, 0xe4, 0xff, 0xe3, 0xe4, 0xff, 0xe3, 0xe4, 0xff, 
    0xe3, 0xe4, 0xff, 0xe3, 0xe4, 0xff, 0xe3, 0xe4, 0xff, 0xe3, 0xe4, 0xff, 
    0xe3, 0xe4, 0xff, 0xe3, 0xe4, 0xff, 0xe3, 0xe4, 0xff, 0xe3, 0xe4, 0xff, 
    0xe3, 0xe4, 0xff, 0xe3, 0xe4, 0xff, 0xe3, 0xe4, 0xff, 0xe3, 0xe4, 0xff, 
    0xe3, 0xe4, 0xff, 0xe3, 0xe4, 0xff, 0xe3, 0xe4, 0xff, 0xe3, 0xe4, 0xff, 
    0xe4, 0x04, 0xff, 0xf4, 0xc4, 0xff, 0xf4, 0xe3, 0xff, 0xf4, 0xe3, 0xff, 
    0xf4, 0xe3, 0xff, 0xf4, 0xe3, 0xff, 0xf4, 0xe3, 0xff, 0xf4, 0xe3, 0xff, 
    0xf4, 0xe3, 0xff, 0xf4, 0xe3, 0xff, 0xf4, 0xe3, 0xff, 0xf4, 0xe3, 0xff, 
    0xf4, 0xe3, 0xff, 0xf4, 0xe3, 0xff, 0xf4, 0xe3, 0xff, 0xf4, 0xe3, 0xff, 
    0xf4, 0xe3, 0xff, 0xf4, 0xe3, 0xff, 0xf4, 0xe3, 0xff, 0xf4, 0xe3, 0xff, 
    0xf4, 0xe3, 0xff, 0xf4, 0xe3, 0xff, 0xf4, 0xe3, 0xff, 0xf4, 0xe3, 0xff, 
    0xf4, 0xe3, 0xff, 0xf4, 0xe3, 0xff, 0xf4, 0xe3, 0xff, 0xf4, 0xe3, 0xff, 
    0xf4, 0xe3, 0xff, 0xf4, 0xe3, 0xff, 0xf4, 0xe3, 0xff, 0xf4, 0xc3, 0xfe, 
    0xfd, 0x04, 0xff, 0xf4, 0xe3, 0x39, 0x00, 0x00, 0x00, 0xfd, 0x40, 0x03, 
    0x00, 0x00, 0x00, 0x00, 0x00, 0x00, 0x00, 0x00, 0x00, 0x00, 0x00, 0x00, 
    0x00, 0x00, 0x00, 0x00, 0x00, 0x00, 0x00, 0x00, 0x00, 0x00, 0x00, 0x00, 
    0x00, 0x00, 0x00, 0x00, 0x00, 0x00, 0x00, 0x00, 0x00, 0x00, 0x00, 0x00, 
    0x00, 0x00, 0x00, 0x00, 0x00, 0x00, 0x00, 0x00, 0x00, 0x00, 0x00, 0x00, 
    0x00, 0x00, 0x00, 0x00, 0x00, 0x00, 0x00, 0x00, 0x00, 0x00, 0x00, 0x00, 
    0xfb, 0xe0, 0x02, 0xfd, 0x40, 0x03, 0x00, 0x00, 0x00, 0x00, 0x00, 0x00, 
    0x00, 0x00, 0x00, 0xfc, 0x84, 0x07, 0xf4, 0xe3, 0x20, 0xf4, 0xe3, 0x39, 
    0xf4, 0xe3, 0x53, 0xec, 0xc3, 0x64, 0xf4, 0xe3, 0x72, 0xf4, 0xc3, 0x7d, 
    0xf4, 0xe3, 0x81, 0xf4, 0xe3, 0x80, 0xf4, 0xe3, 0x81, 0xf4, 0xc3, 0x85, 
    0xf4, 0xc3, 0x8b, 0xf4, 0xe3, 0x94, 0xf4, 0xc3, 0xa1, 0xf4, 0xc3, 0xaf, 
    0xf4, 0xc3, 0xbe, 0xf4, 0xc3, 0xcf, 0xf4, 0xc3, 0xe2, 0xf4, 0xe3, 0xf0, 
    0xf4, 0xe3, 0xff, 0xfd, 0x04, 0xff, 0xfd, 0x24, 0xff, 0xfd, 0x24, 0xff, 
    0xfd, 0x24, 0xff, 0xf4, 0xe3, 0xff, 0xf4, 0xc3, 0xfd, 0xf4, 0xe3, 0xfb, 
    0xf4, 0xc3, 0xfe, 0xf4, 0xe3, 0xff, 0xf4, 0xe3, 0xff, 0xf4, 0xe3, 0xff, 
    0xf4, 0xe3, 0xff, 0xf4, 0xe3, 0xff, 0xf4, 0xe3, 0xff, 0xf4, 0xe3, 0xff, 
    0xf4, 0xe3, 0xff, 0xf4, 0xe3, 0xff, 0xf4, 0xe3, 0xff, 0xf4, 0xe3, 0xff, 
    0xf4, 0xe3, 0xff, 0xec, 0x24, 0xff, 0xe3, 0xe4, 0xff, 0xe3, 0xe4, 0xff, 
    0xe3, 0xe4, 0xff, 0xe3, 0xe4, 0xff, 0xe3, 0xe4, 0xff, 0xe3, 0xe4, 0xff, 
    0xe3, 0xe4, 0xff, 0xe3, 0xe4, 0xff, 0xe3, 0xe4, 0xff, 0xe3, 0xe4, 0xff, 
    0xe3, 0xe4, 0xff, 0xe3, 0xe4, 0xff, 0xe3, 0xe4, 0xff, 0xe3, 0xe4, 0xff, 
    0xe3, 0xe4, 0xff, 0xe3, 0xe4, 0xff, 0xe3, 0xe4, 0xff, 0xe3, 0xe4, 0xff, 
    0xe3, 0xe4, 0xff, 0xe3, 0xe4, 0xff, 0xe3, 0xe4, 0xff, 0xe3, 0xe4, 0xff, 
    0xe3, 0xe4, 0xff, 0xe3, 0xe4, 0xff, 0xe3, 0xe4, 0xff, 0xe3, 0xe4, 0xff, 
    0xe3, 0xe4, 0xff, 0xe3, 0xe4, 0xff, 0xe3, 0xe4, 0xff, 0xe3, 0xe4, 0xff, 
    0xe3, 0xe4, 0xff, 0xe3, 0xe4, 0xff, 0xe3, 0xe4, 0xff, 0xe3, 0xe4, 0xff, 
    0xe3, 0xe4, 0xff, 0xe3, 0xe4, 0xff, 0xe3, 0xe4, 0xff, 0xe3, 0xe4, 0xff, 
    0xec, 0x84, 0xff, 0xf4, 0xe3, 0xff, 0xf4, 0xe3, 0xff, 0xf4, 0xe3, 0xff, 
    0xf4, 0xe3, 0xff, 0xf4, 0xe3, 0xff, 0xf4, 0xe3, 0xff, 0xf4, 0xe3, 0xff, 
    0xf4, 0xe3, 0xff, 0xf4, 0xe3, 0xff, 0xf4, 0xe3, 0xff, 0xf4, 0xe3, 0xff, 
    0xf4, 0xe3, 0xfe, 0xf4, 0xc3, 0xfe, 0xf4, 0xe3, 0xfe, 0xf4, 0xe3, 0xff, 
    0xf4, 0xe3, 0xff, 0xf4, 0xe3, 0xff, 0xf4, 0xe3, 0xff, 0xf4, 0xe3, 0xff, 
    0xf4, 0xe3, 0xff, 0xf4, 0xe3, 0xff, 0xf4, 0xe3, 0xff, 0xf4, 0xe3, 0xff, 
    0xf4, 0xe3, 0xff, 0xf4, 0xe3, 0xff, 0xf4, 0xe3, 0xff, 0xf4, 0xe3, 0xff, 
    0xf4, 0xe3, 0xff, 0xf4, 0xe3, 0xff, 0xf4, 0xc3, 0xfe, 0xf4, 0xe3, 0xfd, 
    0xf4, 0xe3, 0xeb, 0xec, 0xc4, 0x0f, 0x00, 0x00, 0x00, 0xff, 0xe0, 0x01, 
    0x00, 0x00, 0x00, 0x00, 0x00, 0x00, 0x00, 0x00, 0x00, 0x00, 0x00, 0x00, 
    0x00, 0x00, 0x00, 0x00, 0x00, 0x00, 0x00, 0x00, 0x00, 0x00, 0x00, 0x00, 
    0x00, 0x00, 0x00, 0x00, 0x00, 0x00, 0x00, 0x00, 0x00, 0x00, 0x00, 0x00, 
    0x00, 0x00, 0x00, 0x00, 0x00, 0x00, 0x00, 0x00, 0x00, 0x00, 0x00, 0x00, 
    0x00, 0x00, 0x00, 0x00, 0x00, 0x00, 0x00, 0x00, 0x00, 0xfd, 0x40, 0x03, 
    0x00, 0x00, 0x00, 0x00, 0x00, 0x00, 0xf5, 0x03, 0x23, 0xf4, 0xe3, 0x6d, 
    0xf4, 0xe3, 0xb0, 0xf4, 0xe3, 0xde, 0xf4, 0xe3, 0xf8, 0xfd, 0x04, 0xff, 
    0xfd, 0x24, 0xff, 0xfd, 0x24, 0xff, 0xfd, 0x24, 0xff, 0xfd, 0x24, 0xff, 
    0xfd, 0x24, 0xff, 0xfd, 0x24, 0xff, 0xfd, 0x24, 0xff, 0xfd, 0x24, 0xff, 
    0xfd, 0x24, 0xff, 0xfd, 0x24, 0xff, 0xfd, 0x24, 0xff, 0xfd, 0x24, 0xff, 
    0xfd, 0x24, 0xff, 0xfd, 0x04, 0xff, 0xfd, 0x04, 0xff, 0xf4, 0xe3, 0xff, 
    0xf4, 0xe3, 0xff, 0xf4, 0xe3, 0xfd, 0xf4, 0xe3, 0xfb, 0xf4, 0xe3, 0xfb, 
    0xf4, 0xc3, 0xfc, 0xf4, 0xc3, 0xfe, 0xf4, 0xe3, 0xff, 0xf4, 0xe3, 0xff, 
    0xf4, 0xe3, 0xff, 0xf4, 0xe3, 0xff, 0xf4, 0xe3, 0xff, 0xf4, 0xe3, 0xff, 
    0xf4, 0xe3, 0xff, 0xf4, 0xe3, 0xff, 0xf4, 0xe3, 0xff, 0xf4, 0xe3, 0xff, 
    0xf4, 0xe3, 0xff, 0xf4, 0xe3, 0xff, 0xf4, 0xe3, 0xff, 0xf4, 0xe3, 0xff, 
    0xec, 0x44, 0xff, 0xe3, 0xe4, 0xff, 0xe3, 0xe4, 0xff, 0xe3, 0xe4, 0xff, 
    0xe3, 0xe4, 0xff, 0xe3, 0xe4, 0xff, 0xe3, 0xe4, 0xff, 0xe3, 0xe4, 0xff, 
    0xe3, 0xe4, 0xff, 0xe3, 0xe4, 0xff, 0xe3, 0xe4, 0xff, 0xe3, 0xe4, 0xff, 
    0xe3, 0xe4, 0xff, 0xe3, 0xe4, 0xff, 0xe3, 0xe4, 0xff, 0xe3, 0xe4, 0xff, 
    0xe3, 0xe4, 0xff, 0xe3, 0xe4, 0xff, 0xe3, 0xe4, 0xff, 0xe3, 0xe4, 0xff, 
    0xe3, 0xe4, 0xff, 0xe3, 0xe4, 0xff, 0xe3, 0xe4, 0xff, 0xe3, 0xe4, 0xff, 
    0xe3, 0xe4, 0xff, 0xe3, 0xe4, 0xff, 0xe3, 0xe4, 0xff, 0xe3, 0xe4, 0xff, 
    0xe3, 0xe4, 0xff, 0xe3, 0xe4, 0xff, 0xe3, 0xe4, 0xff, 0xe3, 0xe4, 0xff, 
    0xe3, 0xe4, 0xff, 0xe3, 0xe4, 0xff, 0xe3, 0xe4, 0xff, 0xe3, 0xe4, 0xff, 
    0xe3, 0xe4, 0xff, 0xe3, 0xe4, 0xff, 0xe3, 0xe4, 0xff, 0xe4, 0x04, 0xff, 
    0xf4, 0xe3, 0xff, 0xf4, 0xe3, 0xff, 0xf4, 0xe3, 0xff, 0xf4, 0xe3, 0xff, 
    0xf4, 0xe3, 0xff, 0xf4, 0xe3, 0xff, 0xf4, 0xe3, 0xff, 0xf4, 0xe3, 0xff, 
    0xf4, 0xe3, 0xff, 0xf4, 0xe3, 0xff, 0xf4, 0xc3, 0xfc, 0xf4, 0xc3, 0xfc, 
    0xf4, 0xe3, 0xff, 0xf4, 0xe3, 0xff, 0xf4, 0xe3, 0xff, 0xf4, 0xe3, 0xff, 
    0xf4, 0xc3, 0xfc, 0xf4, 0xe3, 0xfb, 0xf4, 0xe3, 0xfb, 0xf4, 0xc3, 0xfc, 
    0xf4, 0xc3, 0xfe, 0xf4, 0xe3, 0xfe, 0xf4, 0xe3, 0xff, 0xf4, 0xe3, 0xff, 
    0xf4, 0xe3, 0xff, 0xf4, 0xe3, 0xff, 0xf4, 0xe3, 0xff, 0xf4, 0xe3, 0xff, 
    0xf4, 0xe3, 0xff, 0xf4, 0xe3, 0xff, 0xf4, 0xe3, 0xf8, 0xfd, 0x44, 0xff, 
    0xf4, 0xe3, 0x8c, 0x00, 0x00, 0x00, 0xfd, 0x40, 0x03, 0x00, 0x00, 0x00, 
    0x00, 0x00, 0x00, 0x00, 0x00, 0x00, 0x00, 0x00, 0x00, 0x00, 0x00, 0x00, 
    0x00, 0x00, 0x00, 0x00, 0x00, 0x00, 0x00, 0x00, 0x00, 0x00, 0x00, 0x00, 
    0x00, 0x00, 0x00, 0x00, 0x00, 0x00, 0x00, 0x00, 0x00, 0x00, 0x00, 0x00, 
    0x00, 0x00, 0x00, 0x00, 0x00, 0x00, 0x00, 0x00, 0x00, 0x00, 0x00, 0x00, 
    0x00, 0x00, 0x00, 0x00, 0x00, 0x00, 0xad, 0x40, 0x03, 0x00, 0x00, 0x00, 
    0xec, 0xa3, 0x2a, 0xf4, 0xe3, 0xa3, 0xf4, 0xe3, 0xf4, 0xfd, 0x24, 0xff, 
    0xfd, 0x24, 0xff, 0xfd, 0x04, 0xff, 0xf4, 0xe3, 0xff, 0xf4, 0xc3, 0xfe, 
    0xf4, 0xc3, 0xfc, 0xf4, 0xe3, 0xfb, 0xf4, 0xc3, 0xfb, 0xf4, 0xe3, 0xfb, 
    0xf4, 0xe3, 0xfb, 0xf4, 0xe3, 0xfb, 0xf4, 0xe3, 0xfb, 0xf4, 0xe3, 0xfb, 
    0xf4, 0xe3, 0xfb, 0xf4, 0xe3, 0xfb, 0xf4, 0xe3, 0xfb, 0xf4, 0xe3, 0xfb, 
    0xf4, 0xc3, 0xfc, 0xf4, 0xe3, 0xfd, 0xf4, 0xe3, 0xfd, 0xf4, 0xc3, 0xfe, 
    0xf4, 0xe3, 0xfe, 0xf4, 0xe3, 0xff, 0xf4, 0xe3, 0xff, 0xf4, 0xe3, 0xff, 
    0xf4, 0xe3, 0xff, 0xf4, 0xe3, 0xff, 0xf4, 0xe3, 0xff, 0xf4, 0xe3, 0xff, 
    0xf4, 0xe3, 0xff, 0xf4, 0xe3, 0xff, 0xf4, 0xe3, 0xff, 0xf4, 0xe3, 0xff, 
    0xf4, 0xe3, 0xff, 0xf4, 0xe3, 0xff, 0xf4, 0xe3, 0xff, 0xf4, 0xe3, 0xff, 
    0xf4, 0xe3, 0xff, 0xf4, 0xe3, 0xff, 0xf4, 0xe3, 0xff, 0xec, 0x84, 0xff, 
    0xe3, 0xe4, 0xff, 0xe3, 0xe4, 0xff, 0xe3, 0xe4, 0xff, 0xe3, 0xe4, 0xff, 
    0xe3, 0xe4, 0xff, 0xe3, 0xe4, 0xff, 0xe3, 0xe4, 0xff, 0xe3, 0xe4, 0xff, 
    0xe3, 0xe4, 0xff, 0xe3, 0xe4, 0xff, 0xe3, 0xe4, 0xff, 0xe3, 0xe4, 0xff, 
    0xe3, 0xe4, 0xff, 0xe3, 0xe4, 0xff, 0xe3, 0xe4, 0xff, 0xe3, 0xe4, 0xff, 
    0xe3, 0xe4, 0xff, 0xe3, 0xe4, 0xff, 0xe3, 0xe4, 0xff, 0xe3, 0xe4, 0xff, 
    0xe3, 0xe4, 0xff, 0xe3, 0xe4, 0xff, 0xe3, 0xe4, 0xff, 0xe3, 0xe4, 0xff, 
    0xe3, 0xe4, 0xff, 0xe3, 0xe4, 0xff, 0xe3, 0xe4, 0xff, 0xe3, 0xe4, 0xff, 
    0xe3, 0xe4, 0xff, 0xe3, 0xe4, 0xff, 0xe3, 0xe4, 0xff, 0xe3, 0xe4, 0xff, 
    0xe3, 0xe4, 0xff, 0xe3, 0xe4, 0xff, 0xe3, 0xe4, 0xff, 0xe3, 0xe4, 0xff, 
    0xe3, 0xe4, 0xff, 0xe3, 0xe4, 0xff, 0xe3, 0xe4, 0xff, 0xec, 0x64, 0xff, 
    0xf4, 0xe3, 0xff, 0xf4, 0xe3, 0xff, 0xf4, 0xe3, 0xff, 0xf4, 0xe3, 0xff, 
    0xf4, 0xe3, 0xff, 0xf4, 0xe3, 0xff, 0xf4, 0xe3, 0xff, 0xf4, 0xe3, 0xff, 
    0xf4, 0xe3, 0xff, 0xf4, 0xc3, 0xfe, 0xfd, 0x24, 0xff, 0xfd, 0x24, 0xff, 
    0xf4, 0xe3, 0xfb, 0xf4, 0xc3, 0xf6, 0xf4, 0xe3, 0xf8, 0xf4, 0xe3, 0xff, 
    0xfd, 0x24, 0xff, 0xfd, 0x24, 0xff, 0xfd, 0x24, 0xff, 0xfd, 0x04, 0xff, 
    0xfd, 0x04, 0xff, 0xf4, 0xe3, 0xff, 0xf4, 0xe3, 0xfd, 0xf4, 0xe3, 0xfb, 
    0xf4, 0xe3, 0xfb, 0xf4, 0xe3, 0xfb, 0xf4, 0xe3, 0xfb, 0xf4, 0xe3, 0xfb, 
    0xf4, 0xc3, 0xfb, 0xf4, 0xc3, 0xfe, 0xfd, 0x44, 0xff, 0xf4, 0xe3, 0xce, 
    0xec, 0xc4, 0x0f, 0xfb, 0xe0, 0x02, 0xff, 0xe0, 0x01, 0x00, 0x00, 0x00, 
    0x00, 0x00, 0x00, 0x00, 0x00, 0x00, 0x00, 0x00, 0x00, 0x00, 0x00, 0x00, 
    0x00, 0x00, 0x00, 0x00, 0x00, 0x00, 0x00, 0x00, 0x00, 0xff, 0xef, 0x02, 
    0xfd, 0xef, 0x04, 0xfd, 0x4a, 0x03, 0xfd, 0x4a, 0x03, 0xfd, 0xef, 0x04, 
    0xff, 0xef, 0x02, 0x00, 0x00, 0x00, 0x00, 0x00, 0x00, 0x00, 0x00, 0x00, 
    0x00, 0x00, 0x00, 0xfd, 0x40, 0x03, 0x00, 0x00, 0x00, 0xf4, 0xe3, 0x6a, 
    0xfd, 0x04, 0xf4, 0xfd, 0x24, 0xff, 0xf4, 0xe3, 0xff, 0xf4, 0xe3, 0xfb, 
    0xf4, 0xc3, 0xfc, 0xf4, 0xe3, 0xfd, 0xf4, 0xe3, 0xfe, 0xf4, 0xe3, 0xff, 
    0xf4, 0xe3, 0xff, 0xf4, 0xe3, 0xff, 0xf4, 0xe3, 0xff, 0xf4, 0xe3, 0xff, 
    0xf4, 0xe3, 0xff, 0xf4, 0xe3, 0xff, 0xf4, 0xe3, 0xff, 0xf4, 0xe3, 0xff, 
    0xf4, 0xe3, 0xff, 0xf4, 0xe3, 0xff, 0xf4, 0xe3, 0xff, 0xf4, 0xe3, 0xff, 
    0xf4, 0xe3, 0xff, 0xf4, 0xe3, 0xff, 0xf4, 0xe3, 0xff, 0xf4, 0xe3, 0xff, 
    0xf4, 0xe3, 0xff, 0xf4, 0xe3, 0xff, 0xf4, 0xe3, 0xff, 0xf4, 0xe3, 0xff, 
    0xf4, 0xe3, 0xff, 0xf4, 0xe3, 0xff, 0xf4, 0xe3, 0xff, 0xf4, 0xe3, 0xff, 
    0xf4, 0xe3, 0xff, 0xf4, 0xe3, 0xff, 0xf4, 0xe3, 0xff, 0xf4, 0xe3, 0xff, 
    0xf4, 0xe3, 0xff, 0xf4, 0xe3, 0xff, 0xf4, 0xe3, 0xff, 0xf4, 0xe3, 0xff, 
    0xf4, 0xe3, 0xff, 0xf4, 0xe3, 0xff, 0xf4, 0xe3, 0xff, 0xec, 0x24, 0xff, 
    0xe3, 0xe4, 0xff, 0xe3, 0xe4, 0xff, 0xe3, 0xe4, 0xff, 0xe3, 0xe4, 0xff, 
    0xe3, 0xe4, 0xff, 0xe3, 0xe4, 0xff, 0xe3, 0xe4, 0xff, 0xe3, 0xe4, 0xff, 
    0xe3, 0xe4, 0xff, 0xe3, 0xe4, 0xff, 0xe3, 0xe4, 0xff, 0xe3, 0xe4, 0xff, 
    0xe3, 0xe4, 0xff, 0xe3, 0xe4, 0xff, 0xe3, 0xe4, 0xff, 0xe3, 0xe4, 0xff, 
    0xe3, 0xe4, 0xff, 0xe3, 0xe4, 0xff, 0xe3, 0xe4, 0xff, 0xe3, 0xe4, 0xff, 
    0xe3, 0xe4, 0xff, 0xe3, 0xe4, 0xff, 0xe3, 0xe4, 0xff, 0xe3, 0xe4, 0xff, 
    0xe3, 0xe4, 0xff, 0xe3, 0xe4, 0xff, 0xe3, 0xe4, 0xff, 0xe3, 0xe4, 0xff, 
    0xe3, 0xe4, 0xff, 0xe3, 0xe4, 0xff, 0xe3, 0xe4, 0xff, 0xe3, 0xe4, 0xff, 
    0xe3, 0xe4, 0xff, 0xe3, 0xe4, 0xff, 0xe3, 0xe4, 0xff, 0xe3, 0xe4, 0xff, 
    0xe3, 0xe4, 0xff, 0xe3, 0xe4, 0xff, 0xe3, 0xe4, 0xff, 0xf4, 0xa4, 0xff, 
    0xf4, 0xe3, 0xff, 0xf4, 0xe3, 0xff, 0xf4, 0xe3, 0xff, 0xf4, 0xe3, 0xff, 
    0xf4, 0xe3, 0xff, 0xf4, 0xe3, 0xff, 0xf4, 0xe3, 0xff, 0xf4, 0xe3, 0xfe, 
    0xf4, 0xe3, 0xfe, 0xfd, 0x04, 0xff, 0xf4, 0xe3, 0xaa, 0xf4, 0xe3, 0x51, 
    0xf5, 0x04, 0x26, 0xf4, 0xe3, 0x18, 0xf4, 0xc4, 0x1e, 0xf4, 0xc4, 0x36, 
    0xf4, 0xe3, 0x55, 0xf4, 0xe3, 0x7b, 0xf4, 0xe3, 0xa3, 0xf4, 0xc3, 0xca, 
    0xf4, 0xe3, 0xe6, 0xf4, 0xc3, 0xfe, 0xfd, 0x04, 0xff, 0xfd, 0x24, 0xff, 
    0xfd, 0x24, 0xff, 0xfd, 0x24, 0xff, 0xfd, 0x24, 0xff, 0xfd, 0x24, 0xff, 
    0xfd, 0x24, 0xff, 0xf5, 0x04, 0xfd, 0xf4, 0xe3, 0xa9, 0xe4, 0xc3, 0x14, 
    0x00, 0x00, 0x00, 0xfb, 0xe0, 0x02, 0x00, 0x00, 0x00, 0x00, 0x00, 0x00, 
    0x00, 0x00, 0x00, 0x00, 0x00, 0x00, 0x00, 0x00, 0x00, 0x00, 0x00, 0x00, 
    0x00, 0x00, 0x00, 0xf8, 0x00, 0x01, 0xff, 0xef, 0x02, 0x00, 0x00, 0x00, 
    0x00, 0x00, 0x00, 0x00, 0x00, 0x00, 0x00, 0x00, 0x00, 0x00, 0x00, 0x00, 
    0x00, 0x00, 0x00, 0xfd, 0x4a, 0x03, 0x00, 0x00, 0x00, 0x00, 0x00, 0x00, 
    0xfd, 0x40, 0x03, 0x00, 0x00, 0x00, 0xf4, 0xc3, 0x7c, 0xfd, 0x44, 0xff, 
    0xf4, 0xe4, 0xff, 0xf4, 0xc3, 0xfb, 0xf4, 0xe3, 0xfe, 0xf4, 0xe3, 0xff, 
    0xf4, 0xe3, 0xff, 0xf4, 0xe3, 0xff, 0xf4, 0xe3, 0xff, 0xf4, 0xe3, 0xff, 
    0xf4, 0xe3, 0xff, 0xf4, 0xe3, 0xff, 0xf4, 0xe3, 0xff, 0xf4, 0xe3, 0xff, 
    0xf4, 0xe3, 0xff, 0xf4, 0xe3, 0xff, 0xf4, 0xe3, 0xff, 0xf4, 0xe3, 0xff, 
    0xf4, 0xe3, 0xff, 0xf4, 0xe3, 0xff, 0xf4, 0xe3, 0xff, 0xf4, 0xe3, 0xff, 
    0xf4, 0xe3, 0xff, 0xf4, 0xe3, 0xff, 0xf4, 0xe3, 0xff, 0xf4, 0xe3, 0xff, 
    0xf4, 0xe3, 0xff, 0xf4, 0xe3, 0xff, 0xf4, 0xe3, 0xff, 0xf4, 0xe3, 0xff, 
    0xf4, 0xe3, 0xff, 0xf4, 0xe3, 0xff, 0xf4, 0xe3, 0xff, 0xf4, 0xe3, 0xff, 
    0xf4, 0xe3, 0xff, 0xf4, 0xe3, 0xff, 0xf4, 0xe3, 0xff, 0xf4, 0xe3, 0xff, 
    0xf4, 0xe3, 0xff, 0xf4, 0xe3, 0xff, 0xf4, 0xe3, 0xff, 0xf4, 0xe3, 0xff, 
    0xf4, 0xe3, 0xff, 0xf4, 0xe3, 0xff, 0xf4, 0xc3, 0xff, 0xe4, 0x04, 0xff, 
    0xe3, 0xe4, 0xff, 0xe3, 0xe4, 0xff, 0xe3, 0xe4, 0xff, 0xe3, 0xe4, 0xff, 
    0xe3, 0xe4, 0xff, 0xe3, 0xe4, 0xff, 0xe3, 0xe4, 0xff, 0xe3, 0xe4, 0xff, 
    0xe3, 0xe4, 0xff, 0xe3, 0xe4, 0xff, 0xe3, 0xe4, 0xff, 0xe3, 0xe4, 0xff, 
    0xe3, 0xe4, 0xff, 0xe3, 0xe4, 0xff, 0xe3, 0xe4, 0xff, 0xe3, 0xe4, 0xff, 
    0xe3, 0xe4, 0xff, 0xe3, 0xe4, 0xff, 0xe3, 0xe4, 0xff, 0xe3, 0xe4, 0xff, 
    0xe3, 0xe4, 0xff, 0xe3, 0xe4, 0xff, 0xe3, 0xe4, 0xff, 0xe3, 0xe4, 0xff, 
    0xe3, 0xe4, 0xff, 0xe3, 0xe4, 0xff, 0xe3, 0xe4, 0xff, 0xe3, 0xe4, 0xff, 
    0xe3, 0xe4, 0xff, 0xe3, 0xe4, 0xff, 0xe3, 0xe4, 0xff, 0xe3, 0xe4, 0xff, 
    0xe3, 0xe4, 0xff, 0xe3, 0xe4, 0xff, 0xe3, 0xe4, 0xff, 0xe3, 0xe4, 0xff, 
    0xe3, 0xe4, 0xff, 0xe3, 0xe4, 0xff, 0xe4, 0x04, 0xff, 0xf4, 0xe3, 0xff, 
    0xf4, 0xe3, 0xff, 0xf4, 0xe3, 0xff, 0xf4, 0xe3, 0xff, 0xf4, 0xe3, 0xff, 
    0xf4, 0xe3, 0xff, 0xf4, 0xe3, 0xff, 0xf4, 0xe3, 0xff, 0xf4, 0xe3, 0xfd, 
    0xfd, 0x04, 0xfe, 0xf4, 0xe3, 0x64, 0x00, 0x00, 0x00, 0x00, 0x00, 0x00, 
    0x00, 0x00, 0x00, 0x00, 0x00, 0x00, 0x00, 0x00, 0x00, 0x00, 0x00, 0x00, 
    0x00, 0x00, 0x00, 0x00, 0x00, 0x00, 0x00, 0x00, 0x00, 0x00, 0x00, 0x00, 
    0xfd, 0x04, 0x0e, 0xf4, 0xc3, 0x29, 0xf4, 0xe3, 0x4c, 0xf4, 0xe3, 0x6d, 
    0xf4, 0xc3, 0x8a, 0xf4, 0xc3, 0x9d, 0xf4, 0xc3, 0xa4, 0xf4, 0xe3, 0x99, 
    0xf4, 0xe3, 0x73, 0xfd, 0x03, 0x31, 0x00, 0x00, 0x00, 0x00, 0x00, 0x00, 
    0xff, 0xe0, 0x01, 0x00, 0x00, 0x00, 0x00, 0x00, 0x00, 0x00, 0x00, 0x00, 
    0x00, 0x00, 0x00, 0x00, 0x00, 0x00, 0x00, 0x00, 0x00, 0x00, 0x00, 0x00, 
    0xf8, 0x00, 0x01, 0x00, 0x00, 0x00, 0x00, 0x00, 0x00, 0xfd, 0xee, 0x2f, 
    0xfe, 0x2f, 0x7e, 0xfe, 0x0e, 0xa7, 0xfe, 0x2e, 0xa5, 0xfe, 0x2f, 0x7a, 
    0xfe, 0x0e, 0x29, 0x00, 0x00, 0x00, 0xf8, 0x00, 0x01, 0x00, 0x00, 0x00, 
    0x00, 0x00, 0x00, 0xf4, 0xe3, 0x4b, 0xfd, 0x24, 0xff, 0xf4, 0xe3, 0xfb, 
    0xf4, 0xc3, 0xfe, 0xf4, 0xe3, 0xff, 0xf4, 0xe3, 0xff, 0xf4, 0xe3, 0xff, 
    0xf4, 0xe3, 0xff, 0xf4, 0xe3, 0xff, 0xf4, 0xe3, 0xff, 0xf4, 0xe3, 0xff, 
    0xf4, 0xe3, 0xff, 0xf4, 0xe3, 0xff, 0xf4, 0xe3, 0xff, 0xf4, 0xe3, 0xff, 
    0xf4, 0xe3, 0xff, 0xf4, 0xe3, 0xff, 0xf4, 0xe3, 0xff, 0xf4, 0xe3, 0xff, 
    0xf4, 0xe3, 0xff, 0xf4, 0xe3, 0xff, 0xf4, 0xe3, 0xff, 0xf4, 0xe3, 0xff, 
    0xf4, 0xe3, 0xff, 0xf4, 0xe3, 0xff, 0xf4, 0xe3, 0xff, 0xf4, 0xe3, 0xff, 
    0xf4, 0xe3, 0xff, 0xf4, 0xe3, 0xff, 0xf4, 0xe3, 0xff, 0xf4, 0xe3, 0xff, 
    0xf4, 0xe3, 0xff, 0xf4, 0xe3, 0xff, 0xf4, 0xe3, 0xff, 0xf4, 0xe3, 0xff, 
    0xf4, 0xe3, 0xff, 0xf4, 0xe3, 0xff, 0xf4, 0xe3, 0xff, 0xf4, 0xe3, 0xff, 
    0xf4, 0xe3, 0xff, 0xf4, 0xe3, 0xff, 0xf4, 0xe3, 0xff, 0xf4, 0xe3, 0xff, 
    0xf4, 0xe3, 0xff, 0xf4, 0xe3, 0xff, 0xf4, 0xe3, 0xff, 0xe4, 0x04, 0xff, 
    0xe3, 0xe4, 0xff, 0xe3, 0xe4, 0xff, 0xe3, 0xe4, 0xff, 0xe3, 0xe4, 0xff, 
    0xe3, 0xe4, 0xff, 0xe3, 0xe4, 0xff, 0xe3, 0xe4, 0xff, 0xe3, 0xe4, 0xff, 
    0xe3, 0xe4, 0xff, 0xe3, 0xe4, 0xff, 0xe3, 0xe4, 0xff, 0xe3, 0xe4, 0xff, 
    0xe3, 0xe4, 0xff, 0xe3, 0xe4, 0xff, 0xe3, 0xe4, 0xff, 0xe3, 0xe4, 0xff, 
    0xe3, 0xe4, 0xff, 0xe3, 0xe4, 0xff, 0xe3, 0xe4, 0xff, 0xe3, 0xe4, 0xff, 
    0xe3, 0xe4, 0xff, 0xe3, 0xe4, 0xff, 0xe3, 0xe4, 0xff, 0xe3, 0xe4, 0xff, 
    0xe3, 0xe4, 0xff, 0xe3, 0xe4, 0xff, 0xe3, 0xe4, 0xff, 0xe3, 0xe4, 0xff, 
    0xe3, 0xe4, 0xff, 0xe3, 0xe4, 0xff, 0xe3, 0xe4, 0xff, 0xe3, 0xe4, 0xff, 
    0xe3, 0xe4, 0xff, 0xe3, 0xe4, 0xff, 0xe3, 0xe4, 0xff, 0xe3, 0xe4, 0xff, 
    0xe3, 0xe4, 0xff, 0xe3, 0xe4, 0xff, 0xec, 0x44, 0xff, 0xf4, 0xe3, 0xff, 
    0xf4, 0xe3, 0xff, 0xf4, 0xe3, 0xff, 0xf4, 0xe3, 0xff, 0xf4, 0xe3, 0xff, 
    0xf4, 0xe3, 0xff, 0xf4, 0xe3, 0xff, 0xf4, 0xc3, 0xfc, 0xfd, 0x24, 0xff, 
    0xec, 0xc3, 0xa9, 0x00, 0x00, 0x00, 0xfc, 0xc0, 0x05, 0xfb, 0xe0, 0x04, 
    0xfb, 0xe0, 0x02, 0xff, 0xe0, 0x01, 0xfb, 0xe0, 0x02, 0xad, 0x40, 0x03, 
    0xbb, 0xe0, 0x04, 0xfb, 0xe0, 0x04, 0xfd, 0x40, 0x03, 0xf8, 0x00, 0x01, 
    0x00, 0x00, 0x00, 0x00, 0x00, 0x00, 0x00, 0x00, 0x00, 0x00, 0x00, 0x00, 
    0x00, 0x00, 0x00, 0x00, 0x00, 0x00, 0x00, 0x00, 0x00, 0x00, 0x00, 0x00, 
    0x00, 0x00, 0x00, 0x00, 0x00, 0x00, 0xfb, 0xe0, 0x02, 0xff, 0xe0, 0x01, 
    0x00, 0x00, 0x00, 0x00, 0x00, 0x00, 0x00, 0x00, 0x00, 0x00, 0x00, 0x00, 
    0x00, 0x00, 0x00, 0x00, 0x00, 0x00, 0x00, 0x00, 0x00, 0xff, 0xe0, 0x01, 
    0xff, 0xff, 0x01, 0xbd, 0xef, 0x04, 0xfe, 0x0e, 0x92, 0xfe, 0x2f, 0xfc, 
    0xfe, 0x6f, 0xff, 0xfe, 0x6f, 0xff, 0xfe, 0x6f, 0xff, 0xfe, 0x6f, 0xff, 
    0xfe, 0x2f, 0xf8, 0xfe, 0x0e, 0x86, 0x00, 0x00, 0x00, 0xff, 0xef, 0x02, 
    0xe4, 0x63, 0x09, 0xf4, 0xc3, 0xd7, 0xfd, 0x04, 0xfe, 0xf4, 0xc3, 0xfc, 
    0xf4, 0xe3, 0xff, 0xf4, 0xe3, 0xff, 0xf4, 0xe3, 0xff, 0xf4, 0xe3, 0xff, 
    0xf4, 0xe3, 0xff, 0xf4, 0xe3, 0xff, 0xf4, 0xe3, 0xff, 0xf4, 0xe3, 0xff, 
    0xf4, 0xe3, 0xff, 0xf4, 0xe3, 0xff, 0xf4, 0xe3, 0xff, 0xf4, 0xe3, 0xff, 
    0xf4, 0xe3, 0xff, 0xf4, 0xe3, 0xff, 0xf4, 0xe3, 0xff, 0xf4, 0xe3, 0xff, 
    0xf4, 0xe3, 0xff, 0xf4, 0xe3, 0xff, 0xf4, 0xe3, 0xff, 0xf4, 0xe3, 0xff, 
    0xf4, 0xe3, 0xff, 0xf4, 0xe3, 0xff, 0xf4, 0xe3, 0xff, 0xf4, 0xe3, 0xff, 
    0xf4, 0xe3, 0xff, 0xf4, 0xe3, 0xff, 0xf4, 0xe3, 0xff, 0xf4, 0xe3, 0xff, 
    0xf4, 0xe3, 0xff, 0xf4, 0xe3, 0xff, 0xf4, 0xe3, 0xff, 0xf4, 0xe3, 0xff, 
    0xf4, 0xe3, 0xff, 0xf4, 0xe3, 0xff, 0xf4, 0xe3, 0xff, 0xf4, 0xe3, 0xff, 
    0xf4, 0xe3, 0xff, 0xf4, 0xe3, 0xff, 0xf4, 0xe3, 0xff, 0xf4, 0xe3, 0xff, 
    0xf4, 0xe3, 0xff, 0xf4, 0xe3, 0xff, 0xf4, 0xe3, 0xff, 0xec, 0x64, 0xff, 
    0xe3, 0xc4, 0xff, 0xe3, 0xe4, 0xff, 0xe3, 0xe4, 0xff, 0xe3, 0xe4, 0xff, 
    0xe3, 0xe4, 0xff, 0xe3, 0xe4, 0xff, 0xe3, 0xe4, 0xff, 0xe3, 0xe4, 0xff, 
    0xe3, 0xe4, 0xff, 0xe3, 0xe4, 0xff, 0xe3, 0xe4, 0xff, 0xe3, 0xe4, 0xff, 
    0xe3, 0xe4, 0xff, 0xe3, 0xe4, 0xff, 0xe3, 0xe4, 0xff, 0xe3, 0xe4, 0xff, 
    0xe3, 0xe4, 0xff, 0xe3, 0xe4, 0xff, 0xe3, 0xe4, 0xff, 0xe3, 0xe4, 0xff, 
    0xe3, 0xe4, 0xff, 0xe3, 0xe4, 0xff, 0xe3, 0xe4, 0xff, 0xe3, 0xe4, 0xff, 
    0xe3, 0xe4, 0xff, 0xe3, 0xe4, 0xff, 0xe3, 0xe4, 0xff, 0xe3, 0xe4, 0xff, 
    0xe3, 0xe4, 0xff, 0xe3, 0xe4, 0xff, 0xe3, 0xe4, 0xff, 0xe3, 0xe4, 0xff, 
    0xe3, 0xe4, 0xff, 0xe3, 0xe4, 0xff, 0xe3, 0xe4, 0xff, 0xe3, 0xe4, 0xff, 
    0xe3, 0xe4, 0xff, 0xe3, 0xe4, 0xff, 0xec, 0x44, 0xff, 0xf4, 0xe3, 0xff, 
    0xf4, 0xe3, 0xff, 0xf4, 0xe3, 0xff, 0xf4, 0xe3, 0xff, 0xf4, 0xe3, 0xff, 
    0xf4, 0xe3, 0xff, 0xf4, 0xe3, 0xff, 0xf4, 0xc3, 0xfc, 0xfd, 0x24, 0xff, 
    0xec, 0xe3, 0x53, 0xfb, 0xe0, 0x02, 0xfb, 0xe0, 0x04, 0x00, 0x00, 0x00, 
    0x00, 0x00, 0x00, 0x00, 0x00, 0x00, 0x00, 0x00, 0x00, 0x00, 0x00, 0x00, 
    0x00, 0x00, 0x00, 0x00, 0x00, 0x00, 0x00, 0x00, 0x00, 0x00, 0x00, 0x00, 
    0xff, 0xe0, 0x01, 0xfb, 0xe0, 0x02, 0xfd, 0x40, 0x03, 0xfb, 0xe0, 0x04, 
    0xfb, 0xe0, 0x04, 0xbb, 0xe0, 0x04, 0xfd, 0x40, 0x03, 0xbb, 0xe0, 0x04, 
    0xfb, 0xe0, 0x04, 0xfb, 0xe0, 0x02, 0x00, 0x00, 0x00, 0x00, 0x00, 0x00, 
    0x00, 0x00, 0x00, 0x00, 0x00, 0x00, 0x00, 0x00, 0x00, 0x00, 0x00, 0x00, 
    0x00, 0x00, 0x00, 0x00, 0x00, 0x00, 0x00, 0x00, 0x00, 0xff, 0xef, 0x02, 
    0x00, 0x00, 0x00, 0xfd, 0xee, 0xa4, 0xfe, 0x90, 0xff, 0xfe, 0x0e, 0xfd, 
    0xfe, 0x0e, 0xfb, 0xfe, 0x0e, 0xfc, 0xfe, 0x0e, 0xfb, 0xfe, 0x0e, 0xfb, 
    0xfe, 0x0e, 0xfe, 0xfe, 0xb0, 0xff, 0xfd, 0xee, 0x91, 0x00, 0x00, 0x00, 
    0xf4, 0xc3, 0x5a, 0xfd, 0x04, 0xff, 0xf4, 0xc3, 0xfd, 0xf4, 0xe3, 0xff, 
    0xf4, 0xe3, 0xff, 0xf4, 0xe3, 0xff, 0xf4, 0xe3, 0xff, 0xf4, 0xe3, 0xff, 
    0xf4, 0xe3, 0xff, 0xf4, 0xe3, 0xff, 0xf4, 0xe3, 0xff, 0xf4, 0xe3, 0xff, 
    0xf4, 0xe3, 0xff, 0xf4, 0xe3, 0xff, 0xf4, 0xe3, 0xff, 0xf4, 0xe3, 0xff, 
    0xf4, 0xe3, 0xff, 0xf4, 0xe3, 0xff, 0xf4, 0xe3, 0xff, 0xf4, 0xe3, 0xff, 
    0xf4, 0xe3, 0xff, 0xf4, 0xe3, 0xff, 0xf4, 0xe3, 0xff, 0xf4, 0xe3, 0xff, 
    0xf4, 0xe3, 0xff, 0xf4, 0xe3, 0xff, 0xf4, 0xe3, 0xff, 0xf4, 0xe3, 0xff, 
    0xf4, 0xe3, 0xff, 0xf4, 0xe3, 0xff, 0xf4, 0xe3, 0xff, 0xf4, 0xe3, 0xff, 
    0xf4, 0xe3, 0xff, 0xf4, 0xe3, 0xff, 0xf4, 0xe3, 0xff, 0xf4, 0xe3, 0xff, 
    0xf4, 0xe3, 0xff, 0xf4, 0xe3, 0xff, 0xf4, 0xe3, 0xff, 0xf4, 0xe3, 0xff, 
    0xf4, 0xe3, 0xff, 0xf4, 0xe3, 0xff, 0xf4, 0xe3, 0xff, 0xf4, 0xe3, 0xff, 
    0xf4, 0xe3, 0xff, 0xf4, 0xe3, 0xff, 0xf4, 0xe3, 0xff, 0xf4, 0xe3, 0xff, 
    0xec, 0x44, 0xff, 0xe3, 0xe4, 0xff, 0xe3, 0xe4, 0xff, 0xe3, 0xe4, 0xff, 
    0xe3, 0xe4, 0xff, 0xe3, 0xe4, 0xff, 0xe3, 0xe4, 0xff, 0xe3, 0xe4, 0xff, 
    0xe3, 0xe4, 0xff, 0xe3, 0xe4, 0xff, 0xe3, 0xe4, 0xff, 0xe3, 0xe4, 0xff, 
    0xe3, 0xe4, 0xff, 0xe3, 0xe4, 0xff, 0xe3, 0xe4, 0xff, 0xe3, 0xe4, 0xff, 
    0xe3, 0xe4, 0xff, 0xe3, 0xe4, 0xff, 0xe3, 0xe4, 0xff, 0xe3, 0xe4, 0xff, 
    0xe3, 0xe4, 0xff, 0xe3, 0xe4, 0xff, 0xe3, 0xe4, 0xff, 0xe3, 0xe4, 0xff, 
    0xe3, 0xe4, 0xff, 0xe3, 0xe4, 0xff, 0xe3, 0xe4, 0xff, 0xe3, 0xe4, 0xff, 
    0xe3, 0xe4, 0xff, 0xe3, 0xe4, 0xff, 0xe3, 0xe4, 0xff, 0xe3, 0xe4, 0xff, 
    0xe3, 0xe4, 0xff, 0xe3, 0xe4, 0xff, 0xe3, 0xe4, 0xff, 0xe3, 0xe4, 0xff, 
    0xe3, 0xe4, 0xff, 0xe3, 0xe4, 0xff, 0xec, 0x84, 0xff, 0xf4, 0xe3, 0xff, 
    0xf4, 0xe3, 0xff, 0xf4, 0xe3, 0xff, 0xf4, 0xe3, 0xff, 0xf4, 0xe3, 0xff, 
    0xf4, 0xe3, 0xff, 0xf4, 0xe3, 0xff, 0xf4, 0xc3, 0xfe, 0xfd, 0x04, 0xff, 
    0xf4, 0xe3, 0x39, 0x00, 0x00, 0x00, 0xfd, 0x40, 0x03, 0x00, 0x00, 0x00, 
    0x00, 0x00, 0x00, 0x00, 0x00, 0x00, 0x00, 0x00, 0x00, 0x00, 0x00, 0x00, 
    0x00, 0x00, 0x00, 0x00, 0x00, 0x00, 0x00, 0x00, 0x00, 0x00, 0x00, 0x00, 
    0x00, 0x00, 0x00, 0x00, 0x00, 0x00, 0x00, 0x00, 0x00, 0x00, 0x00, 0x00, 
    0x00, 0x00, 0x00, 0x00, 0x00, 0x00, 0x00, 0x00, 0x00, 0x00, 0x00, 0x00, 
    0x00, 0x00, 0x00, 0x00, 0x00, 0x00, 0x00, 0x00, 0x00, 0x00, 0x00, 0x00, 
    0x00, 0x00, 0x00, 0x00, 0x00, 0x00, 0x00, 0x00, 0x00, 0x00, 0x00, 0x00, 
    0x00, 0x00, 0x00, 0x00, 0x00, 0x00, 0xfb, 0xef, 0x04, 0x00, 0x00, 0x00, 
    0xfe, 0x0e, 0x58, 0xfe, 0x6f, 0xff, 0xfe, 0x0e, 0xf9, 0xfe, 0x0e, 0xfe, 
    0xfe, 0x0e, 0xff, 0xfe, 0x0e, 0xff, 0xfe, 0x0e, 0xff, 0xfe, 0x0e, 0xff, 
    0xfe, 0x0e, 0xfe, 0xfe, 0x0e, 0xfb, 0xfe, 0x4f, 0xff, 0xfe, 0x0f, 0x4c, 
    0xf4, 0xe3, 0xb2, 0xfd, 0x04, 0xfe, 0xf4, 0xc3, 0xfc, 0xf4, 0xe3, 0xff, 
    0xf4, 0xe3, 0xff, 0xf4, 0xe3, 0xff, 0xf4, 0xe3, 0xff, 0xf4, 0xe3, 0xff, 
    0xf4, 0xe3, 0xff, 0xf4, 0xe3, 0xff, 0xf4, 0xe3, 0xff, 0xf4, 0xe3, 0xff, 
    0xf4, 0xe3, 0xff, 0xf4, 0xe3, 0xff, 0xf4, 0xe3, 0xff, 0xf4, 0xe3, 0xff, 
    0xf4, 0xe3, 0xff, 0xf4, 0xe3, 0xff, 0xf4, 0xe3, 0xff, 0xf4, 0xe3, 0xff, 
    0xf4, 0xe3, 0xff, 0xf4, 0xe3, 0xff, 0xf4, 0xe3, 0xff, 0xf4, 0xe3, 0xff, 
    0xf4, 0xe3, 0xff, 0xf4, 0xe3, 0xff, 0xf4, 0xe3, 0xff, 0xf4, 0xe3, 0xff, 
    0xf4, 0xe3, 0xff, 0xf4, 0xe3, 0xff, 0xf4, 0xe3, 0xff, 0xf4, 0xe3, 0xff, 
    0xf4, 0xe3, 0xff, 0xf4, 0xe3, 0xff, 0xf4, 0xe3, 0xff, 0xf4, 0xe3, 0xff, 
    0xf4, 0xe3, 0xff, 0xf4, 0xe3, 0xff, 0xf4, 0xe3, 0xff, 0xf4, 0xe3, 0xff, 
    0xf4, 0xe3, 0xff, 0xf4, 0xe3, 0xff, 0xf4, 0xe3, 0xff, 0xf4, 0xe3, 0xff, 
    0xf4, 0xe3, 0xff, 0xf4, 0xe3, 0xff, 0xf4, 0xe3, 0xff, 0xf4, 0xe3, 0xff, 
    0xf4, 0xe3, 0xff, 0xec, 0x84, 0xff, 0xe3, 0xe4, 0xff, 0xe3, 0xe4, 0xff, 
    0xe3, 0xe4, 0xff, 0xe3, 0xe4, 0xff, 0xe3, 0xe4, 0xff, 0xe3, 0xe4, 0xff, 
    0xe3, 0xe4, 0xff, 0xe3, 0xe4, 0xff, 0xe3, 0xe4, 0xff, 0xe3, 0xe4, 0xff, 
    0xe3, 0xe4, 0xff, 0xe3, 0xe4, 0xff, 0xe3, 0xe4, 0xff, 0xe3, 0xe4, 0xff, 
    0xe3, 0xe4, 0xff, 0xe3, 0xe4, 0xff, 0xe3, 0xe4, 0xff, 0xe3, 0xe4, 0xff, 
    0xe3, 0xe4, 0xff, 0xe3, 0xe4, 0xff, 0xe3, 0xe4, 0xff, 0xe3, 0xe4, 0xff, 
    0xe3, 0xe4, 0xff, 0xe3, 0xe4, 0xff, 0xe3, 0xe4, 0xff, 0xe3, 0xe4, 0xff, 
    0xe3, 0xe4, 0xff, 0xe3, 0xe4, 0xff, 0xe3, 0xe4, 0xff, 0xe3, 0xe4, 0xff, 
    0xe3, 0xe4, 0xff, 0xe3, 0xe4, 0xff, 0xe3, 0xe4, 0xff, 0xe3, 0xe4, 0xff, 
    0xe3, 0xe4, 0xff, 0xe4, 0x04, 0xff, 0xf4, 0xe3, 0xff, 0xf4, 0xe3, 0xff, 
    0xf4, 0xe3, 0xff, 0xf4, 0xe3, 0xff, 0xf4, 0xe3, 0xff, 0xf4, 0xe3, 0xff, 
    0xf4, 0xe3, 0xff, 0xf4, 0xe3, 0xff, 0xf4, 0xe3, 0xfd, 0xfd, 0x04, 0xff, 
    0xf4, 0xc3, 0x41, 0x00, 0x00, 0x00, 0xfd, 0x40, 0x03, 0x00, 0x00, 0x00, 
    0x00, 0x00, 0x00, 0x00, 0x00, 0x00, 0x00, 0x00, 0x00, 0x00, 0x00, 0x00, 
    0x00, 0x00, 0x00, 0x00, 0x00, 0x00, 0x00, 0x00, 0x00, 0x00, 0x00, 0x00, 
    0x00, 0x00, 0x00, 0x00, 0x00, 0x00, 0x00, 0x00, 0x00, 0x00, 0x00, 0x00, 
    0x00, 0x00, 0x00, 0x00, 0x00, 0x00, 0x00, 0x00, 0x00, 0x00, 0x00, 0x00, 
    0x00, 0x00, 0x00, 0x00, 0x00, 0x00, 0x00, 0x00, 0x00, 0x00, 0x00, 0x00, 
    0x00, 0x00, 0x00, 0x00, 0x00, 0x00, 0x00, 0x00, 0x00, 0x00, 0x00, 0x00, 
    0x00, 0x00, 0x00, 0x00, 0x00, 0x00, 0xff, 0xff, 0x01, 0x00, 0x00, 0x01, 
    0xfe, 0x0e, 0xc3, 0xfe, 0x4f, 0xfd, 0xfe, 0x0e, 0xfc, 0xfe, 0x0e, 0xff, 
    0xfe, 0x0e, 0xff, 0xfe, 0x0e, 0xff, 0xfe, 0x0e, 0xff, 0xfe, 0x0e, 0xff, 
    0xfe, 0x0e, 0xff, 0xfe, 0x0e, 0xfd, 0xfe, 0x4f, 0xfe, 0xfe, 0x0e, 0xbf, 
    0xf4, 0xc3, 0xe4, 0xf4, 0xe4, 0xff, 0xf4, 0xe3, 0xfe, 0xf4, 0xe3, 0xff, 
    0xf4, 0xe3, 0xff, 0xf4, 0xe3, 0xff, 0xf4, 0xe3, 0xff, 0xf4, 0xe3, 0xff, 
    0xf4, 0xe3, 0xff, 0xf4, 0xe3, 0xff, 0xf4, 0xe3, 0xff, 0xf4, 0xe3, 0xff, 
    0xf4, 0xe3, 0xff, 0xf4, 0xe3, 0xff, 0xf4, 0xe3, 0xff, 0xf4, 0xe3, 0xff, 
    0xf4, 0xe3, 0xff, 0xf4, 0xe3, 0xff, 0xf4, 0xe3, 0xff, 0xf4, 0xe3, 0xff, 
    0xf4, 0xe3, 0xff, 0xf4, 0xe3, 0xff, 0xf4, 0xe3, 0xff, 0xf4, 0xe3, 0xff, 
    0xf4, 0xe3, 0xff, 0xf4, 0xe3, 0xff, 0xf4, 0xe3, 0xff, 0xf4, 0xe3, 0xff, 
    0xf4, 0xe3, 0xff, 0xf4, 0xe3, 0xff, 0xf4, 0xe3, 0xff, 0xf4, 0xe3, 0xff, 
    0xf4, 0xe3, 0xff, 0xf4, 0xe3, 0xff, 0xf4, 0xe3, 0xff, 0xf4, 0xe3, 0xff, 
    0xf4, 0xe3, 0xff, 0xf4, 0xe3, 0xff, 0xf4, 0xe3, 0xff, 0xf4, 0xe3, 0xff, 
    0xf4, 0xe3, 0xff, 0xf4, 0xe3, 0xff, 0xf4, 0xe3, 0xff, 0xf4, 0xe3, 0xff, 
    0xf4, 0xe3, 0xff, 0xf4, 0xe3, 0xff, 0xf4, 0xe3, 0xff, 0xf4, 0xe3, 0xff, 
    0xf4, 0xe3, 0xff, 0xf4, 0xe3, 0xff, 0xec, 0x84, 0xff, 0xe3, 0xe4, 0xff, 
    0xe3, 0xe4, 0xff, 0xe3, 0xe4, 0xff, 0xe3, 0xe4, 0xff, 0xe3, 0xe4, 0xff, 
    0xe3, 0xe4, 0xff, 0xe3, 0xe4, 0xff, 0xe3, 0xe4, 0xff, 0xe3, 0xe4, 0xff, 
    0xe3, 0xe4, 0xff, 0xe3, 0xe4, 0xff, 0xe3, 0xe4, 0xff, 0xe3, 0xe4, 0xff, 
    0xe3, 0xe4, 0xff, 0xe3, 0xe4, 0xff, 0xe3, 0xe4, 0xff, 0xe3, 0xe4, 0xff, 
    0xe3, 0xe4, 0xff, 0xe3, 0xe4, 0xff, 0xe3, 0xe4, 0xff, 0xe3, 0xe4, 0xff, 
    0xe3, 0xe4, 0xff, 0xe3, 0xe4, 0xff, 0xe3, 0xe4, 0xff, 0xe3, 0xe4, 0xff, 
    0xe3, 0xe4, 0xff, 0xe3, 0xe4, 0xff, 0xe3, 0xe4, 0xff, 0xe3, 0xe4, 0xff, 
    0xe3, 0xe4, 0xff, 0xe3, 0xe4, 0xff, 0xe3, 0xe4, 0xff, 0xe3, 0xe4, 0xff, 
    0xec, 0x24, 0xff, 0xf4, 0xc4, 0xff, 0xf4, 0xe3, 0xff, 0xf4, 0xe3, 0xff, 
    0xf4, 0xe3, 0xff, 0xf4, 0xe3, 0xff, 0xf4, 0xe3, 0xff, 0xf4, 0xe3, 0xff, 
    0xf4, 0xe3, 0xff, 0xf4, 0xe3, 0xff, 0xf4, 0xe3, 0xfb, 0xfd, 0x24, 0xff, 
    0xf4, 0xe3, 0x72, 0x00, 0x00, 0x00, 0xfb, 0xe0, 0x04, 0x00, 0x00, 0x00, 
    0x00, 0x00, 0x00, 0x00, 0x00, 0x00, 0x00, 0x00, 0x00, 0x00, 0x00, 0x00, 
    0x00, 0x00, 0x00, 0x00, 0x00, 0x00, 0x00, 0x00, 0x00, 0x00, 0x00, 0x00, 
    0x00, 0x00, 0x00, 0x00, 0x00, 0x00, 0x00, 0x00, 0x00, 0x00, 0x00, 0x00, 
    0x00, 0x00, 0x00, 0x00, 0x00, 0x00, 0x00, 0x00, 0x00, 0x00, 0x00, 0x00, 
    0x00, 0x00, 0x00, 0x00, 0x00, 0x00, 0x00, 0x00, 0x00, 0x00, 0x00, 0x00, 
    0x00, 0x00, 0x00, 0x00, 0x00, 0x00, 0x00, 0x00, 0x00, 0x00, 0x00, 0x00, 
    0x00, 0x00, 0x00, 0xff, 0xff, 0x01, 0x00, 0x00, 0x00, 0xf6, 0x2e, 0x12, 
    0xfe, 0x0e, 0xee, 0xfe, 0x2f, 0xff, 0xfe, 0x0e, 0xfe, 0xfe, 0x0e, 0xff, 
    0xfe, 0x0e, 0xff, 0xfe, 0x0e, 0xff, 0xfe, 0x0e, 0xff, 0xfe, 0x0e, 0xff, 
    0xfe, 0x0e, 0xff, 0xfe, 0x0e, 0xff, 0xfe, 0x0e, 0xff, 0xfe, 0x0e, 0xf2, 
    0xf4, 0xe3, 0xfa, 0xf4, 0xe3, 0xff, 0xf4, 0xe3, 0xff, 0xf4, 0xe3, 0xff, 
    0xf4, 0xe3, 0xff, 0xf4, 0xe3, 0xff, 0xf4, 0xe3, 0xff, 0xf4, 0xe3, 0xff, 
    0xf4, 0xe3, 0xff, 0xf4, 0xe3, 0xff, 0xf4, 0xe3, 0xff, 0xf4, 0xe3, 0xff, 
    0xf4, 0xe3, 0xff, 0xf4, 0xe3, 0xff, 0xf4, 0xe3, 0xff, 0xf4, 0xe3, 0xff, 
    0xf4, 0xe3, 0xff, 0xf4, 0xe3, 0xff, 0xf4, 0xe3, 0xff, 0xf4, 0xe3, 0xff, 
    0xf4, 0xe3, 0xff, 0xf4, 0xe3, 0xff, 0xf4, 0xe3, 0xff, 0xf4, 0xe3, 0xff, 
    0xf4, 0xe3, 0xff, 0xf4, 0xe3, 0xff, 0xf4, 0xe3, 0xff, 0xf4, 0xe3, 0xff, 
    0xf4, 0xe3, 0xff, 0xf4, 0xe3, 0xff, 0xf4, 0xe3, 0xff, 0xf4, 0xe3, 0xff, 
    0xf4, 0xe3, 0xff, 0xf4, 0xe3, 0xff, 0xf4, 0xe3, 0xff, 0xf4, 0xe3, 0xff, 
    0xf4, 0xe3, 0xff, 0xf4, 0xe3, 0xff, 0xf4, 0xe3, 0xff, 0xf4, 0xe3, 0xff, 
    0xf4, 0xe3, 0xff, 0xf4, 0xe3, 0xff, 0xf4, 0xe3, 0xff, 0xf4, 0xe3, 0xff, 
    0xf4, 0xe3, 0xff, 0xf4, 0xe3, 0xff, 0xf4, 0xe3, 0xff, 0xf4, 0xe3, 0xff, 
    0xf4, 0xe3, 0xff, 0xf4, 0xe3, 0xff, 0xf4, 0xe3, 0xff, 0xec, 0x84, 0xff, 
    0xe3, 0xe4, 0xff, 0xe3, 0xe4, 0xff, 0xe3, 0xe4, 0xff, 0xe3, 0xe4, 0xff, 
    0xe3, 0xe4, 0xff, 0xe3, 0xe4, 0xff, 0xe3, 0xe4, 0xff, 0xe3, 0xe4, 0xff, 
    0xe3, 0xe4, 0xff, 0xe3, 0xe4, 0xff, 0xe3, 0xe4, 0xff, 0xe3, 0xe4, 0xff, 
    0xe3, 0xe4, 0xff, 0xe3, 0xe4, 0xff, 0xe3, 0xe4, 0xff, 0xe3, 0xe4, 0xff, 
    0xe3, 0xe4, 0xff, 0xe3, 0xe4, 0xff, 0xe3, 0xe4, 0xff, 0xe3, 0xe4, 0xff, 
    0xe3, 0xe4, 0xff, 0xe3, 0xe4, 0xff, 0xe3, 0xe4, 0xff, 0xe4, 0x04, 0xff, 
    0xec, 0x24, 0xff, 0xec, 0x44, 0xff, 0xec, 0x64, 0xff, 0xec, 0x64, 0xff, 
    0xec, 0x84, 0xff, 0xec, 0x84, 0xff, 0xec, 0x84, 0xff, 0xec, 0xa4, 0xff, 
    0xf4, 0xe3, 0xff, 0xf4, 0xe3, 0xff, 0xf4, 0xe3, 0xff, 0xf4, 0xe3, 0xff, 
    0xf4, 0xe3, 0xff, 0xf4, 0xe3, 0xff, 0xf4, 0xe3, 0xff, 0xf4, 0xe3, 0xff, 
    0xf4, 0xe3, 0xff, 0xf4, 0xe3, 0xff, 0xf4, 0xc3, 0xfc, 0xfd, 0x24, 0xff, 
    0xf4, 0xc3, 0xc5, 0x00, 0x00, 0x00, 0xfb, 0xe0, 0x02, 0x00, 0x00, 0x00, 
    0x00, 0x00, 0x00, 0x00, 0x00, 0x00, 0x00, 0x00, 0x00, 0x00, 0x00, 0x00, 
    0x00, 0x00, 0x00, 0x00, 0x00, 0x00, 0x00, 0x00, 0x00, 0x00, 0x00, 0x00, 
    0x00, 0x00, 0x00, 0x00, 0x00, 0x00, 0x00, 0x00, 0x00, 0x00, 0x00, 0x00, 
    0x00, 0x00, 0x00, 0x00, 0x00, 0x00, 0x00, 0x00, 0x00, 0x00, 0x00, 0x00, 
    0x00, 0x00, 0x00, 0x00, 0x00, 0x00, 0x00, 0x00, 0x00, 0x00, 0x00, 0x00, 
    0x00, 0x00, 0x00, 0x00, 0x00, 0x00, 0x00, 0x00, 0x00, 0x00, 0x00, 0x00, 
    0x00, 0x00, 0x00, 0x7b, 0xef, 0x02, 0x00, 0x00, 0x00, 0xfd, 0xee, 0x1c, 
    0xfe, 0x0e, 0xf7, 0xfe, 0x0e, 0xff, 0xfe, 0x0e, 0xfe, 0xfe, 0x0e, 0xff, 
    0xfe, 0x0e, 0xff, 0xfe, 0x0e, 0xff, 0xfe, 0x0e, 0xff, 0xfe, 0x0e, 0xff, 
    0xfe, 0x0e, 0xff, 0xfe, 0x0e, 0xff, 0xfe, 0x0e, 0xff, 0xfe, 0x0e, 0xfd, 
    0xf4, 0xe3, 0xfe, 0xf4, 0xe3, 0xff, 0xf4, 0xe3, 0xff, 0xf4, 0xe3, 0xff, 
    0xf4, 0xe3, 0xff, 0xf4, 0xe3, 0xff, 0xf4, 0xe3, 0xff, 0xf4, 0xe3, 0xff, 
    0xf4, 0xe3, 0xff, 0xf4, 0xe3, 0xff, 0xf4, 0xe3, 0xff, 0xf4, 0xe3, 0xff, 
    0xf4, 0xe3, 0xff, 0xf4, 0xe3, 0xff, 0xf4, 0xe3, 0xff, 0xf4, 0xe3, 0xff, 
    0xf4, 0xe3, 0xff, 0xf4, 0xe3, 0xff, 0xf4, 0xe3, 0xff, 0xf4, 0xe3, 0xff, 
    0xf4, 0xe3, 0xff, 0xf4, 0xe3, 0xff, 0xf4, 0xe3, 0xff, 0xf4, 0xe3, 0xff, 
    0xf4, 0xe3, 0xff, 0xf4, 0xe3, 0xff, 0xf4, 0xe3, 0xff, 0xf4, 0xe3, 0xff, 
    0xf4, 0xe3, 0xff, 0xf4, 0xe3, 0xff, 0xf4, 0xe3, 0xff, 0xf4, 0xe3, 0xff, 
    0xf4, 0xe3, 0xff, 0xf4, 0xe3, 0xff, 0xf4, 0xe3, 0xff, 0xf4, 0xe3, 0xff, 
    0xf4, 0xe3, 0xff, 0xf4, 0xe3, 0xff, 0xf4, 0xe3, 0xff, 0xf4, 0xe3, 0xff, 
    0xf4, 0xe3, 0xff, 0xf4, 0xe3, 0xff, 0xf4, 0xe3, 0xff, 0xf4, 0xe3, 0xff, 
    0xf4, 0xe3, 0xff, 0xf4, 0xe3, 0xff, 0xf4, 0xe3, 0xff, 0xf4, 0xe3, 0xff, 
    0xf4, 0xe3, 0xff, 0xf4, 0xe3, 0xff, 0xf4, 0xe3, 0xff, 0xf4, 0xe3, 0xff, 
    0xec, 0x64, 0xff, 0xe3, 0xe4, 0xff, 0xe3, 0xe4, 0xff, 0xe3, 0xe4, 0xff, 
    0xe3, 0xe4, 0xff, 0xe3, 0xe4, 0xff, 0xe3, 0xe4, 0xff, 0xe3, 0xe4, 0xff, 
    0xe3, 0xe4, 0xff, 0xe3, 0xe4, 0xff, 0xe3, 0xe4, 0xff, 0xe3, 0xe4, 0xff, 
    0xe3, 0xe4, 0xff, 0xe3, 0xe4, 0xff, 0xe3, 0xe4, 0xff, 0xe3, 0xe4, 0xff, 
    0xe3, 0xe4, 0xff, 0xe3, 0xe4, 0xff, 0xe3, 0xe4, 0xff, 0xe3, 0xe4, 0xff, 
    0xe4, 0x04, 0xff, 0xec, 0x64, 0xff, 0xec, 0xa4, 0xff, 0xf4, 0xc4, 0xff, 
    0xf4, 0xe3, 0xff, 0xf4, 0xe3, 0xff, 0xf4, 0xe3, 0xff, 0xf4, 0xe3, 0xff, 
    0xf4, 0xe3, 0xff, 0xf4, 0xe3, 0xff, 0xf4, 0xe3, 0xff, 0xf4, 0xe3, 0xff, 
    0xf4, 0xe3, 0xff, 0xf4, 0xe3, 0xff, 0xf4, 0xe3, 0xff, 0xf4, 0xe3, 0xff, 
    0xf4, 0xe3, 0xff, 0xf4, 0xe3, 0xff, 0xf4, 0xe3, 0xff, 0xf4, 0xe3, 0xff, 
    0xf4, 0xe3, 0xff, 0xf4, 0xe3, 0xff, 0xf4, 0xe3, 0xff, 0xf4, 0xe3, 0xfd, 
    0xf5, 0x04, 0xfe, 0xf4, 0xe4, 0x37, 0xf8, 0x00, 0x01, 0xfd, 0x40, 0x03, 
    0x00, 0x00, 0x00, 0x00, 0x00, 0x00, 0x00, 0x00, 0x00, 0x00, 0x00, 0x00, 
    0x00, 0x00, 0x00, 0x00, 0x00, 0x00, 0x00, 0x00, 0x00, 0x00, 0x00, 0x00, 
    0x00, 0x00, 0x00, 0x00, 0x00, 0x00, 0x00, 0x00, 0x00, 0x00, 0x00, 0x00, 
    0x00, 0x00, 0x00, 0x00, 0x00, 0x00, 0x00, 0x00, 0x00, 0x00, 0x00, 0x00, 
    0x00, 0x00, 0x00, 0x00, 0x00, 0x00, 0x00, 0x00, 0x00, 0x00, 0x00, 0x00, 
    0x00, 0x00, 0x00, 0x00, 0x00, 0x00, 0x00, 0x00, 0x00, 0x00, 0x00, 0x00, 
    0x00, 0x00, 0x00, 0xff, 0xe0, 0x01, 0x00, 0x00, 0x00, 0xfd, 0xce, 0x0b, 
    0xfe, 0x0e, 0xe6, 0xfe, 0x2f, 0xfe, 0xfe, 0x0e, 0xfe, 0xfe, 0x0e, 0xff, 
    0xfe, 0x0e, 0xff, 0xfe, 0x0e, 0xff, 0xfe, 0x0e, 0xff, 0xfe, 0x0e, 0xff, 
    0xfe, 0x0e, 0xff, 0xfe, 0x0e, 0xfe, 0xfe, 0x2f, 0xfe, 0xfe, 0x0e, 0xe7, 
    0xf4, 0xc3, 0xeb, 0xf4, 0xe3, 0xfe, 0xf4, 0xe3, 0xfe, 0xf4, 0xe3, 0xff, 
    0xf4, 0xe3, 0xff, 0xf4, 0xe3, 0xff, 0xf4, 0xe3, 0xff, 0xf4, 0xe3, 0xff, 
    0xf4, 0xe3, 0xff, 0xf4, 0xe3, 0xff, 0xf4, 0xe3, 0xff, 0xf4, 0xe3, 0xff, 
    0xf4, 0xe3, 0xff, 0xf4, 0xe3, 0xff, 0xf4, 0xe3, 0xff, 0xf4, 0xe3, 0xff, 
    0xf4, 0xe3, 0xff, 0xf4, 0xe3, 0xff, 0xf4, 0xe3, 0xff, 0xf4, 0xe3, 0xff, 
    0xf4, 0xe3, 0xff, 0xf4, 0xe3, 0xff, 0xf4, 0xe3, 0xff, 0xf4, 0xe3, 0xff, 
    0xf4, 0xe3, 0xff, 0xf4, 0xe3, 0xff, 0xf4, 0xe3, 0xff, 0xf4, 0xe3, 0xfe, 
    0xf4, 0xc3, 0xfe, 0xf4, 0xe3, 0xfd, 0xf4, 0xc3, 0xfc, 0xf4, 0xc3, 0xfc, 
    0xf4, 0xe3, 0xfb, 0xf4, 0xc3, 0xfb, 0xf4, 0xe3, 0xfb, 0xf4, 0xe3, 0xfb, 
    0xf4, 0xe3, 0xfb, 0xf4, 0xe3, 0xfb, 0xf4, 0xe3, 0xfb, 0xf4, 0xc3, 0xfb, 
    0xf4, 0xc3, 0xfc, 0xf4, 0xc3, 0xfe, 0xf4, 0xe3, 0xff, 0xf4, 0xe3, 0xff, 
    0xf4, 0xe3, 0xff, 0xf4, 0xe3, 0xff, 0xf4, 0xe3, 0xff, 0xf4, 0xe3, 0xff, 
    0xf4, 0xe3, 0xff, 0xf4, 0xe3, 0xff, 0xf4, 0xe3, 0xff, 0xf4, 0xe3, 0xff, 
    0xf4, 0xe3, 0xff, 0xe4, 0x04, 0xff, 0xe3, 0xe4, 0xff, 0xe3, 0xe4, 0xff, 
    0xe3, 0xe4, 0xff, 0xe3, 0xe4, 0xff, 0xe3, 0xe4, 0xff, 0xe3, 0xe4, 0xff, 
    0xe3, 0xe4, 0xff, 0xe3, 0xe4, 0xff, 0xe3, 0xe4, 0xff, 0xe3, 0xe4, 0xff, 
    0xe3, 0xe4, 0xff, 0xe3, 0xe4, 0xff, 0xe3, 0xe4, 0xff, 0xe3, 0xe4, 0xff, 
    0xe3, 0xe4, 0xff, 0xe4, 0x04, 0xff, 0xec, 0x44, 0xff, 0xec, 0xa4, 0xff, 
    0xf4, 0xe3, 0xff, 0xf4, 0xe3, 0xff, 0xf4, 0xe3, 0xff, 0xf4, 0xe3, 0xff, 
    0xf4, 0xe3, 0xff, 0xf4, 0xe3, 0xff, 0xf4, 0xe3, 0xff, 0xf4, 0xe3, 0xff, 
    0xf4, 0xe3, 0xff, 0xf4, 0xe3, 0xff, 0xf4, 0xe3, 0xff, 0xf4, 0xe3, 0xff, 
    0xf4, 0xe3, 0xff, 0xf4, 0xe3, 0xff, 0xf4, 0xe3, 0xff, 0xf4, 0xe3, 0xff, 
    0xf4, 0xe3, 0xff, 0xf4, 0xe3, 0xff, 0xf4, 0xe3, 0xff, 0xf4, 0xe3, 0xff, 
    0xf4, 0xe3, 0xff, 0xf4, 0xe3, 0xff, 0xf4, 0xe3, 0xff, 0xf4, 0xc3, 0xfc, 
    0xfd, 0x24, 0xff, 0xf4, 0xc3, 0xb6, 0x00, 0x00, 0x00, 0xbb, 0xe0, 0x04, 
    0x00, 0x00, 0x00, 0x00, 0x00, 0x00, 0x00, 0x00, 0x00, 0x00, 0x00, 0x00, 
    0x00, 0x00, 0x00, 0x00, 0x00, 0x00, 0x00, 0x00, 0x00, 0x00, 0x00, 0x00, 
    0x00, 0x00, 0x00, 0x00, 0x00, 0x00, 0x00, 0x00, 0x00, 0x00, 0x00, 0x00, 
    0x00, 0x00, 0x00, 0x00, 0x00, 0x00, 0x00, 0x00, 0x00, 0x00, 0x00, 0x00, 
    0x00, 0x00, 0x00, 0x00, 0x00, 0x00, 0x00, 0x00, 0x00, 0x00, 0x00, 0x00, 
    0x00, 0x00, 0x00, 0x00, 0x00, 0x00, 0x00, 0x00, 0x00, 0x00, 0x00, 0x00, 
    0x00, 0x00, 0x00, 0x00, 0x00, 0x00, 0xfd, 0x4a, 0x03, 0x00, 0x00, 0x00, 
    0xfe, 0x0e, 0xa9, 0xfe, 0x6f, 0xff, 0xfe, 0x0e, 0xfb, 0xfe, 0x0e, 0xff, 
    0xfe, 0x0e, 0xff, 0xfe, 0x0e, 0xff, 0xfe, 0x0e, 0xff, 0xfe, 0x0e, 0xff, 
    0xfe, 0x0e, 0xff, 0xfe, 0x0e, 0xfc, 0xfe, 0x4f, 0xff, 0xfe, 0x0e, 0xa1, 
    0xf4, 0xe3, 0xaa, 0xfd, 0x04, 0xff, 0xf4, 0xc3, 0xfc, 0xf4, 0xe3, 0xff, 
    0xf4, 0xe3, 0xff, 0xf4, 0xe3, 0xff, 0xf4, 0xe3, 0xff, 0xf4, 0xe3, 0xff, 
    0xf4, 0xe3, 0xff, 0xf4, 0xe3, 0xff, 0xf4, 0xe3, 0xff, 0xf4, 0xe3, 0xff, 
    0xf4, 0xe3, 0xff, 0xf4, 0xe3, 0xff, 0xf4, 0xe3, 0xff, 0xf4, 0xe3, 0xff, 
    0xf4, 0xe3, 0xff, 0xf4, 0xe3, 0xff, 0xf4, 0xc3, 0xfe, 0xf4, 0xe3, 0xfd, 
    0xf4, 0xc3, 0xfc, 0xf4, 0xc3, 0xfc, 0xf4, 0xe3, 0xfb, 0xf4, 0xe3, 0xfb, 
    0xf4, 0xe3, 0xfb, 0xf4, 0xc3, 0xfc, 0xf4, 0xe3, 0xff, 0xf4, 0xe3, 0xff, 
    0xf4, 0xe4, 0xff, 0xfd, 0x04, 0xff, 0xfd, 0x04, 0xff, 0xfd, 0x24, 0xff, 
    0xfd, 0x24, 0xff, 0xfd, 0x24, 0xff, 0xfd, 0x24, 0xff, 0xfd, 0x24, 0xff, 
    0xfd, 0x24, 0xff, 0xfd, 0x24, 0xff, 0xfd, 0x24, 0xff, 0xfd, 0x24, 0xff, 
    0xfd, 0x24, 0xff, 0xf4, 0xe4, 0xff, 0xf4, 0xc3, 0xfc, 0xf4, 0xe3, 0xfd, 
    0xf4, 0xe3, 0xff, 0xf4, 0xe3, 0xff, 0xf4, 0xe3, 0xff, 0xf4, 0xe3, 0xff, 
    0xf4, 0xe3, 0xff, 0xf4, 0xe3, 0xff, 0xf4, 0xe3, 0xff, 0xf4, 0xe3, 0xff, 
    0xf4, 0xe3, 0xff, 0xec, 0x84, 0xff, 0xe3, 0xe4, 0xff, 0xe3, 0xe4, 0xff, 
    0xe3, 0xe4, 0xff, 0xe3, 0xe4, 0xff, 0xe3, 0xe4, 0xff, 0xe3, 0xe4, 0xff, 
    0xe3, 0xe4, 0xff, 0xe3, 0xe4, 0xff, 0xe3, 0xe4, 0xff, 0xe3, 0xe4, 0xff, 
    0xe3, 0xe4, 0xff, 0xe3, 0xe4, 0xff, 0xe3, 0xe4, 0xff, 0xe4, 0x04, 0xff, 
    0xec, 0x64, 0xff, 0xf4, 0xc4, 0xff, 0xf4, 0xe3, 0xff, 0xf4, 0xe3, 0xff, 
    0xf4, 0xe3, 0xff, 0xf4, 0xe3, 0xff, 0xf4, 0xe3, 0xff, 0xf4, 0xe3, 0xff, 
    0xf4, 0xe3, 0xff, 0xf4, 0xe3, 0xff, 0xf4, 0xe3, 0xff, 0xf4, 0xe3, 0xff, 
    0xf4, 0xe3, 0xff, 0xf4, 0xe3, 0xff, 0xf4, 0xe3, 0xff, 0xf4, 0xe3, 0xff, 
    0xf4, 0xe3, 0xff, 0xf4, 0xe3, 0xff, 0xf4, 0xe3, 0xff, 0xf4, 0xe3, 0xff, 
    0xf4, 0xe3, 0xff, 0xf4, 0xe3, 0xff, 0xf4, 0xe3, 0xff, 0xf4, 0xe3, 0xff, 
    0xf4, 0xe3, 0xff, 0xf4, 0xe3, 0xff, 0xf4, 0xe3, 0xff, 0xf4, 0xe3, 0xff, 
    0xf4, 0xc3, 0xfc, 0xfd, 0x24, 0xff, 0xec, 0xc3, 0x56, 0x00, 0x00, 0x00, 
    0xfd, 0xe0, 0x04, 0x00, 0x00, 0x00, 0x00, 0x00, 0x00, 0x00, 0x00, 0x00, 
    0x00, 0x00, 0x00, 0x00, 0x00, 0x00, 0x00, 0x00, 0x00, 0x00, 0x00, 0x00, 
    0x00, 0x00, 0x00, 0x00, 0x00, 0x00, 0x00, 0x00, 0x00, 0x00, 0x00, 0x00, 
    0x00, 0x00, 0x00, 0x00, 0x00, 0x00, 0x00, 0x00, 0x00, 0x00, 0x00, 0x00, 
    0x00, 0x00, 0x00, 0x00, 0x00, 0x00, 0x00, 0x00, 0x00, 0x00, 0x00, 0x00, 
    0x00, 0x00, 0x00, 0x00, 0x00, 0x00, 0x00, 0x00, 0x00, 0x00, 0x00, 0x00, 
    0x00, 0x00, 0x00, 0x00, 0x00, 0x00, 0xff, 0xef, 0x02, 0x00, 0x00, 0x00, 
    0xfe, 0x0e, 0x31, 0xfe, 0x2f, 0xfd, 0xfe, 0x0e, 0xfd, 0xfe, 0x0e, 0xfb, 
    0xfe, 0x0e, 0xff, 0xfe, 0x0e, 0xff, 0xfe, 0x0e, 0xff, 0xfe, 0x0e, 0xff, 
    0xfe, 0x0e, 0xfb, 0xfe, 0x2f, 0xff, 0xfe, 0x0e, 0xf4, 0xfe, 0x2e, 0x27, 
    0xf4, 0xe3, 0x30, 0xf4, 0xe3, 0xf9, 0xf4, 0xe4, 0xfe, 0xf4, 0xc3, 0xfb, 
    0xf4, 0xe3, 0xfe, 0xf4, 0xe3, 0xff, 0xf4, 0xe3, 0xff, 0xf4, 0xe3, 0xff, 
    0xf4, 0xe3, 0xff, 0xf4, 0xe3, 0xff, 0xf4, 0xe3, 0xfe, 0xf4, 0xc3, 0xfe, 
    0xf4, 0xe3, 0xfd, 0xf4, 0xc3, 0xfc, 0xf4, 0xe3, 0xfb, 0xf4, 0xc3, 0xfb, 
    0xf4, 0xc3, 0xfc, 0xf4, 0xe3, 0xfe, 0xf4, 0xe3, 0xff, 0xfd, 0x04, 0xff, 
    0xfd, 0x04, 0xff, 0xfd, 0x24, 0xff, 0xfd, 0x24, 0xff, 0xfd, 0x24, 0xff, 
    0xfd, 0x24, 0xff, 0xfd, 0x04, 0xff, 0xf4, 0xe3, 0xff, 0xf4, 0xc3, 0xf9, 
    0xf4, 0xc3, 0xe9, 0xf4, 0xe3, 0xd7, 0xf4, 0xc3, 0xc6, 0xf4, 0xc3, 0xae, 
    0xf4, 0xe3, 0x97, 0xf4, 0xe3, 0x86, 0xf4, 0xe4, 0x77, 0xf4, 0xe3, 0x6d, 
    0xf4, 0xc4, 0x67, 0xf4, 0xe3, 0x68, 0xf4, 0xc3, 0x75, 0xf4, 0xe3, 0x8e, 
    0xf4, 0xc3, 0xb9, 0xf4, 0xe3, 0xe9, 0xfd, 0x24, 0xff, 0xfd, 0x04, 0xff, 
    0xf4, 0xc3, 0xfd, 0xf4, 0xe3, 0xff, 0xf4, 0xe3, 0xff, 0xf4, 0xe3, 0xff, 
    0xf4, 0xe3, 0xff, 0xf4, 0xe3, 0xff, 0xf4, 0xe3, 0xff, 0xf4, 0xe3, 0xff, 
    0xf4, 0xe3, 0xff, 0xf4, 0xe3, 0xff, 0xe4, 0x04, 0xff, 0xe3, 0xe4, 0xff, 
    0xe3, 0xe4, 0xff, 0xe3, 0xe4, 0xff, 0xe3, 0xe4, 0xff, 0xe3, 0xe4, 0xff, 
    0xe3, 0xe4, 0xff, 0xe3, 0xe4, 0xff, 0xe3, 0xe4, 0xff, 0xe3, 0xe4, 0xff, 
    0xe3, 0xe4, 0xff, 0xe4, 0x04, 0xff, 0xec, 0x64, 0xff, 0xf4, 0xc3, 0xff, 
    0xf4, 0xe3, 0xff, 0xf4, 0xe3, 0xff, 0xf4, 0xe3, 0xff, 0xf4, 0xe3, 0xff, 
    0xf4, 0xe3, 0xff, 0xf4, 0xe3, 0xff, 0xf4, 0xe3, 0xff, 0xf4, 0xe3, 0xff, 
    0xf4, 0xe3, 0xff, 0xf4, 0xe3, 0xff, 0xf4, 0xe3, 0xff, 0xf4, 0xe3, 0xff, 
    0xf4, 0xe3, 0xff, 0xf4, 0xe3, 0xff, 0xf4, 0xe3, 0xff, 0xf4, 0xe3, 0xff, 
    0xf4, 0xe3, 0xff, 0xf4, 0xe3, 0xff, 0xf4, 0xe3, 0xff, 0xf4, 0xe3, 0xff, 
    0xf4, 0xe3, 0xff, 0xf4, 0xe3, 0xff, 0xf4, 0xe3, 0xff, 0xf4, 0xe3, 0xff, 
    0xf4, 0xe3, 0xff, 0xf4, 0xe3, 0xff, 0xf4, 0xe3, 0xff, 0xf4, 0xe3, 0xff, 
    0xf4, 0xc3, 0xfe, 0xf5, 0x04, 0xfd, 0xf4, 0xe3, 0xec, 0xec, 0xc3, 0x23, 
    0x00, 0x00, 0x00, 0xbb, 0xe0, 0x04, 0x00, 0x00, 0x00, 0x00, 0x00, 0x00, 
    0x00, 0x00, 0x00, 0x00, 0x00, 0x00, 0x00, 0x00, 0x00, 0x00, 0x00, 0x00, 
    0x00, 0x00, 0x00, 0x00, 0x00, 0x00, 0x00, 0x00, 0x00, 0x00, 0x00, 0x00, 
    0x00, 0x00, 0x00, 0x00, 0x00, 0x00, 0x00, 0x00, 0x00, 0x00, 0x00, 0x00, 
    0x00, 0x00, 0x00, 0x00, 0x00, 0x00, 0x00, 0x00, 0x00, 0x00, 0x00, 0x00, 
    0x00, 0x00, 0x00, 0x00, 0x00, 0x00, 0x00, 0x00, 0x00, 0x00, 0x00, 0x00, 
    0x00, 0x00, 0x00, 0x00, 0x00, 0x00, 0x00, 0x00, 0x00, 0xff, 0xef, 0x02, 
    0x00, 0x00, 0x00, 0xfd, 0xee, 0x66, 0xfe, 0x4f, 0xff, 0xfe, 0x4f, 0xff, 
    0xfe, 0x0e, 0xfe, 0xfe, 0x0e, 0xfc, 0xfe, 0x0e, 0xfc, 0xfe, 0x0e, 0xfe, 
    0xfe, 0x4f, 0xff, 0xfe, 0x4f, 0xfd, 0xfe, 0x0e, 0x55, 0x00, 0x00, 0x00, 
    0x00, 0x00, 0x00, 0xec, 0xc3, 0x65, 0xfd, 0x24, 0xff, 0xfd, 0x24, 0xff, 
    0xf4, 0xe3, 0xff, 0xf4, 0xe3, 0xfd, 0xf4, 0xc3, 0xfc, 0xf4, 0xc3, 0xfc, 
    0xf4, 0xc3, 0xfc, 0xf4, 0xc3, 0xfe, 0xf4, 0xe3, 0xff, 0xf4, 0xe4, 0xff, 
    0xfd, 0x04, 0xff, 0xfd, 0x24, 0xff, 0xfd, 0x24, 0xff, 0xfd, 0x24, 0xff, 
    0xfd, 0x24, 0xff, 0xf4, 0xe4, 0xff, 0xf4, 0xe3, 0xf3, 0xf4, 0xe3, 0xe1, 
    0xf4, 0xe3, 0xc9, 0xf4, 0xe3, 0xaf, 0xf4, 0xe3, 0x97, 0xf4, 0xc3, 0x7d, 
    0xf4, 0xe3, 0x62, 0xf4, 0xc3, 0x4c, 0xf4, 0xe3, 0x34, 0xec, 0xe4, 0x1f, 
    0xf4, 0xa3, 0x11, 0xfd, 0x40, 0x03, 0x00, 0x00, 0x00, 0x00, 0x00, 0x00, 
    0x00, 0x00, 0x00, 0x00, 0x00, 0x00, 0x00, 0x00, 0x00, 0x00, 0x00, 0x00, 
    0x00, 0x00, 0x00, 0x00, 0x00, 0x00, 0x00, 0x00, 0x00, 0x00, 0x00, 0x00, 
    0x00, 0x00, 0x00, 0xf5, 0x03, 0x13, 0xf4, 0xe3, 0x64, 0xf4, 0xe3, 0xe1, 
    0xfd, 0x04, 0xff, 0xf4, 0xc3, 0xfd, 0xf4, 0xe3, 0xff, 0xf4, 0xe3, 0xff, 
    0xf4, 0xe3, 0xff, 0xf4, 0xe3, 0xff, 0xf4, 0xe3, 0xff, 0xf4, 0xe3, 0xff, 
    0xf4, 0xe3, 0xff, 0xf4, 0xe3, 0xff, 0xec, 0x64, 0xff, 0xe3, 0xe4, 0xff, 
    0xe3, 0xe4, 0xff, 0xe3, 0xe4, 0xff, 0xe3, 0xe4, 0xff, 0xe3, 0xe4, 0xff, 
    0xe3, 0xe4, 0xff, 0xe3, 0xe4, 0xff, 0xe3, 0xe4, 0xff, 0xe3, 0xe4, 0xff, 
    0xec, 0x44, 0xff, 0xf4, 0xc4, 0xff, 0xf4, 0xe3, 0xff, 0xf4, 0xe3, 0xff, 
    0xf4, 0xc3, 0xff, 0xf4, 0xe3, 0xff, 0xf4, 0xe3, 0xff, 0xf4, 0xe3, 0xff, 
    0xf4, 0xe3, 0xff, 0xf4, 0xe3, 0xff, 0xf4, 0xe3, 0xff, 0xf4, 0xe3, 0xff, 
    0xf4, 0xe3, 0xff, 0xf4, 0xe3, 0xff, 0xf4, 0xe3, 0xff, 0xf4, 0xe3, 0xff, 
    0xf4, 0xe3, 0xff, 0xf4, 0xe3, 0xff, 0xf4, 0xe3, 0xff, 0xf4, 0xe3, 0xff, 
    0xf4, 0xe3, 0xff, 0xf4, 0xe3, 0xff, 0xf4, 0xe3, 0xff, 0xf4, 0xe3, 0xff, 
    0xf4, 0xe3, 0xff, 0xf4, 0xe3, 0xff, 0xf4, 0xe3, 0xff, 0xf4, 0xe3, 0xff, 
    0xf4, 0xe3, 0xff, 0xf4, 0xe3, 0xff, 0xf4, 0xe3, 0xff, 0xf4, 0xe3, 0xff, 
    0xf4, 0xe3, 0xff, 0xf4, 0xc3, 0xfd, 0xfd, 0x04, 0xff, 0xf4, 0xe3, 0xd4, 
    0xe4, 0xa4, 0x16, 0x00, 0x00, 0x00, 0xfb, 0xe0, 0x04, 0x00, 0x00, 0x00, 
    0x00, 0x00, 0x00, 0x00, 0x00, 0x00, 0x00, 0x00, 0x00, 0x00, 0x00, 0x00, 
    0x00, 0x00, 0x00, 0x00, 0x00, 0x00, 0x00, 0x00, 0x00, 0x00, 0x00, 0x00, 
    0x00, 0x00, 0x00, 0x00, 0x00, 0x00, 0x00, 0x00, 0x00, 0x00, 0x00, 0x00, 
    0x00, 0x00, 0x00, 0x00, 0x00, 0x00, 0x00, 0x00, 0x00, 0x00, 0x00, 0x00, 
    0x00, 0x00, 0x00, 0x00, 0x00, 0x00, 0x00, 0x00, 0x00, 0x00, 0x00, 0x00, 
    0x00, 0x00, 0x00, 0x00, 0x00, 0x00, 0x00, 0x00, 0x00, 0x00, 0x00, 0x00, 
    0xff, 0xef, 0x02, 0x00, 0x00, 0x00, 0xfe, 0x0e, 0x4a, 0xfe, 0x2f, 0xcd, 
    0xfe, 0x2f, 0xff, 0xfe, 0x6f, 0xff, 0xfe, 0x4f, 0xff, 0xfe, 0x2f, 0xff, 
    0xfe, 0x2f, 0xc6, 0xfd, 0xee, 0x42, 0x00, 0x00, 0x00, 0xfd, 0x4a, 0x03, 
    0xfd, 0x40, 0x03, 0x00, 0x00, 0x00, 0xec, 0xc3, 0x43, 0xfd, 0x03, 0xbc, 
    0xf4, 0xe3, 0xf5, 0xfd, 0x04, 0xff, 0xfd, 0x24, 0xff, 0xfd, 0x24, 0xff, 
    0xfd, 0x24, 0xff, 0xf4, 0xe4, 0xff, 0xf4, 0xe3, 0xfb, 0xf4, 0xe3, 0xed, 
    0xf4, 0xc3, 0xd7, 0xf4, 0xe3, 0xbb, 0xf4, 0xe3, 0x9a, 0xf4, 0xe3, 0x75, 
    0xf4, 0xe3, 0x53, 0xec, 0xe3, 0x32, 0xec, 0xc3, 0x1c, 0xfd, 0xa4, 0x07, 
    0x00, 0x00, 0x00, 0x00, 0x00, 0x00, 0x00, 0x00, 0x00, 0x00, 0x00, 0x00, 
    0x00, 0x00, 0x00, 0x00, 0x00, 0x00, 0x00, 0x00, 0x00, 0x00, 0x00, 0x00, 
    0x00, 0x00, 0x00, 0x00, 0x00, 0x00, 0xff, 0xe0, 0x01, 0xad, 0x40, 0x03, 
    0xbb, 0xe0, 0x04, 0xfd, 0xe7, 0x04, 0xfb, 0xe0, 0x04, 0xfb, 0xe0, 0x04, 
    0xfb, 0xe0, 0x04, 0xfb, 0xe0, 0x04, 0xfb, 0xe0, 0x04, 0xfb, 0xe0, 0x04, 
    0xfb, 0xe0, 0x02, 0x00, 0x00, 0x00, 0x00, 0x00, 0x00, 0xec, 0xe3, 0x1a, 
    0xf4, 0xe3, 0xd0, 0xfd, 0x04, 0xff, 0xf4, 0xe3, 0xfd, 0xf4, 0xe3, 0xff, 
    0xf4, 0xe3, 0xff, 0xf4, 0xe3, 0xff, 0xf4, 0xe3, 0xff, 0xf4, 0xe3, 0xff, 
    0xf4, 0xe3, 0xff, 0xf4, 0xe3, 0xff, 0xf4, 0xc4, 0xff, 0xe3, 0xe4, 0xff, 
    0xe3, 0xe4, 0xff, 0xe3, 0xe4, 0xff, 0xe3, 0xe4, 0xff, 0xe3, 0xe4, 0xff, 
    0xe3, 0xe4, 0xff, 0xe3, 0xe4, 0xff, 0xe4, 0x04, 0xff, 0xec, 0xa4, 0xff, 
    0xf4, 0xe3, 0xff, 0xf4, 0xe3, 0xff, 0xf4, 0xe3, 0xff, 0xf4, 0xe3, 0xff, 
    0xf4, 0xe3, 0xff, 0xf4, 0xe3, 0xff, 0xf4, 0xe3, 0xff, 0xf4, 0xe3, 0xff, 
    0xf4, 0xe3, 0xff, 0xf4, 0xe3, 0xff, 0xf4, 0xe3, 0xff, 0xf4, 0xe3, 0xff, 
    0xf4, 0xe3, 0xff, 0xf4, 0xe3, 0xff, 0xf4, 0xe3, 0xff, 0xf4, 0xe3, 0xff, 
    0xf4, 0xe3, 0xff, 0xf4, 0xe3, 0xff, 0xf4, 0xe3, 0xff, 0xf4, 0xe3, 0xff, 
    0xf4, 0xe3, 0xff, 0xf4, 0xe3, 0xff, 0xf4, 0xe3, 0xff, 0xf4, 0xe3, 0xff, 
    0xf4, 0xe3, 0xff, 0xf4, 0xe3, 0xff, 0xf4, 0xe3, 0xff, 0xf4, 0xe3, 0xff, 
    0xf4, 0xe3, 0xff, 0xf4, 0xe3, 0xff, 0xf4, 0xe3, 0xff, 0xf4, 0xe3, 0xff, 
    0xf4, 0xe3, 0xff, 0xf4, 0xe3, 0xff, 0xf4, 0xc3, 0xfc, 0xfd, 0x24, 0xff, 
    0xf4, 0xe3, 0xd2, 0xf4, 0xc3, 0x24, 0x00, 0x00, 0x00, 0xfd, 0x40, 0x03, 
    0xfb, 0xe0, 0x02, 0x00, 0x00, 0x00, 0x00, 0x00, 0x00, 0x00, 0x00, 0x00, 
    0x00, 0x00, 0x00, 0x00, 0x00, 0x00, 0x00, 0x00, 0x00, 0x00, 0x00, 0x00, 
    0x00, 0x00, 0x00, 0x00, 0x00, 0x00, 0x00, 0x00, 0x00, 0x00, 0x00, 0x00, 
    0x00, 0x00, 0x00, 0x00, 0x00, 0x00, 0x00, 0x00, 0x00, 0x00, 0x00, 0x00, 
    0x00, 0x00, 0x00, 0x00, 0x00, 0x00, 0x00, 0x00, 0x00, 0x00, 0x00, 0x00, 
    0x00, 0x00, 0x00, 0x00, 0x00, 0x00, 0x00, 0x00, 0x00, 0x00, 0x00, 0x00, 
    0x00, 0x00, 0x00, 0xff, 0xef, 0x02, 0x00, 0x00, 0x00, 0x00, 0x00, 0x01, 
    0xfe, 0x2f, 0x35, 0xfe, 0x0e, 0x5c, 0xfe, 0x0e, 0x5a, 0xfe, 0x2e, 0x31, 
    0x00, 0x00, 0x00, 0x00, 0x00, 0x00, 0xff, 0xef, 0x02, 0x00, 0x00, 0x00, 
    0x00, 0x00, 0x00, 0xfb, 0xe0, 0x02, 0x00, 0x00, 0x00, 0x00, 0x00, 0x00, 
    0xf4, 0xe4, 0x1f, 0xf4, 0xe3, 0x41, 0xf4, 0xe3, 0x53, 0xf4, 0xe3, 0x55, 
    0xf4, 0xc3, 0x47, 0xf4, 0xc3, 0x38, 0xf4, 0xe4, 0x27, 0xfd, 0x23, 0x11, 
    0xfd, 0x40, 0x03, 0x00, 0x00, 0x00, 0x00, 0x00, 0x00, 0x00, 0x00, 0x00, 
    0x00, 0x00, 0x00, 0x00, 0x00, 0x00, 0x00, 0x00, 0x00, 0x00, 0x00, 0x00, 
    0xf8, 0x00, 0x01, 0xfd, 0x40, 0x03, 0xfb, 0xe0, 0x04, 0xfb, 0xe0, 0x04, 
    0xfb, 0xe0, 0x04, 0xfd, 0x40, 0x03, 0xff, 0xe0, 0x02, 0xfb, 0xe0, 0x02, 
    0xff, 0xe0, 0x01, 0xf8, 0x00, 0x01, 0x00, 0x00, 0x00, 0x00, 0x00, 0x00, 
    0x00, 0x00, 0x00, 0x00, 0x00, 0x00, 0x00, 0x00, 0x00, 0x00, 0x00, 0x00, 
    0x00, 0x00, 0x00, 0x00, 0x00, 0x00, 0x00, 0x00, 0x00, 0x00, 0x00, 0x00, 
    0x00, 0x00, 0x00, 0xff, 0xe0, 0x01, 0xfd, 0x40, 0x06, 0x00, 0x00, 0x00, 
    0xec, 0xe3, 0x2c, 0xf5, 0x03, 0xf8, 0xf4, 0xe3, 0xfe, 0xf4, 0xe3, 0xfe, 
    0xf4, 0xe3, 0xff, 0xf4, 0xe3, 0xff, 0xf4, 0xe3, 0xff, 0xf4, 0xe3, 0xff, 
    0xf4, 0xe3, 0xff, 0xf4, 0xe3, 0xff, 0xf4, 0xe3, 0xff, 0xec, 0xa4, 0xff, 
    0xe3, 0xe4, 0xff, 0xe3, 0xe4, 0xff, 0xe3, 0xe4, 0xff, 0xe3, 0xe4, 0xff, 
    0xe3, 0xe4, 0xff, 0xec, 0x44, 0xff, 0xf4, 0xc3, 0xff, 0xf4, 0xe3, 0xff, 
    0xf4, 0xe3, 0xff, 0xf4, 0xe3, 0xff, 0xf4, 0xe3, 0xff, 0xf4, 0xe3, 0xff, 
    0xf4, 0xe3, 0xff, 0xf4, 0xe3, 0xff, 0xf4, 0xe3, 0xff, 0xf4, 0xe3, 0xff, 
    0xf4, 0xe3, 0xff, 0xf4, 0xe3, 0xff, 0xf4, 0xe3, 0xff, 0xf4, 0xe3, 0xff, 
    0xf4, 0xe3, 0xff, 0xf4, 0xe3, 0xff, 0xf4, 0xe3, 0xff, 0xf4, 0xc3, 0xfe, 
    0xf4, 0xc3, 0xfe, 0xf4, 0xc3, 0xfe, 0xf4, 0xe3, 0xfe, 0xf4, 0xe3, 0xff, 
    0xf4, 0xe3, 0xff, 0xf4, 0xe3, 0xff, 0xf4, 0xe3, 0xff, 0xf4, 0xe3, 0xff, 
    0xf4, 0xe3, 0xff, 0xf4, 0xe3, 0xff, 0xf4, 0xe3, 0xff, 0xf4, 0xe3, 0xff, 
    0xf4, 0xe3, 0xff, 0xf4, 0xe3, 0xff, 0xf4, 0xe3, 0xff, 0xf4, 0xe3, 0xff, 
    0xf4, 0xe3, 0xff, 0xf4, 0xe3, 0xff, 0xf4, 0xe3, 0xff, 0xf4, 0xc3, 0xfc, 
    0xfd, 0x04, 0xff, 0xf4, 0xe3, 0xe9, 0xf4, 0xe3, 0x59, 0x00, 0x00, 0x00, 
    0x00, 0x00, 0x00, 0xfb, 0xe0, 0x04, 0xff, 0xe0, 0x01, 0x00, 0x00, 0x00, 
    0x00, 0x00, 0x00, 0x00, 0x00, 0x00, 0x00, 0x00, 0x00, 0x00, 0x00, 0x00, 
    0x00, 0x00, 0x00, 0x00, 0x00, 0x00, 0x00, 0x00, 0x00, 0x00, 0x00, 0x00, 
    0x00, 0x00, 0x00, 0x00, 0x00, 0x00, 0x00, 0x00, 0x00, 0x00, 0x00, 0x00, 
    0x00, 0x00, 0x00, 0x00, 0x00, 0x00, 0x00, 0x00, 0x00, 0x00, 0x00, 0x00, 
    0x00, 0x00, 0x00, 0x00, 0x00, 0x00, 0x00, 0x00, 0x00, 0x00, 0x00, 0x00, 
    0x00, 0x00, 0x00, 0x00, 0x00, 0x00, 0xfd, 0x4a, 0x03, 0x00, 0x00, 0x00, 
    0x00, 0x00, 0x00, 0x00, 0x00, 0x00, 0x00, 0x00, 0x00, 0x00, 0x00, 0x00, 
    0x00, 0x00, 0x00, 0xad, 0x4a, 0x03, 0x00, 0x00, 0x00, 0x00, 0x00, 0x00, 
    0x00, 0x00, 0x00, 0x00, 0x00, 0x00, 0xad, 0x40, 0x03, 0xff, 0xe0, 0x01, 
    0x00, 0x00, 0x00, 0x00, 0x00, 0x00, 0x00, 0x00, 0x00, 0x00, 0x00, 0x00, 
    0x00, 0x00, 0x00, 0x00, 0x00, 0x00, 0x00, 0x00, 0x00, 0x00, 0x00, 0x00, 
    0x00, 0x00, 0x00, 0xfb, 0xe0, 0x02, 0xbb, 0xe0, 0x04, 0xfb, 0xe0, 0x04, 
    0xfd, 0x40, 0x03, 0xfb, 0xe0, 0x02, 0xfb, 0xe0, 0x02, 0xf8, 0x00, 0x01, 
    0x00, 0x00, 0x00, 0x00, 0x00, 0x00, 0x00, 0x00, 0x00, 0x00, 0x00, 0x00, 
    0x00, 0x00, 0x00, 0x00, 0x00, 0x00, 0x00, 0x00, 0x00, 0x00, 0x00, 0x00, 
    0x00, 0x00, 0x00, 0x00, 0x00, 0x00, 0x00, 0x00, 0x00, 0x00, 0x00, 0x00, 
    0x00, 0x00, 0x00, 0x00, 0x00, 0x00, 0x00, 0x00, 0x00, 0x00, 0x00, 0x00, 
    0x00, 0x00, 0x00, 0x00, 0x00, 0x00, 0x00, 0x00, 0x00, 0x00, 0x00, 0x00, 
    0x00, 0x00, 0x00, 0x00, 0x00, 0x00, 0x00, 0x00, 0x00, 0xfd, 0x40, 0x03, 
    0x00, 0x00, 0x00, 0xf4, 0xc3, 0xc1, 0xfd, 0x24, 0xff, 0xf4, 0xc3, 0xfc, 
    0xf4, 0xe3, 0xff, 0xf4, 0xe3, 0xff, 0xf4, 0xe3, 0xff, 0xf4, 0xe3, 0xff, 
    0xf4, 0xe3, 0xff, 0xf4, 0xe3, 0xff, 0xf4, 0xe3, 0xff, 0xf4, 0xe3, 0xff, 
    0xf4, 0xc4, 0xff, 0xec, 0x64, 0xff, 0xec, 0x44, 0xff, 0xec, 0x44, 0xff, 
    0xec, 0xa4, 0xff, 0xf4, 0xe3, 0xff, 0xf4, 0xe3, 0xff, 0xf4, 0xe3, 0xff, 
    0xf4, 0xe3, 0xff, 0xf4, 0xe3, 0xff, 0xf4, 0xe3, 0xff, 0xf4, 0xe3, 0xff, 
    0xf4, 0xe3, 0xff, 0xf4, 0xe3, 0xff, 0xf4, 0xe3, 0xff, 0xf4, 0xe3, 0xff, 
    0xf4, 0xe3, 0xff, 0xf4, 0xe3, 0xff, 0xf4, 0xe3, 0xff, 0xf4, 0xc3, 0xfe, 
    0xf4, 0xe3, 0xfb, 0xf4, 0xc3, 0xfc, 0xf4, 0xe3, 0xfe, 0xf4, 0xe3, 0xff, 
    0xf4, 0xe3, 0xff, 0xf4, 0xe3, 0xff, 0xf4, 0xe3, 0xff, 0xf4, 0xe3, 0xfd, 
    0xf4, 0xe3, 0xfb, 0xf4, 0xc3, 0xfc, 0xf4, 0xe3, 0xfe, 0xf4, 0xe3, 0xff, 
    0xf4, 0xe3, 0xff, 0xf4, 0xe3, 0xff, 0xf4, 0xe3, 0xff, 0xf4, 0xe3, 0xff, 
    0xf4, 0xe3, 0xff, 0xf4, 0xe3, 0xff, 0xf4, 0xe3, 0xff, 0xf4, 0xe3, 0xff, 
    0xf4, 0xe3, 0xff, 0xf4, 0xe3, 0xff, 0xf4, 0xe3, 0xff, 0xf4, 0xe3, 0xff, 
    0xf4, 0xc3, 0xfd, 0xf4, 0xe4, 0xff, 0xfd, 0x24, 0xff, 0xf4, 0xe4, 0xad, 
    0xfc, 0xe3, 0x25, 0x00, 0x00, 0x00, 0x00, 0x00, 0x00, 0xbb, 0xe0, 0x04, 
    0xff, 0xe0, 0x01, 0x00, 0x00, 0x00, 0x00, 0x00, 0x00, 0x00, 0x00, 0x00, 
    0x00, 0x00, 0x00, 0x00, 0x00, 0x00, 0x00, 0x00, 0x00, 0x00, 0x00, 0x00, 
    0x00, 0x00, 0x00, 0x00, 0x00, 0x00, 0x00, 0x00, 0x00, 0x00, 0x00, 0x00, 
    0x00, 0x00, 0x00, 0x00, 0x00, 0x00, 0x00, 0x00, 0x00, 0x00, 0x00, 0x00, 
    0x00, 0x00, 0x00, 0x00, 0x00, 0x00, 0x00, 0x00, 0x00, 0x00, 0x00, 0x00, 
    0x00, 0x00, 0x00, 0x00, 0x00, 0x00, 0x00, 0x00, 0x00, 0xf8, 0x00, 0x01, 
    0xff, 0xef, 0x02, 0xfd, 0xef, 0x04, 0xfd, 0xef, 0x04, 0xff, 0xef, 0x02, 
    0x00, 0x00, 0x00, 0x00, 0x00, 0x00, 0x00, 0x00, 0x00, 0x00, 0x00, 0x00, 
    0x00, 0x00, 0x00, 0x00, 0x00, 0x00, 0x00, 0x00, 0x00, 0x00, 0x00, 0x00, 
    0xfb, 0xe0, 0x02, 0xfd, 0x40, 0x03, 0xfd, 0x40, 0x03, 0xfd, 0x40, 0x03, 
    0xfd, 0x40, 0x03, 0xfd, 0x40, 0x03, 0xfb, 0xe0, 0x02, 0xff, 0xe0, 0x01, 
    0xf8, 0x00, 0x01, 0x00, 0x00, 0x00, 0x00, 0x00, 0x00, 0x00, 0x00, 0x00, 
    0x00, 0x00, 0x00, 0x00, 0x00, 0x00, 0x00, 0x00, 0x00, 0x00, 0x00, 0x00, 
    0x00, 0x00, 0x00, 0x00, 0x00, 0x00, 0x00, 0x00, 0x00, 0x00, 0x00, 0x00, 
    0x00, 0x00, 0x00, 0x00, 0x00, 0x00, 0x00, 0x00, 0x00, 0x00, 0x00, 0x00, 
    0x00, 0x00, 0x00, 0x00, 0x00, 0x00, 0x00, 0x00, 0x00, 0x00, 0x00, 0x00, 
    0x00, 0x00, 0x00, 0x00, 0x00, 0x00, 0x00, 0x00, 0x00, 0x00, 0x00, 0x00, 
    0x00, 0x00, 0x00, 0x00, 0x00, 0x00, 0x00, 0x00, 0x00, 0x00, 0x00, 0x00, 
    0x00, 0x00, 0x00, 0x00, 0x00, 0x00, 0x00, 0x00, 0x00, 0xfb, 0xe0, 0x04, 
    0xff, 0xe0, 0x01, 0xf4, 0xe3, 0x94, 0xfd, 0x24, 0xff, 0xf4, 0xe3, 0xfb, 
    0xf4, 0xe3, 0xff, 0xf4, 0xe3, 0xff, 0xf4, 0xe3, 0xff, 0xf4, 0xe3, 0xff, 
    0xf4, 0xe3, 0xff, 0xf4, 0xe3, 0xff, 0xf4, 0xe3, 0xff, 0xf4, 0xe3, 0xff, 
    0xf4, 0xe3, 0xff, 0xf4, 0xe3, 0xff, 0xf4, 0xe3, 0xff, 0xf4, 0xe3, 0xff, 
    0xf4, 0xe3, 0xff, 0xf4, 0xe3, 0xff, 0xf4, 0xe3, 0xff, 0xf4, 0xe3, 0xff, 
    0xf4, 0xe3, 0xff, 0xf4, 0xe3, 0xff, 0xf4, 0xe3, 0xff, 0xf4, 0xe3, 0xff, 
    0xf4, 0xe3, 0xff, 0xf4, 0xe3, 0xff, 0xf4, 0xe3, 0xff, 0xf4, 0xe3, 0xff, 
    0xf4, 0xe3, 0xff, 0xf4, 0xc3, 0xfd, 0xf4, 0xc3, 0xfc, 0xf4, 0xe4, 0xff, 
    0xfd, 0x24, 0xff, 0xfd, 0x24, 0xff, 0xf4, 0xe4, 0xff, 0xf4, 0xc3, 0xf6, 
    0xf4, 0xc3, 0xf1, 0xf4, 0xc3, 0xf2, 0xf4, 0xe3, 0xfa, 0xfd, 0x04, 0xff, 
    0xfd, 0x24, 0xff, 0xfd, 0x24, 0xff, 0xf4, 0xe3, 0xff, 0xf4, 0xe3, 0xfb, 
    0xf4, 0xe3, 0xfe, 0xf4, 0xe3, 0xff, 0xf4, 0xe3, 0xff, 0xf4, 0xe3, 0xff, 
    0xf4, 0xe3, 0xff, 0xf4, 0xe3, 0xff, 0xf4, 0xe3, 0xff, 0xf4, 0xe3, 0xff, 
    0xf4, 0xe3, 0xff, 0xf4, 0xe3, 0xff, 0xf4, 0xe3, 0xff, 0xf4, 0xe3, 0xff, 
    0xf4, 0xe3, 0xff, 0xf4, 0xc3, 0xfe, 0xf4, 0xc3, 0xfd, 0xfd, 0x24, 0xff, 
    0xf4, 0xe3, 0xf3, 0xf4, 0xe3, 0x83, 0xf4, 0xc3, 0x12, 0x00, 0x00, 0x00, 
    0x00, 0x00, 0x00, 0xfb, 0xe0, 0x04, 0x7b, 0xe0, 0x02, 0x00, 0x00, 0x00, 
    0x00, 0x00, 0x00, 0x00, 0x00, 0x00, 0x00, 0x00, 0x00, 0x00, 0x00, 0x00, 
    0x00, 0x00, 0x00, 0x00, 0x00, 0x00, 0x00, 0x00, 0x00, 0x00, 0x00, 0x00, 
    0x00, 0x00, 0x00, 0x00, 0x00, 0x00, 0x00, 0x00, 0x00, 0x00, 0x00, 0x00, 
    0x00, 0x00, 0x00, 0x00, 0x00, 0x00, 0x00, 0x00, 0x00, 0x00, 0x00, 0x00, 
    0x00, 0x00, 0x00, 0x00, 0x00, 0x00, 0x00, 0x00, 0x00, 0x00, 0x00, 0x00, 
    0x00, 0x00, 0x00, 0x00, 0x00, 0x00, 0x00, 0x00, 0x00, 0x00, 0x00, 0x00, 
    0x00, 0x00, 0x00, 0x00, 0x00, 0x00, 0x00, 0x00, 0x00, 0x00, 0x00, 0x00, 
    0x00, 0x00, 0x00, 0x00, 0x00, 0x00, 0x00, 0x00, 0x00, 0x00, 0x00, 0x00, 
    0x00, 0x00, 0x00, 0x00, 0x00, 0x00, 0x00, 0x00, 0x00, 0x00, 0x00, 0x00, 
    0x00, 0x00, 0x00, 0x00, 0x00, 0x00, 0x00, 0x00, 0x00, 0x00, 0x00, 0x00, 
    0x00, 0x00, 0x00, 0x00, 0x00, 0x00, 0x00, 0x00, 0x00, 0x00, 0x00, 0x00, 
    0x00, 0x00, 0x00, 0x00, 0x00, 0x00, 0x00, 0x00, 0x00, 0x00, 0x00, 0x00, 
    0x00, 0x00, 0x00, 0x00, 0x00, 0x00, 0x00, 0x00, 0x00, 0x00, 0x00, 0x00, 
    0x00, 0x00, 0x00, 0x00, 0x00, 0x00, 0x00, 0x00, 0x00, 0x00, 0x00, 0x00, 
    0x00, 0x00, 0x00, 0x00, 0x00, 0x00, 0x00, 0x00, 0x00, 0x00, 0x00, 0x00, 
    0x00, 0x00, 0x00, 0x00, 0x00, 0x00, 0x00, 0x00, 0x00, 0x00, 0x00, 0x00, 
    0x00, 0x00, 0x00, 0x00, 0x00, 0x00, 0x00, 0x00, 0x00, 0x00, 0x00, 0x00, 
    0x00, 0x00, 0x00, 0x00, 0x00, 0x00, 0x00, 0x00, 0x00, 0xfb, 0xe0, 0x04, 
    0xff, 0xe0, 0x01, 0xf4, 0xc3, 0x90, 0xfd, 0x24, 0xff, 0xf4, 0xe3, 0xfb, 
    0xf4, 0xe3, 0xff, 0xf4, 0xe3, 0xff, 0xf4, 0xe3, 0xff, 0xf4, 0xe3, 0xff, 
    0xf4, 0xe3, 0xff, 0xf4, 0xe3, 0xff, 0xf4, 0xe3, 0xff, 0xf4, 0xe3, 0xff, 
    0xf4, 0xe3, 0xff, 0xf4, 0xe3, 0xff, 0xf4, 0xe3, 0xff, 0xf4, 0xe3, 0xff, 
    0xf4, 0xe3, 0xff, 0xf4, 0xe3, 0xff, 0xf4, 0xe3, 0xff, 0xf4, 0xe3, 0xff, 
    0xf4, 0xe3, 0xff, 0xf4, 0xe3, 0xff, 0xf4, 0xe3, 0xff, 0xf4, 0xe3, 0xff, 
    0xf4, 0xe3, 0xff, 0xf4, 0xe3, 0xff, 0xf4, 0xe3, 0xff, 0xf4, 0xc3, 0xfc, 
    0xf4, 0xc3, 0xfe, 0xfd, 0x04, 0xff, 0xfd, 0x24, 0xff, 0xf4, 0xe3, 0xe7, 
    0xf4, 0xc3, 0xa4, 0xf4, 0xe3, 0x62, 0xf4, 0xe4, 0x37, 0xf4, 0xe3, 0x1d, 
    0xf4, 0xc3, 0x14, 0xf4, 0xa4, 0x16, 0xf4, 0xa3, 0x25, 0xf4, 0xe3, 0x41, 
    0xf4, 0xe3, 0x76, 0xf4, 0xe3, 0xba, 0xf4, 0xe3, 0xf9, 0xfd, 0x24, 0xff, 
    0xf4, 0xe3, 0xff, 0xf4, 0xc3, 0xfd, 0xf4, 0xe3, 0xff, 0xf4, 0xe3, 0xff, 
    0xf4, 0xe3, 0xff, 0xf4, 0xe3, 0xff, 0xf4, 0xe3, 0xff, 0xf4, 0xe3, 0xff, 
    0xf4, 0xe3, 0xff, 0xf4, 0xe3, 0xff, 0xf4, 0xe3, 0xff, 0xf4, 0xe3, 0xff, 
    0xf4, 0xe3, 0xff, 0xf4, 0xe3, 0xff, 0xf4, 0xe3, 0xff, 0xf4, 0xc3, 0xfc, 
    0xf4, 0xe3, 0xff, 0xfd, 0x24, 0xff, 0xf4, 0xe3, 0xe2, 0xf4, 0xe3, 0x72, 
    0xec, 0xe3, 0x10, 0x00, 0x00, 0x00, 0x00, 0x00, 0x00, 0xfd, 0x40, 0x03, 
    0xfd, 0x40, 0x03, 0xf8, 0x00, 0x01, 0x00, 0x00, 0x00, 0x00, 0x00, 0x00, 
    0x00, 0x00, 0x00, 0x00, 0x00, 0x00, 0x00, 0x00, 0x00, 0x00, 0x00, 0x00, 
    0x00, 0x00, 0x00, 0x00, 0x00, 0x00, 0x00, 0x00, 0x00, 0x00, 0x00, 0x00, 
    0x00, 0x00, 0x00, 0x00, 0x00, 0x00, 0x00, 0x00, 0x00, 0x00, 0x00, 0x00, 
    0x00, 0x00, 0x00, 0x00, 0x00, 0x00, 0x00, 0x00, 0x00, 0x00, 0x00, 0x00, 
    0x00, 0x00, 0x00, 0x00, 0x00, 0x00, 0x00, 0x00, 0x00, 0x00, 0x00, 0x00, 
    0x00, 0x00, 0x00, 0x00, 0x00, 0x00, 0x00, 0x00, 0x00, 0x00, 0x00, 0x00, 
    0x00, 0x00, 0x00, 0x00, 0x00, 0x00, 0x00, 0x00, 0x00, 0x00, 0x00, 0x00, 
    0x00, 0x00, 0x00, 0x00, 0x00, 0x00, 0x00, 0x00, 0x00, 0x00, 0x00, 0x00, 
    0x00, 0x00, 0x00, 0x00, 0x00, 0x00, 0x00, 0x00, 0x00, 0x00, 0x00, 0x00, 
    0x00, 0x00, 0x00, 0x00, 0x00, 0x00, 0x00, 0x00, 0x00, 0x00, 0x00, 0x00, 
    0x00, 0x00, 0x00, 0x00, 0x00, 0x00, 0x00, 0x00, 0x00, 0x00, 0x00, 0x00, 
    0x00, 0x00, 0x00, 0x00, 0x00, 0x00, 0x00, 0x00, 0x00, 0x00, 0x00, 0x00, 
    0x00, 0x00, 0x00, 0x00, 0x00, 0x00, 0x00, 0x00, 0x00, 0x00, 0x00, 0x00, 
    0x00, 0x00, 0x00, 0x00, 0x00, 0x00, 0x00, 0x00, 0x00, 0x00, 0x00, 0x00, 
    0x00, 0x00, 0x00, 0x00, 0x00, 0x00, 0x00, 0x00, 0x00, 0x00, 0x00, 0x00, 
    0x00, 0x00, 0x00, 0x00, 0x00, 0x00, 0x00, 0x00, 0x00, 0x00, 0x00, 0x00, 
    0x00, 0x00, 0x00, 0x00, 0x00, 0x00, 0x00, 0x00, 0x00, 0xfb, 0xe0, 0x02, 
    0x00, 0x00, 0x00, 0xf4, 0xc3, 0xb4, 0xfd, 0x24, 0xff, 0xf4, 0xc3, 0xfc, 
    0xf4, 0xe3, 0xff, 0xf4, 0xe3, 0xff, 0xf4, 0xe3, 0xff, 0xf4, 0xe3, 0xff, 
    0xf4, 0xe3, 0xff, 0xf4, 0xe3, 0xff, 0xf4, 0xe3, 0xff, 0xf4, 0xe3, 0xff, 
    0xf4, 0xe3, 0xff, 0xf4, 0xe3, 0xff, 0xf4, 0xe3, 0xff, 0xf4, 0xe3, 0xff, 
    0xf4, 0xe3, 0xff, 0xf4, 0xe3, 0xff, 0xf4, 0xe3, 0xff, 0xf4, 0xe3, 0xff, 
    0xf4, 0xe3, 0xff, 0xf4, 0xe3, 0xff, 0xf4, 0xe3, 0xff, 0xf4, 0xe3, 0xff, 
    0xf4, 0xe3, 0xff, 0xf4, 0xe3, 0xfd, 0xf4, 0xc3, 0xfd, 0xfd, 0x24, 0xff, 
    0xfd, 0x04, 0xff, 0xf4, 0xe3, 0xc9, 0xf4, 0xe3, 0x65, 0xfd, 0x23, 0x11, 
    0x00, 0x00, 0x00, 0x00, 0x00, 0x00, 0x00, 0x00, 0x00, 0x00, 0x00, 0x00, 
    0x00, 0x00, 0x00, 0x00, 0x00, 0x00, 0x00, 0x00, 0x00, 0x00, 0x00, 0x00, 
    0x00, 0x00, 0x00, 0x00, 0x00, 0x00, 0xfc, 0xe3, 0x2a, 0xf4, 0xe3, 0x90, 
    0xf4, 0xe3, 0xfa, 0xfd, 0x04, 0xff, 0xf4, 0xc3, 0xfc, 0xf4, 0xe3, 0xff, 
    0xf4, 0xe3, 0xff, 0xf4, 0xe3, 0xff, 0xf4, 0xe3, 0xff, 0xf4, 0xe3, 0xff, 
    0xf4, 0xe3, 0xff, 0xf4, 0xe3, 0xff, 0xf4, 0xe3, 0xff, 0xf4, 0xe3, 0xff, 
    0xf4, 0xe3, 0xff, 0xf4, 0xe3, 0xff, 0xf4, 0xe3, 0xff, 0xf4, 0xe3, 0xff, 
    0xf4, 0xc3, 0xfe, 0xf4, 0xc3, 0xfb, 0xfd, 0x04, 0xff, 0xfd, 0x24, 0xff, 
    0xf4, 0xe3, 0xe1, 0xf4, 0xe4, 0x7d, 0xf4, 0xe4, 0x1f, 0x00, 0x00, 0x00, 
    0x00, 0x00, 0x00, 0x00, 0x00, 0x00, 0xfb, 0xe0, 0x04, 0xfb, 0xe0, 0x02, 
    0x00, 0x00, 0x00, 0x00, 0x00, 0x00, 0x00, 0x00, 0x00, 0x00, 0x00, 0x00, 
    0x00, 0x00, 0x00, 0x00, 0x00, 0x00, 0x00, 0x00, 0x00, 0x00, 0x00, 0x00, 
    0x00, 0x00, 0x00, 0x00, 0x00, 0x00, 0x00, 0x00, 0x00, 0x00, 0x00, 0x00, 
    0x00, 0x00, 0x00, 0x00, 0x00, 0x00, 0x00, 0x00, 0x00, 0x00, 0x00, 0x00, 
    0x00, 0x00, 0x00, 0x00, 0x00, 0x00, 0x00, 0x00, 0x00, 0x00, 0x00, 0x00, 
    0x00, 0x00, 0x00, 0x00, 0x00, 0x00, 0x00, 0x00, 0x00, 0x00, 0x00, 0x00, 
    0x00, 0x00, 0x00, 0x00, 0x00, 0x00, 0x00, 0x00, 0x00, 0x00, 0x00, 0x00, 
    0x00, 0x00, 0x00, 0x00, 0x00, 0x00, 0x00, 0x00, 0x00, 0x00, 0x00, 0x00, 
    0x00, 0x00, 0x00, 0x00, 0x00, 0x00, 0x00, 0x00, 0x00, 0x00, 0x00, 0x00, 
    0x00, 0x00, 0x00, 0x00, 0x00, 0x00, 0x00, 0x00, 0x00, 0x00, 0x00, 0x00, 
    0x00, 0x00, 0x00, 0x00, 0x00, 0x00, 0x00, 0x00, 0x00, 0x00, 0x00, 0x00, 
    0x00, 0x00, 0x00, 0x00, 0x00, 0x00, 0x00, 0x00, 0x00, 0x00, 0x00, 0x00, 
    0x00, 0x00, 0x00, 0x00, 0x00, 0x00, 0x00, 0x00, 0x00, 0x00, 0x00, 0x00, 
    0x00, 0x00, 0x00, 0x00, 0x00, 0x00, 0x00, 0x00, 0x00, 0x00, 0x00, 0x00, 
    0x00, 0x00, 0x00, 0x00, 0x00, 0x00, 0x00, 0x00, 0x00, 0x00, 0x00, 0x00, 
    0x00, 0x00, 0x00, 0x00, 0x00, 0x00, 0x00, 0x00, 0x00, 0x00, 0x00, 0x00, 
    0x00, 0x00, 0x00, 0x00, 0x00, 0x00, 0x7b, 0xe0, 0x02, 0xff, 0xe0, 0x01, 
    0xf4, 0xc4, 0x17, 0xf4, 0xe3, 0xf0, 0xf4, 0xe3, 0xff, 0xf4, 0xc3, 0xfe, 
    0xf4, 0xe3, 0xff, 0xf4, 0xe3, 0xff, 0xf4, 0xe3, 0xff, 0xf4, 0xe3, 0xff, 
    0xf4, 0xe3, 0xff, 0xf4, 0xe3, 0xff, 0xf4, 0xe3, 0xff, 0xf4, 0xe3, 0xff, 
    0xf4, 0xe3, 0xff, 0xf4, 0xe3, 0xff, 0xf4, 0xe3, 0xff, 0xf4, 0xe3, 0xff, 
    0xf4, 0xe3, 0xff, 0xf4, 0xe3, 0xff, 0xf4, 0xe3, 0xff, 0xf4, 0xe3, 0xff, 
    0xf4, 0xe3, 0xff, 0xf4, 0xe3, 0xff, 0xf4, 0xe3, 0xff, 0xf4, 0xe3, 0xff, 
    0xf4, 0xc3, 0xfc, 0xfd, 0x04, 0xff, 0xfd, 0x04, 0xff, 0xfc, 0xe3, 0xbb, 
    0xf5, 0x04, 0x47, 0x00, 0x00, 0x00, 0x00, 0x00, 0x00, 0x00, 0x00, 0x00, 
    0xfd, 0x40, 0x03, 0xbb, 0xe0, 0x04, 0xad, 0x40, 0x03, 0xfb, 0xe0, 0x02, 
    0xff, 0xe0, 0x01, 0xff, 0xe0, 0x01, 0xfb, 0xe0, 0x02, 0xfd, 0x40, 0x03, 
    0xfb, 0xe0, 0x04, 0xfb, 0xe0, 0x02, 0x00, 0x00, 0x00, 0x00, 0x00, 0x00, 
    0xf4, 0xe3, 0x39, 0xfc, 0xe3, 0xdb, 0xfd, 0x24, 0xff, 0xf4, 0xc3, 0xfc, 
    0xf4, 0xe3, 0xff, 0xf4, 0xe3, 0xff, 0xf4, 0xe3, 0xff, 0xf4, 0xe3, 0xff, 
    0xf4, 0xe3, 0xff, 0xf4, 0xe3, 0xff, 0xf4, 0xe3, 0xff, 0xf4, 0xe3, 0xff, 
    0xf4, 0xe3, 0xff, 0xf4, 0xe3, 0xff, 0xf4, 0xe3, 0xff, 0xf4, 0xe3, 0xff, 
    0xf4, 0xe3, 0xff, 0xf4, 0xe3, 0xff, 0xf4, 0xc3, 0xfe, 0xf4, 0xc3, 0xfc, 
    0xfd, 0x04, 0xff, 0xfd, 0x24, 0xff, 0xf4, 0xe3, 0xf1, 0xf4, 0xe3, 0xa3, 
    0xf4, 0xe4, 0x47, 0xfc, 0x84, 0x07, 0x00, 0x00, 0x00, 0x00, 0x00, 0x00, 
    0xfb, 0xe0, 0x02, 0xad, 0x40, 0x03, 0x00, 0x00, 0x00, 0x00, 0x00, 0x00, 
    0x00, 0x00, 0x00, 0x00, 0x00, 0x00, 0x00, 0x00, 0x00, 0x00, 0x00, 0x00, 
    0x00, 0x00, 0x00, 0x00, 0x00, 0x00, 0x00, 0x00, 0x00, 0x00, 0x00, 0x00, 
    0x00, 0x00, 0x00, 0x00, 0x00, 0x00, 0x00, 0x00, 0x00, 0x00, 0x00, 0x00, 
    0x00, 0x00, 0x00, 0x00, 0x00, 0x00, 0x00, 0x00, 0x00, 0x00, 0x00, 0x00, 
    0x00, 0x00, 0x00, 0x00, 0x00, 0x00, 0x00, 0x00, 0x00, 0x00, 0x00, 0x00, 
    0x00, 0x00, 0x00, 0x00, 0x00, 0x00, 0x00, 0x00, 0x00, 0x00, 0x00, 0x00, 
    0x00, 0x00, 0x00, 0x00, 0x00, 0x00, 0x00, 0x00, 0x00, 0x00, 0x00, 0x00, 
    0x00, 0x00, 0x00, 0x00, 0x00, 0x00, 0x00, 0x00, 0x00, 0x00, 0x00, 0x00, 
    0x00, 0x00, 0x00, 0x00, 0x00, 0x00, 0x00, 0x00, 0x00, 0x00, 0x00, 0x00, 
    0x00, 0x00, 0x00, 0x00, 0x00, 0x00, 0x00, 0x00, 0x00, 0x00, 0x00, 0x00, 
    0x00, 0x00, 0x00, 0x00, 0x00, 0x00, 0x00, 0x00, 0x00, 0x00, 0x00, 0x00, 
    0x00, 0x00, 0x00, 0x00, 0x00, 0x00, 0x00, 0x00, 0x00, 0x00, 0x00, 0x00, 
    0x00, 0x00, 0x00, 0x00, 0x00, 0x00, 0x00, 0x00, 0x00, 0x00, 0x00, 0x00, 
    0x00, 0x00, 0x00, 0x00, 0x00, 0x00, 0x00, 0x00, 0x00, 0x00, 0x00, 0x00, 
    0x00, 0x00, 0x00, 0x00, 0x00, 0x00, 0x00, 0x00, 0x00, 0x00, 0x00, 0x00, 
    0x00, 0x00, 0x00, 0x00, 0x00, 0x00, 0xbb, 0xe0, 0x04, 0x00, 0x00, 0x00, 
    0xf4, 0xe3, 0x7c, 0xfd, 0x24, 0xff, 0xf4, 0xe3, 0xfb, 0xf4, 0xe3, 0xff, 
    0xf4, 0xe3, 0xff, 0xf4, 0xe3, 0xff, 0xf4, 0xe3, 0xff, 0xf4, 0xe3, 0xff, 
    0xf4, 0xe3, 0xff, 0xf4, 0xe3, 0xff, 0xf4, 0xe3, 0xff, 0xf4, 0xe3, 0xff, 
    0xf4, 0xe3, 0xff, 0xf4, 0xe3, 0xff, 0xf4, 0xe3, 0xff, 0xf4, 0xe3, 0xff, 
    0xf4, 0xe3, 0xff, 0xf4, 0xe3, 0xff, 0xf4, 0xe3, 0xff, 0xf4, 0xe3, 0xff, 
    0xf4, 0xe3, 0xff, 0xf4, 0xe3, 0xff, 0xf4, 0xe3, 0xfd, 0xf4, 0xe3, 0xfe, 
    0xfd, 0x24, 0xff, 0xf4, 0xe3, 0xd3, 0xf4, 0xe3, 0x50, 0x00, 0x00, 0x00, 
    0x00, 0x00, 0x00, 0x00, 0x00, 0x00, 0xfd, 0x40, 0x03, 0xff, 0xe0, 0x01, 
    0x00, 0x00, 0x00, 0x00, 0x00, 0x00, 0x00, 0x00, 0x00, 0x00, 0x00, 0x00, 
    0x00, 0x00, 0x00, 0x00, 0x00, 0x00, 0x00, 0x00, 0x00, 0x00, 0x00, 0x00, 
    0x00, 0x00, 0x00, 0x00, 0x00, 0x00, 0xfb, 0xe0, 0x02, 0xfd, 0xe0, 0x04, 
    0x00, 0x00, 0x00, 0xec, 0xc3, 0x19, 0xf5, 0x03, 0xcc, 0xfd, 0x24, 0xff, 
    0xf4, 0xc3, 0xfc, 0xf4, 0xe3, 0xff, 0xf4, 0xe3, 0xff, 0xf4, 0xe3, 0xff, 
    0xf4, 0xe3, 0xff, 0xf4, 0xe3, 0xff, 0xf4, 0xe3, 0xff, 0xf4, 0xe3, 0xff, 
    0xf4, 0xe3, 0xff, 0xf4, 0xe3, 0xff, 0xf4, 0xe3, 0xff, 0xf4, 0xe3, 0xff, 
    0xf4, 0xe3, 0xff, 0xf4, 0xe3, 0xff, 0xf4, 0xe3, 0xff, 0xf4, 0xe3, 0xff, 
    0xf4, 0xe3, 0xfd, 0xf4, 0xe3, 0xfb, 0xf4, 0xe3, 0xff, 0xfd, 0x24, 0xff, 
    0xfd, 0x04, 0xff, 0xf4, 0xe3, 0xda, 0xf4, 0xe3, 0x89, 0xf4, 0xe3, 0x2d, 
    0x00, 0x00, 0x00, 0x00, 0x00, 0x00, 0xfb, 0xe0, 0x02, 0xfb, 0xe0, 0x02, 
    0x00, 0x00, 0x00, 0x00, 0x00, 0x00, 0x00, 0x00, 0x00, 0x00, 0x00, 0x00, 
    0x00, 0x00, 0x00, 0x00, 0x00, 0x00, 0x00, 0x00, 0x00, 0x00, 0x00, 0x00, 
    0x00, 0x00, 0x00, 0x00, 0x00, 0x00, 0x00, 0x00, 0x00, 0x00, 0x00, 0x00, 
    0x00, 0x00, 0x00, 0x00, 0x00, 0x00, 0x00, 0x00, 0x00, 0x00, 0x00, 0x00, 
    0x00, 0x00, 0x00, 0x00, 0x00, 0x00, 0x00, 0x00, 0x00, 0x00, 0x00, 0x00, 
    0x00, 0x00, 0x00, 0x00, 0x00, 0x00, 0x00, 0x00, 0x00, 0x00, 0x00, 0x00, 
    0x00, 0x00, 0x00, 0x00, 0x00, 0x00, 0x00, 0x00, 0x00, 0x00, 0x00, 0x00, 
    0x00, 0x00, 0x00, 0x00, 0x00, 0x00, 0x00, 0x00, 0x00, 0x00, 0x00, 0x00, 
    0x00, 0x00, 0x00, 0x00, 0x00, 0x00, 0x00, 0x00, 0x00, 0x00, 0x00, 0x00, 
    0x00, 0x00, 0x00, 0x00, 0x00, 0x00, 0x00, 0x00, 0x00, 0x00, 0x00, 0x00, 
    0x00, 0x00, 0x00, 0x00, 0x00, 0x00, 0x00, 0x00, 0x00, 0x00, 0x00, 0x00, 
    0x00, 0x00, 0x00, 0x00, 0x00, 0x00, 0x00, 0x00, 0x00, 0x00, 0x00, 0x00, 
    0x00, 0x00, 0x00, 0x00, 0x00, 0x00, 0x00, 0x00, 0x00, 0x00, 0x00, 0x00, 
    0x00, 0x00, 0x00, 0x00, 0x00, 0x00, 0x00, 0x00, 0x00, 0x00, 0x00, 0x00, 
    0x00, 0x00, 0x00, 0x00, 0x00, 0x00, 0x00, 0x00, 0x00, 0x00, 0x00, 0x00, 
    0x00, 0x00, 0x00, 0xff, 0xe0, 0x01, 0xfb, 0xe0, 0x02, 0xfd, 0x23, 0x11, 
    0xf4, 0xe3, 0xe9, 0xf4, 0xe4, 0xfe, 0xf4, 0xc3, 0xfe, 0xf4, 0xe3, 0xff, 
    0xf4, 0xe3, 0xff, 0xf4, 0xe3, 0xff, 0xf4, 0xe3, 0xff, 0xf4, 0xe3, 0xff, 
    0xf4, 0xe3, 0xff, 0xf4, 0xe3, 0xff, 0xf4, 0xe3, 0xff, 0xf4, 0xe3, 0xff, 
    0xf4, 0xe3, 0xff, 0xf4, 0xe3, 0xff, 0xf4, 0xe3, 0xff, 0xf4, 0xe3, 0xff, 
    0xf4, 0xe3, 0xff, 0xf4, 0xe3, 0xff, 0xf4, 0xe3, 0xff, 0xf4, 0xe3, 0xff, 
    0xf4, 0xe3, 0xff, 0xf4, 0xc3, 0xfc, 0xfd, 0x04, 0xff, 0xf4, 0xe4, 0xfe, 
    0xf4, 0xe4, 0x85, 0xe4, 0xc3, 0x0a, 0x00, 0x00, 0x00, 0xfb, 0xe0, 0x02, 
    0xfd, 0x40, 0x03, 0x00, 0x00, 0x00, 0x00, 0x00, 0x00, 0x00, 0x00, 0x00, 
    0x00, 0x00, 0x00, 0x00, 0x00, 0x00, 0x00, 0x00, 0x00, 0x00, 0x00, 0x00, 
    0x00, 0x00, 0x00, 0x00, 0x00, 0x00, 0x00, 0x00, 0x00, 0x00, 0x00, 0x00, 
    0x00, 0x00, 0x00, 0x00, 0x00, 0x00, 0x00, 0x00, 0x00, 0x00, 0x00, 0x00, 
    0xfb, 0xe0, 0x04, 0x00, 0x00, 0x00, 0xe4, 0xa2, 0x16, 0xf4, 0xe3, 0xd9, 
    0xfd, 0x04, 0xff, 0xf4, 0xc3, 0xfd, 0xf4, 0xe3, 0xff, 0xf4, 0xe3, 0xff, 
    0xf4, 0xe3, 0xff, 0xf4, 0xe3, 0xff, 0xf4, 0xe3, 0xff, 0xf4, 0xe3, 0xff, 
    0xf4, 0xe3, 0xff, 0xf4, 0xe3, 0xff, 0xf4, 0xe3, 0xff, 0xf4, 0xe3, 0xff, 
    0xf4, 0xe3, 0xff, 0xf4, 0xe3, 0xff, 0xf4, 0xe3, 0xff, 0xf4, 0xe3, 0xff, 
    0xf4, 0xe3, 0xff, 0xf4, 0xe3, 0xff, 0xf4, 0xc3, 0xfe, 0xf4, 0xc3, 0xfc, 
    0xf4, 0xe3, 0xfd, 0xfd, 0x04, 0xff, 0xfd, 0x24, 0xff, 0xf4, 0xe3, 0xfa, 
    0xf5, 0x03, 0xad, 0xf4, 0xc3, 0x40, 0x00, 0x00, 0x00, 0x00, 0x00, 0x00, 
    0xfd, 0x40, 0x03, 0x00, 0x00, 0x00, 0x00, 0x00, 0x00, 0x00, 0x00, 0x00, 
    0x00, 0x00, 0x00, 0x00, 0x00, 0x00, 0x00, 0x00, 0x00, 0x00, 0x00, 0x00, 
    0x00, 0x00, 0x00, 0x00, 0x00, 0x00, 0x00, 0x00, 0x00, 0x00, 0x00, 0x00, 
    0x00, 0x00, 0x00, 0x00, 0x00, 0x00, 0x00, 0x00, 0x00, 0x00, 0x00, 0x00, 
    0x00, 0x00, 0x00, 0x00, 0x00, 0x00, 0x00, 0x00, 0x00, 0x00, 0x00, 0x00, 
    0x00, 0x00, 0x00, 0x00, 0x00, 0x00, 0x00, 0x00, 0x00, 0x00, 0x00, 0x00, 
    0x00, 0x00, 0x00, 0x00, 0x00, 0x00, 0x00, 0x00, 0x00, 0x00, 0x00, 0x00, 
    0x00, 0x00, 0x00, 0x00, 0x00, 0x00, 0x00, 0x00, 0x00, 0x00, 0x00, 0x00, 
    0x00, 0x00, 0x00, 0x00, 0x00, 0x00, 0x00, 0x00, 0x00, 0x00, 0x00, 0x00, 
    0x00, 0x00, 0x00, 0x00, 0x00, 0x00, 0x00, 0x00, 0x00, 0x00, 0x00, 0x00, 
    0x00, 0x00, 0x00, 0x00, 0x00, 0x00, 0x00, 0x00, 0x00, 0x00, 0x00, 0x00, 
    0x00, 0x00, 0x00, 0x00, 0x00, 0x00, 0x00, 0x00, 0x00, 0x00, 0x00, 0x00, 
    0x00, 0x00, 0x00, 0x00, 0x00, 0x00, 0x00, 0x00, 0x00, 0x00, 0x00, 0x00, 
    0x00, 0x00, 0x00, 0x00, 0x00, 0x00, 0x00, 0x00, 0x00, 0x00, 0x00, 0x00, 
    0x00, 0x00, 0x00, 0x00, 0x00, 0x00, 0x00, 0x00, 0x00, 0x00, 0x00, 0x00, 
    0x00, 0x00, 0x00, 0xfb, 0xe0, 0x04, 0x00, 0x00, 0x00, 0xf4, 0xc3, 0x8a, 
    0xfd, 0x24, 0xff, 0xf4, 0xc3, 0xfb, 0xf4, 0xe3, 0xff, 0xf4, 0xe3, 0xff, 
    0xf4, 0xe3, 0xff, 0xf4, 0xe3, 0xff, 0xf4, 0xe3, 0xff, 0xf4, 0xe3, 0xff, 
    0xf4, 0xe3, 0xff, 0xf4, 0xe3, 0xff, 0xf4, 0xe3, 0xff, 0xf4, 0xe3, 0xff, 
    0xf4, 0xe3, 0xff, 0xf4, 0xe3, 0xff, 0xf4, 0xe3, 0xff, 0xf4, 0xe3, 0xff, 
    0xf4, 0xe3, 0xff, 0xf4, 0xe3, 0xff, 0xf4, 0xe3, 0xff, 0xf4, 0xe3, 0xff, 
    0xf4, 0xc3, 0xfb, 0xfd, 0x24, 0xff, 0xfd, 0x04, 0xdf, 0xec, 0xc3, 0x42, 
    0x00, 0x00, 0x00, 0x00, 0x00, 0x00, 0xfd, 0x40, 0x03, 0x00, 0x00, 0x00, 
    0x00, 0x00, 0x00, 0x00, 0x00, 0x00, 0x00, 0x00, 0x00, 0x00, 0x00, 0x00, 
    0x00, 0x00, 0x00, 0x00, 0x00, 0x00, 0x00, 0x00, 0x00, 0x00, 0x00, 0x00, 
    0x00, 0x00, 0x00, 0x00, 0x00, 0x00, 0x00, 0x00, 0x00, 0x00, 0x00, 0x00, 
    0x00, 0x00, 0x00, 0x00, 0x00, 0x00, 0x00, 0x00, 0x00, 0x00, 0x00, 0x00, 
    0x00, 0x00, 0x00, 0xbb, 0xe0, 0x04, 0x00, 0x00, 0x00, 0xec, 0xe3, 0x2c, 
    0xf4, 0xe3, 0xf4, 0xf4, 0xe3, 0xfc, 0xf4, 0xc3, 0xfe, 0xf4, 0xe3, 0xff, 
    0xf4, 0xe3, 0xff, 0xf4, 0xe3, 0xff, 0xf4, 0xe3, 0xff, 0xf4, 0xe3, 0xff, 
    0xf4, 0xe3, 0xff, 0xf4, 0xe3, 0xff, 0xf4, 0xe3, 0xff, 0xf4, 0xe3, 0xff, 
    0xf4, 0xe3, 0xff, 0xf4, 0xe3, 0xff, 0xf4, 0xe3, 0xff, 0xf4, 0xe3, 0xff, 
    0xf4, 0xe3, 0xff, 0xf4, 0xe3, 0xff, 0xf4, 0xe3, 0xff, 0xf4, 0xe3, 0xff, 
    0xf4, 0xe3, 0xff, 0xf4, 0xe3, 0xfd, 0xf4, 0xc3, 0xfb, 0xf4, 0xe3, 0xff, 
    0xfd, 0x24, 0xff, 0xfd, 0x04, 0xff, 0xf4, 0xe3, 0xab, 0xec, 0xc3, 0x26, 
    0x00, 0x00, 0x00, 0xfd, 0x40, 0x03, 0x00, 0x00, 0x00, 0x00, 0x00, 0x00, 
    0x00, 0x00, 0x00, 0x00, 0x00, 0x00, 0x00, 0x00, 0x00, 0x00, 0x00, 0x00, 
    0x00, 0x00, 0x00, 0x00, 0x00, 0x00, 0x00, 0x00, 0x00, 0x00, 0x00, 0x00, 
    0x00, 0x00, 0x00, 0x00, 0x00, 0x00, 0x00, 0x00, 0x00, 0x00, 0x00, 0x00, 
    0x00, 0x00, 0x00, 0x00, 0x00, 0x00, 0x00, 0x00, 0x00, 0x00, 0x00, 0x00, 
    0x00, 0x00, 0x00, 0x00, 0x00, 0x00, 0x00, 0x00, 0x00, 0x00, 0x00, 0x00, 
    0x00, 0x00, 0x00, 0x00, 0x00, 0x00, 0x00, 0x00, 0x00, 0x00, 0x00, 0x00, 
    0x00, 0x00, 0x00, 0x00, 0x00, 0x00, 0x00, 0x00, 0x00, 0x00, 0x00, 0x00, 
    0x00, 0x00, 0x00, 0x00, 0x00, 0x00, 0x00, 0x00, 0x00, 0x00, 0x00, 0x00, 
    0x00, 0x00, 0x00, 0x00, 0x00, 0x00, 0x00, 0x00, 0x00, 0x00, 0x00, 0x00, 
    0x00, 0x00, 0x00, 0x00, 0x00, 0x00, 0x00, 0x00, 0x00, 0x00, 0x00, 0x00, 
    0x00, 0x00, 0x00, 0x00, 0x00, 0x00, 0x00, 0x00, 0x00, 0x00, 0x00, 0x00, 
    0x00, 0x00, 0x00, 0x00, 0x00, 0x00, 0x00, 0x00, 0x00, 0x00, 0x00, 0x00, 
    0x00, 0x00, 0x00, 0x00, 0x00, 0x00, 0x00, 0x00, 0x00, 0x00, 0x00, 0x00, 
    0x00, 0x00, 0x00, 0x00, 0x00, 0x00, 0x00, 0x00, 0x00, 0x00, 0x00, 0x00, 
    0xfd, 0x40, 0x03, 0x00, 0x00, 0x00, 0xec, 0xc3, 0x2d, 0xf5, 0x03, 0xf8, 
    0xf4, 0xe3, 0xfd, 0xf4, 0xe3, 0xfe, 0xf4, 0xe3, 0xff, 0xf4, 0xe3, 0xff, 
    0xf4, 0xe3, 0xff, 0xf4, 0xe3, 0xff, 0xf4, 0xe3, 0xff, 0xf4, 0xe3, 0xff, 
    0xf4, 0xe3, 0xff, 0xf4, 0xe3, 0xff, 0xf4, 0xe3, 0xff, 0xf4, 0xe3, 0xff, 
    0xf4, 0xe3, 0xff, 0xf4, 0xe3, 0xff, 0xf4, 0xe3, 0xff, 0xf4, 0xe3, 0xff, 
    0xf4, 0xe3, 0xff, 0xf4, 0xe3, 0xff, 0xf4, 0xe3, 0xff, 0xf4, 0xc3, 0xfb, 
    0xfd, 0x24, 0xff, 0xf4, 0xe3, 0xc0, 0xe4, 0x83, 0x1a, 0x00, 0x00, 0x00, 
    0xfd, 0xe0, 0x04, 0xf8, 0x00, 0x01, 0x00, 0x00, 0x00, 0x00, 0x00, 0x00, 
    0x00, 0x00, 0x00, 0x00, 0x00, 0x00, 0x00, 0x00, 0x00, 0x00, 0x00, 0x00, 
    0x00, 0x00, 0x00, 0x00, 0x00, 0x00, 0x00, 0x00, 0x00, 0x00, 0x00, 0x00, 
    0x00, 0x00, 0x00, 0x00, 0x00, 0x00, 0x00, 0x00, 0x00, 0x00, 0x00, 0x00, 
    0x00, 0x00, 0x00, 0x00, 0x00, 0x00, 0x00, 0x00, 0x00, 0x00, 0x00, 0x00, 
    0x00, 0x00, 0x00, 0x00, 0x00, 0x00, 0xfd, 0xe0, 0x04, 0x00, 0x00, 0x00, 
    0xec, 0xc3, 0x70, 0xfd, 0x24, 0xff, 0xf4, 0xc3, 0xfc, 0xf4, 0xe3, 0xff, 
    0xf4, 0xe3, 0xff, 0xf4, 0xe3, 0xff, 0xf4, 0xe3, 0xff, 0xf4, 0xe3, 0xff, 
    0xf4, 0xe3, 0xff, 0xf4, 0xe3, 0xff, 0xf4, 0xe3, 0xff, 0xf4, 0xe3, 0xff, 
    0xf4, 0xe3, 0xff, 0xf4, 0xe3, 0xff, 0xf4, 0xe3, 0xff, 0xf4, 0xe3, 0xff, 
    0xf4, 0xe3, 0xff, 0xf4, 0xe3, 0xff, 0xf4, 0xe3, 0xff, 0xf4, 0xe3, 0xff, 
    0xf4, 0xe3, 0xff, 0xf4, 0xe3, 0xff, 0xf4, 0xe3, 0xff, 0xf4, 0xe3, 0xfe, 
    0xf4, 0xc3, 0xfc, 0xf4, 0xc3, 0xfe, 0xfd, 0x24, 0xff, 0xfd, 0x03, 0xf1, 
    0xf4, 0xe3, 0x60, 0x00, 0x00, 0x00, 0xfd, 0x40, 0x03, 0x00, 0x00, 0x00, 
    0x00, 0x00, 0x00, 0x00, 0x00, 0x00, 0x00, 0x00, 0x00, 0x00, 0x00, 0x00, 
    0x00, 0x00, 0x00, 0x00, 0x00, 0x00, 0x00, 0x00, 0x00, 0x00, 0x00, 0x00, 
    0x00, 0x00, 0x00, 0x00, 0x00, 0x00, 0x00, 0x00, 0x00, 0x00, 0x00, 0x00, 
    0x00, 0x00, 0x00, 0x00, 0x00, 0x00, 0x00, 0x00, 0x00, 0x00, 0x00, 0x00, 
    0x00, 0x00, 0x00, 0x00, 0x00, 0x00, 0x00, 0x00, 0x00, 0x00, 0x00, 0x00, 
    0x00, 0x00, 0x00, 0x00, 0x00, 0x00, 0x00, 0x00, 0x00, 0x00, 0x00, 0x00, 
    0x00, 0x00, 0x00, 0x00, 0x00, 0x00, 0x00, 0x00, 0x00, 0x00, 0x00, 0x00, 
    0x00, 0x00, 0x00, 0x00, 0x00, 0x00, 0x00, 0x00, 0x00, 0x00, 0x00, 0x00, 
    0x00, 0x00, 0x00, 0x00, 0x00, 0x00, 0x00, 0x00, 0x00, 0x00, 0x00, 0x00, 
    0x00, 0x00, 0x00, 0x00, 0x00, 0x00, 0x00, 0x00, 0x00, 0x00, 0x00, 0x00, 
    0x00, 0x00, 0x00, 0x00, 0x00, 0x00, 0x00, 0x00, 0x00, 0x00, 0x00, 0x00, 
    0x00, 0x00, 0x00, 0x00, 0x00, 0x00, 0x00, 0x00, 0x00, 0x00, 0x00, 0x00, 
    0x00, 0x00, 0x00, 0x00, 0x00, 0x00, 0x00, 0x00, 0x00, 0x00, 0x00, 0x00, 
    0x00, 0x00, 0x00, 0x00, 0x00, 0x00, 0x00, 0x00, 0x00, 0xff, 0xe0, 0x01, 
    0xfd, 0x40, 0x03, 0xfd, 0x4a, 0x03, 0xf4, 0xe4, 0xc7, 0xfd, 0x04, 0xff, 
    0xf4, 0xc3, 0xfd, 0xf4, 0xe3, 0xff, 0xf4, 0xe3, 0xff, 0xf4, 0xe3, 0xff, 
    0xf4, 0xe3, 0xff, 0xf4, 0xe3, 0xff, 0xf4, 0xe3, 0xff, 0xf4, 0xe3, 0xff, 
    0xf4, 0xe3, 0xff, 0xf4, 0xe3, 0xff, 0xf4, 0xe3, 0xff, 0xf4, 0xe3, 0xff, 
    0xf4, 0xe3, 0xff, 0xf4, 0xe3, 0xff, 0xf4, 0xe3, 0xff, 0xf4, 0xe3, 0xff, 
    0xf4, 0xe3, 0xff, 0xf4, 0xe3, 0xff, 0xf4, 0xc3, 0xfb, 0xfd, 0x24, 0xff, 
    0xf4, 0xe3, 0xaa, 0xdc, 0x84, 0x07, 0x00, 0x00, 0x00, 0xfd, 0x40, 0x03, 
    0x00, 0x00, 0x00, 0x00, 0x00, 0x00, 0x00, 0x00, 0x00, 0x00, 0x00, 0x00, 
    0x00, 0x00, 0x00, 0x00, 0x00, 0x00, 0x00, 0x00, 0x00, 0x00, 0x00, 0x00, 
    0x00, 0x00, 0x00, 0x00, 0x00, 0x00, 0x00, 0x00, 0x00, 0x00, 0x00, 0x00, 
    0x00, 0x00, 0x00, 0x00, 0x00, 0x00, 0x00, 0x00, 0x00, 0x00, 0x00, 0x00, 
    0x00, 0x00, 0x00, 0x00, 0x00, 0x00, 0x00, 0x00, 0x00, 0x00, 0x00, 0x00, 
    0x00, 0x00, 0x00, 0x00, 0x00, 0x00, 0xf8, 0x00, 0x01, 0xfd, 0x40, 0x03, 
    0xfb, 0xe0, 0x04, 0xf4, 0xc3, 0xd2, 0xfd, 0x04, 0xff, 0xf4, 0xc3, 0xfd, 
    0xf4, 0xe3, 0xff, 0xf4, 0xe3, 0xff, 0xf4, 0xe3, 0xff, 0xf4, 0xe3, 0xff, 
    0xf4, 0xe3, 0xff, 0xf4, 0xe3, 0xff, 0xf4, 0xe3, 0xff, 0xf4, 0xe3, 0xff, 
    0xf4, 0xe3, 0xff, 0xf4, 0xe3, 0xff, 0xf4, 0xe3, 0xff, 0xf4, 0xe3, 0xff, 
    0xf4, 0xe3, 0xff, 0xf4, 0xe3, 0xff, 0xf4, 0xe3, 0xff, 0xf4, 0xe3, 0xff, 
    0xf4, 0xe3, 0xff, 0xf4, 0xe3, 0xff, 0xf4, 0xe3, 0xff, 0xf4, 0xe3, 0xff, 
    0xf4, 0xe3, 0xff, 0xf4, 0xe3, 0xff, 0xf4, 0xc3, 0xfb, 0xf4, 0xe4, 0xff, 
    0xfd, 0x24, 0xff, 0xf4, 0xc3, 0x79, 0x00, 0x00, 0x00, 0xfd, 0x40, 0x03, 
    0x00, 0x00, 0x00, 0x00, 0x00, 0x00, 0x00, 0x00, 0x00, 0x00, 0x00, 0x00, 
    0x00, 0x00, 0x00, 0x00, 0x00, 0x00, 0x00, 0x00, 0x00, 0x00, 0x00, 0x00, 
    0x00, 0x00, 0x00, 0x00, 0x00, 0x00, 0x00, 0x00, 0x00, 0x00, 0x00, 0x00, 
    0x00, 0x00, 0x00, 0x00, 0x00, 0x00, 0x00, 0x00, 0x00, 0x00, 0x00, 0x00, 
    0x00, 0x00, 0x00, 0x00, 0x00, 0x00, 0x00, 0x00, 0x00, 0x00, 0x00, 0x00, 
    0x00, 0x00, 0x00, 0x00, 0x00, 0x00, 0x00, 0x00, 0x00, 0x00, 0x00, 0x00, 
    0x00, 0x00, 0x00, 0x00, 0x00, 0x00, 0x00, 0x00, 0x00, 0x00, 0x00, 0x00, 
    0x00, 0x00, 0x00, 0x00, 0x00, 0x00, 0x00, 0x00, 0x00, 0x00, 0x00, 0x00, 
    0x00, 0x00, 0x00, 0x00, 0x00, 0x00, 0x00, 0x00, 0x00, 0x00, 0x00, 0x00, 
    0x00, 0x00, 0x00, 0x00, 0x00, 0x00, 0x00, 0x00, 0x00, 0x00, 0x00, 0x00, 
    0x00, 0x00, 0x00, 0x00, 0x00, 0x00, 0x00, 0x00, 0x00, 0x00, 0x00, 0x00, 
    0x00, 0x00, 0x00, 0x00, 0x00, 0x00, 0x00, 0x00, 0x00, 0x00, 0x00, 0x00, 
    0x00, 0x00, 0x00, 0x00, 0x00, 0x00, 0x00, 0x00, 0x00, 0x00, 0x00, 0x00, 
    0x00, 0x00, 0x00, 0x00, 0x00, 0x00, 0x00, 0x00, 0x00, 0xfd, 0xe0, 0x04, 
    0x00, 0x00, 0x00, 0xec, 0xc3, 0x87, 0xfd, 0x24, 0xff, 0xf4, 0xc3, 0xfc, 
    0xf4, 0xe3, 0xff, 0xf4, 0xe3, 0xff, 0xf4, 0xe3, 0xff, 0xf4, 0xe3, 0xff, 
    0xf4, 0xe3, 0xff, 0xf4, 0xe3, 0xff, 0xf4, 0xe3, 0xff, 0xf4, 0xe3, 0xff, 
    0xf4, 0xe3, 0xff, 0xf4, 0xe3, 0xff, 0xf4, 0xe3, 0xff, 0xf4, 0xe3, 0xff, 
    0xf4, 0xe3, 0xff, 0xf4, 0xe3, 0xff, 0xf4, 0xe3, 0xff, 0xf4, 0xe3, 0xff, 
    0xf4, 0xe3, 0xff, 0xf4, 0xc3, 0xfb, 0xfd, 0x24, 0xff, 0xf4, 0xe3, 0xa7, 
    0x00, 0x00, 0x00, 0x00, 0x00, 0x00, 0xfb, 0xe0, 0x02, 0x00, 0x00, 0x00, 
    0x00, 0x00, 0x00, 0x00, 0x00, 0x00, 0x00, 0x00, 0x00, 0x00, 0x00, 0x00, 
    0x00, 0x00, 0x00, 0x00, 0x00, 0x00, 0x00, 0x00, 0x00, 0x00, 0x00, 0x00, 
    0x00, 0x00, 0x00, 0x00, 0x00, 0x00, 0x00, 0x00, 0x00, 0x00, 0x00, 0x00, 
    0x00, 0x00, 0x00, 0x00, 0x00, 0x00, 0x00, 0x00, 0x00, 0x00, 0x00, 0x00, 
    0x00, 0x00, 0x00, 0x00, 0x00, 0x00, 0x00, 0x00, 0x00, 0x00, 0x00, 0x00, 
    0x00, 0x00, 0x00, 0x00, 0x00, 0x00, 0x00, 0x00, 0x00, 0xfd, 0x40, 0x03, 
    0x00, 0x00, 0x00, 0xf4, 0xe3, 0x49, 0xfd, 0x04, 0xff, 0xf4, 0xc3, 0xfd, 
    0xf4, 0xe3, 0xff, 0xf4, 0xe3, 0xff, 0xf4, 0xe3, 0xff, 0xf4, 0xe3, 0xff, 
    0xf4, 0xe3, 0xff, 0xf4, 0xe3, 0xff, 0xf4, 0xe3, 0xff, 0xf4, 0xe3, 0xff, 
    0xf4, 0xe3, 0xff, 0xf4, 0xe3, 0xff, 0xf4, 0xe3, 0xff, 0xf4, 0xe3, 0xff, 
    0xf4, 0xe3, 0xff, 0xf4, 0xe3, 0xff, 0xf4, 0xe3, 0xff, 0xf4, 0xe3, 0xff, 
    0xf4, 0xe3, 0xff, 0xf4, 0xe3, 0xff, 0xf4, 0xe3, 0xff, 0xf4, 0xe3, 0xff, 
    0xf4, 0xe3, 0xff, 0xf4, 0xe3, 0xff, 0xf4, 0xe3, 0xff, 0xf4, 0xe3, 0xfd, 
    0xf4, 0xe3, 0xfb, 0xfd, 0x24, 0xff, 0xec, 0xc3, 0x5b, 0x00, 0x00, 0x00, 
    0xfd, 0x40, 0x03, 0x00, 0x00, 0x00, 0x00, 0x00, 0x00, 0x00, 0x00, 0x00, 
    0x00, 0x00, 0x00, 0x00, 0x00, 0x00, 0x00, 0x00, 0x00, 0x00, 0x00, 0x00, 
    0x00, 0x00, 0x00, 0x00, 0x00, 0x00, 0x00, 0x00, 0x00, 0x00, 0x00, 0x00, 
    0x00, 0x00, 0x00, 0x00, 0x00, 0x00, 0x00, 0x00, 0x00, 0x00, 0x00, 0x00, 
    0x00, 0x00, 0x00, 0x00, 0x00, 0x00, 0x00, 0x00, 0x00, 0x00, 0x00, 0x00, 
    0x00, 0x00, 0x00, 0x00, 0x00, 0x00, 0x00, 0x00, 0x00, 0x00, 0x00, 0x00, 
    0x00, 0x00, 0x00, 0x00, 0x00, 0x00, 0x00, 0x00, 0x00, 0x00, 0x00, 0x00, 
    0x00, 0x00, 0x00, 0x00, 0x00, 0x00, 0x00, 0x00, 0x00, 0x00, 0x00, 0x00, 
    0x00, 0x00, 0x00, 0x00, 0x00, 0x00, 0x00, 0x00, 0x00, 0x00, 0x00, 0x00, 
    0x00, 0x00, 0x00, 0x00, 0x00, 0x00, 0x00, 0x00, 0x00, 0x00, 0x00, 0x00, 
    0x00, 0x00, 0x00, 0x00, 0x00, 0x00, 0x00, 0x00, 0x00, 0x00, 0x00, 0x00, 
    0x00, 0x00, 0x00, 0x00, 0x00, 0x00, 0x00, 0x00, 0x00, 0x00, 0x00, 0x00, 
    0x00, 0x00, 0x00, 0x00, 0x00, 0x00, 0x00, 0x00, 0x00, 0x00, 0x00, 0x00, 
    0x00, 0x00, 0x00, 0x00, 0x00, 0x00, 0xfd, 0xe0, 0x04, 0x00, 0x00, 0x00, 
    0xec, 0xc3, 0x58, 0xfd, 0x04, 0xff, 0xf4, 0xe3, 0xfb, 0xf4, 0xe3, 0xff, 
    0xf4, 0xe3, 0xff, 0xf4, 0xe3, 0xff, 0xf4, 0xe3, 0xff, 0xf4, 0xe3, 0xff, 
    0xf4, 0xe3, 0xff, 0xf4, 0xe3, 0xff, 0xf4, 0xe3, 0xff, 0xf4, 0xe3, 0xff, 
    0xf4, 0xe3, 0xff, 0xf4, 0xe3, 0xff, 0xf4, 0xe3, 0xff, 0xf4, 0xe3, 0xff, 
    0xf4, 0xe3, 0xff, 0xf4, 0xe3, 0xff, 0xf4, 0xe3, 0xff, 0xf4, 0xe3, 0xff, 
    0xf4, 0xc3, 0xfb, 0xfd, 0x24, 0xff, 0xf4, 0xe3, 0xb4, 0xff, 0xe0, 0x02, 
    0xfb, 0xe0, 0x02, 0xfb, 0xe0, 0x02, 0x00, 0x00, 0x00, 0x00, 0x00, 0x00, 
    0x00, 0x00, 0x00, 0x00, 0x00, 0x00, 0x00, 0x00, 0x00, 0x00, 0x00, 0x00, 
    0x00, 0x00, 0x00, 0x00, 0x00, 0x00, 0x00, 0x00, 0x00, 0x00, 0x00, 0x00, 
    0x00, 0x00, 0x00, 0x00, 0x00, 0x00, 0x00, 0x00, 0x00, 0x00, 0x00, 0x00, 
    0x00, 0x00, 0x00, 0x00, 0x00, 0x00, 0x00, 0x00, 0x00, 0x00, 0x00, 0x00, 
    0x00, 0x00, 0x00, 0x00, 0x00, 0x00, 0x00, 0x00, 0x00, 0x00, 0x00, 0x00, 
    0x00, 0x00, 0x00, 0x00, 0x00, 0x00, 0x00, 0x00, 0x00, 0x00, 0x00, 0x00, 
    0xad, 0x40, 0x03, 0x00, 0x00, 0x00, 0xf4, 0xc3, 0xbc, 0xfd, 0x24, 0xff, 
    0xf4, 0xc3, 0xfc, 0xf4, 0xe3, 0xff, 0xf4, 0xe3, 0xff, 0xf4, 0xe3, 0xff, 
    0xf4, 0xe3, 0xff, 0xf4, 0xe3, 0xff, 0xf4, 0xe3, 0xff, 0xf4, 0xe3, 0xff, 
    0xf4, 0xe3, 0xff, 0xf4, 0xe3, 0xff, 0xf4, 0xe3, 0xff, 0xf4, 0xe3, 0xff, 
    0xf4, 0xe3, 0xff, 0xf4, 0xe3, 0xff, 0xf4, 0xe3, 0xff, 0xf4, 0xe3, 0xff, 
    0xf4, 0xe3, 0xff, 0xf4, 0xe3, 0xff, 0xf4, 0xe3, 0xff, 0xf4, 0xe3, 0xff, 
    0xf4, 0xe3, 0xff, 0xf4, 0xe3, 0xff, 0xf4, 0xe3, 0xff, 0xf4, 0xe3, 0xff, 
    0xf4, 0xe3, 0xfd, 0xfd, 0x04, 0xfd, 0xf4, 0xe3, 0xec, 0xf4, 0xe4, 0x15, 
    0xf8, 0x00, 0x01, 0xff, 0xe0, 0x01, 0x00, 0x00, 0x00, 0x00, 0x00, 0x00, 
    0x00, 0x00, 0x00, 0x00, 0x00, 0x00, 0x00, 0x00, 0x00, 0x00, 0x00, 0x00, 
    0x00, 0x00, 0x00, 0x00, 0x00, 0x00, 0x00, 0x00, 0x00, 0x00, 0x00, 0x00, 
    0x00, 0x00, 0x00, 0x00, 0x00, 0x00, 0x00, 0x00, 0x00, 0x00, 0x00, 0x00, 
    0x00, 0x00, 0x00, 0x00, 0x00, 0x00, 0x00, 0x00, 0x00, 0x00, 0x00, 0x00, 
    0x00, 0x00, 0x00, 0x00, 0x00, 0x00, 0x00, 0x00, 0x00, 0x00, 0x00, 0x00, 
    0x00, 0x00, 0x00, 0x00, 0x00, 0x00, 0x00, 0x00, 0x00, 0x00, 0x00, 0x00, 
    0x00, 0x00, 0x00, 0x00, 0x00, 0x00, 0x00, 0x00, 0x00, 0x00, 0x00, 0x00, 
    0x00, 0x00, 0x00, 0x00, 0x00, 0x00, 0x00, 0x00, 0x00, 0x00, 0x00, 0x00, 
    0x00, 0x00, 0x00, 0x00, 0x00, 0x00, 0x00, 0x00, 0x00, 0x00, 0x00, 0x00, 
    0x00, 0x00, 0x00, 0x00, 0x00, 0x00, 0x00, 0x00, 0x00, 0x00, 0x00, 0x00, 
    0x00, 0x00, 0x00, 0x00, 0x00, 0x00, 0x00, 0x00, 0x00, 0x00, 0x00, 0x00, 
    0x00, 0x00, 0x00, 0x00, 0x00, 0x00, 0x00, 0x00, 0x00, 0x00, 0x00, 0x00, 
    0x00, 0x00, 0x00, 0xfb, 0xe0, 0x04, 0x00, 0x00, 0x00, 0xec, 0xa3, 0x40, 
    0xfd, 0x04, 0xf7, 0xf4, 0xe4, 0xfd, 0xf4, 0xc3, 0xfe, 0xf4, 0xe3, 0xff, 
    0xf4, 0xe3, 0xff, 0xf4, 0xe3, 0xff, 0xf4, 0xe3, 0xff, 0xf4, 0xe3, 0xff, 
    0xf4, 0xe3, 0xff, 0xf4, 0xe3, 0xff, 0xf4, 0xe3, 0xff, 0xf4, 0xe3, 0xff, 
    0xf4, 0xe3, 0xff, 0xf4, 0xe3, 0xff, 0xf4, 0xe3, 0xff, 0xf4, 0xe3, 0xff, 
    0xf4, 0xe3, 0xff, 0xf4, 0xe3, 0xff, 0xf4, 0xe3, 0xff, 0xf4, 0xc3, 0xfc, 
    0xfd, 0x04, 0xff, 0xf4, 0xe3, 0xd0, 0xec, 0xa2, 0x0c, 0xf8, 0x00, 0x01, 
    0xfb, 0xe0, 0x02, 0x00, 0x00, 0x00, 0x00, 0x00, 0x00, 0x00, 0x00, 0x00, 
    0x00, 0x00, 0x00, 0x00, 0x00, 0x00, 0x00, 0x00, 0x00, 0x00, 0x00, 0x00, 
    0x00, 0x00, 0x00, 0x00, 0x00, 0x00, 0x00, 0x00, 0x00, 0x00, 0x00, 0x00, 
    0x00, 0x00, 0x00, 0xff, 0xff, 0x01, 0xfb, 0xef, 0x02, 0xff, 0xe0, 0x01, 
    0x00, 0x00, 0x00, 0x00, 0x00, 0x00, 0x00, 0x00, 0x00, 0x00, 0x00, 0x00, 
    0x00, 0x00, 0x00, 0x00, 0x00, 0x00, 0x00, 0x00, 0x00, 0x00, 0x00, 0x00, 
    0x00, 0x00, 0x00, 0x00, 0x00, 0x00, 0x00, 0x00, 0x00, 0x00, 0x00, 0x00, 
    0xfd, 0x40, 0x03, 0x00, 0x00, 0x00, 0xf4, 0xe3, 0x3b, 0xfd, 0x04, 0xfe, 
    0xf4, 0xe3, 0xfd, 0xf4, 0xe3, 0xff, 0xf4, 0xe3, 0xff, 0xf4, 0xe3, 0xff, 
    0xf4, 0xe3, 0xff, 0xf4, 0xe3, 0xff, 0xf4, 0xe3, 0xff, 0xf4, 0xe3, 0xff, 
    0xf4, 0xe3, 0xff, 0xf4, 0xe3, 0xff, 0xf4, 0xe3, 0xff, 0xf4, 0xe3, 0xff, 
    0xf4, 0xe3, 0xff, 0xf4, 0xe3, 0xff, 0xf4, 0xe3, 0xff, 0xf4, 0xe3, 0xff, 
    0xf4, 0xe3, 0xff, 0xf4, 0xe3, 0xff, 0xf4, 0xe3, 0xff, 0xf4, 0xe3, 0xff, 
    0xf4, 0xe3, 0xff, 0xf4, 0xe3, 0xff, 0xf4, 0xe3, 0xff, 0xf4, 0xe3, 0xff, 
    0xf4, 0xe3, 0xff, 0xf4, 0xc3, 0xfb, 0xfd, 0x24, 0xff, 0xf4, 0xe3, 0x72, 
    0x00, 0x00, 0x00, 0xfb, 0xe0, 0x04, 0x00, 0x00, 0x00, 0x00, 0x00, 0x00, 
    0x00, 0x00, 0x00, 0x00, 0x00, 0x00, 0x00, 0x00, 0x00, 0x00, 0x00, 0x00, 
    0x00, 0x00, 0x00, 0x00, 0x00, 0x00, 0x00, 0x00, 0x00, 0x00, 0x00, 0x00, 
    0x00, 0x00, 0x00, 0x00, 0x00, 0x00, 0x00, 0x00, 0x00, 0x00, 0x00, 0x00, 
    0x00, 0x00, 0x00, 0x00, 0x00, 0x00, 0x00, 0x00, 0x00, 0x00, 0x00, 0x00, 
    0x00, 0x00, 0x00, 0x00, 0x00, 0x00, 0x00, 0x00, 0x00, 0x00, 0x00, 0x00, 
    0x00, 0x00, 0x00, 0x00, 0x00, 0x00, 0x00, 0x00, 0x00, 0x00, 0x00, 0x00, 
    0x00, 0x00, 0x00, 0x00, 0x00, 0x00, 0x00, 0x00, 0x00, 0x00, 0x00, 0x00, 
    0x00, 0x00, 0x00, 0x00, 0x00, 0x00, 0x00, 0x00, 0x00, 0x00, 0x00, 0x00, 
    0x00, 0x00, 0x00, 0x00, 0x00, 0x00, 0x00, 0x00, 0x00, 0x00, 0x00, 0x00, 
    0x00, 0x00, 0x00, 0x00, 0x00, 0x00, 0x00, 0x00, 0x00, 0x00, 0x00, 0x00, 
    0x00, 0x00, 0x00, 0x00, 0x00, 0x00, 0x00, 0x00, 0x00, 0x00, 0x00, 0x00, 
    0x00, 0x00, 0x00, 0x00, 0x00, 0x00, 0x00, 0x00, 0x00, 0x00, 0x00, 0x00, 
    0xfd, 0x40, 0x03, 0x00, 0x00, 0x00, 0xec, 0xc3, 0x3a, 0xfd, 0x03, 0xf0, 
    0xf4, 0xe4, 0xff, 0xf4, 0xc3, 0xfd, 0xf4, 0xe3, 0xff, 0xf4, 0xe3, 0xff, 
    0xf4, 0xe3, 0xff, 0xf4, 0xe3, 0xff, 0xf4, 0xe3, 0xff, 0xf4, 0xe3, 0xff, 
    0xf4, 0xe3, 0xff, 0xf4, 0xe3, 0xff, 0xf4, 0xe3, 0xff, 0xf4, 0xe3, 0xff, 
    0xf4, 0xe3, 0xff, 0xf4, 0xe3, 0xff, 0xf4, 0xe3, 0xff, 0xf4, 0xe3, 0xff, 
    0xf4, 0xe3, 0xff, 0xf4, 0xe3, 0xff, 0xf4, 0xc3, 0xfe, 0xf4, 0xe4, 0xfe, 
    0xf4, 0xe3, 0xed, 0xf4, 0xc3, 0x23, 0x00, 0x00, 0x00, 0xad, 0x40, 0x03, 
    0x00, 0x00, 0x00, 0x00, 0x00, 0x00, 0x00, 0x00, 0x00, 0x00, 0x00, 0x00, 
    0x00, 0x00, 0x00, 0x00, 0x00, 0x00, 0x00, 0x00, 0x00, 0x00, 0x00, 0x00, 
    0x00, 0x00, 0x00, 0x00, 0x00, 0x00, 0xf8, 0x00, 0x01, 0xbd, 0xef, 0x04, 
    0xff, 0xff, 0x01, 0x00, 0x00, 0x00, 0x00, 0x00, 0x00, 0x00, 0x00, 0x00, 
    0xff, 0xef, 0x02, 0xfd, 0x55, 0x03, 0x00, 0x00, 0x00, 0x00, 0x00, 0x00, 
    0x00, 0x00, 0x00, 0x00, 0x00, 0x00, 0x00, 0x00, 0x00, 0x00, 0x00, 0x00, 
    0x00, 0x00, 0x00, 0x00, 0x00, 0x00, 0x00, 0x00, 0x00, 0x00, 0x00, 0x00, 
    0x00, 0x00, 0x00, 0xff, 0xe0, 0x02, 0x00, 0x00, 0x00, 0xec, 0xc3, 0xb7, 
    0xfd, 0x24, 0xff, 0xf4, 0xe3, 0xfb, 0xf4, 0xe3, 0xff, 0xf4, 0xe3, 0xff, 
    0xf4, 0xe3, 0xff, 0xf4, 0xe3, 0xff, 0xf4, 0xe3, 0xff, 0xf4, 0xe3, 0xff, 
    0xf4, 0xe3, 0xff, 0xf4, 0xe3, 0xff, 0xf4, 0xe3, 0xff, 0xf4, 0xe3, 0xff, 
    0xf4, 0xe3, 0xff, 0xf4, 0xe3, 0xff, 0xf4, 0xe3, 0xff, 0xf4, 0xe3, 0xff, 
    0xf4, 0xe3, 0xff, 0xf4, 0xe3, 0xff, 0xf4, 0xe3, 0xff, 0xf4, 0xe3, 0xff, 
    0xf4, 0xe3, 0xff, 0xf4, 0xe3, 0xff, 0xf4, 0xe3, 0xff, 0xf4, 0xe3, 0xff, 
    0xf4, 0xe3, 0xff, 0xf4, 0xc3, 0xfc, 0xfd, 0x24, 0xfe, 0xf4, 0xc3, 0xb8, 
    0x00, 0x00, 0x00, 0xaa, 0xa0, 0x03, 0x00, 0x00, 0x00, 0x00, 0x00, 0x00, 
    0x00, 0x00, 0x00, 0x00, 0x00, 0x00, 0x00, 0x00, 0x00, 0x00, 0x00, 0x00, 
    0x00, 0x00, 0x00, 0x00, 0x00, 0x00, 0x00, 0x00, 0x00, 0x00, 0x00, 0x00, 
    0x00, 0x00, 0x00, 0x00, 0x00, 0x00, 0x00, 0x00, 0x00, 0x00, 0x00, 0x00, 
    0x00, 0x00, 0x00, 0x00, 0x00, 0x00, 0x00, 0x00, 0x00, 0x00, 0x00, 0x00, 
    0x00, 0x00, 0x00, 0x00, 0x00, 0x00, 0x00, 0x00, 0x00, 0x00, 0x00, 0x00, 
    0x00, 0x00, 0x00, 0x00, 0x00, 0x00, 0x00, 0x00, 0x00, 0x00, 0x00, 0x00, 
    0x00, 0x00, 0x00, 0x00, 0x00, 0x00, 0x00, 0x00, 0x00, 0x00, 0x00, 0x00, 
    0x00, 0x00, 0x00, 0x00, 0x00, 0x00, 0x00, 0x00, 0x00, 0x00, 0x00, 0x00, 
    0x00, 0x00, 0x00, 0x00, 0x00, 0x00, 0x00, 0x00, 0x00, 0x00, 0x00, 0x00, 
    0x00, 0x00, 0x00, 0x00, 0x00, 0x00, 0x00, 0x00, 0x00, 0x00, 0x00, 0x00, 
    0x00, 0x00, 0x00, 0x00, 0x00, 0x00, 0x00, 0x00, 0x00, 0x00, 0x00, 0x00, 
    0x00, 0x00, 0x00, 0x00, 0x00, 0x00, 0x00, 0x00, 0x00, 0xfb, 0xe0, 0x02, 
    0x00, 0x00, 0x00, 0xec, 0xa3, 0x29, 0xf4, 0xe3, 0xec, 0xfd, 0x04, 0xff, 
    0xf4, 0xc3, 0xfd, 0xf4, 0xe3, 0xff, 0xf4, 0xe3, 0xff, 0xf4, 0xe3, 0xff, 
    0xf4, 0xe3, 0xff, 0xf4, 0xe3, 0xff, 0xf4, 0xe3, 0xff, 0xf4, 0xe3, 0xff, 
    0xf4, 0xe3, 0xff, 0xf4, 0xe3, 0xff, 0xf4, 0xe3, 0xff, 0xf4, 0xe3, 0xff, 
    0xf4, 0xe3, 0xff, 0xf4, 0xe3, 0xff, 0xf4, 0xe3, 0xff, 0xf4, 0xe3, 0xff, 
    0xf4, 0xe3, 0xff, 0xf4, 0xe3, 0xfe, 0xf4, 0xe3, 0xfb, 0xfd, 0x04, 0xff, 
    0xec, 0xc3, 0x4d, 0x00, 0x00, 0x00, 0xfb, 0xe0, 0x04, 0x00, 0x00, 0x00, 
    0x00, 0x00, 0x00, 0x00, 0x00, 0x00, 0x00, 0x00, 0x00, 0x00, 0x00, 0x00, 
    0x00, 0x00, 0x00, 0x00, 0x00, 0x00, 0x00, 0x00, 0x00, 0x00, 0x00, 0x00, 
    0x00, 0x00, 0x00, 0xfb, 0xef, 0x02, 0x00, 0x00, 0x00, 0x00, 0x00, 0x00, 
    0x00, 0x00, 0x00, 0xfe, 0x6f, 0x10, 0xfd, 0xee, 0x1b, 0xfe, 0xaf, 0x0c, 
    0x00, 0x00, 0x00, 0x00, 0x00, 0x00, 0x00, 0x00, 0x00, 0xfb, 0xef, 0x02, 
    0x00, 0x00, 0x00, 0x00, 0x00, 0x00, 0x00, 0x00, 0x00, 0x00, 0x00, 0x00, 
    0x00, 0x00, 0x00, 0x00, 0x00, 0x00, 0x00, 0x00, 0x00, 0x00, 0x00, 0x00, 
    0x00, 0x00, 0x00, 0xfd, 0x40, 0x03, 0x00, 0x00, 0x00, 0xf4, 0xe3, 0x3a, 
    0xfd, 0x04, 0xfe, 0xf4, 0xe3, 0xfd, 0xf4, 0xe3, 0xff, 0xf4, 0xe3, 0xff, 
    0xf4, 0xe3, 0xff, 0xf4, 0xe3, 0xff, 0xf4, 0xe3, 0xff, 0xf4, 0xe3, 0xff, 
    0xf4, 0xe3, 0xff, 0xf4, 0xe3, 0xff, 0xf4, 0xe3, 0xff, 0xf4, 0xe3, 0xff, 
    0xf4, 0xe3, 0xff, 0xf4, 0xe3, 0xff, 0xf4, 0xe3, 0xff, 0xf4, 0xe3, 0xff, 
    0xf4, 0xe3, 0xff, 0xf4, 0xe3, 0xff, 0xf4, 0xe3, 0xff, 0xf4, 0xe3, 0xff, 
    0xf4, 0xe3, 0xff, 0xf4, 0xe3, 0xff, 0xf4, 0xe3, 0xff, 0xf4, 0xe3, 0xff, 
    0xf4, 0xe3, 0xff, 0xf4, 0xe3, 0xfd, 0xfd, 0x04, 0xff, 0xf4, 0xe3, 0xd4, 
    0x00, 0x00, 0x00, 0x00, 0x00, 0x00, 0x00, 0x00, 0x00, 0x00, 0x00, 0x00, 
    0x00, 0x00, 0x00, 0x00, 0x00, 0x00, 0x00, 0x00, 0x00, 0x00, 0x00, 0x00, 
    0x00, 0x00, 0x00, 0x00, 0x00, 0x00, 0x00, 0x00, 0x00, 0x00, 0x00, 0x00, 
    0x00, 0x00, 0x00, 0x00, 0x00, 0x00, 0x00, 0x00, 0x00, 0x00, 0x00, 0x00, 
    0x00, 0x00, 0x00, 0x00, 0x00, 0x00, 0x00, 0x00, 0x00, 0x00, 0x00, 0x00, 
    0x00, 0x00, 0x00, 0x00, 0x00, 0x00, 0x00, 0x00, 0x00, 0x00, 0x00, 0x00, 
    0x00, 0x00, 0x00, 0x00, 0x00, 0x00, 0x00, 0x00, 0x00, 0x00, 0x00, 0x00, 
    0x00, 0x00, 0x00, 0x00, 0x00, 0x00, 0x00, 0x00, 0x00, 0x00, 0x00, 0x00, 
    0x00, 0x00, 0x00, 0x00, 0x00, 0x00, 0x00, 0x00, 0x00, 0x00, 0x00, 0x00, 
    0x00, 0x00, 0x00, 0x00, 0x00, 0x00, 0x00, 0x00, 0x00, 0x00, 0x00, 0x00, 
    0x00, 0x00, 0x00, 0x00, 0x00, 0x00, 0x00, 0x00, 0x00, 0x00, 0x00, 0x00, 
    0x00, 0x00, 0x00, 0x00, 0x00, 0x00, 0x00, 0x00, 0x00, 0x00, 0x00, 0x00, 
    0x00, 0x00, 0x00, 0x00, 0x00, 0x00, 0xff, 0xe0, 0x01, 0xfb, 0xe0, 0x02, 
    0xfd, 0x04, 0x0e, 0xf4, 0xe3, 0xd7, 0xfd, 0x04, 0xff, 0xf4, 0xc3, 0xfc, 
    0xf4, 0xe3, 0xff, 0xf4, 0xe3, 0xff, 0xf4, 0xe3, 0xff, 0xf4, 0xe3, 0xff, 
    0xf4, 0xe3, 0xff, 0xf4, 0xe3, 0xff, 0xf4, 0xe3, 0xff, 0xf4, 0xe3, 0xff, 
    0xf4, 0xe3, 0xff, 0xf4, 0xe3, 0xff, 0xf4, 0xe3, 0xff, 0xf4, 0xe3, 0xff, 
    0xf4, 0xe3, 0xff, 0xf4, 0xe3, 0xff, 0xf4, 0xe3, 0xff, 0xf4, 0xe3, 0xff, 
    0xf4, 0xe3, 0xff, 0xf4, 0xc3, 0xfb, 0xfd, 0x44, 0xff, 0xec, 0xc4, 0x87, 
    0x00, 0x00, 0x00, 0xfb, 0xe0, 0x04, 0x00, 0x00, 0x00, 0x00, 0x00, 0x00, 
    0x00, 0x00, 0x00, 0x00, 0x00, 0x00, 0x00, 0x00, 0x00, 0x00, 0x00, 0x00, 
    0x00, 0x00, 0x00, 0x00, 0x00, 0x00, 0x00, 0x00, 0x00, 0x00, 0x00, 0x00, 
    0xff, 0xef, 0x02, 0x00, 0x00, 0x00, 0xfa, 0xaa, 0x03, 0xfe, 0x2e, 0x64, 
    0xfe, 0x2f, 0xbe, 0xfe, 0x0e, 0xe7, 0xfe, 0x0e, 0xf2, 0xfe, 0x0e, 0xe4, 
    0xfe, 0x0e, 0xb5, 0xfe, 0x2f, 0x57, 0x00, 0x00, 0x00, 0x00, 0x00, 0x00, 
    0xff, 0xef, 0x02, 0x00, 0x00, 0x00, 0x00, 0x00, 0x00, 0x00, 0x00, 0x00, 
    0x00, 0x00, 0x00, 0x00, 0x00, 0x00, 0x00, 0x00, 0x00, 0x00, 0x00, 0x00, 
    0x00, 0x00, 0x00, 0x00, 0x00, 0x00, 0xfb, 0xe0, 0x02, 0x00, 0x00, 0x00, 
    0xf4, 0xc3, 0xb4, 0xfd, 0x24, 0xff, 0xf4, 0xc3, 0xfc, 0xf4, 0xe3, 0xff, 
    0xf4, 0xe3, 0xff, 0xf4, 0xe3, 0xff, 0xf4, 0xe3, 0xff, 0xf4, 0xe3, 0xff, 
    0xf4, 0xe3, 0xff, 0xf4, 0xe3, 0xff, 0xf4, 0xe3, 0xff, 0xf4, 0xe3, 0xff, 
    0xf4, 0xe3, 0xff, 0xf4, 0xe3, 0xff, 0xf4, 0xe3, 0xff, 0xf4, 0xe3, 0xff, 
    0xf4, 0xe3, 0xff, 0xf4, 0xe3, 0xff, 0xf4, 0xe3, 0xff, 0xf4, 0xe3, 0xff, 
    0xf4, 0xe3, 0xff, 0xf4, 0xe3, 0xff, 0xf4, 0xe3, 0xff, 0xf4, 0xe3, 0xff, 
    0xf4, 0xe3, 0xff, 0xf4, 0xe3, 0xfd, 0xfd, 0x04, 0xff, 0xf4, 0xc3, 0xd2, 
    0x00, 0x00, 0x00, 0x00, 0x00, 0x00, 0x00, 0x00, 0x00, 0x00, 0x00, 0x00, 
    0x00, 0x00, 0x00, 0x00, 0x00, 0x00, 0x00, 0x00, 0x00, 0x00, 0x00, 0x00, 
    0x00, 0x00, 0x00, 0x00, 0x00, 0x00, 0x00, 0x00, 0x00, 0x00, 0x00, 0x00, 
    0x00, 0x00, 0x00, 0x00, 0x00, 0x00, 0x00, 0x00, 0x00, 0x00, 0x00, 0x00, 
    0x00, 0x00, 0x00, 0x00, 0x00, 0x00, 0x00, 0x00, 0x00, 0x00, 0x00, 0x00, 
    0x00, 0x00, 0x00, 0x00, 0x00, 0x00, 0x00, 0x00, 0x00, 0x00, 0x00, 0x00, 
    0x00, 0x00, 0x00, 0x00, 0x00, 0x00, 0x00, 0x00, 0x00, 0x00, 0x00, 0x00, 
    0x00, 0x00, 0x00, 0x00, 0x00, 0x00, 0x00, 0x00, 0x00, 0x00, 0x00, 0x00, 
    0x00, 0x00, 0x00, 0x00, 0x00, 0x00, 0x00, 0x00, 0x00, 0x00, 0x00, 0x00, 
    0x00, 0x00, 0x00, 0x00, 0x00, 0x00, 0x00, 0x00, 0x00, 0x00, 0x00, 0x00, 
    0x00, 0x00, 0x00, 0x00, 0x00, 0x00, 0x00, 0x00, 0x00, 0x00, 0x00, 0x00, 
    0x00, 0x00, 0x00, 0x00, 0x00, 0x00, 0x00, 0x00, 0x00, 0x00, 0x00, 0x00, 
    0x00, 0x00, 0x00, 0x00, 0x00, 0x00, 0xfd, 0x40, 0x03, 0x00, 0x00, 0x00, 
    0xf4, 0xc3, 0xa2, 0xfd, 0x24, 0xff, 0xf4, 0xc3, 0xfb, 0xf4, 0xe3, 0xff, 
    0xf4, 0xe3, 0xff, 0xf4, 0xe3, 0xff, 0xf4, 0xe3, 0xff, 0xf4, 0xe3, 0xff, 
    0xf4, 0xe3, 0xff, 0xf4, 0xe3, 0xff, 0xf4, 0xe3, 0xff, 0xf4, 0xe3, 0xff, 
    0xf4, 0xe3, 0xff, 0xf4, 0xe3, 0xff, 0xf4, 0xe3, 0xff, 0xf4, 0xe3, 0xff, 
    0xf4, 0xe3, 0xff, 0xf4, 0xe3, 0xff, 0xf4, 0xe3, 0xff, 0xf4, 0xe3, 0xff, 
    0xf4, 0xc3, 0xfc, 0xfd, 0x24, 0xff, 0xf4, 0xc3, 0xc1, 0xff, 0xe0, 0x02, 
    0xfd, 0x40, 0x03, 0xf8, 0x00, 0x01, 0x00, 0x00, 0x00, 0x00, 0x00, 0x00, 
    0x00, 0x00, 0x00, 0x00, 0x00, 0x00, 0x00, 0x00, 0x00, 0x00, 0x00, 0x00, 
    0x00, 0x00, 0x00, 0x00, 0x00, 0x00, 0x00, 0x00, 0x00, 0xfb, 0xef, 0x02, 
    0x00, 0x00, 0x00, 0xf5, 0xee, 0x1f, 0xfe, 0x2f, 0xc4, 0xfe, 0x6f, 0xff, 
    0xfe, 0x4f, 0xff, 0xfe, 0x2f, 0xff, 0xfe, 0x0f, 0xff, 0xfe, 0x2f, 0xff, 
    0xfe, 0x6f, 0xff, 0xfe, 0x6f, 0xff, 0xfe, 0x2f, 0xbc, 0xf5, 0xed, 0x20, 
    0x00, 0x00, 0x00, 0xad, 0x4a, 0x03, 0x00, 0x00, 0x00, 0x00, 0x00, 0x00, 
    0x00, 0x00, 0x00, 0x00, 0x00, 0x00, 0x00, 0x00, 0x00, 0x00, 0x00, 0x00, 
    0x00, 0x00, 0x00, 0x00, 0x00, 0x00, 0xfd, 0x40, 0x03, 0x00, 0x00, 0x00, 
    0xf4, 0xc3, 0x33, 0xf5, 0x04, 0xfc, 0xf4, 0xe3, 0xfd, 0xf4, 0xe3, 0xff, 
    0xf4, 0xe3, 0xff, 0xf4, 0xe3, 0xff, 0xf4, 0xe3, 0xff, 0xf4, 0xe3, 0xff, 
    0xf4, 0xe3, 0xff, 0xf4, 0xe3, 0xff, 0xf4, 0xe3, 0xff, 0xf4, 0xe3, 0xff, 
    0xf4, 0xe3, 0xff, 0xf4, 0xe3, 0xff, 0xf4, 0xe3, 0xff, 0xf4, 0xe3, 0xff, 
    0xf4, 0xe3, 0xff, 0xf4, 0xe3, 0xff, 0xf4, 0xe3, 0xff, 0xf4, 0xe3, 0xff, 
    0xf4, 0xe3, 0xff, 0xf4, 0xe3, 0xff, 0xf4, 0xe3, 0xff, 0xf4, 0xe3, 0xff, 
    0xf4, 0xe3, 0xff, 0xf4, 0xc3, 0xfc, 0xfd, 0x24, 0xff, 0xf4, 0xe3, 0xb3, 
    0x00, 0x00, 0x00, 0xad, 0x40, 0x03, 0x00, 0x00, 0x00, 0x00, 0x00, 0x00, 
    0x00, 0x00, 0x00, 0x00, 0x00, 0x00, 0x00, 0x00, 0x00, 0x00, 0x00, 0x00, 
    0x00, 0x00, 0x00, 0x00, 0x00, 0x00, 0x00, 0x00, 0x00, 0x00, 0x00, 0x00, 
    0x00, 0x00, 0x00, 0x00, 0x00, 0x00, 0x00, 0x00, 0x00, 0x00, 0x00, 0x00, 
    0x00, 0x00, 0x00, 0x00, 0x00, 0x00, 0x00, 0x00, 0x00, 0x00, 0x00, 0x00, 
    0x00, 0x00, 0x00, 0x00, 0x00, 0x00, 0x00, 0x00, 0x00, 0x00, 0x00, 0x00, 
    0x00, 0x00, 0x00, 0x00, 0x00, 0x00, 0x00, 0x00, 0x00, 0x00, 0x00, 0x00, 
    0x00, 0x00, 0x00, 0x00, 0x00, 0x00, 0x00, 0x00, 0x00, 0x00, 0x00, 0x00, 
    0x00, 0x00, 0x00, 0x00, 0x00, 0x00, 0x00, 0x00, 0x00, 0x00, 0x00, 0x00, 
    0x00, 0x00, 0x00, 0x00, 0x00, 0x00, 0x00, 0x00, 0x00, 0x00, 0x00, 0x00, 
    0x00, 0x00, 0x00, 0x00, 0x00, 0x00, 0x00, 0x00, 0x00, 0x00, 0x00, 0x00, 
    0x00, 0x00, 0x00, 0x00, 0x00, 0x00, 0x00, 0x00, 0x00, 0x00, 0x00, 0x00, 
    0x00, 0x00, 0x00, 0xfd, 0x40, 0x03, 0x00, 0x00, 0x00, 0xf4, 0xe4, 0x4e, 
    0xfd, 0x24, 0xff, 0xf4, 0xe3, 0xfb, 0xf4, 0xe3, 0xff, 0xf4, 0xe3, 0xff, 
    0xf4, 0xe3, 0xff, 0xf4, 0xe3, 0xff, 0xf4, 0xe3, 0xff, 0xf4, 0xe3, 0xff, 
    0xf4, 0xe3, 0xff, 0xf4, 0xe3, 0xff, 0xf4, 0xe3, 0xff, 0xf4, 0xe3, 0xff, 
    0xf4, 0xe3, 0xff, 0xf4, 0xe3, 0xff, 0xf4, 0xe3, 0xff, 0xf4, 0xe3, 0xff, 
    0xf4, 0xe3, 0xff, 0xf4, 0xe3, 0xff, 0xf4, 0xe3, 0xff, 0xf4, 0xe3, 0xfd, 
    0xf5, 0x04, 0xfe, 0xf4, 0xe3, 0xeb, 0xec, 0xe4, 0x1d, 0x00, 0x00, 0x00, 
    0xfb, 0xe0, 0x02, 0x00, 0x00, 0x00, 0x00, 0x00, 0x00, 0x00, 0x00, 0x00, 
    0x00, 0x00, 0x00, 0x00, 0x00, 0x00, 0x00, 0x00, 0x00, 0x00, 0x00, 0x00, 
    0x00, 0x00, 0x00, 0x00, 0x00, 0x00, 0xfb, 0xef, 0x02, 0xff, 0xe0, 0x01, 
    0xf6, 0x0e, 0x19, 0xfe, 0x0e, 0xdc, 0xfe, 0x6f, 0xff, 0xfe, 0x0e, 0xfb, 
    0xfe, 0x0e, 0xfc, 0xfe, 0x0e, 0xfe, 0xfe, 0x0e, 0xfe, 0xfe, 0x0e, 0xfe, 
    0xfe, 0x0e, 0xfc, 0xfe, 0x0e, 0xfb, 0xfe, 0x6f, 0xff, 0xfe, 0x2f, 0xe1, 
    0xfd, 0xee, 0x27, 0x00, 0x00, 0x00, 0xfb, 0xef, 0x02, 0x00, 0x00, 0x00, 
    0x00, 0x00, 0x00, 0x00, 0x00, 0x00, 0x00, 0x00, 0x00, 0x00, 0x00, 0x00, 
    0x00, 0x00, 0x00, 0x00, 0x00, 0x00, 0x00, 0x00, 0x00, 0xfd, 0x40, 0x03, 
    0x00, 0x00, 0x00, 0xf4, 0xc3, 0xa8, 0xfd, 0x24, 0xff, 0xf4, 0xc3, 0xfc, 
    0xf4, 0xe3, 0xff, 0xf4, 0xe3, 0xff, 0xf4, 0xe3, 0xff, 0xf4, 0xe3, 0xff, 
    0xf4, 0xe3, 0xff, 0xf4, 0xe3, 0xff, 0xf4, 0xe3, 0xff, 0xf4, 0xe3, 0xff, 
    0xf4, 0xe3, 0xff, 0xf4, 0xe3, 0xff, 0xf4, 0xe3, 0xff, 0xf4, 0xe3, 0xff, 
    0xf4, 0xe3, 0xff, 0xf4, 0xe3, 0xff, 0xf4, 0xe3, 0xff, 0xf4, 0xe3, 0xff, 
    0xf4, 0xe3, 0xff, 0xf4, 0xe3, 0xff, 0xf4, 0xe3, 0xff, 0xf4, 0xe3, 0xff, 
    0xf4, 0xe3, 0xff, 0xf4, 0xe3, 0xfb, 0xfd, 0x24, 0xff, 0xf4, 0xe3, 0x77, 
    0x00, 0x00, 0x00, 0xfb, 0xe0, 0x04, 0x00, 0x00, 0x00, 0x00, 0x00, 0x00, 
    0x00, 0x00, 0x00, 0x00, 0x00, 0x00, 0x00, 0x00, 0x00, 0x00, 0x00, 0x00, 
    0x00, 0x00, 0x00, 0x00, 0x00, 0x00, 0x00, 0x00, 0x00, 0x00, 0x00, 0x00, 
    0x00, 0x00, 0x00, 0x00, 0x00, 0x00, 0x00, 0x00, 0x00, 0x00, 0x00, 0x00, 
    0x00, 0x00, 0x00, 0x00, 0x00, 0x00, 0x00, 0x00, 0x00, 0x00, 0x00, 0x00, 
    0x00, 0x00, 0x00, 0x00, 0x00, 0x00, 0x00, 0x00, 0x00, 0x00, 0x00, 0x00, 
    0x00, 0x00, 0x00, 0x00, 0x00, 0x00, 0x00, 0x00, 0x00, 0x00, 0x00, 0x00, 
    0x00, 0x00, 0x00, 0x00, 0x00, 0x00, 0x00, 0x00, 0x00, 0x00, 0x00, 0x00, 
    0x00, 0x00, 0x00, 0x00, 0x00, 0x00, 0x00, 0x00, 0x00, 0x00, 0x00, 0x00, 
    0x00, 0x00, 0x00, 0x00, 0x00, 0x00, 0x00, 0x00, 0x00, 0x00, 0x00, 0x00, 
    0x00, 0x00, 0x00, 0x00, 0x00, 0x00, 0x00, 0x00, 0x00, 0x00, 0x00, 0x00, 
    0x00, 0x00, 0x00, 0x00, 0x00, 0x00, 0x00, 0x00, 0x00, 0x00, 0x00, 0x00, 
    0xf8, 0x00, 0x01, 0xff, 0xe0, 0x01, 0xe4, 0xc3, 0x0a, 0xf4, 0xe3, 0xdb, 
    0xfd, 0x04, 0xfe, 0xf4, 0xc3, 0xfd, 0xf4, 0xe3, 0xff, 0xf4, 0xe3, 0xff, 
    0xf4, 0xe3, 0xff, 0xf4, 0xe3, 0xff, 0xf4, 0xe3, 0xff, 0xf4, 0xe3, 0xff, 
    0xf4, 0xe3, 0xff, 0xf4, 0xe3, 0xff, 0xf4, 0xe3, 0xff, 0xf4, 0xe3, 0xff, 
    0xf4, 0xe3, 0xff, 0xf4, 0xe3, 0xff, 0xf4, 0xe3, 0xff, 0xf4, 0xe3, 0xff, 
    0xf4, 0xe3, 0xff, 0xf4, 0xe3, 0xff, 0xf4, 0xe3, 0xfe, 0xf4, 0xe3, 0xfb, 
    0xfd, 0x04, 0xff, 0xec, 0xc3, 0x4c, 0x00, 0x00, 0x00, 0xfd, 0x40, 0x03, 
    0x00, 0x00, 0x00, 0x00, 0x00, 0x00, 0x00, 0x00, 0x00, 0x00, 0x00, 0x00, 
    0x00, 0x00, 0x00, 0x00, 0x00, 0x00, 0x00, 0x00, 0x00, 0x00, 0x00, 0x00, 
    0x00, 0x00, 0x00, 0x00, 0x00, 0x00, 0xfd, 0x4a, 0x03, 0xff, 0xff, 0x01, 
    0xfd, 0xee, 0xb9, 0xfe, 0x6f, 0xff, 0xfd, 0xee, 0xfa, 0xfe, 0x0e, 0xff, 
    0xfe, 0x0e, 0xff, 0xfe, 0x0e, 0xff, 0xfe, 0x0e, 0xff, 0xfe, 0x0e, 0xff, 
    0xfe, 0x0e, 0xff, 0xfe, 0x0e, 0xff, 0xfe, 0x0e, 0xfb, 0xfe, 0x4f, 0xff, 
    0xfe, 0x0e, 0xd9, 0xf6, 0x0f, 0x11, 0xff, 0xef, 0x02, 0xff, 0xff, 0x01, 
    0x00, 0x00, 0x00, 0x00, 0x00, 0x00, 0x00, 0x00, 0x00, 0x00, 0x00, 0x00, 
    0x00, 0x00, 0x00, 0x00, 0x00, 0x00, 0x00, 0x00, 0x00, 0xfb, 0xe0, 0x02, 
    0xff, 0xe0, 0x01, 0xf4, 0xc4, 0x26, 0xf4, 0xe4, 0xf6, 0xf4, 0xe3, 0xfc, 
    0xf4, 0xe3, 0xfe, 0xf4, 0xe3, 0xff, 0xf4, 0xe3, 0xff, 0xf4, 0xe3, 0xff, 
    0xf4, 0xe3, 0xff, 0xf4, 0xe3, 0xff, 0xf4, 0xe3, 0xff, 0xf4, 0xe3, 0xff, 
    0xf4, 0xe3, 0xff, 0xf4, 0xe3, 0xff, 0xf4, 0xe3, 0xff, 0xf4, 0xe3, 0xff, 
    0xf4, 0xe3, 0xff, 0xf4, 0xe3, 0xff, 0xf4, 0xe3, 0xff, 0xf4, 0xe3, 0xff, 
    0xf4, 0xe3, 0xff, 0xf4, 0xe3, 0xff, 0xf4, 0xe3, 0xff, 0xf4, 0xe3, 0xff, 
    0xf4, 0xe3, 0xfe, 0xf4, 0xe3, 0xfd, 0xf4, 0xe3, 0xf9, 0xf4, 0xe4, 0x25, 
    0x00, 0x00, 0x00, 0xfb, 0xe0, 0x02, 0x00, 0x00, 0x00, 0x00, 0x00, 0x00, 
    0x00, 0x00, 0x00, 0x00, 0x00, 0x00, 0x00, 0x00, 0x00, 0x00, 0x00, 0x00, 
    0x00, 0x00, 0x00, 0x00, 0x00, 0x00, 0x00, 0x00, 0x00, 0x00, 0x00, 0x00, 
    0x00, 0x00, 0x00, 0x00, 0x00, 0x00, 0x00, 0x00, 0x00, 0x00, 0x00, 0x00, 
    0x00, 0x00, 0x00, 0x00, 0x00, 0x00, 0x00, 0x00, 0x00, 0x00, 0x00, 0x00, 
    0x00, 0x00, 0x00, 0x00, 0x00, 0x00, 0x00, 0x00, 0x00, 0x00, 0x00, 0x00, 
    0x00, 0x00, 0x00, 0x00, 0x00, 0x00, 0x00, 0x00, 0x00, 0x00, 0x00, 0x00, 
    0x00, 0x00, 0x00, 0x00, 0x00, 0x00, 0x00, 0x00, 0x00, 0x00, 0x00, 0x00, 
    0x00, 0x00, 0x00, 0x00, 0x00, 0x00, 0x00, 0x00, 0x00, 0x00, 0x00, 0x00, 
    0x00, 0x00, 0x00, 0x00, 0x00, 0x00, 0x00, 0x00, 0x00, 0x00, 0x00, 0x00, 
    0x00, 0x00, 0x00, 0x00, 0x00, 0x00, 0x00, 0x00, 0x00, 0x00, 0x00, 0x00, 
    0x00, 0x00, 0x00, 0x00, 0x00, 0x00, 0x00, 0x00, 0x00, 0x00, 0x00, 0x00, 
    0xfb, 0xe0, 0x04, 0x00, 0x00, 0x00, 0xf4, 0xc3, 0x6b, 0xfd, 0x24, 0xff, 
    0xf4, 0xc3, 0xfc, 0xf4, 0xe3, 0xff, 0xf4, 0xe3, 0xff, 0xf4, 0xe3, 0xff, 
    0xf4, 0xe3, 0xff, 0xf4, 0xe3, 0xff, 0xf4, 0xe3, 0xff, 0xf4, 0xe3, 0xff, 
    0xf4, 0xe3, 0xff, 0xf4, 0xe3, 0xff, 0xf4, 0xe3, 0xff, 0xf4, 0xe3, 0xff, 
    0xf4, 0xe3, 0xff, 0xf4, 0xe3, 0xff, 0xf4, 0xe3, 0xff, 0xf4, 0xe3, 0xff, 
    0xf4, 0xe3, 0xff, 0xf4, 0xe3, 0xff, 0xf4, 0xe3, 0xfa, 0xfd, 0x44, 0xff, 
    0xf4, 0xc3, 0x7d, 0x00, 0x00, 0x00, 0xfb, 0xe0, 0x04, 0x00, 0x00, 0x00, 
    0x00, 0x00, 0x00, 0x00, 0x00, 0x00, 0x00, 0x00, 0x00, 0x00, 0x00, 0x00, 
    0x00, 0x00, 0x00, 0x00, 0x00, 0x00, 0x00, 0x00, 0x00, 0x00, 0x00, 0x00, 
    0x00, 0x00, 0x00, 0xff, 0xf5, 0x03, 0x00, 0x00, 0x00, 0xfe, 0x0e, 0x51, 
    0xfe, 0x6f, 0xff, 0xfe, 0x0e, 0xfb, 0xfe, 0x0e, 0xff, 0xfe, 0x0e, 0xff, 
    0xfe, 0x0e, 0xff, 0xfe, 0x0e, 0xff, 0xfe, 0x0e, 0xff, 0xfe, 0x0e, 0xff, 
    0xfe, 0x0e, 0xff, 0xfe, 0x0e, 0xff, 0xfe, 0x0e, 0xff, 0xfd, 0xee, 0xfa, 
    0xfe, 0x8f, 0xff, 0xfe, 0x0e, 0x97, 0x00, 0x00, 0x00, 0xfd, 0x4a, 0x03, 
    0x00, 0x00, 0x00, 0x00, 0x00, 0x00, 0x00, 0x00, 0x00, 0x00, 0x00, 0x00, 
    0x00, 0x00, 0x00, 0x00, 0x00, 0x00, 0x00, 0x00, 0x00, 0x00, 0x00, 0x00, 
    0xfd, 0x40, 0x03, 0x00, 0x00, 0x00, 0xf4, 0xc3, 0x83, 0xfd, 0x44, 0xff, 
    0xf4, 0xc3, 0xfb, 0xf4, 0xe3, 0xff, 0xf4, 0xe3, 0xff, 0xf4, 0xe3, 0xff, 
    0xf4, 0xe3, 0xff, 0xf4, 0xe3, 0xff, 0xf4, 0xe3, 0xff, 0xf4, 0xe3, 0xff, 
    0xf4, 0xe3, 0xff, 0xf4, 0xe3, 0xff, 0xf4, 0xe3, 0xff, 0xf4, 0xe3, 0xff, 
    0xf4, 0xe3, 0xff, 0xf4, 0xe3, 0xff, 0xf4, 0xe3, 0xff, 0xf4, 0xe3, 0xff, 
    0xf4, 0xe3, 0xff, 0xf4, 0xe3, 0xff, 0xf4, 0xe3, 0xff, 0xf4, 0xe3, 0xff, 
    0xf4, 0xc3, 0xfb, 0xfd, 0x24, 0xff, 0xf4, 0xe3, 0xa5, 0x00, 0x00, 0x00, 
    0xaa, 0xa0, 0x03, 0x00, 0x00, 0x00, 0x00, 0x00, 0x00, 0x00, 0x00, 0x00, 
    0x00, 0x00, 0x00, 0x00, 0x00, 0x00, 0x00, 0x00, 0x00, 0x00, 0x00, 0x00, 
    0x00, 0x00, 0x00, 0x00, 0x00, 0x00, 0x00, 0x00, 0x00, 0x00, 0x00, 0x00, 
    0x00, 0x00, 0x00, 0x00, 0x00, 0x00, 0x00, 0x00, 0x00, 0x00, 0x00, 0x00, 
    0x00, 0x00, 0x00, 0x00, 0x00, 0x00, 0x00, 0x00, 0x00, 0x00, 0x00, 0x00, 
    0x00, 0x00, 0x00, 0x00, 0x00, 0x00, 0x00, 0x00, 0x00, 0x00, 0x00, 0x00, 
    0x00, 0x00, 0x00, 0x00, 0x00, 0x00, 0x00, 0x00, 0x00, 0x00, 0x00, 0x00, 
    0x00, 0x00, 0x00, 0x00, 0x00, 0x00, 0x00, 0x00, 0x00, 0x00, 0x00, 0x00, 
    0x00, 0x00, 0x00, 0x00, 0x00, 0x00, 0x00, 0x00, 0x00, 0x00, 0x00, 0x00, 
    0x00, 0x00, 0x00, 0x00, 0x00, 0x00, 0x00, 0x00, 0x00, 0x00, 0x00, 0x00, 
    0x00, 0x00, 0x00, 0x00, 0x00, 0x00, 0x00, 0x00, 0x00, 0x00, 0x00, 0x00, 
    0x00, 0x00, 0x00, 0x00, 0x00, 0x00, 0x00, 0x00, 0x00, 0x00, 0x00, 0x00, 
    0x7b, 0xe0, 0x02, 0x00, 0x00, 0x00, 0xf4, 0xc3, 0xc6, 0xfd, 0x04, 0xfe, 
    0xf4, 0xc3, 0xfc, 0xf4, 0xe3, 0xff, 0xf4, 0xe3, 0xff, 0xf4, 0xe3, 0xff, 
    0xf4, 0xe3, 0xff, 0xf4, 0xe3, 0xff, 0xf4, 0xe3, 0xff, 0xf4, 0xe3, 0xff, 
    0xf4, 0xe3, 0xff, 0xf4, 0xe3, 0xff, 0xf4, 0xe3, 0xff, 0xf4, 0xe3, 0xff, 
    0xf4, 0xe3, 0xff, 0xf4, 0xe3, 0xff, 0xf4, 0xe3, 0xff, 0xf4, 0xe3, 0xff, 
    0xf4, 0xe3, 0xff, 0xf4, 0xc3, 0xfb, 0xfd, 0x24, 0xff, 0xf4, 0xe3, 0xa3, 
    0x00, 0x00, 0x00, 0xfb, 0xe0, 0x04, 0xf8, 0x00, 0x01, 0x00, 0x00, 0x00, 
    0x00, 0x00, 0x00, 0x00, 0x00, 0x00, 0x00, 0x00, 0x00, 0x00, 0x00, 0x00, 
    0x00, 0x00, 0x00, 0x00, 0x00, 0x00, 0x00, 0x00, 0x00, 0x00, 0x00, 0x00, 
    0x00, 0x00, 0x00, 0xff, 0xff, 0x01, 0xfb, 0xef, 0x02, 0xfd, 0xee, 0xc9, 
    0xfe, 0x4f, 0xfe, 0xfe, 0x0e, 0xfc, 0xfe, 0x0e, 0xff, 0xfe, 0x0e, 0xff, 
    0xfe, 0x0e, 0xff, 0xfe, 0x0e, 0xff, 0xfe, 0x0e, 0xff, 0xfe, 0x0e, 0xff, 
    0xfe, 0x0e, 0xff, 0xfe, 0x0e, 0xff, 0xfe, 0x0e, 0xff, 0xfe, 0x0e, 0xfe, 
    0xfe, 0x0e, 0xfd, 0xfe, 0x2e, 0xf9, 0xfd, 0xce, 0x26, 0x00, 0x00, 0x00, 
    0xff, 0xef, 0x02, 0x00, 0x00, 0x00, 0x00, 0x00, 0x00, 0x00, 0x00, 0x00, 
    0x00, 0x00, 0x00, 0x00, 0x00, 0x00, 0x00, 0x00, 0x00, 0x00, 0x00, 0x00, 
    0xf8, 0x00, 0x01, 0xfb, 0xe0, 0x02, 0xfd, 0x43, 0x09, 0xf4, 0xe3, 0xd5, 
    0xfd, 0x04, 0xff, 0xf4, 0xc3, 0xfc, 0xf4, 0xe3, 0xff, 0xf4, 0xe3, 0xff, 
    0xf4, 0xe3, 0xff, 0xf4, 0xe3, 0xff, 0xf4, 0xe3, 0xff, 0xf4, 0xe3, 0xff, 
    0xf4, 0xe3, 0xff, 0xf4, 0xe3, 0xff, 0xf4, 0xe3, 0xff, 0xf4, 0xe3, 0xff, 
    0xf4, 0xe3, 0xff, 0xf4, 0xe3, 0xff, 0xf4, 0xe3, 0xff, 0xf4, 0xe3, 0xff, 
    0xf4, 0xe3, 0xff, 0xf4, 0xe3, 0xff, 0xf4, 0xe3, 0xff, 0xf4, 0xe3, 0xfd, 
    0xf4, 0xe4, 0xfc, 0xf4, 0xe3, 0xf4, 0xf5, 0x03, 0x23, 0xff, 0xe0, 0x01, 
    0xfb, 0xe0, 0x02, 0x00, 0x00, 0x00, 0x00, 0x00, 0x00, 0x00, 0x00, 0x00, 
    0x00, 0x00, 0x00, 0x00, 0x00, 0x00, 0x00, 0x00, 0x00, 0x00, 0x00, 0x00, 
    0x00, 0x00, 0x00, 0x00, 0x00, 0x00, 0x00, 0x00, 0x00, 0x00, 0x00, 0x00, 
    0x00, 0x00, 0x00, 0x00, 0x00, 0x00, 0x00, 0x00, 0x00, 0x00, 0x00, 0x00, 
    0x00, 0x00, 0x00, 0x00, 0x00, 0x00, 0x00, 0x00, 0x00, 0x00, 0x00, 0x00, 
    0x00, 0x00, 0x00, 0x00, 0x00, 0x00, 0x00, 0x00, 0x00, 0x00, 0x00, 0x00, 
    0x00, 0x00, 0x00, 0x00, 0x00, 0x00, 0x00, 0x00, 0x00, 0x00, 0x00, 0x00, 
    0x00, 0x00, 0x00, 0x00, 0x00, 0x00, 0x00, 0x00, 0x00, 0x00, 0x00, 0x00, 
    0x00, 0x00, 0x00, 0x00, 0x00, 0x00, 0x00, 0x00, 0x00, 0x00, 0x00, 0x00, 
    0x00, 0x00, 0x00, 0x00, 0x00, 0x00, 0x00, 0x00, 0x00, 0x00, 0x00, 0x00, 
    0x00, 0x00, 0x00, 0x00, 0x00, 0x00, 0x00, 0x00, 0x00, 0x00, 0x00, 0x00, 
    0x00, 0x00, 0x00, 0x00, 0x00, 0x00, 0x00, 0x00, 0x00, 0xff, 0xe0, 0x01, 
    0x00, 0x00, 0x00, 0xec, 0xe3, 0x10, 0xf4, 0xc3, 0xe9, 0xf4, 0xe4, 0xff, 
    0xf4, 0xc3, 0xfe, 0xf4, 0xe3, 0xff, 0xf4, 0xe3, 0xff, 0xf4, 0xe3, 0xff, 
    0xf4, 0xe3, 0xff, 0xf4, 0xe3, 0xff, 0xf4, 0xe3, 0xff, 0xf4, 0xe3, 0xff, 
    0xf4, 0xe3, 0xff, 0xf4, 0xe3, 0xff, 0xf4, 0xe3, 0xff, 0xf4, 0xe3, 0xff, 
    0xf4, 0xe3, 0xff, 0xf4, 0xe3, 0xff, 0xf4, 0xe3, 0xff, 0xf4, 0xe3, 0xff, 
    0xf4, 0xc3, 0xfb, 0xfd, 0x24, 0xff, 0xf4, 0xe3, 0xbf, 0xd3, 0xe5, 0x06, 
    0xfb, 0xe0, 0x02, 0xff, 0xe0, 0x01, 0x00, 0x00, 0x00, 0x00, 0x00, 0x00, 
    0x00, 0x00, 0x00, 0x00, 0x00, 0x00, 0x00, 0x00, 0x00, 0x00, 0x00, 0x00, 
    0x00, 0x00, 0x00, 0x00, 0x00, 0x00, 0x00, 0x00, 0x00, 0x00, 0x00, 0x00, 
    0xfd, 0x4a, 0x03, 0x00, 0x00, 0x00, 0xfd, 0xee, 0x3c, 0xfe, 0x2f, 0xff, 
    0xfe, 0x0e, 0xfd, 0xfe, 0x0e, 0xff, 0xfe, 0x0e, 0xff, 0xfe, 0x0e, 0xff, 
    0xfe, 0x0e, 0xff, 0xfe, 0x0e, 0xff, 0xfe, 0x0e, 0xff, 0xfe, 0x0e, 0xff, 
    0xfe, 0x0e, 0xff, 0xfe, 0x0e, 0xff, 0xfe, 0x0e, 0xff, 0xfe, 0x0e, 0xff, 
    0xfe, 0x0e, 0xfb, 0xfe, 0x6f, 0xff, 0xfe, 0x0e, 0x89, 0x00, 0x00, 0x00, 
    0xfd, 0xef, 0x04, 0x00, 0x00, 0x00, 0x00, 0x00, 0x00, 0x00, 0x00, 0x00, 
    0x00, 0x00, 0x00, 0x00, 0x00, 0x00, 0x00, 0x00, 0x00, 0x00, 0x00, 0x00, 
    0x00, 0x00, 0x00, 0xfb, 0xe0, 0x02, 0x00, 0x00, 0x00, 0xf4, 0xe3, 0x34, 
    0xfd, 0x04, 0xfa, 0xf4, 0xe3, 0xfc, 0xf4, 0xe3, 0xfd, 0xf4, 0xe3, 0xff, 
    0xf4, 0xe3, 0xff, 0xf4, 0xe3, 0xff, 0xf4, 0xe3, 0xff, 0xf4, 0xe3, 0xff, 
    0xf4, 0xe3, 0xff, 0xf4, 0xe3, 0xff, 0xf4, 0xe3, 0xff, 0xf4, 0xe3, 0xff, 
    0xf4, 0xe3, 0xff, 0xf4, 0xe3, 0xff, 0xf4, 0xe3, 0xff, 0xf4, 0xe3, 0xff, 
    0xf4, 0xe3, 0xff, 0xf4, 0xe3, 0xff, 0xf4, 0xe3, 0xfe, 0xf4, 0xe3, 0xfa, 
    0xfd, 0x24, 0xff, 0xec, 0xc3, 0x64, 0x00, 0x00, 0x00, 0xfd, 0x40, 0x03, 
    0x00, 0x00, 0x00, 0x00, 0x00, 0x00, 0x00, 0x00, 0x00, 0x00, 0x00, 0x00, 
    0x00, 0x00, 0x00, 0x00, 0x00, 0x00, 0x00, 0x00, 0x00, 0x00, 0x00, 0x00, 
    0x00, 0x00, 0x00, 0x00, 0x00, 0x00, 0x00, 0x00, 0x00, 0x00, 0x00, 0x00, 
    0x00, 0x00, 0x00, 0x00, 0x00, 0x00, 0x00, 0x00, 0x00, 0x00, 0x00, 0x00, 
    0x00, 0x00, 0x00, 0x00, 0x00, 0x00, 0x00, 0x00, 0x00, 0x00, 0x00, 0x00, 
    0x00, 0x00, 0x00, 0x00, 0x00, 0x00, 0x00, 0x00, 0x00, 0x00, 0x00, 0x00, 
    0x00, 0x00, 0x00, 0x00, 0x00, 0x00, 0x00, 0x00, 0x00, 0x00, 0x00, 0x00, 
    0x00, 0x00, 0x00, 0x00, 0x00, 0x00, 0x00, 0x00, 0x00, 0x00, 0x00, 0x00, 
    0x00, 0x00, 0x00, 0x00, 0x00, 0x00, 0x00, 0x00, 0x00, 0x00, 0x00, 0x00, 
    0x00, 0x00, 0x00, 0x00, 0x00, 0x00, 0x00, 0x00, 0x00, 0x00, 0x00, 0x00, 
    0x00, 0x00, 0x00, 0x00, 0x00, 0x00, 0x00, 0x00, 0x00, 0x00, 0x00, 0x00, 
    0x00, 0x00, 0x00, 0x00, 0x00, 0x00, 0x00, 0x00, 0x00, 0xff, 0xe0, 0x01, 
    0x00, 0x00, 0x00, 0xf4, 0xc3, 0x19, 0xf4, 0xc3, 0xf2, 0xf4, 0xe3, 0xff, 
    0xf4, 0xc3, 0xfe, 0xf4, 0xe3, 0xff, 0xf4, 0xe3, 0xff, 0xf4, 0xe3, 0xff, 
    0xf4, 0xe3, 0xff, 0xf4, 0xe3, 0xff, 0xf4, 0xe3, 0xff, 0xf4, 0xe3, 0xff, 
    0xf4, 0xe3, 0xff, 0xf4, 0xe3, 0xff, 0xf4, 0xe3, 0xff, 0xf4, 0xe3, 0xff, 
    0xf4, 0xe3, 0xff, 0xf4, 0xe3, 0xff, 0xf4, 0xe3, 0xff, 0xf4, 0xc3, 0xfb, 
    0xfd, 0x24, 0xff, 0xf4, 0xe4, 0xcf, 0xf4, 0xc3, 0x12, 0x00, 0x00, 0x01, 
    0xfb, 0xe0, 0x02, 0x00, 0x00, 0x00, 0x00, 0x00, 0x00, 0x00, 0x00, 0x00, 
    0x00, 0x00, 0x00, 0x00, 0x00, 0x00, 0x00, 0x00, 0x00, 0x00, 0x00, 0x00, 
    0x00, 0x00, 0x00, 0x00, 0x00, 0x00, 0x00, 0x00, 0x00, 0x00, 0x00, 0x00, 
    0xfd, 0xef, 0x04, 0x00, 0x00, 0x00, 0xfe, 0x0e, 0x8e, 0xfe, 0x6f, 0xff, 
    0xfe, 0x0e, 0xfb, 0xfe, 0x0e, 0xff, 0xfe, 0x0e, 0xff, 0xfe, 0x0e, 0xff, 
    0xfe, 0x0e, 0xff, 0xfe, 0x0e, 0xff, 0xfe, 0x0e, 0xff, 0xfe, 0x0e, 0xff, 
    0xfe, 0x0e, 0xff, 0xfe, 0x0e, 0xff, 0xfe, 0x0e, 0xff, 0xfe, 0x0e, 0xff, 
    0xfe, 0x0e, 0xfd, 0xfe, 0x4f, 0xff, 0xfe, 0x0e, 0xd8, 0xff, 0xef, 0x04, 
    0x00, 0x00, 0x00, 0x00, 0x00, 0x00, 0x00, 0x00, 0x00, 0x00, 0x00, 0x00, 
    0x00, 0x00, 0x00, 0x00, 0x00, 0x00, 0x00, 0x00, 0x00, 0x00, 0x00, 0x00, 
    0x00, 0x00, 0x00, 0x00, 0x00, 0x00, 0xfd, 0x40, 0x03, 0x00, 0x00, 0x00, 
    0xec, 0xc3, 0x64, 0xfd, 0x24, 0xff, 0xf4, 0xe3, 0xfb, 0xf4, 0xc3, 0xfe, 
    0xf4, 0xe3, 0xff, 0xf4, 0xe3, 0xff, 0xf4, 0xe3, 0xff, 0xf4, 0xe3, 0xff, 
    0xf4, 0xe3, 0xff, 0xf4, 0xe3, 0xff, 0xf4, 0xe3, 0xff, 0xf4, 0xe3, 0xff, 
    0xf4, 0xe3, 0xff, 0xf4, 0xe3, 0xff, 0xf4, 0xe3, 0xff, 0xf4, 0xe3, 0xff, 
    0xf4, 0xe3, 0xff, 0xf4, 0xc3, 0xfe, 0xf4, 0xe3, 0xfa, 0xfd, 0x44, 0xff, 
    0xf4, 0xc3, 0x90, 0x00, 0x00, 0x00, 0xbb, 0xe0, 0x04, 0x00, 0x00, 0x00, 
    0x00, 0x00, 0x00, 0x00, 0x00, 0x00, 0x00, 0x00, 0x00, 0x00, 0x00, 0x00, 
    0x00, 0x00, 0x00, 0x00, 0x00, 0x00, 0x00, 0x00, 0x00, 0x00, 0x00, 0x00, 
    0x00, 0x00, 0x00, 0x00, 0x00, 0x00, 0x00, 0x00, 0x00, 0x00, 0x00, 0x00, 
    0x00, 0x00, 0x00, 0x00, 0x00, 0x00, 0x00, 0x00, 0x00, 0x00, 0x00, 0x00, 
    0x00, 0x00, 0x00, 0x00, 0x00, 0x00, 0x00, 0x00, 0x00, 0x00, 0x00, 0x00, 
    0x00, 0x00, 0x00, 0x00, 0x00, 0x00, 0x00, 0x00, 0x00, 0x00, 0x00, 0x00, 
    0x00, 0x00, 0x00, 0x00, 0x00, 0x00, 0x00, 0x00, 0x00, 0x00, 0x00, 0x00, 
    0x00, 0x00, 0x00, 0x00, 0x00, 0x00, 0x00, 0x00, 0x00, 0x00, 0x00, 0x00, 
    0x00, 0x00, 0x00, 0x00, 0x00, 0x00, 0x00, 0x00, 0x00, 0x00, 0x00, 0x00, 
    0x00, 0x00, 0x00, 0x00, 0x00, 0x00, 0x00, 0x00, 0x00, 0x00, 0x00, 0x00, 
    0x00, 0x00, 0x00, 0x00, 0x00, 0x00, 0x00, 0x00, 0x00, 0x00, 0x00, 0x00, 
    0x00, 0x00, 0x00, 0x00, 0x00, 0x00, 0x00, 0x00, 0x00, 0xff, 0xe0, 0x01, 
    0x00, 0x00, 0x00, 0xfd, 0x05, 0x0b, 0xf4, 0xc3, 0xe5, 0xfd, 0x04, 0xff, 
    0xf4, 0xe3, 0xfd, 0xf4, 0xe3, 0xff, 0xf4, 0xe3, 0xff, 0xf4, 0xe3, 0xff, 
    0xf4, 0xe3, 0xff, 0xf4, 0xe3, 0xff, 0xf4, 0xe3, 0xff, 0xf4, 0xe3, 0xff, 
    0xf4, 0xe3, 0xff, 0xf4, 0xe3, 0xff, 0xf4, 0xe3, 0xff, 0xf4, 0xe3, 0xff, 
    0xf4, 0xe3, 0xff, 0xf4, 0xe3, 0xff, 0xf4, 0xe3, 0xfa, 0xfd, 0x24, 0xff, 
    0xf4, 0xe4, 0xce, 0xec, 0xa3, 0x18, 0x00, 0x00, 0x00, 0xfb, 0xe0, 0x02, 
    0x00, 0x00, 0x00, 0x00, 0x00, 0x00, 0x00, 0x00, 0x00, 0x00, 0x00, 0x00, 
    0x00, 0x00, 0x00, 0x00, 0x00, 0x00, 0x00, 0x00, 0x00, 0x00, 0x00, 0x00, 
    0x00, 0x00, 0x00, 0x00, 0x00, 0x00, 0x00, 0x00, 0x00, 0x00, 0x00, 0x00, 
    0xff, 0xff, 0x01, 0x00, 0x00, 0x00, 0xfe, 0x0e, 0xc6, 0xfe, 0x4f, 0xff, 
    0xfe, 0x0e, 0xfc, 0xfe, 0x0e, 0xff, 0xfe, 0x0e, 0xff, 0xfe, 0x0e, 0xff, 
    0xfe, 0x0e, 0xff, 0xfe, 0x0e, 0xff, 0xfe, 0x0e, 0xff, 0xfe, 0x0e, 0xff, 
    0xfe, 0x0e, 0xff, 0xfe, 0x0e, 0xff, 0xfe, 0x0e, 0xff, 0xfe, 0x0e, 0xff, 
    0xfe, 0x0e, 0xff, 0xfe, 0x0e, 0xfe, 0xfe, 0x0e, 0xfc, 0xfd, 0xee, 0x2b, 
    0x00, 0x00, 0x00, 0xff, 0xef, 0x02, 0x00, 0x00, 0x00, 0x00, 0x00, 0x00, 
    0x00, 0x00, 0x00, 0x00, 0x00, 0x00, 0x00, 0x00, 0x00, 0x00, 0x00, 0x00, 
    0x00, 0x00, 0x00, 0x00, 0x00, 0x00, 0x00, 0x00, 0x00, 0xfb, 0xe0, 0x04, 
    0x00, 0x00, 0x00, 0xf4, 0xc3, 0x79, 0xfd, 0x24, 0xff, 0xf4, 0xe3, 0xfe, 
    0xf4, 0xc3, 0xfc, 0xf4, 0xe3, 0xff, 0xf4, 0xe3, 0xff, 0xf4, 0xe3, 0xff, 
    0xf4, 0xe3, 0xff, 0xf4, 0xe3, 0xff, 0xf4, 0xe3, 0xff, 0xf4, 0xe3, 0xff, 
    0xf4, 0xe3, 0xff, 0xf4, 0xe3, 0xff, 0xf4, 0xe3, 0xff, 0xf4, 0xe3, 0xff, 
    0xf4, 0xc3, 0xfc, 0xf4, 0xe3, 0xfe, 0xfd, 0x44, 0xff, 0xf4, 0xe3, 0x95, 
    0x00, 0x00, 0x00, 0xfd, 0x40, 0x03, 0xff, 0xe0, 0x01, 0x00, 0x00, 0x00, 
    0x00, 0x00, 0x00, 0x00, 0x00, 0x00, 0x00, 0x00, 0x00, 0x00, 0x00, 0x00, 
    0x00, 0x00, 0x00, 0x00, 0x00, 0x00, 0x00, 0x00, 0x00, 0x00, 0x00, 0x00, 
    0x00, 0x00, 0x00, 0x00, 0x00, 0x00, 0x00, 0x00, 0x00, 0x00, 0x00, 0x00, 
    0x00, 0x00, 0x00, 0x00, 0x00, 0x00, 0x00, 0x00, 0x00, 0x00, 0x00, 0x00, 
    0x00, 0x00, 0x00, 0x00, 0x00, 0x00, 0x00, 0x00, 0x00, 0x00, 0x00, 0x00, 
    0x00, 0x00, 0x00, 0x00, 0x00, 0x00, 0x00, 0x00, 0x00, 0x00, 0x00, 0x00, 
    0x00, 0x00, 0x00, 0x00, 0x00, 0x00, 0x00, 0x00, 0x00, 0x00, 0x00, 0x00, 
    0x00, 0x00, 0x00, 0x00, 0x00, 0x00, 0x00, 0x00, 0x00, 0x00, 0x00, 0x00, 
    0x00, 0x00, 0x00, 0x00, 0x00, 0x00, 0x00, 0x00, 0x00, 0x00, 0x00, 0x00, 
    0x00, 0x00, 0x00, 0x00, 0x00, 0x00, 0x00, 0x00, 0x00, 0x00, 0x00, 0x00, 
    0x00, 0x00, 0x00, 0x00, 0x00, 0x00, 0x00, 0x00, 0x00, 0x00, 0x00, 0x00, 
    0x00, 0x00, 0x00, 0x00, 0x00, 0x00, 0x00, 0x00, 0x00, 0x00, 0x00, 0x00, 
    0xfb, 0xe0, 0x02, 0x00, 0x00, 0x00, 0xf4, 0xe3, 0xb8, 0xfd, 0x24, 0xfe, 
    0xf4, 0xc3, 0xfc, 0xf4, 0xe3, 0xff, 0xf4, 0xe3, 0xff, 0xf4, 0xe3, 0xff, 
    0xf4, 0xe3, 0xff, 0xf4, 0xe3, 0xff, 0xf4, 0xe3, 0xff, 0xf4, 0xe3, 0xff, 
    0xf4, 0xe3, 0xff, 0xf4, 0xe3, 0xff, 0xf4, 0xe3, 0xff, 0xf4, 0xe3, 0xff, 
    0xf4, 0xe3, 0xfd, 0xf4, 0xc3, 0xfc, 0xfd, 0x44, 0xff, 0xf4, 0xe3, 0xbc, 
    0xe4, 0x63, 0x12, 0x00, 0x00, 0x00, 0xaa, 0xa0, 0x03, 0x00, 0x00, 0x00, 
    0x00, 0x00, 0x00, 0x00, 0x00, 0x00, 0x00, 0x00, 0x00, 0x00, 0x00, 0x00, 
    0x00, 0x00, 0x00, 0x00, 0x00, 0x00, 0x00, 0x00, 0x00, 0x00, 0x00, 0x00, 
    0x00, 0x00, 0x00, 0x00, 0x00, 0x00, 0x00, 0x00, 0x00, 0xff, 0xe0, 0x01, 
    0x00, 0x00, 0x00, 0xfe, 0x6f, 0x0a, 0xfe, 0x0e, 0xe4, 0xfe, 0x2f, 0xff, 
    0xfe, 0x0e, 0xfe, 0xfe, 0x0e, 0xff, 0xfe, 0x0e, 0xff, 0xfe, 0x0e, 0xff, 
    0xfe, 0x0e, 0xff, 0xfe, 0x0e, 0xff, 0xfe, 0x0e, 0xff, 0xfe, 0x0e, 0xff, 
    0xfe, 0x0e, 0xff, 0xfe, 0x0e, 0xff, 0xfe, 0x0e, 0xff, 0xfe, 0x0e, 0xff, 
    0xfe, 0x0e, 0xff, 0xfe, 0x0e, 0xfc, 0xfe, 0x4f, 0xff, 0xfe, 0x0e, 0x54, 
    0x00, 0x00, 0x00, 0xff, 0xf5, 0x03, 0x00, 0x00, 0x00, 0x00, 0x00, 0x00, 
    0x00, 0x00, 0x00, 0x00, 0x00, 0x00, 0x00, 0x00, 0x00, 0x00, 0x00, 0x00, 
    0x00, 0x00, 0x00, 0x00, 0x00, 0x00, 0x00, 0x00, 0x00, 0x00, 0x00, 0x00, 
    0xfd, 0x40, 0x03, 0x00, 0x00, 0x00, 0xf4, 0xc3, 0x6c, 0xfd, 0x04, 0xfb, 
    0xfd, 0x04, 0xff, 0xf4, 0xc3, 0xfc, 0xf4, 0xc3, 0xfc, 0xf4, 0xc3, 0xfe, 
    0xf4, 0xe3, 0xff, 0xf4, 0xe3, 0xff, 0xf4, 0xe3, 0xff, 0xf4, 0xe3, 0xff, 
    0xf4, 0xe3, 0xfe, 0xf4, 0xe3, 0xfd, 0xf4, 0xc3, 0xfb, 0xf4, 0xc3, 0xfe, 
    0xfd, 0x24, 0xff, 0xfd, 0x03, 0xf8, 0xf4, 0xe3, 0x72, 0x00, 0x00, 0x00, 
    0xfb, 0xe0, 0x02, 0xf8, 0x00, 0x01, 0x00, 0x00, 0x00, 0x00, 0x00, 0x00, 
    0x00, 0x00, 0x00, 0x00, 0x00, 0x00, 0x00, 0x00, 0x00, 0x00, 0x00, 0x00, 
    0x00, 0x00, 0x00, 0x00, 0x00, 0x00, 0x00, 0x00, 0x00, 0x00, 0x00, 0x00, 
    0x00, 0x00, 0x00, 0x00, 0x00, 0x00, 0x00, 0x00, 0x00, 0x00, 0x00, 0x00, 
    0x00, 0x00, 0x00, 0x00, 0x00, 0x00, 0x00, 0x00, 0x00, 0x00, 0x00, 0x00, 
    0x00, 0x00, 0x00, 0x00, 0x00, 0x00, 0x00, 0x00, 0x00, 0x00, 0x00, 0x00, 
    0x00, 0x00, 0x00, 0x00, 0x00, 0x00, 0x00, 0x00, 0x00, 0x00, 0x00, 0x00, 
    0x00, 0x00, 0x00, 0x00, 0x00, 0x00, 0x00, 0x00, 0x00, 0x00, 0x00, 0x00, 
    0x00, 0x00, 0x00, 0x00, 0x00, 0x00, 0x00, 0x00, 0x00, 0x00, 0x00, 0x00, 
    0x00, 0x00, 0x00, 0x00, 0x00, 0x00, 0x00, 0x00, 0x00, 0x00, 0x00, 0x00, 
    0x00, 0x00, 0x00, 0x00, 0x00, 0x00, 0x00, 0x00, 0x00, 0x00, 0x00, 0x00, 
    0x00, 0x00, 0x00, 0x00, 0x00, 0x00, 0x00, 0x00, 0x00, 0x00, 0x00, 0x00, 
    0x00, 0x00, 0x00, 0x00, 0x00, 0x00, 0x00, 0x00, 0x00, 0x00, 0x00, 0x00, 
    0xfd, 0x40, 0x03, 0x00, 0x00, 0x00, 0xf4, 0xe3, 0x56, 0xfd, 0x24, 0xff, 
    0xf4, 0xe3, 0xfa, 0xf4, 0xe3, 0xff, 0xf4, 0xe3, 0xff, 0xf4, 0xe3, 0xff, 
    0xf4, 0xe3, 0xff, 0xf4, 0xe3, 0xff, 0xf4, 0xe3, 0xff, 0xf4, 0xe3, 0xff, 
    0xf4, 0xe3, 0xff, 0xf4, 0xe3, 0xff, 0xf4, 0xe3, 0xff, 0xf4, 0xc3, 0xfb, 
    0xf4, 0xe4, 0xff, 0xfd, 0x24, 0xff, 0xf4, 0xe3, 0x95, 0xcb, 0x20, 0x05, 
    0x00, 0x00, 0x00, 0xfb, 0xe0, 0x02, 0x00, 0x00, 0x00, 0x00, 0x00, 0x00, 
    0x00, 0x00, 0x00, 0x00, 0x00, 0x00, 0x00, 0x00, 0x00, 0x00, 0x00, 0x00, 
    0x00, 0x00, 0x00, 0x00, 0x00, 0x00, 0x00, 0x00, 0x00, 0x00, 0x00, 0x00, 
    0x00, 0x00, 0x00, 0x00, 0x00, 0x00, 0x00, 0x00, 0x00, 0xff, 0xff, 0x01, 
    0x00, 0x00, 0x00, 0xfd, 0xee, 0x14, 0xfe, 0x0e, 0xf1, 0xfe, 0x2f, 0xff, 
    0xfe, 0x0e, 0xfe, 0xfe, 0x0e, 0xff, 0xfe, 0x0e, 0xff, 0xfe, 0x0e, 0xff, 
    0xfe, 0x0e, 0xff, 0xfe, 0x0e, 0xff, 0xfe, 0x0e, 0xff, 0xfe, 0x0e, 0xff, 
    0xfe, 0x0e, 0xff, 0xfe, 0x0e, 0xff, 0xfe, 0x0e, 0xff, 0xfe, 0x0e, 0xff, 
    0xfe, 0x0e, 0xff, 0xfe, 0x0e, 0xfb, 0xfe, 0x6f, 0xff, 0xfd, 0xee, 0x71, 
    0x00, 0x00, 0x00, 0xfd, 0xef, 0x04, 0x00, 0x00, 0x00, 0x00, 0x00, 0x00, 
    0x00, 0x00, 0x00, 0x00, 0x00, 0x00, 0x00, 0x00, 0x00, 0x00, 0x00, 0x00, 
    0x00, 0x00, 0x00, 0x00, 0x00, 0x00, 0x00, 0x00, 0x00, 0x00, 0x00, 0x00, 
    0x00, 0x00, 0x00, 0xfd, 0x40, 0x03, 0x00, 0x00, 0x00, 0xf4, 0xc3, 0x3a, 
    0xfd, 0x04, 0xc5, 0xfd, 0x24, 0xff, 0xfd, 0x24, 0xff, 0xf4, 0xe4, 0xff, 
    0xf4, 0xe3, 0xff, 0xf4, 0xe3, 0xfd, 0xf4, 0xe3, 0xfd, 0xf4, 0xc3, 0xfe, 
    0xf4, 0xe3, 0xff, 0xfd, 0x04, 0xff, 0xfd, 0x24, 0xff, 0xf4, 0xe4, 0xff, 
    0xf4, 0xe3, 0xb3, 0xec, 0xe3, 0x31, 0x00, 0x00, 0x00, 0xfb, 0xe0, 0x02, 
    0xf8, 0x00, 0x01, 0x00, 0x00, 0x00, 0x00, 0x00, 0x00, 0x00, 0x00, 0x00, 
    0x00, 0x00, 0x00, 0x00, 0x00, 0x00, 0x00, 0x00, 0x00, 0x00, 0x00, 0x00, 
    0x00, 0x00, 0x00, 0x00, 0x00, 0x00, 0x00, 0x00, 0x00, 0x00, 0x00, 0x00, 
    0x00, 0x00, 0x00, 0x00, 0x00, 0x00, 0x00, 0x00, 0x00, 0x00, 0x00, 0x00, 
    0x00, 0x00, 0x00, 0x00, 0x00, 0x00, 0x00, 0x00, 0x00, 0x00, 0x00, 0x00, 
    0x00, 0x00, 0x00, 0x00, 0x00, 0x00, 0x00, 0x00, 0x00, 0x00, 0x00, 0x00, 
    0x00, 0x00, 0x00, 0x00, 0x00, 0x00, 0x00, 0x00, 0x00, 0x00, 0x00, 0x00, 
    0x00, 0x00, 0x00, 0x00, 0x00, 0x00, 0x00, 0x00, 0x00, 0x00, 0x00, 0x00, 
    0x00, 0x00, 0x00, 0x00, 0x00, 0x00, 0x00, 0x00, 0x00, 0x00, 0x00, 0x00, 
    0x00, 0x00, 0x00, 0x00, 0x00, 0x00, 0x00, 0x00, 0x00, 0x00, 0x00, 0x00, 
    0x00, 0x00, 0x00, 0x00, 0x00, 0x00, 0x00, 0x00, 0x00, 0x00, 0x00, 0x00, 
    0x00, 0x00, 0x00, 0x00, 0x00, 0x00, 0x00, 0x00, 0x00, 0x00, 0x00, 0x00, 
    0x00, 0x00, 0x00, 0x00, 0x00, 0x00, 0x00, 0x00, 0x00, 0x00, 0x00, 0x00, 
    0x00, 0x00, 0x00, 0xfb, 0xe0, 0x02, 0xfd, 0x40, 0x03, 0xf4, 0xc3, 0xbe, 
    0xfd, 0x24, 0xff, 0xf4, 0xc3, 0xf9, 0xf4, 0xe3, 0xff, 0xf4, 0xe3, 0xff, 
    0xf4, 0xe3, 0xff, 0xf4, 0xe3, 0xff, 0xf4, 0xe3, 0xff, 0xf4, 0xe3, 0xff, 
    0xf4, 0xc3, 0xfe, 0xf4, 0xe3, 0xfb, 0xf4, 0xe3, 0xfe, 0xfd, 0x24, 0xff, 
    0xfd, 0x04, 0xe7, 0xf4, 0xc3, 0x5a, 0x00, 0x00, 0x00, 0x00, 0x00, 0x00, 
    0xfb, 0xe0, 0x02, 0x00, 0x00, 0x00, 0x00, 0x00, 0x00, 0x00, 0x00, 0x00, 
    0x00, 0x00, 0x00, 0x00, 0x00, 0x00, 0x00, 0x00, 0x00, 0x00, 0x00, 0x00, 
    0x00, 0x00, 0x00, 0x00, 0x00, 0x00, 0x00, 0x00, 0x00, 0x00, 0x00, 0x00, 
    0x00, 0x00, 0x00, 0x00, 0x00, 0x00, 0x00, 0x00, 0x00, 0xff, 0xff, 0x01, 
    0x00, 0x00, 0x00, 0xf5, 0xcd, 0x13, 0xfe, 0x0e, 0xef, 0xfe, 0x2f, 0xff, 
    0xfe, 0x0e, 0xfe, 0xfe, 0x0e, 0xff, 0xfe, 0x0e, 0xff, 0xfe, 0x0e, 0xff, 
    0xfe, 0x0e, 0xff, 0xfe, 0x0e, 0xff, 0xfe, 0x0e, 0xff, 0xfe, 0x0e, 0xff, 
    0xfe, 0x0e, 0xff, 0xfe, 0x0e, 0xff, 0xfe, 0x0e, 0xff, 0xfe, 0x0e, 0xff, 
    0xfe, 0x0e, 0xff, 0xfe, 0x0e, 0xfb, 0xfe, 0x6f, 0xff, 0xfe, 0x0e, 0x7c, 
    0x00, 0x00, 0x00, 0xfd, 0xef, 0x04, 0x00, 0x00, 0x00, 0x00, 0x00, 0x00, 
    0x00, 0x00, 0x00, 0x00, 0x00, 0x00, 0x00, 0x00, 0x00, 0x00, 0x00, 0x00, 
    0x00, 0x00, 0x00, 0x00, 0x00, 0x00, 0x00, 0x00, 0x00, 0x00, 0x00, 0x00, 
    0x00, 0x00, 0x00, 0x00, 0x00, 0x00, 0xfd, 0x40, 0x03, 0x00, 0x00, 0x00, 
    0x00, 0x00, 0x00, 0xfc, 0xe3, 0x50, 0xf4, 0xe4, 0xad, 0xf4, 0xe3, 0xe6, 
    0xf4, 0xe3, 0xff, 0xfd, 0x04, 0xff, 0xfd, 0x04, 0xff, 0xfd, 0x04, 0xff, 
    0xf4, 0xe3, 0xf6, 0xf4, 0xe3, 0xd2, 0xf5, 0x04, 0x8f, 0xf4, 0xe4, 0x37, 
    0x00, 0x00, 0x00, 0x00, 0x00, 0x00, 0xfd, 0x40, 0x03, 0x00, 0x00, 0x00, 
    0x00, 0x00, 0x00, 0x00, 0x00, 0x00, 0x00, 0x00, 0x00, 0x00, 0x00, 0x00, 
    0x00, 0x00, 0x00, 0x00, 0x00, 0x00, 0x00, 0x00, 0x00, 0x00, 0x00, 0x00, 
    0x00, 0x00, 0x00, 0x00, 0x00, 0x00, 0x00, 0x00, 0x00, 0x00, 0x00, 0x00, 
    0x00, 0x00, 0x00, 0x00, 0x00, 0x00, 0x00, 0x00, 0x00, 0x00, 0x00, 0x00, 
    0x00, 0x00, 0x00, 0x00, 0x00, 0x00, 0x00, 0x00, 0x00, 0x00, 0x00, 0x00, 
    0x00, 0x00, 0x00, 0x00, 0x00, 0x00, 0x00, 0x00, 0x00, 0x00, 0x00, 0x00, 
    0x00, 0x00, 0x00, 0x00, 0x00, 0x00, 0x00, 0x00, 0x00, 0x00, 0x00, 0x00, 
    0x00, 0x00, 0x00, 0x00, 0x00, 0x00, 0x00, 0x00, 0x00, 0x00, 0x00, 0x00, 
    0x00, 0x00, 0x00, 0x00, 0x00, 0x00, 0x00, 0x00, 0x00, 0x00, 0x00, 0x00, 
    0x00, 0x00, 0x00, 0x00, 0x00, 0x00, 0x00, 0x00, 0x00, 0x00, 0x00, 0x00, 
    0x00, 0x00, 0x00, 0x00, 0x00, 0x00, 0x00, 0x00, 0x00, 0x00, 0x00, 0x00, 
    0x00, 0x00, 0x00, 0x00, 0x00, 0x00, 0x00, 0x00, 0x00, 0x00, 0x00, 0x00, 
    0x00, 0x00, 0x00, 0x00, 0x00, 0x00, 0x00, 0x00, 0x00, 0x00, 0x00, 0x00, 
    0x00, 0x00, 0x00, 0xfb, 0xe0, 0x02, 0xf8, 0x00, 0x01, 0xf4, 0xc3, 0x19, 
    0xf4, 0xe3, 0xd4, 0xfd, 0x44, 0xff, 0xf4, 0xe3, 0xfe, 0xf4, 0xc3, 0xfc, 
    0xf4, 0xe3, 0xfb, 0xf4, 0xe3, 0xfb, 0xf4, 0xe3, 0xfb, 0xf4, 0xc3, 0xff, 
    0xfd, 0x04, 0xff, 0xfd, 0x24, 0xff, 0xf4, 0xe4, 0xfe, 0xf5, 0x04, 0x9f, 
    0xec, 0xc3, 0x1c, 0x00, 0x00, 0x00, 0xfd, 0x40, 0x03, 0xf8, 0x00, 0x01, 
    0x00, 0x00, 0x00, 0x00, 0x00, 0x00, 0x00, 0x00, 0x00, 0x00, 0x00, 0x00, 
    0x00, 0x00, 0x00, 0x00, 0x00, 0x00, 0x00, 0x00, 0x00, 0x00, 0x00, 0x00, 
    0x00, 0x00, 0x00, 0x00, 0x00, 0x00, 0x00, 0x00, 0x00, 0x00, 0x00, 0x00, 
    0x00, 0x00, 0x00, 0x00, 0x00, 0x00, 0x00, 0x00, 0x00, 0xff, 0xe0, 0x01, 
    0x00, 0x00, 0x00, 0xdd, 0xad, 0x07, 0xfe, 0x0e, 0xdf, 0xfe, 0x2f, 0xff, 
    0xfe, 0x0e, 0xfd, 0xfe, 0x0e, 0xff, 0xfe, 0x0e, 0xff, 0xfe, 0x0e, 0xff, 
    0xfe, 0x0e, 0xff, 0xfe, 0x0e, 0xff, 0xfe, 0x0e, 0xff, 0xfe, 0x0e, 0xff, 
    0xfe, 0x0e, 0xff, 0xfe, 0x0e, 0xff, 0xfe, 0x0e, 0xff, 0xfe, 0x0e, 0xff, 
    0xfe, 0x0e, 0xff, 0xfe, 0x0e, 0xfb, 0xfe, 0x6f, 0xff, 0xfe, 0x0e, 0x78, 
    0x00, 0x00, 0x00, 0xfd, 0xef, 0x04, 0x00, 0x00, 0x00, 0x00, 0x00, 0x00, 
    0x00, 0x00, 0x00, 0x00, 0x00, 0x00, 0x00, 0x00, 0x00, 0x00, 0x00, 0x00, 
    0x00, 0x00, 0x00, 0x00, 0x00, 0x00, 0x00, 0x00, 0x00, 0x00, 0x00, 0x00, 
    0x00, 0x00, 0x00, 0x00, 0x00, 0x00, 0x00, 0x00, 0x00, 0xfb, 0xe0, 0x02, 
    0x00, 0x00, 0x00, 0x00, 0x00, 0x00, 0x00, 0x00, 0x00, 0xfd, 0x04, 0x0e, 
    0xf4, 0xe4, 0x2f, 0xf4, 0xe3, 0x46, 0xf4, 0xc3, 0x48, 0xf4, 0xe3, 0x39, 
    0xf4, 0xe3, 0x20, 0x00, 0x00, 0x00, 0x00, 0x00, 0x00, 0x00, 0x00, 0x00, 
    0xff, 0xe0, 0x01, 0xfb, 0xe0, 0x02, 0x00, 0x00, 0x00, 0x00, 0x00, 0x00, 
    0x00, 0x00, 0x00, 0x00, 0x00, 0x00, 0x00, 0x00, 0x00, 0x00, 0x00, 0x00, 
    0x00, 0x00, 0x00, 0x00, 0x00, 0x00, 0x00, 0x00, 0x00, 0x00, 0x00, 0x00, 
    0x00, 0x00, 0x00, 0x00, 0x00, 0x00, 0x00, 0x00, 0x00, 0x00, 0x00, 0x00, 
    0x00, 0x00, 0x00, 0x00, 0x00, 0x00, 0x00, 0x00, 0x00, 0x00, 0x00, 0x00, 
    0x00, 0x00, 0x00, 0x00, 0x00, 0x00, 0x00, 0x00, 0x00, 0x00, 0x00, 0x00, 
    0x00, 0x00, 0x00, 0x00, 0x00, 0x00, 0x00, 0x00, 0x00, 0x00, 0x00, 0x00, 
    0x00, 0x00, 0x00, 0x00, 0x00, 0x00, 0x00, 0x00, 0x00, 0x00, 0x00, 0x00, 
    0x00, 0x00, 0x00, 0x00, 0x00, 0x00, 0x00, 0x00, 0x00, 0x00, 0x00, 0x00, 
    0x00, 0x00, 0x00, 0x00, 0x00, 0x00, 0x00, 0x00, 0x00, 0x00, 0x00, 0x00, 
    0x00, 0x00, 0x00, 0x00, 0x00, 0x00, 0x00, 0x00, 0x00, 0x00, 0x00, 0x00, 
    0x00, 0x00, 0x00, 0x00, 0x00, 0x00, 0x00, 0x00, 0x00, 0x00, 0x00, 0x00, 
    0x00, 0x00, 0x00, 0x00, 0x00, 0x00, 0x00, 0x00, 0x00, 0x00, 0x00, 0x00, 
    0x00, 0x00, 0x00, 0x00, 0x00, 0x00, 0x00, 0x00, 0x00, 0x00, 0x00, 0x00, 
    0x00, 0x00, 0x00, 0x00, 0x00, 0x00, 0xfb, 0xe0, 0x02, 0x00, 0x00, 0x00, 
    0xe4, 0xc3, 0x14, 0xfd, 0x03, 0xa2, 0xf5, 0x03, 0xfa, 0xfd, 0x24, 0xff, 
    0xfd, 0x24, 0xff, 0xfd, 0x24, 0xff, 0xfd, 0x24, 0xff, 0xf4, 0xe4, 0xff, 
    0xf4, 0xe3, 0xe2, 0xf4, 0xe3, 0x9a, 0xf4, 0xc4, 0x36, 0x00, 0x00, 0x00, 
    0x00, 0x00, 0x00, 0xfd, 0x40, 0x03, 0x00, 0x00, 0x00, 0x00, 0x00, 0x00, 
    0x00, 0x00, 0x00, 0x00, 0x00, 0x00, 0x00, 0x00, 0x00, 0x00, 0x00, 0x00, 
    0x00, 0x00, 0x00, 0x00, 0x00, 0x00, 0x00, 0x00, 0x00, 0x00, 0x00, 0x00, 
    0x00, 0x00, 0x00, 0x00, 0x00, 0x00, 0x00, 0x00, 0x00, 0x00, 0x00, 0x00, 
    0x00, 0x00, 0x00, 0x00, 0x00, 0x00, 0x00, 0x00, 0x00, 0x00, 0x00, 0x00, 
    0xfb, 0xef, 0x02, 0x00, 0x00, 0x00, 0xfe, 0x0e, 0xbc, 0xfe, 0x4f, 0xff, 
    0xfe, 0x0e, 0xfc, 0xfe, 0x0e, 0xff, 0xfe, 0x0e, 0xff, 0xfe, 0x0e, 0xff, 
    0xfe, 0x0e, 0xff, 0xfe, 0x0e, 0xff, 0xfe, 0x0e, 0xff, 0xfe, 0x0e, 0xff, 
    0xfe, 0x0e, 0xff, 0xfe, 0x0e, 0xff, 0xfe, 0x0e, 0xff, 0xfe, 0x0e, 0xff, 
    0xfe, 0x0e, 0xff, 0xfe, 0x0e, 0xfb, 0xfe, 0x6f, 0xff, 0xfe, 0x0e, 0x68, 
    0x00, 0x00, 0x00, 0xfd, 0xef, 0x04, 0x00, 0x00, 0x00, 0x00, 0x00, 0x00, 
    0x00, 0x00, 0x00, 0x00, 0x00, 0x00, 0x00, 0x00, 0x00, 0x00, 0x00, 0x00, 
    0x00, 0x00, 0x00, 0x00, 0x00, 0x00, 0x00, 0x00, 0x00, 0x00, 0x00, 0x00, 
    0x00, 0x00, 0x00, 0x00, 0x00, 0x00, 0x00, 0x00, 0x00, 0x00, 0x00, 0x00, 
    0x00, 0x00, 0x01, 0xfd, 0x40, 0x03, 0xff, 0xe0, 0x02, 0x00, 0x00, 0x00, 
    0x00, 0x00, 0x00, 0x00, 0x00, 0x00, 0x00, 0x00, 0x00, 0x00, 0x00, 0x00, 
    0x00, 0x00, 0x00, 0x00, 0x00, 0x00, 0xfb, 0xe0, 0x04, 0xad, 0x40, 0x03, 
    0x00, 0x00, 0x00, 0x00, 0x00, 0x00, 0x00, 0x00, 0x00, 0x00, 0x00, 0x00, 
    0x00, 0x00, 0x00, 0x00, 0x00, 0x00, 0x00, 0x00, 0x00, 0x00, 0x00, 0x00, 
    0x00, 0x00, 0x00, 0x00, 0x00, 0x00, 0x00, 0x00, 0x00, 0x00, 0x00, 0x00, 
    0x00, 0x00, 0x00, 0x00, 0x00, 0x00, 0x00, 0x00, 0x00, 0x00, 0x00, 0x00, 
    0x00, 0x00, 0x00, 0x00, 0x00, 0x00, 0x00, 0x00, 0x00, 0x00, 0x00, 0x00, 
    0x00, 0x00, 0x00, 0x00, 0x00, 0x00, 0x00, 0x00, 0x00, 0x00, 0x00, 0x00, 
    0x00, 0x00, 0x00, 0x00, 0x00, 0x00, 0x00, 0x00, 0x00, 0x00, 0x00, 0x00, 
    0x00, 0x00, 0x00, 0x00, 0x00, 0x00, 0x00, 0x00, 0x00, 0x00, 0x00, 0x00, 
    0x00, 0x00, 0x00, 0x00, 0x00, 0x00, 0x00, 0x00, 0x00, 0x00, 0x00, 0x00, 
    0x00, 0x00, 0x00, 0x00, 0x00, 0x00, 0x00, 0x00, 0x00, 0x00, 0x00, 0x00, 
    0x00, 0x00, 0x00, 0x00, 0x00, 0x00, 0x00, 0x00, 0x00, 0x00, 0x00, 0x00, 
    0x00, 0x00, 0x00, 0x00, 0x00, 0x00, 0x00, 0x00, 0x00, 0x00, 0x00, 0x00, 
    0x00, 0x00, 0x00, 0x00, 0x00, 0x00, 0x00, 0x00, 0x00, 0x00, 0x00, 0x00, 
    0x00, 0x00, 0x00, 0x00, 0x00, 0x00, 0x00, 0x00, 0x00, 0x00, 0x00, 0x00, 
    0x00, 0x00, 0x00, 0x00, 0x00, 0x00, 0x00, 0x00, 0x00, 0xfb, 0xe0, 0x02, 
    0x00, 0x00, 0x00, 0x00, 0x00, 0x00, 0xfc, 0xe3, 0x2a, 0xf4, 0xe4, 0x55, 
    0xf4, 0xe3, 0x6a, 0xf4, 0xc3, 0x6c, 0xf4, 0xc3, 0x5a, 0xfc, 0xe4, 0x35, 
    0xfc, 0xa2, 0x0c, 0x00, 0x00, 0x00, 0x00, 0x00, 0x00, 0xff, 0xe0, 0x02, 
    0xff, 0xe0, 0x01, 0x00, 0x00, 0x00, 0x00, 0x00, 0x00, 0x00, 0x00, 0x00, 
    0x00, 0x00, 0x00, 0x00, 0x00, 0x00, 0x00, 0x00, 0x00, 0x00, 0x00, 0x00, 
    0x00, 0x00, 0x00, 0x00, 0x00, 0x00, 0x00, 0x00, 0x00, 0x00, 0x00, 0x00, 
    0x00, 0x00, 0x00, 0x00, 0x00, 0x00, 0x00, 0x00, 0x00, 0x00, 0x00, 0x00, 
    0x00, 0x00, 0x00, 0x00, 0x00, 0x00, 0x00, 0x00, 0x00, 0x00, 0x00, 0x00, 
    0xfd, 0xef, 0x04, 0x00, 0x00, 0x00, 0xfd, 0xee, 0x7d, 0xfe, 0x6f, 0xff, 
    0xfe, 0x0e, 0xfb, 0xfe, 0x0e, 0xff, 0xfe, 0x0e, 0xff, 0xfe, 0x0e, 0xff, 
    0xfe, 0x0e, 0xff, 0xfe, 0x0e, 0xff, 0xfe, 0x0e, 0xff, 0xfe, 0x0e, 0xff, 
    0xfe, 0x0e, 0xff, 0xfe, 0x0e, 0xff, 0xfe, 0x0e, 0xff, 0xfe, 0x0e, 0xff, 
    0xfe, 0x0e, 0xff, 0xfe, 0x0e, 0xfd, 0xfe, 0x4f, 0xff, 0xfe, 0x0e, 0x49, 
    0x00, 0x00, 0x00, 0xfd, 0x4a, 0x03, 0x00, 0x00, 0x00, 0x00, 0x00, 0x00, 
    0x00, 0x00, 0x00, 0x00, 0x00, 0x00, 0x00, 0x00, 0x00, 0x00, 0x00, 0x00, 
    0x00, 0x00, 0x00, 0x00, 0x00, 0x00, 0x00, 0x00, 0x00, 0x00, 0x00, 0x00, 
    0x00, 0x00, 0x00, 0x00, 0x00, 0x00, 0x00, 0x00, 0x00, 0x00, 0x00, 0x00, 
    0x00, 0x00, 0x00, 0x00, 0x00, 0x00, 0x00, 0x00, 0x00, 0xff, 0xe0, 0x01, 
    0xfb, 0xe0, 0x02, 0xfd, 0x40, 0x03, 0xfd, 0x40, 0x03, 0xfd, 0x40, 0x03, 
    0xfb, 0xe0, 0x02, 0x00, 0x00, 0x01, 0x00, 0x00, 0x00, 0x00, 0x00, 0x00, 
    0x00, 0x00, 0x00, 0x00, 0x00, 0x00, 0x00, 0x00, 0x00, 0x00, 0x00, 0x00, 
    0x00, 0x00, 0x00, 0x00, 0x00, 0x00, 0x00, 0x00, 0x00, 0x00, 0x00, 0x00, 
    0x00, 0x00, 0x00, 0x00, 0x00, 0x00, 0x00, 0x00, 0x00, 0x00, 0x00, 0x00, 
    0x00, 0x00, 0x00, 0x00, 0x00, 0x00, 0x00, 0x00, 0x00, 0x00, 0x00, 0x00, 
    0x00, 0x00, 0x00, 0x00, 0x00, 0x00, 0x00, 0x00, 0x00, 0x00, 0x00, 0x00, 
    0x00, 0x00, 0x00, 0x00, 0x00, 0x00, 0x00, 0x00, 0x00, 0x00, 0x00, 0x00, 
    0x00, 0x00, 0x00, 0x00, 0x00, 0x00, 0x00, 0x00, 0x00, 0x00, 0x00, 0x00, 
    0x00, 0x00, 0x00, 0x00, 0x00, 0x00, 0x00, 0x00, 0x00, 0x00, 0x00, 0x00, 
    0x00, 0x00, 0x00, 0x00, 0x00, 0x00, 0x00, 0x00, 0x00, 0x00, 0x00, 0x00, 
    0x00, 0x00, 0x00, 0x00, 0x00, 0x00, 0x00, 0x00, 0x00, 0x00, 0x00, 0x00, 
    0x00, 0x00, 0x00, 0x00, 0x00, 0x00, 0x00, 0x00, 0x00, 0x00, 0x00, 0x00, 
    0x00, 0x00, 0x00, 0x00, 0x00, 0x00, 0x00, 0x00, 0x00, 0x00, 0x00, 0x00, 
    0x00, 0x00, 0x00, 0x00, 0x00, 0x00, 0x00, 0x00, 0x00, 0x00, 0x00, 0x00, 
    0x00, 0x00, 0x00, 0x00, 0x00, 0x00, 0x00, 0x00, 0x00, 0x00, 0x00, 0x00, 
    0x00, 0x00, 0x00, 0x00, 0x00, 0x00, 0x00, 0x00, 0x00, 0x00, 0x00, 0x00, 
    0xff, 0xe0, 0x01, 0xfb, 0xe0, 0x02, 0x00, 0x00, 0x00, 0x00, 0x00, 0x00, 
    0x00, 0x00, 0x00, 0x00, 0x00, 0x00, 0x00, 0x00, 0x00, 0x00, 0x00, 0x00, 
    0x00, 0x00, 0x00, 0xfd, 0x40, 0x03, 0xfb, 0xe0, 0x02, 0x00, 0x00, 0x00, 
    0x00, 0x00, 0x00, 0x00, 0x00, 0x00, 0x00, 0x00, 0x00, 0x00, 0x00, 0x00, 
    0x00, 0x00, 0x00, 0x00, 0x00, 0x00, 0x00, 0x00, 0x00, 0x00, 0x00, 0x00, 
    0x00, 0x00, 0x00, 0x00, 0x00, 0x00, 0x00, 0x00, 0x00, 0x00, 0x00, 0x00, 
    0x00, 0x00, 0x00, 0x00, 0x00, 0x00, 0x00, 0x00, 0x00, 0x00, 0x00, 0x00, 
    0x00, 0x00, 0x00, 0x00, 0x00, 0x00, 0x00, 0x00, 0x00, 0x00, 0x00, 0x00, 
    0xff, 0xef, 0x02, 0x00, 0x00, 0x00, 0xfe, 0x0e, 0x29, 0xfe, 0x2e, 0xfb, 
    0xfe, 0x0e, 0xfd, 0xfe, 0x0e, 0xff, 0xfe, 0x0e, 0xff, 0xfe, 0x0e, 0xff, 
    0xfe, 0x0e, 0xff, 0xfe, 0x0e, 0xff, 0xfe, 0x0e, 0xff, 0xfe, 0x0e, 0xff, 
    0xfe, 0x0e, 0xff, 0xfe, 0x0e, 0xff, 0xfe, 0x0e, 0xff, 0xfe, 0x0e, 0xff, 
    0xfe, 0x0e, 0xfe, 0xfe, 0x0e, 0xff, 0xfe, 0x0e, 0xf7, 0xf5, 0xee, 0x1f, 
    0x00, 0x00, 0x00, 0xfb, 0xef, 0x02, 0x00, 0x00, 0x00, 0x00, 0x00, 0x00, 
    0x00, 0x00, 0x00, 0x00, 0x00, 0x00, 0x00, 0x00, 0x00, 0x00, 0x00, 0x00, 
    0x00, 0x00, 0x00, 0x00, 0x00, 0x00, 0x00, 0x00, 0x00, 0x00, 0x00, 0x00, 
    0x00, 0x00, 0x00, 0x00, 0x00, 0x00, 0x00, 0x00, 0x00, 0x00, 0x00, 0x00, 
    0x00, 0x00, 0x00, 0x00, 0x00, 0x00, 0x00, 0x00, 0x00, 0x00, 0x00, 0x00, 
    0x00, 0x00, 0x00, 0x00, 0x00, 0x00, 0x00, 0x00, 0x00, 0x00, 0x00, 0x00, 
    0x00, 0x00, 0x00, 0x00, 0x00, 0x00, 0x00, 0x00, 0x00, 0x00, 0x00, 0x00, 
    0x00, 0x00, 0x00, 0x00, 0x00, 0x00, 0x00, 0x00, 0x00, 0x00, 0x00, 0x00, 
    0x00, 0x00, 0x00, 0x00, 0x00, 0x00, 0x00, 0x00, 0x00, 0x00, 0x00, 0x00, 
    0x00, 0x00, 0x00, 0x00, 0x00, 0x00, 0x00, 0x00, 0x00, 0x00, 0x00, 0x00, 
    0x00, 0x00, 0x00, 0x00, 0x00, 0x00, 0x00, 0x00, 0x00, 0x00, 0x00, 0x00, 
    0x00, 0x00, 0x00, 0x00, 0x00, 0x00, 0x00, 0x00, 0x00, 0x00, 0x00, 0x00, 
    0x00, 0x00, 0x00, 0x00, 0x00, 0x00, 0x00, 0x00, 0x00, 0x00, 0x00, 0x00, 
    0x00, 0x00, 0x00, 0x00, 0x00, 0x00, 0x00, 0x00, 0x00, 0x00, 0x00, 0x00, 
    0x00, 0x00, 0x00, 0x00, 0x00, 0x00, 0x00, 0x00, 0x00, 0x00, 0x00, 0x00, 
    0x00, 0x00, 0x00, 0x00, 0x00, 0x00, 0x00, 0x00, 0x00, 0x00, 0x00, 0x00, 
    0x00, 0x00, 0x00, 0x00, 0x00, 0x00, 0x00, 0x00, 0x00, 0x00, 0x00, 0x00, 
    0x00, 0x00, 0x00, 0x00, 0x00, 0x00, 0x00, 0x00, 0x00, 0x00, 0x00, 0x00, 
    0x00, 0x00, 0x00, 0x00, 0x00, 0x00, 0x00, 0x00, 0x00, 0x00, 0x00, 0x00, 
    0x00, 0x00, 0x00, 0x00, 0x00, 0x00, 0x00, 0x00, 0x00, 0x00, 0x00, 0x00, 
    0x00, 0x00, 0x00, 0x00, 0x00, 0x00, 0x00, 0x00, 0x00, 0x00, 0x00, 0x00, 
    0x00, 0x00, 0x00, 0x00, 0x00, 0x00, 0x00, 0x00, 0x00, 0x00, 0x00, 0x00, 
    0x00, 0x00, 0x00, 0x00, 0x00, 0x00, 0xfb, 0xe0, 0x02, 0xbb, 0xe0, 0x04, 
    0xfb, 0xe0, 0x04, 0xfb, 0xe0, 0x04, 0xfb, 0xe0, 0x04, 0xad, 0x40, 0x03, 
    0xff, 0xe0, 0x01, 0x00, 0x00, 0x00, 0x00, 0x00, 0x00, 0x00, 0x00, 0x00, 
    0x00, 0x00, 0x00, 0x00, 0x00, 0x00, 0x00, 0x00, 0x00, 0x00, 0x00, 0x00, 
    0x00, 0x00, 0x00, 0x00, 0x00, 0x00, 0x00, 0x00, 0x00, 0x00, 0x00, 0x00, 
    0x00, 0x00, 0x00, 0x00, 0x00, 0x00, 0x00, 0x00, 0x00, 0x00, 0x00, 0x00, 
    0x00, 0x00, 0x00, 0x00, 0x00, 0x00, 0x00, 0x00, 0x00, 0x00, 0x00, 0x00, 
    0x00, 0x00, 0x00, 0x00, 0x00, 0x00, 0x00, 0x00, 0x00, 0x00, 0x00, 0x00, 
    0x00, 0x00, 0x00, 0xfd, 0x4a, 0x03, 0x00, 0x00, 0x00, 0xfe, 0x0e, 0xad, 
    0xfe, 0x6f, 0xff, 0xfe, 0x0e, 0xfb, 0xfe, 0x0e, 0xff, 0xfe, 0x0e, 0xff, 
    0xfe, 0x0e, 0xff, 0xfe, 0x0e, 0xff, 0xfe, 0x0e, 0xff, 0xfe, 0x0e, 0xff, 
    0xfe, 0x0e, 0xff, 0xfe, 0x0e, 0xff, 0xfe, 0x0e, 0xff, 0xfe, 0x0e, 0xff, 
    0xfe, 0x0e, 0xfc, 0xfe, 0x4f, 0xfe, 0xfe, 0x0e, 0xc8, 0x00, 0x00, 0x00, 
    0xff, 0xff, 0x01, 0x00, 0x00, 0x00, 0x00, 0x00, 0x00, 0x00, 0x00, 0x00, 
    0x00, 0x00, 0x00, 0x00, 0x00, 0x00, 0x00, 0x00, 0x00, 0x00, 0x00, 0x00, 
    0x00, 0x00, 0x00, 0x00, 0x00, 0x00, 0x00, 0x00, 0x00, 0x00, 0x00, 0x00, 
    0x00, 0x00, 0x00, 0x00, 0x00, 0x00, 0x00, 0x00, 0x00, 0x00, 0x00, 0x00, 
    0x00, 0x00, 0x00, 0x00, 0x00, 0x00, 0x00, 0x00, 0x00, 0x00, 0x00, 0x00, 
    0x00, 0x00, 0x00, 0x00, 0x00, 0x00, 0x00, 0x00, 0x00, 0x00, 0x00, 0x00, 
    0x00, 0x00, 0x00, 0x00, 0x00, 0x00, 0x00, 0x00, 0x00, 0x00, 0x00, 0x00, 
    0x00, 0x00, 0x00, 0x00, 0x00, 0x00, 0x00, 0x00, 0x00, 0x00, 0x00, 0x00, 
    0x00, 0x00, 0x00, 0x00, 0x00, 0x00, 0x00, 0x00, 0x00, 0x00, 0x00, 0x00, 
    0x00, 0x00, 0x00, 0x00, 0x00, 0x00, 0x00, 0x00, 0x00, 0x00, 0x00, 0x00, 
    0x00, 0x00, 0x00, 0x00, 0x00, 0x00, 0x00, 0x00, 0x00, 0x00, 0x00, 0x00, 
    0x00, 0x00, 0x00, 0x00, 0x00, 0x00, 0x00, 0x00, 0x00, 0x00, 0x00, 0x00, 
    0x00, 0x00, 0x00, 0x00, 0x00, 0x00, 0x00, 0x00, 0x00, 0x00, 0x00, 0x00, 
    0x00, 0x00, 0x00, 0x00, 0x00, 0x00, 0x00, 0x00, 0x00, 0x00, 0x00, 0x00, 
    0x00, 0x00, 0x00, 0x00, 0x00, 0x00, 0x00, 0x00, 0x00, 0x00, 0x00, 0x00, 
    0x00, 0x00, 0x00, 0x00, 0x00, 0x00, 0x00, 0x00, 0x00, 0x00, 0x00, 0x00, 
    0x00, 0x00, 0x00, 0x00, 0x00, 0x00, 0x00, 0x00, 0x00, 0x00, 0x00, 0x00, 
    0x00, 0x00, 0x00, 0x00, 0x00, 0x00, 0x00, 0x00, 0x00, 0x00, 0x00, 0x00, 
    0x00, 0x00, 0x00, 0x00, 0x00, 0x00, 0x00, 0x00, 0x00, 0x00, 0x00, 0x00, 
    0x00, 0x00, 0x00, 0x00, 0x00, 0x00, 0x00, 0x00, 0x00, 0x00, 0x00, 0x00, 
    0x00, 0x00, 0x00, 0x00, 0x00, 0x00, 0x00, 0x00, 0x00, 0x00, 0x00, 0x00, 
    0x00, 0x00, 0x00, 0x00, 0x00, 0x00, 0x00, 0x00, 0x00, 0x00, 0x00, 0x00, 
    0x00, 0x00, 0x00, 0x00, 0x00, 0x00, 0x00, 0x00, 0x00, 0x00, 0x00, 0x00, 
    0x00, 0x00, 0x00, 0x00, 0x00, 0x00, 0x00, 0x00, 0x00, 0x00, 0x00, 0x00, 
    0x00, 0x00, 0x00, 0x00, 0x00, 0x00, 0x00, 0x00, 0x00, 0x00, 0x00, 0x00, 
    0x00, 0x00, 0x00, 0x00, 0x00, 0x00, 0x00, 0x00, 0x00, 0x00, 0x00, 0x00, 
    0x00, 0x00, 0x00, 0x00, 0x00, 0x00, 0x00, 0x00, 0x00, 0x00, 0x00, 0x00, 
    0x00, 0x00, 0x00, 0x00, 0x00, 0x00, 0x00, 0x00, 0x00, 0x00, 0x00, 0x00, 
    0x00, 0x00, 0x00, 0x00, 0x00, 0x00, 0x00, 0x00, 0x00, 0x00, 0x00, 0x00, 
    0x00, 0x00, 0x00, 0x00, 0x00, 0x00, 0x00, 0x00, 0x00, 0x00, 0x00, 0x00, 
    0x00, 0x00, 0x00, 0xff, 0xef, 0x02, 0xff, 0xe0, 0x01, 0xfe, 0x2f, 0x28, 
    0xfe, 0x2f, 0xf8, 0xfe, 0x2f, 0xfc, 0xfe, 0x0e, 0xfd, 0xfe, 0x0e, 0xff, 
    0xfe, 0x0e, 0xff, 0xfe, 0x0e, 0xff, 0xfe, 0x0e, 0xff, 0xfe, 0x0e, 0xff, 
    0xfe, 0x0e, 0xff, 0xfe, 0x0e, 0xff, 0xfe, 0x0e, 0xff, 0xfe, 0x0e, 0xff, 
    0xfe, 0x0e, 0xfb, 0xfe, 0x6f, 0xff, 0xfe, 0x0e, 0x6a, 0x00, 0x00, 0x00, 
    0xfd, 0xef, 0x04, 0x00, 0x00, 0x00, 0x00, 0x00, 0x00, 0x00, 0x00, 0x00, 
    0x00, 0x00, 0x00, 0x00, 0x00, 0x00, 0x00, 0x00, 0x00, 0x00, 0x00, 0x00, 
    0x00, 0x00, 0x00, 0x00, 0x00, 0x00, 0x00, 0x00, 0x00, 0x00, 0x00, 0x00, 
    0x00, 0x00, 0x00, 0x00, 0x00, 0x00, 0x00, 0x00, 0x00, 0x00, 0x00, 0x00, 
    0x00, 0x00, 0x00, 0x00, 0x00, 0x00, 0x00, 0x00, 0x00, 0x00, 0x00, 0x00, 
    0x00, 0x00, 0x00, 0x00, 0x00, 0x00, 0x00, 0x00, 0x00, 0x00, 0x00, 0x00, 
    0x00, 0x00, 0x00, 0x00, 0x00, 0x00, 0x00, 0x00, 0x00, 0x00, 0x00, 0x00, 
    0x00, 0x00, 0x00, 0x00, 0x00, 0x00, 0x00, 0x00, 0x00, 0x00, 0x00, 0x00, 
    0x00, 0x00, 0x00, 0x00, 0x00, 0x00, 0x00, 0x00, 0x00, 0x00, 0x00, 0x00, 
    0x00, 0x00, 0x00, 0x00, 0x00, 0x00, 0x00, 0x00, 0x00, 0x00, 0x00, 0x00, 
    0x00, 0x00, 0x00, 0x00, 0x00, 0x00, 0x00, 0x00, 0x00, 0x00, 0x00, 0x00, 
    0x00, 0x00, 0x00, 0x00, 0x00, 0x00, 0x00, 0x00, 0x00, 0x00, 0x00, 0x00, 
    0x00, 0x00, 0x00, 0x00, 0x00, 0x00, 0x00, 0x00, 0x00, 0x00, 0x00, 0x00, 
    0x00, 0x00, 0x00, 0x00, 0x00, 0x00, 0x00, 0x00, 0x00, 0x00, 0x00, 0x00, 
    0x00, 0x00, 0x00, 0x00, 0x00, 0x00, 0x00, 0x00, 0x00, 0x00, 0x00, 0x00, 
    0x00, 0x00, 0x00, 0x00, 0x00, 0x00, 0x00, 0x00, 0x00, 0x00, 0x00, 0x00, 
    0x00, 0x00, 0x00, 0x00, 0x00, 0x00, 0x00, 0x00, 0x00, 0x00, 0x00, 0x00, 
    0x00, 0x00, 0x00, 0x00, 0x00, 0x00, 0x00, 0x00, 0x00, 0x00, 0x00, 0x00, 
    0x00, 0x00, 0x00, 0x00, 0x00, 0x00, 0x00, 0x00, 0x00, 0x00, 0x00, 0x00, 
    0x00, 0x00, 0x00, 0x00, 0x00, 0x00, 0x00, 0x00, 0x00, 0x00, 0x00, 0x00, 
    0x00, 0x00, 0x00, 0x00, 0x00, 0x00, 0x00, 0x00, 0x00, 0x00, 0x00, 0x00, 
    0x00, 0x00, 0x00, 0x00, 0x00, 0x00, 0x00, 0x00, 0x00, 0x00, 0x00, 0x00, 
    0x00, 0x00, 0x00, 0x00, 0x00, 0x00, 0x00, 0x00, 0x00, 0x00, 0x00, 0x00, 
    0x00, 0x00, 0x00, 0x00, 0x00, 0x00, 0x00, 0x00, 0x00, 0x00, 0x00, 0x00, 
    0x00, 0x00, 0x00, 0x00, 0x00, 0x00, 0x00, 0x00, 0x00, 0x00, 0x00, 0x00, 
    0x00, 0x00, 0x00, 0x00, 0x00, 0x00, 0x00, 0x00, 0x00, 0x00, 0x00, 0x00, 
    0x00, 0x00, 0x00, 0x00, 0x00, 0x00, 0x00, 0x00, 0x00, 0x00, 0x00, 0x00, 
    0x00, 0x00, 0x00, 0x00, 0x00, 0x00, 0x00, 0x00, 0x00, 0x00, 0x00, 0x00, 
    0x00, 0x00, 0x00, 0x00, 0x00, 0x00, 0x00, 0x00, 0x00, 0x00, 0x00, 0x00, 
    0x00, 0x00, 0x00, 0x00, 0x00, 0x00, 0x00, 0x00, 0x00, 0x00, 0x00, 0x00, 
    0x00, 0x00, 0x00, 0x00, 0x00, 0x00, 0xfd, 0x4a, 0x03, 0x00, 0x00, 0x00, 
    0xfd, 0xee, 0x65, 0xfe, 0x6f, 0xff, 0xfe, 0x0e, 0xfd, 0xfe, 0x0e, 0xfc, 
    0xfe, 0x0e, 0xff, 0xfe, 0x0e, 0xff, 0xfe, 0x0e, 0xff, 0xfe, 0x0e, 0xff, 
    0xfe, 0x0e, 0xff, 0xfe, 0x0e, 0xff, 0xfe, 0x0e, 0xff, 0xfe, 0x0e, 0xfc, 
    0xfe, 0x4f, 0xff, 0xfe, 0x0e, 0xdf, 0xfd, 0xef, 0x0c, 0xff, 0xff, 0x01, 
    0xff, 0xe0, 0x01, 0x00, 0x00, 0x00, 0x00, 0x00, 0x00, 0x00, 0x00, 0x00, 
    0x00, 0x00, 0x00, 0x00, 0x00, 0x00, 0x00, 0x00, 0x00, 0x00, 0x00, 0x00, 
    0x00, 0x00, 0x00, 0x00, 0x00, 0x00, 0x00, 0x00, 0x00, 0x00, 0x00, 0x00, 
    0x00, 0x00, 0x00, 0x00, 0x00, 0x00, 0x00, 0x00, 0x00, 0x00, 0x00, 0x00, 
    0x00, 0x00, 0x00, 0x00, 0x00, 0x00, 0x00, 0x00, 0x00, 0x00, 0x00, 0x00, 
    0x00, 0x00, 0x00, 0x00, 0x00, 0x00, 0x00, 0x00, 0x00, 0x00, 0x00, 0x00, 
    0x00, 0x00, 0x00, 0x00, 0x00, 0x00, 0x00, 0x00, 0x00, 0x00, 0x00, 0x00, 
    0x00, 0x00, 0x00, 0x00, 0x00, 0x00, 0x00, 0x00, 0x00, 0x00, 0x00, 0x00, 
    0x00, 0x00, 0x00, 0x00, 0x00, 0x00, 0x00, 0x00, 0x00, 0x00, 0x00, 0x00, 
    0x00, 0x00, 0x00, 0x00, 0x00, 0x00, 0x00, 0x00, 0x00, 0x00, 0x00, 0x00, 
    0x00, 0x00, 0x00, 0x00, 0x00, 0x00, 0x00, 0x00, 0x00, 0x00, 0x00, 0x00, 
    0x00, 0x00, 0x00, 0x00, 0x00, 0x00, 0x00, 0x00, 0x00, 0x00, 0x00, 0x00, 
    0x00, 0x00, 0x00, 0x00, 0x00, 0x00, 0x00, 0x00, 0x00, 0x00, 0x00, 0x00, 
    0x00, 0x00, 0x00, 0x00, 0x00, 0x00, 0x00, 0x00, 0x00, 0x00, 0x00, 0x00, 
    0x00, 0x00, 0x00, 0x00, 0x00, 0x00, 0x00, 0x00, 0x00, 0x00, 0x00, 0x00, 
    0x00, 0x00, 0x00, 0x00, 0x00, 0x00, 0x00, 0x00, 0x00, 0x00, 0x00, 0x00, 
    0x00, 0x00, 0x00, 0x00, 0x00, 0x00, 0x00, 0x00, 0x00, 0x00, 0x00, 0x00, 
    0x00, 0x00, 0x00, 0x00, 0x00, 0x00, 0x00, 0x00, 0x00, 0x00, 0x00, 0x00, 
    0x00, 0x00, 0x00, 0x00, 0x00, 0x00, 0x00, 0x00, 0x00, 0x00, 0x00, 0x00, 
    0x00, 0x00, 0x00, 0x00, 0x00, 0x00, 0x00, 0x00, 0x00, 0x00, 0x00, 0x00, 
    0x00, 0x00, 0x00, 0x00, 0x00, 0x00, 0x00, 0x00, 0x00, 0x00, 0x00, 0x00, 
    0x00, 0x00, 0x00, 0x00, 0x00, 0x00, 0x00, 0x00, 0x00, 0x00, 0x00, 0x00, 
    0x00, 0x00, 0x00, 0x00, 0x00, 0x00, 0x00, 0x00, 0x00, 0x00, 0x00, 0x00, 
    0x00, 0x00, 0x00, 0x00, 0x00, 0x00, 0x00, 0x00, 0x00, 0x00, 0x00, 0x00, 
    0x00, 0x00, 0x00, 0x00, 0x00, 0x00, 0x00, 0x00, 0x00, 0x00, 0x00, 0x00, 
    0x00, 0x00, 0x00, 0x00, 0x00, 0x00, 0x00, 0x00, 0x00, 0x00, 0x00, 0x00, 
    0x00, 0x00, 0x00, 0x00, 0x00, 0x00, 0x00, 0x00, 0x00, 0x00, 0x00, 0x00, 
    0x00, 0x00, 0x00, 0x00, 0x00, 0x00, 0x00, 0x00, 0x00, 0x00, 0x00, 0x00, 
    0x00, 0x00, 0x00, 0x00, 0x00, 0x00, 0x00, 0x00, 0x00, 0x00, 0x00, 0x00, 
    0x00, 0x00, 0x00, 0x00, 0x00, 0x00, 0x00, 0x00, 0x00, 0x00, 0x00, 0x00, 
    0x00, 0x00, 0x00, 0x00, 0x00, 0x00, 0x00, 0x00, 0x00, 0xfd, 0x4a, 0x03, 
    0x00, 0x00, 0x00, 0xfd, 0xee, 0x70, 0xfe, 0x4f, 0xff, 0xfe, 0x4f, 0xff, 
    0xfe, 0x0e, 0xfd, 0xfe, 0x0e, 0xfd, 0xfe, 0x0e, 0xfe, 0xfe, 0x0e, 0xff, 
    0xfe, 0x0e, 0xff, 0xfe, 0x0e, 0xfe, 0xfe, 0x0e, 0xfb, 0xfe, 0x2f, 0xff, 
    0xfe, 0x4f, 0xff, 0xf6, 0x0e, 0x43, 0x00, 0x00, 0x00, 0xfd, 0x4a, 0x03, 
    0x00, 0x00, 0x00, 0x00, 0x00, 0x00, 0x00, 0x00, 0x00, 0x00, 0x00, 0x00, 
    0x00, 0x00, 0x00, 0x00, 0x00, 0x00, 0x00, 0x00, 0x00, 0x00, 0x00, 0x00, 
    0x00, 0x00, 0x00, 0x00, 0x00, 0x00, 0x00, 0x00, 0x00, 0x00, 0x00, 0x00, 
    0x00, 0x00, 0x00, 0x00, 0x00, 0x00, 0x00, 0x00, 0x00, 0x00, 0x00, 0x00, 
    0x00, 0x00, 0x00, 0x00, 0x00, 0x00, 0x00, 0x00, 0x00, 0x00, 0x00, 0x00, 
    0x00, 0x00, 0x00, 0x00, 0x00, 0x00, 0x00, 0x00, 0x00, 0x00, 0x00, 0x00, 
    0x00, 0x00, 0x00, 0x00, 0x00, 0x00, 0x00, 0x00, 0x00, 0x00, 0x00, 0x00, 
    0x00, 0x00, 0x00, 0x00, 0x00, 0x00, 0x00, 0x00, 0x00, 0x00, 0x00, 0x00, 
    0x00, 0x00, 0x00, 0x00, 0x00, 0x00, 0x00, 0x00, 0x00, 0x00, 0x00, 0x00, 
    0x00, 0x00, 0x00, 0x00, 0x00, 0x00, 0x00, 0x00, 0x00, 0x00, 0x00, 0x00, 
    0x00, 0x00, 0x00, 0x00, 0x00, 0x00, 0x00, 0x00, 0x00, 0x00, 0x00, 0x00, 
    0x00, 0x00, 0x00, 0x00, 0x00, 0x00, 0x00, 0x00, 0x00, 0x00, 0x00, 0x00, 
    0x00, 0x00, 0x00, 0x00, 0x00, 0x00, 0x00, 0x00, 0x00, 0x00, 0x00, 0x00, 
    0x00, 0x00, 0x00, 0x00, 0x00, 0x00, 0x00, 0x00, 0x00, 0x00, 0x00, 0x00, 
    0x00, 0x00, 0x00, 0x00, 0x00, 0x00, 0x00, 0x00, 0x00, 0x00, 0x00, 0x00, 
    0x00, 0x00, 0x00, 0x00, 0x00, 0x00, 0x00, 0x00, 0x00, 0x00, 0x00, 0x00, 
    0x00, 0x00, 0x00, 0x00, 0x00, 0x00, 0x00, 0x00, 0x00, 0x00, 0x00, 0x00, 
    0x00, 0x00, 0x00, 0x00, 0x00, 0x00, 0x00, 0x00, 0x00, 0x00, 0x00, 0x00, 
    0x00, 0x00, 0x00, 0x00, 0x00, 0x00, 0x00, 0x00, 0x00, 0x00, 0x00, 0x00, 
    0x00, 0x00, 0x00, 0x00, 0x00, 0x00, 0x00, 0x00, 0x00, 0x00, 0x00, 0x00, 
    0x00, 0x00, 0x00, 0x00, 0x00, 0x00, 0x00, 0x00, 0x00, 0x00, 0x00, 0x00, 
    0x00, 0x00, 0x00, 0x00, 0x00, 0x00, 0x00, 0x00, 0x00, 0x00, 0x00, 0x00, 
    0x00, 0x00, 0x00, 0x00, 0x00, 0x00, 0x00, 0x00, 0x00, 0x00, 0x00, 0x00, 
    0x00, 0x00, 0x00, 0x00, 0x00, 0x00, 0x00, 0x00, 0x00, 0x00, 0x00, 0x00, 
    0x00, 0x00, 0x00, 0x00, 0x00, 0x00, 0x00, 0x00, 0x00, 0x00, 0x00, 0x00, 
    0x00, 0x00, 0x00, 0x00, 0x00, 0x00, 0x00, 0x00, 0x00, 0x00, 0x00, 0x00, 
    0x00, 0x00, 0x00, 0x00, 0x00, 0x00, 0x00, 0x00, 0x00, 0x00, 0x00, 0x00, 
    0x00, 0x00, 0x00, 0x00, 0x00, 0x00, 0x00, 0x00, 0x00, 0x00, 0x00, 0x00, 
    0x00, 0x00, 0x00, 0x00, 0x00, 0x00, 0x00, 0x00, 0x00, 0x00, 0x00, 0x00, 
    0x00, 0x00, 0x00, 0x00, 0x00, 0x00, 0x00, 0x00, 0x00, 0x00, 0x00, 0x00, 
    0x00, 0x00, 0x00, 0x00, 0x00, 0x00, 0x00, 0x00, 0x00, 0x00, 0x00, 0x00, 
    0xfd, 0x4a, 0x03, 0x00, 0x00, 0x00, 0xfe, 0x0e, 0x42, 0xfe, 0x2f, 0xc9, 
    0xfe, 0x4f, 0xff, 0xfe, 0x4f, 0xff, 0xfe, 0x2f, 0xff, 0xfe, 0x0e, 0xff, 
    0xfe, 0x0e, 0xff, 0xfe, 0x2f, 0xff, 0xfe, 0x4f, 0xff, 0xfe, 0x2f, 0xeb, 
    0xfd, 0xee, 0x53, 0x00, 0x00, 0x00, 0xff, 0xef, 0x02, 0x00, 0x00, 0x00, 
    0x00, 0x00, 0x00, 0x00, 0x00, 0x00, 0x00, 0x00, 0x00, 0x00, 0x00, 0x00, 
    0x00, 0x00, 0x00, 0x00, 0x00, 0x00, 0x00, 0x00, 0x00, 0x00, 0x00, 0x00, 
    0x00, 0x00, 0x00, 0x00, 0x00, 0x00, 0x00, 0x00, 0x00, 0x00, 0x00, 0x00, 
    0x00, 0x00, 0x00, 0x00, 0x00, 0x00, 0x00, 0x00, 0x00, 0x00, 0x00, 0x00, 
    0x00, 0x00, 0x00, 0x00, 0x00, 0x00, 0x00, 0x00, 0x00, 0x00, 0x00, 0x00, 
    0x00, 0x00, 0x00, 0x00, 0x00, 0x00, 0x00, 0x00, 0x00, 0x00, 0x00, 0x00, 
    0x00, 0x00, 0x00, 0x00, 0x00, 0x00, 0x00, 0x00, 0x00, 0x00, 0x00, 0x00, 
    0x00, 0x00, 0x00, 0x00, 0x00, 0x00, 0x00, 0x00, 0x00, 0x00, 0x00, 0x00, 
    0x00, 0x00, 0x00, 0x00, 0x00, 0x00, 0x00, 0x00, 0x00, 0x00, 0x00, 0x00, 
    0x00, 0x00, 0x00, 0x00, 0x00, 0x00, 0x00, 0x00, 0x00, 0x00, 0x00, 0x00, 
    0x00, 0x00, 0x00, 0x00, 0x00, 0x00, 0x00, 0x00, 0x00, 0x00, 0x00, 0x00, 
    0x00, 0x00, 0x00, 0x00, 0x00, 0x00, 0x00, 0x00, 0x00, 0x00, 0x00, 0x00, 
    0x00, 0x00, 0x00, 0x00, 0x00, 0x00, 0x00, 0x00, 0x00, 0x00, 0x00, 0x00, 
    0x00, 0x00, 0x00, 0x00, 0x00, 0x00, 0x00, 0x00, 0x00, 0x00, 0x00, 0x00, 
    0x00, 0x00, 0x00, 0x00, 0x00, 0x00, 0x00, 0x00, 0x00, 0x00, 0x00, 0x00, 
    0x00, 0x00, 0x00, 0x00, 0x00, 0x00, 0x00, 0x00, 0x00, 0x00, 0x00, 0x00, 
    0x00, 0x00, 0x00, 0x00, 0x00, 0x00, 0x00, 0x00, 0x00, 0x00, 0x00, 0x00, 
    0x00, 0x00, 0x00, 0x00, 0x00, 0x00, 0x00, 0x00, 0x00, 0x00, 0x00, 0x00, 
    0x00, 0x00, 0x00, 0x00, 0x00, 0x00, 0x00, 0x00, 0x00, 0x00, 0x00, 0x00, 
    0x00, 0x00, 0x00, 0x00, 0x00, 0x00, 0x00, 0x00, 0x00, 0x00, 0x00, 0x00, 
    0x00, 0x00, 0x00, 0x00, 0x00, 0x00, 0x00, 0x00, 0x00, 0x00, 0x00, 0x00, 
    0x00, 0x00, 0x00, 0x00, 0x00, 0x00, 0x00, 0x00, 0x00, 0x00, 0x00, 0x00, 
    0x00, 0x00, 0x00, 0x00, 0x00, 0x00, 0x00, 0x00, 0x00, 0x00, 0x00, 0x00, 
    0x00, 0x00, 0x00, 0x00, 0x00, 0x00, 0x00, 0x00, 0x00, 0x00, 0x00, 0x00, 
    0x00, 0x00, 0x00, 0x00, 0x00, 0x00, 0x00, 0x00, 0x00, 0x00, 0x00, 0x00, 
    0x00, 0x00, 0x00, 0x00, 0x00, 0x00, 0x00, 0x00, 0x00, 0x00, 0x00, 0x00, 
    0x00, 0x00, 0x00, 0x00, 0x00, 0x00, 0x00, 0x00, 0x00, 0x00, 0x00, 0x00, 
    0x00, 0x00, 0x00, 0x00, 0x00, 0x00, 0x00, 0x00, 0x00, 0x00, 0x00, 0x00, 
    0x00, 0x00, 0x00, 0x00, 0x00, 0x00, 0x00, 0x00, 0x00, 0x00, 0x00, 0x00, 
    0x00, 0x00, 0x00, 0x00, 0x00, 0x00, 0x00, 0x00, 0x00, 0x00, 0x00, 0x00, 
    0x00, 0x00, 0x00, 0x00, 0x00, 0x00, 0x00, 0x00, 0x00, 0x00, 0x00, 0x00, 
    0x00, 0x00, 0x00, 0xfd, 0x4a, 0x03, 0x00, 0x00, 0x00, 0xfd, 0x4a, 0x03, 
    0xfe, 0x0e, 0x56, 0xfe, 0x2f, 0xae, 0xfe, 0x2e, 0xe2, 0xfe, 0x0e, 0xfd, 
    0xfe, 0x0e, 0xfd, 0xfe, 0x2f, 0xe0, 0xfe, 0x2f, 0x9a, 0xf5, 0xad, 0x27, 
    0x00, 0x00, 0x00, 0xfd, 0x4a, 0x03, 0x00, 0x00, 0x00, 0x00, 0x00, 0x00, 
    0x00, 0x00, 0x00, 0x00, 0x00, 0x00, 0x00, 0x00, 0x00, 0x00, 0x00, 0x00, 
    0x00, 0x00, 0x00, 0x00, 0x00, 0x00, 0x00, 0x00, 0x00, 0x00, 0x00, 0x00, 
    0x00, 0x00, 0x00, 0x00, 0x00, 0x00, 0x00, 0x00, 0x00, 0x00, 0x00, 0x00, 
    0x00, 0x00, 0x00, 0x00, 0x00, 0x00, 0x00, 0x00, 0x00, 0x00, 0x00, 0x00, 
    0x00, 0x00, 0x00, 0x00, 0x00, 0x00, 0x00, 0x00, 0x00, 0x00, 0x00, 0x00, 
    0x00, 0x00, 0x00, 0x00, 0x00, 0x00, 0x00, 0x00, 0x00, 0x00, 0x00, 0x00, 
    0x00, 0x00, 0x00, 0x00, 0x00, 0x00, 0x00, 0x00, 0x00, 0x00, 0x00, 0x00, 
    0x00, 0x00, 0x00, 0x00, 0x00, 0x00, 0x00, 0x00, 0x00, 0x00, 0x00, 0x00, 
    0x00, 0x00, 0x00, 0x00, 0x00, 0x00, 0x00, 0x00, 0x00, 0x00, 0x00, 0x00, 
    0x00, 0x00, 0x00, 0x00, 0x00, 0x00, 0x00, 0x00, 0x00, 0x00, 0x00, 0x00, 
    0x00, 0x00, 0x00, 0x00, 0x00, 0x00, 0x00, 0x00, 0x00, 0x00, 0x00, 0x00, 
    0x00, 0x00, 0x00, 0x00, 0x00, 0x00, 0x00, 0x00, 0x00, 0x00, 0x00, 0x00, 
    0x00, 0x00, 0x00, 0x00, 0x00, 0x00, 0x00, 0x00, 0x00, 0x00, 0x00, 0x00, 

};

const lv_img_dsc_t paint_icon = {
    .header.always_zero = 0,
    .header.w = 140,
    .header.h = 140,
    .data_size = 58800,
    .header.cf = LV_IMG_CF_TRUE_COLOR_ALPHA,
    .data = paint_icon_map,
};
