#include "anim_manager.h"
#include "lvgl.h"

static const lv_point_t my_anim_f0_s0_pts[] = {
    { 0, 39 },
    { 160, 39 },
    { 159, 50 },
    { 158, 60 },
    { 157, 69 },
    { 155, 78 },
    { 152, 86 },
    { 148, 94 },
    { 144, 101 },
    { 140, 107 },
    { 134, 112 },
    { 128, 117 },
    { 122, 121 },
    { 115, 124 },
    { 107, 126 },
    { 98, 128 },
    { 89, 129 },
    { 80, 130 },
    { 70, 129 },
    { 61, 128 },
    { 52, 126 },
    { 45, 124 },
    { 37, 121 },
    { 31, 117 },
    { 25, 112 },
    { 20, 107 },
    { 15, 101 },
    { 11, 94 },
    { 7, 86 },
    { 5, 78 },
    { 2, 69 },
    { 1, 60 },
    { 0, 50 },
    { 0, 39 },
};
static const lv_point_t my_anim_f0_s1_pts[] = {
    { 0, 39 },
    { 160, 39 },
    { 159, 50 },
    { 158, 60 },
    { 157, 69 },
    { 155, 78 },
    { 152, 86 },
    { 148, 94 },
    { 144, 101 },
    { 140, 107 },
    { 134, 112 },
    { 128, 117 },
    { 122, 121 },
    { 115, 124 },
    { 107, 126 },
    { 98, 128 },
    { 89, 129 },
    { 80, 130 },
    { 70, 129 },
    { 61, 128 },
    { 52, 126 },
    { 45, 124 },
    { 37, 121 },
    { 31, 117 },
    { 25, 112 },
    { 20, 107 },
    { 15, 101 },
    { 11, 94 },
    { 7, 86 },
    { 5, 78 },
    { 2, 69 },
    { 1, 60 },
    { 0, 50 },
    { 0, 39 },
};
static const anim_shape_t my_anim_f0_shapes[] = {
    { SHAPE_PATH, 33.00f, 168.00f, 160.00f, 130.00f, 25.00f, 0x00ffff, 1.00f, 0.00f, 0.00f, NULL, 14, 0.00f, 0xffffff, 0.00f, my_anim_f0_s0_pts, 34, NULL },
    { SHAPE_PATH, 273.00f, 168.00f, 160.00f, 130.00f, -25.00f, 0x00ffff, 1.00f, 0.00f, 0.00f, NULL, 14, 0.00f, 0xffffff, 0.00f, my_anim_f0_s1_pts, 34, NULL }
};

static const lv_point_t my_anim_f1_s0_pts[] = {
    { 0, 39 },
    { 160, 39 },
    { 159, 50 },
    { 158, 60 },
    { 157, 69 },
    { 155, 78 },
    { 152, 86 },
    { 148, 94 },
    { 144, 101 },
    { 140, 107 },
    { 134, 112 },
    { 128, 117 },
    { 122, 121 },
    { 115, 124 },
    { 107, 126 },
    { 98, 128 },
    { 89, 129 },
    { 80, 130 },
    { 70, 129 },
    { 61, 128 },
    { 52, 126 },
    { 45, 124 },
    { 37, 121 },
    { 31, 117 },
    { 25, 112 },
    { 20, 107 },
    { 15, 101 },
    { 11, 94 },
    { 7, 86 },
    { 5, 78 },
    { 2, 69 },
    { 1, 60 },
    { 0, 50 },
    { 0, 39 },
};
static const lv_point_t my_anim_f1_s1_pts[] = {
    { 0, 39 },
    { 160, 39 },
    { 159, 50 },
    { 158, 60 },
    { 157, 69 },
    { 155, 78 },
    { 152, 86 },
    { 148, 94 },
    { 144, 101 },
    { 140, 107 },
    { 134, 112 },
    { 128, 117 },
    { 122, 121 },
    { 115, 124 },
    { 107, 126 },
    { 98, 128 },
    { 89, 129 },
    { 80, 130 },
    { 70, 129 },
    { 61, 128 },
    { 52, 126 },
    { 45, 124 },
    { 37, 121 },
    { 31, 117 },
    { 25, 112 },
    { 20, 107 },
    { 15, 101 },
    { 11, 94 },
    { 7, 86 },
    { 5, 78 },
    { 2, 69 },
    { 1, 60 },
    { 0, 50 },
    { 0, 39 },
};
static const anim_shape_t my_anim_f1_shapes[] = {
    { SHAPE_PATH, 33.00f, 168.00f, 160.00f, 130.00f, 25.00f, 0x00ffff, 1.00f, 0.00f, 0.00f, NULL, 14, 0.00f, 0xffffff, 0.00f, my_anim_f1_s0_pts, 34, NULL },
    { SHAPE_PATH, 273.00f, 168.00f, 160.00f, 130.00f, -25.00f, 0x00ffff, 1.00f, 0.00f, 0.00f, NULL, 14, 0.00f, 0xffffff, 0.00f, my_anim_f1_s1_pts, 34, NULL }
};

static const lv_point_t my_anim_f2_s0_pts[] = {
    { 0, 39 },
    { 160, 39 },
    { 159, 50 },
    { 158, 60 },
    { 157, 69 },
    { 155, 78 },
    { 152, 86 },
    { 148, 94 },
    { 144, 101 },
    { 140, 107 },
    { 134, 112 },
    { 128, 117 },
    { 122, 121 },
    { 115, 124 },
    { 107, 126 },
    { 98, 128 },
    { 89, 129 },
    { 80, 130 },
    { 70, 129 },
    { 61, 128 },
    { 52, 126 },
    { 45, 124 },
    { 37, 121 },
    { 31, 117 },
    { 25, 112 },
    { 20, 107 },
    { 15, 101 },
    { 11, 94 },
    { 7, 86 },
    { 5, 78 },
    { 2, 69 },
    { 1, 60 },
    { 0, 50 },
    { 0, 39 },
};
static const lv_point_t my_anim_f2_s1_pts[] = {
    { 0, 39 },
    { 160, 39 },
    { 159, 50 },
    { 158, 60 },
    { 157, 69 },
    { 155, 78 },
    { 152, 86 },
    { 148, 94 },
    { 144, 101 },
    { 140, 107 },
    { 134, 112 },
    { 128, 117 },
    { 122, 121 },
    { 115, 124 },
    { 107, 126 },
    { 98, 128 },
    { 89, 129 },
    { 80, 130 },
    { 70, 129 },
    { 61, 128 },
    { 52, 126 },
    { 45, 124 },
    { 37, 121 },
    { 31, 117 },
    { 25, 112 },
    { 20, 107 },
    { 15, 101 },
    { 11, 94 },
    { 7, 86 },
    { 5, 78 },
    { 2, 69 },
    { 1, 60 },
    { 0, 50 },
    { 0, 39 },
};
static const anim_shape_t my_anim_f2_shapes[] = {
    { SHAPE_PATH, 33.00f, 176.00f, 160.00f, 130.00f, 15.00f, 0x00ffff, 1.00f, 0.00f, 0.00f, NULL, 14, 0.00f, 0xffffff, 0.00f, my_anim_f2_s0_pts, 34, NULL },
    { SHAPE_PATH, 273.00f, 176.00f, 160.00f, 130.00f, -15.00f, 0x00ffff, 1.00f, 0.00f, 0.00f, NULL, 14, 0.00f, 0xffffff, 0.00f, my_anim_f2_s1_pts, 34, NULL }
};

static const lv_point_t my_anim_f3_s0_pts[] = {
    { 0, 39 },
    { 160, 39 },
    { 159, 50 },
    { 158, 60 },
    { 157, 69 },
    { 155, 78 },
    { 152, 86 },
    { 148, 94 },
    { 144, 101 },
    { 140, 107 },
    { 134, 112 },
    { 128, 117 },
    { 122, 121 },
    { 115, 124 },
    { 107, 126 },
    { 98, 128 },
    { 89, 129 },
    { 80, 130 },
    { 70, 129 },
    { 61, 128 },
    { 52, 126 },
    { 45, 124 },
    { 37, 121 },
    { 31, 117 },
    { 25, 112 },
    { 20, 107 },
    { 15, 101 },
    { 11, 94 },
    { 7, 86 },
    { 5, 78 },
    { 2, 69 },
    { 1, 60 },
    { 0, 50 },
    { 0, 39 },
};
static const lv_point_t my_anim_f3_s1_pts[] = {
    { 0, 39 },
    { 160, 39 },
    { 159, 50 },
    { 158, 60 },
    { 157, 69 },
    { 155, 78 },
    { 152, 86 },
    { 148, 94 },
    { 144, 101 },
    { 140, 107 },
    { 134, 112 },
    { 128, 117 },
    { 122, 121 },
    { 115, 124 },
    { 107, 126 },
    { 98, 128 },
    { 89, 129 },
    { 80, 130 },
    { 70, 129 },
    { 61, 128 },
    { 52, 126 },
    { 45, 124 },
    { 37, 121 },
    { 31, 117 },
    { 25, 112 },
    { 20, 107 },
    { 15, 101 },
    { 11, 94 },
    { 7, 86 },
    { 5, 78 },
    { 2, 69 },
    { 1, 60 },
    { 0, 50 },
    { 0, 39 },
};
static const anim_shape_t my_anim_f3_shapes[] = {
    { SHAPE_PATH, 34.00f, 178.00f, 160.00f, 130.00f, 13.00f, 0x00ffff, 1.00f, 0.00f, 0.00f, NULL, 14, 0.00f, 0xffffff, 0.00f, my_anim_f3_s0_pts, 34, NULL },
    { SHAPE_PATH, 274.00f, 178.00f, 160.00f, 130.00f, -13.00f, 0x00ffff, 1.00f, 0.00f, 0.00f, NULL, 14, 0.00f, 0xffffff, 0.00f, my_anim_f3_s1_pts, 34, NULL }
};

static const lv_point_t my_anim_f4_s0_pts[] = {
    { 0, 39 },
    { 160, 39 },
    { 159, 50 },
    { 158, 60 },
    { 157, 69 },
    { 155, 78 },
    { 152, 86 },
    { 148, 94 },
    { 144, 101 },
    { 140, 107 },
    { 134, 112 },
    { 128, 117 },
    { 122, 121 },
    { 115, 124 },
    { 107, 126 },
    { 98, 128 },
    { 89, 129 },
    { 80, 130 },
    { 70, 129 },
    { 61, 128 },
    { 52, 126 },
    { 45, 124 },
    { 37, 121 },
    { 31, 117 },
    { 25, 112 },
    { 20, 107 },
    { 15, 101 },
    { 11, 94 },
    { 7, 86 },
    { 5, 78 },
    { 2, 69 },
    { 1, 60 },
    { 0, 50 },
    { 0, 39 },
};
static const lv_point_t my_anim_f4_s1_pts[] = {
    { 0, 39 },
    { 160, 39 },
    { 159, 50 },
    { 158, 60 },
    { 157, 69 },
    { 155, 78 },
    { 152, 86 },
    { 148, 94 },
    { 144, 101 },
    { 140, 107 },
    { 134, 112 },
    { 128, 117 },
    { 122, 121 },
    { 115, 124 },
    { 107, 126 },
    { 98, 128 },
    { 89, 129 },
    { 80, 130 },
    { 70, 129 },
    { 61, 128 },
    { 52, 126 },
    { 45, 124 },
    { 37, 121 },
    { 31, 117 },
    { 25, 112 },
    { 20, 107 },
    { 15, 101 },
    { 11, 94 },
    { 7, 86 },
    { 5, 78 },
    { 2, 69 },
    { 1, 60 },
    { 0, 50 },
    { 0, 39 },
};
static const anim_shape_t my_anim_f4_shapes[] = {
    { SHAPE_PATH, 32.00f, 177.00f, 160.00f, 130.00f, 15.00f, 0x00ffff, 1.00f, 0.00f, 0.00f, NULL, 14, 0.00f, 0xffffff, 0.00f, my_anim_f4_s0_pts, 34, NULL },
    { SHAPE_PATH, 272.00f, 177.00f, 160.00f, 130.00f, -15.00f, 0x00ffff, 1.00f, 0.00f, 0.00f, NULL, 14, 0.00f, 0xffffff, 0.00f, my_anim_f4_s1_pts, 34, NULL }
};

static const lv_point_t my_anim_f5_s0_pts[] = {
    { 0, 39 },
    { 160, 39 },
    { 159, 50 },
    { 158, 60 },
    { 157, 69 },
    { 155, 78 },
    { 152, 86 },
    { 148, 94 },
    { 144, 101 },
    { 140, 107 },
    { 134, 112 },
    { 128, 117 },
    { 122, 121 },
    { 115, 124 },
    { 107, 126 },
    { 98, 128 },
    { 89, 129 },
    { 80, 130 },
    { 70, 129 },
    { 61, 128 },
    { 52, 126 },
    { 45, 124 },
    { 37, 121 },
    { 31, 117 },
    { 25, 112 },
    { 20, 107 },
    { 15, 101 },
    { 11, 94 },
    { 7, 86 },
    { 5, 78 },
    { 2, 69 },
    { 1, 60 },
    { 0, 50 },
    { 0, 39 },
};
static const lv_point_t my_anim_f5_s1_pts[] = {
    { 0, 39 },
    { 160, 39 },
    { 159, 50 },
    { 158, 60 },
    { 157, 69 },
    { 155, 78 },
    { 152, 86 },
    { 148, 94 },
    { 144, 101 },
    { 140, 107 },
    { 134, 112 },
    { 128, 117 },
    { 122, 121 },
    { 115, 124 },
    { 107, 126 },
    { 98, 128 },
    { 89, 129 },
    { 80, 130 },
    { 70, 129 },
    { 61, 128 },
    { 52, 126 },
    { 45, 124 },
    { 37, 121 },
    { 31, 117 },
    { 25, 112 },
    { 20, 107 },
    { 15, 101 },
    { 11, 94 },
    { 7, 86 },
    { 5, 78 },
    { 2, 69 },
    { 1, 60 },
    { 0, 50 },
    { 0, 39 },
};
static const uint8_t my_anim_f5_s2_map[] = {0x00,0x00,0x00,0x00,0x00,0x00,0x00,0x00,0x00,0x00,0x00,0x00,0x00,0x00,0x00,0x00,0x00,0x00,0x00,0x00,0x00,0x00,0x00,0x00,0x00,0x00,0x00,0x00,0x00,0x00,0x00,0x00,0x00,0x00,0x00,0x00,0x00,0x00,0x00,0x00,0x00,0x00,0xfe,0xa5,0xfe,0xe7,0xfe,0xc8,0xfe,0xc8,0xfe,0xc8,0xfe,0xc8,0xfe,0xc8,0xfe,0xc8,0xfe,0xc8,0xfe,0xc8,0xfe,0xc8,0xfe,0xe8,0xfe,0xc8,0xfe,0x66,0x00,0x00,0x00,0x00,0x00,0x00,0x00,0x00,0x00,0x00,0x00,0x00,0x00,0x00,0x00,0x00,0x00,0x00,0x00,0x00,0x00,0x00,0x00,0x00,0x00,0x00,0x00,0x00,0x00,0x00,0x00,0x00,0x00,0x00,0x00,0x00,0x00,0x00,0x00,0x00,0x00,0x00,0x00,0x00,0x00,0x00,0x00,0x00,0x00,0x00,0x00,0x00,0x00,0x00,0x00,0x00,0x00,0x00,0x00,0x00,0x00,0x00,0x00,0x00,0x00,0x00,0x00,0x00,0x00,0x00,0x00,0x00,0x00,0x00,0x00,0x00,0x00,0x00,0x00,0x00,0x00,0x00,0x00,0x00,0x00,0x00,0x00,0x00,0x00,0x00,0x00,0x00,0x00,0x00,0x00,0x00,0x00,0x00,0x00,0x00,0x00,0x00,0x00,0x00,0x00,0x00,0x00,0x00,0x00,0x00,0x00,0x00,0x00,0x00,0x00,0x00,0xff,0xe0,0xfe,0xc8,0xfe,0xc8,0xfe,0xc8,0xfe,0xc8,0xfe,0xc8,0xfe,0xc8,0xfe,0xc8,0xfe,0xc8,0xfe,0xc8,0xfe,0xc8,0xfe,0xc8,0xfe,0xc8,0xfe,0xc8,0xfe,0xc8,0xfe,0xe8,0xfe,0xe8,0xfd,0x40,0x00,0x00,0x00,0x00,0x00,0x00,0x00,0x00,0x00,0x00,0x00,0x00,0x00,0x00,0x00,0x00,0x00,0x00,0x00,0x00,0x00,0x00,0x00,0x00,0x00,0x00,0x00,0x00,0x00,0x00,0x00,0x00,0x00,0x00,0x00,0x00,0x00,0x00,0x00,0x00,0x00,0x00,0x00,0x00,0x00,0x00,0x00,0x00,0x00,0x00,0x00,0x00,0x00,0x00,0x00,0x00,0x00,0x00,0x00,0x00,0x00,0x00,0x00,0x00,0x00,0x00,0x00,0x00,0x00,0x00,0x00,0x00,0x00,0x00,0x00,0x00,0x00,0x00,0x00,0x00,0x00,0x00,0x00,0x00,0x00,0x00,0x00,0x00,0x00,0x00,0x00,0x00,0x00,0x00,0x00,0x00,0x00,0x00,0x00,0x00,0x00,0x00,0x00,0x00,0x00,0x00,0x00,0x00,0x00,0x00,0xff,0x07,0xfe,0xe8,0xfe,0xc8,0xfe,0xc8,0xfe,0xc8,0xfe,0xc8,0xfe,0xc8,0xfe,0xc8,0xfe,0xc8,0xfe,0xc8,0xfe,0xc8,0xfe,0xc8,0xfe,0xc8,0xfe,0xc8,0xfe,0xc8,0xfe,0xc8,0xfe,0xc8,0xfe,0xc8,0xfe,0xe8,0xfc,0x00,0x00,0x00,0x00,0x00,0x00,0x00,0x00,0x00,0x00,0x00,0x00,0x00,0x00,0x00,0x00,0x00,0x00,0x00,0x00,0x00,0x00,0x00,0x00,0x00,0x00,0x00,0x00,0x00,0x00,0x00,0x00,0x00,0x00,0x00,0x00,0x00,0x00,0x00,0x00,0x00,0x00,0x00,0x00,0x00,0x00,0x00,0x00,0x00,0x00,0x00,0x00,0x00,0x00,0x00,0x00,0x00,0x00,0x00,0x00,0x00,0x00,0x00,0x00,0x00,0x00,0x00,0x00,0x00,0x00,0x00,0x00,0x00,0x00,0x00,0x00,0x00,0x00,0x00,0x00,0x00,0x00,0x00,0x00,0x00,0x00,0x00,0x00,0x00,0x00,0x00,0x00,0x00,0x00,0x00,0x00,0x00,0x00,0x00,0x00,0x00,0x00,0x00,0x00,0x00,0x00,0x00,0xfe,0x87,0xfe,0xc8,0xfe,0xc8,0xfe,0xc8,0xfe,0xc8,0xfe,0xc8,0xfe,0xc8,0xfe,0xc8,0xfe,0xc8,0xfe,0xc8,0xfe,0xc8,0xfe,0xe8,0xfe,0xc8,0xfe,0xe8,0xfe,0xc8,0xfe,0xc8,0xfe,0xc8,0xfe,0xc8,0xfe,0xc8,0xfe,0xc8,0xfe,0xe8,0xfe,0x85,0x00,0x00,0x00,0x00,0x00,0x00,0x00,0x00,0x00,0x00,0x00,0x00,0x00,0x00,0x00,0x00,0x00,0x00,0x00,0x00,0x00,0x00,0x00,0x00,0x00,0x00,0x00,0x00,0x00,0x00,0x00,0x00,0x00,0x00,0x00,0x00,0x00,0x00,0x00,0x00,0x00,0x00,0x00,0x00,0x00,0x00,0x00,0x00,0x00,0x00,0x00,0x00,0x00,0x00,0x00,0x00,0x00,0x00,0x00,0x00,0x00,0x00,0x00,0x00,0x00,0x00,0x00,0x00,0x00,0x00,0x00,0x00,0x00,0x00,0x00,0x00,0x00,0x00,0x00,0x00,0x00,0x00,0x00,0x00,0x00,0x00,0x00,0x00,0x00,0x00,0x00,0x00,0x00,0x00,0x00,0x00,0x00,0x00,0x00,0x00,0x00,0x00,0xfe,0xc7,0xfe,0xe8,0xfe,0xe8,0xfe,0xc8,0xfe,0xc8,0xfe,0xc8,0xfe,0xc8,0xfe,0xc8,0xff,0x08,0x00,0x00,0x00,0x00,0x00,0x00,0x00,0x00,0x00,0x00,0xf8,0x00,0xfe,0xa8,0xfe,0xc8,0xfe,0xc8,0xfe,0xc8,0xfe,0xc8,0xfe,0xc8,0xfe,0xc8,0xfe,0xc8,0xfe,0xc7,0x00,0x00,0x00,0x00,0x00,0x00,0x00,0x00,0x00,0x00,0x00,0x00,0x00,0x00,0x00,0x00,0x00,0x00,0x00,0x00,0x00,0x00,0x00,0x00,0x00,0x00,0x00,0x00,0x00,0x00,0x00,0x00,0x00,0x00,0x00,0x00,0x00,0x00,0x00,0x00,0x00,0x00,0x00,0x00,0x00,0x00,0x00,0x00,0x00,0x00,0x00,0x00,0x00,0x00,0x00,0x00,0x00,0x00,0x00,0x00,0x00,0x00,0x00,0x00,0x00,0x00,0x00,0x00,0x00,0x00,0x00,0x00,0x00,0x00,0x00,0x00,0x00,0x00,0x00,0x00,0x00,0x00,0x00,0x00,0x00,0x00,0x00,0x00,0x00,0x00,0x00,0x00,0x00,0x00,0x00,0x00,0x00,0x00,0xfe,0x66,0xfe,0xc8,0xfe,0xc8,0xfe,0xc8,0xfe,0xc8,0xfe,0xc8,0xfe,0xc8,0xfe,0xc8,0x00,0x00,0x00,0x00,0x00,0x00,0x00,0x00,0x00,0x00,0x00,0x00,0x00,0x00,0x00,0x00,0x00,0x00,0x00,0x00,0xfe,0xc8,0xfe,0xc8,0xfe,0xc8,0xfe,0xc8,0xfe,0xc8,0xfe,0xc8,0xfe,0xc8,0xfe,0xc9,0x00,0x00,0x00,0x00,0x00,0x00,0x00,0x00,0x00,0x00,0x00,0x00,0x00,0x00,0x00,0x00,0x00,0x00,0x00,0x00,0x00,0x00,0x00,0x00,0x00,0x00,0x00,0x00,0x00,0x00,0x00,0x00,0x00,0x00,0x00,0x00,0x00,0x00,0x00,0x00,0x00,0x00,0x00,0x00,0x00,0x00,0x00,0x00,0x00,0x00,0x00,0x00,0x00,0x00,0x00,0x00,0x00,0x00,0x00,0x00,0x00,0x00,0x00,0x00,0x00,0x00,0x00,0x00,0x00,0x00,0x00,0x00,0x00,0x00,0x00,0x00,0x00,0x00,0x00,0x00,0x00,0x00,0x00,0x00,0x00,0x00,0x00,0x00,0x00,0x00,0x00,0x00,0x00,0x00,0x00,0x00,0xfe,0xc8,0xfe,0xc8,0xfe,0xc8,0xfe,0xc8,0xfe,0xc8,0xfe,0xc8,0xfe,0x66,0x00,0x00,0x00,0x00,0x00,0x00,0x00,0x00,0x00,0x00,0x00,0x00,0x00,0x00,0x00,0x00,0x00,0x00,0x00,0x00,0x00,0x00,0x00,0x00,0xff,0xe6,0xfe,0xe7,0xfe,0xc8,0xfe,0xc8,0xfe,0xc8,0xfe,0xc8,0xfe,0xc8,0x00,0x00,0x00,0x00,0x00,0x00,0x00,0x00,0x00,0x00,0x00,0x00,0x00,0x00,0x00,0x00,0x00,0x00,0x00,0x00,0x00,0x00,0x00,0x00,0x00,0x00,0x00,0x00,0x00,0x00,0x00,0x00,0x00,0x00,0x00,0x00,0x00,0x00,0x00,0x00,0x00,0x00,0x00,0x00,0x00,0x00,0x00,0x00,0x00,0x00,0x00,0x00,0x00,0x00,0x00,0x00,0x00,0x00,0x00,0x00,0x00,0x00,0x00,0x00,0x00,0x00,0x00,0x00,0x00,0x00,0x00,0x00,0x00,0x00,0x00,0x00,0x00,0x00,0x00,0x00,0x00,0x00,0x00,0x00,0x00,0x00,0x00,0x00,0x00,0x00,0x00,0x00,0x00,0x00,0xfe,0xe8,0xfe,0xc8,0xfe,0xc8,0xfe,0xc8,0xfe,0xc8,0xfe,0xe7,0x00,0x00,0x00,0x00,0x00,0x00,0x00,0x00,0x00,0x00,0x00,0x00,0x00,0x00,0x00,0x00,0x00,0x00,0x00,0x00,0x00,0x00,0x00,0x00,0x00,0x00,0x00,0x00,0x00,0x00,0x00,0x00,0xfe,0xe7,0xfe,0xc8,0xfe,0xc8,0xfe,0xc8,0xfe,0xc8,0xfe,0xe8,0x00,0x00,0x00,0x00,0x00,0x00,0x00,0x00,0x00,0x00,0x00,0x00,0x00,0x00,0x00,0x00,0x00,0x00,0x00,0x00,0x00,0x00,0x00,0x00,0x00,0x00,0x00,0x00,0x00,0x00,0x00,0x00,0x00,0x00,0x00,0x00,0x00,0x00,0x00,0x00,0x00,0x00,0x00,0x00,0x00,0x00,0x00,0x00,0x00,0x00,0x00,0x00,0x00,0x00,0x00,0x00,0x00,0x00,0x00,0x00,0x00,0x00,0x00,0x00,0x00,0x00,0x00,0x00,0x00,0x00,0x00,0x00,0x00,0x00,0x00,0x00,0x00,0x00,0x00,0x00,0x00,0x00,0x00,0x00,0x00,0x00,0x00,0x00,0x00,0x00,0xfe,0xe8,0xfe,0xc8,0xfe,0xe8,0xfe,0xc8,0xfe,0xc8,0xfe,0xc8,0x00,0x00,0x00,0x00,0x00,0x00,0x00,0x00,0x00,0x00,0x00,0x00,0x00,0x00,0x00,0x00,0xf8,0x00,0xff,0xe0,0x00,0x00,0x00,0x00,0x00,0x00,0x00,0x00,0x00,0x00,0x00,0x00,0x00,0x00,0x00,0x00,0xfe,0xc7,0xfe,0xc8,0xfe,0xc8,0xfe,0xc8,0xfe,0xc8,0xfe,0x27,0x00,0x00,0x00,0x00,0x00,0x00,0x00,0x00,0x00,0x00,0x00,0x00,0x00,0x00,0x00,0x00,0x00,0x00,0x00,0x00,0x00,0x00,0x00,0x00,0x00,0x00,0x00,0x00,0x00,0x00,0x00,0x00,0x00,0x00,0x00,0x00,0x00,0x00,0x00,0x00,0x00,0x00,0x00,0x00,0x00,0x00,0x00,0x00,0x00,0x00,0x00,0x00,0x00,0x00,0x00,0x00,0x00,0x00,0x00,0x00,0x00,0x00,0x00,0x00,0x00,0x00,0x00,0x00,0x00,0x00,0x00,0x00,0x00,0x00,0x00,0x00,0x00,0x00,0x00,0x00,0x00,0x00,0x00,0x00,0x00,0x00,0x00,0x00,0xfe,0xc8,0xfe,0xc8,0xfe,0xc8,0xfe,0xe8,0xfe,0xc8,0xff,0x48,0x00,0x00,0x00,0x00,0x00,0x00,0x00,0x00,0x00,0x00,0xff,0xf5,0xfe,0x54,0xfe,0x54,0xf6,0x54,0xf6,0x54,0xf6,0x54,0xf6,0x74,0xff,0xff,0x00,0x00,0x00,0x00,0x00,0x00,0x00,0x00,0x00,0x00,0xfe,0xc6,0xfe,0xe8,0xfe,0xc8,0xfe,0xc8,0xfe,0xc8,0xfe,0xc8,0x00,0x00,0x00,0x00,0x00,0x00,0x00,0x00,0x00,0x00,0x00,0x00,0x00,0x00,0x00,0x00,0x00,0x00,0x00,0x00,0x00,0x00,0x00,0x00,0x00,0x00,0x00,0x00,0x00,0x00,0x00,0x00,0x00,0x00,0x00,0x00,0x00,0x00,0x00,0x00,0x00,0x00,0x00,0x00,0x00,0x00,0x00,0x00,0x00,0x00,0x00,0x00,0x00,0x00,0x00,0x00,0x00,0x00,0x00,0x00,0x00,0x00,0x00,0x00,0x00,0x00,0x00,0x00,0x00,0x00,0x00,0x00,0x00,0x00,0x00,0x00,0x00,0x00,0x00,0x00,0x00,0x00,0x00,0x00,0x00,0x00,0xff,0xe6,0xfe,0xe8,0xfe,0xc8,0xfe,0xc8,0xfe,0xe8,0xfe,0xe8,0x00,0x00,0x00,0x00,0x00,0x00,0x00,0x00,0x00,0x00,0xfe,0x33,0xfe,0x54,0xfe,0x54,0xf6,0x54,0xf6,0x54,0xf6,0x54,0xf6,0x54,0xf6,0x54,0xf6,0x54,0xfe,0x54,0x00,0x00,0x00,0x00,0x00,0x00,0x00,0x00,0x00,0x00,0xfe,0xc7,0xfe,0xc8,0xfe,0xc8,0xfe,0xc8,0xfe,0xc8,0xff,0xe0,0x00,0x00,0x00,0x00,0x00,0x00,0x00,0x00,0x00,0x00,0x00,0x00,0x00,0x00,0x00,0x00,0x00,0x00,0x00,0x00,0x00,0x00,0x00,0x00,0x00,0x00,0x00,0x00,0x00,0x00,0x00,0x00,0x00,0x00,0x00,0x00,0x00,0x00,0x00,0x00,0x00,0x00,0x00,0x00,0x00,0x00,0x00,0x00,0x00,0x00,0x00,0x00,0x00,0x00,0x00,0x00,0x00,0x00,0x00,0x00,0x00,0x00,0x00,0x00,0x00,0x00,0x00,0x00,0x00,0x00,0x00,0x00,0x00,0x00,0x00,0x00,0x00,0x00,0x00,0x00,0x00,0x00,0x00,0x00,0xfe,0xe8,0xfe,0xc8,0xfe,0xc8,0xfe,0xc8,0xfe,0xc8,0xfe,0xe6,0x00,0x00,0x00,0x00,0x00,0x00,0x00,0x00,0xe6,0x31,0xfe,0x54,0xf6,0x54,0xf6,0x54,0xf6,0x54,0xf6,0x54,0xf6,0x54,0xf6,0x54,0xf6,0x54,0xf6,0x54,0xf6,0x54,0xfd,0xf7,0x00,0x00,0x00,0x00,0x00,0x00,0x00,0x00,0xfe,0xe7,0xfe,0xc8,0xfe,0xc8,0xfe,0xc8,0xfe,0xc8,0xfe,0xc6,0x00,0x00,0x00,0x00,0x00,0x00,0x00,0x00,0x00,0x00,0x00,0x00,0x00,0x00,0x00,0x00,0x00,0x00,0x00,0x00,0x00,0x00,0x00,0x00,0x00,0x00,0x00,0x00,0x00,0x00,0x00,0x00,0x00,0x00,0x00,0x00,0x00,0x00,0x00,0x00,0x00,0x00,0x00,0x00,0x00,0x00,0x00,0x00,0x00,0x00,0x00,0x00,0x00,0x00,0x00,0x00,0x00,0x00,0x00,0x00,0x00,0x00,0x00,0x00,0x00,0x00,0x00,0x00,0x00,0x00,0x00,0x00,0x00,0x00,0x00,0x00,0x00,0x00,0x00,0x00,0x00,0x00,0x00,0x00,0xf6,0xc7,0xfe,0xe8,0xfe,0xc8,0xfe,0xc8,0xfe,0xc8,0x00,0x00,0x00,0x00,0x00,0x00,0x00,0x00,0x00,0x00,0xf6,0x54,0xf6,0x54,0xf6,0x54,0xf6,0x54,0xf6,0x54,0xf6,0x54,0xf6,0x54,0xf6,0x54,0xf6,0x54,0xf6,0x54,0xf6,0x54,0xf6,0x54,0x00,0x00,0x00,0x00,0x00,0x00,0x00,0x00,0xfd,0x40,0xfe,0xc8,0xfe,0xc8,0xfe,0xc8,0xfe,0xe8,0xf6,0xc8,0x00,0x00,0x00,0x00,0x00,0x00,0x00,0x00,0x00,0x00,0x00,0x00,0x00,0x00,0x00,0x00,0x00,0x00,0x00,0x00,0x00,0x00,0x00,0x00,0x00,0x00,0x00,0x00,0x00,0x00,0x00,0x00,0x00,0x00,0x00,0x00,0x00,0x00,0x00,0x00,0x00,0x00,0x00,0x00,0x00,0x00,0x00,0x00,0x00,0x00,0x00,0x00,0x00,0x00,0x00,0x00,0x00,0x00,0x00,0x00,0x00,0x00,0x00,0x00,0x00,0x00,0x00,0x00,0x00,0x00,0x00,0x00,0x00,0x00,0x00,0x00,0x00,0x00,0x00,0x00,0x00,0x00,0x00,0x00,0xfe,0xe7,0xfe,0xc8,0xfe,0xc8,0xfe,0xc8,0xfe,0xc8,0x00,0x00,0x00,0x00,0x00,0x00,0x00,0x00,0xf6,0x54,0xf6,0x54,0xf6,0x54,0xf6,0x54,0xf6,0x54,0xf6,0x54,0xf6,0x54,0xf6,0x54,0xf6,0x54,0xf6,0x54,0xf6,0x54,0xf6,0x54,0xf6,0x54,0xfe,0xb5,0x00,0x00,0x00,0x00,0x00,0x00,0x00,0x00,0xfe,0xc8,0xfe,0xc8,0xfe,0xc8,0xfe,0xc8,0xfe,0xe7,0x00,0x00,0x00,0x00,0x00,0x00,0x00,0x00,0x00,0x00,0x00,0x00,0x00,0x00,0x00,0x00,0x00,0x00,0x00,0x00,0x00,0x00,0x00,0x00,0x00,0x00,0x00,0x00,0x00,0x00,0x00,0x00,0x00,0x00,0x00,0x00,0x00,0x00,0x00,0x00,0x00,0x00,0x00,0x00,0x00,0x00,0x00,0x00,0x00,0x00,0x00,0x00,0x00,0x00,0x00,0x00,0x00,0x00,0x00,0x00,0x00,0x00,0x00,0x00,0x00,0x00,0x00,0x00,0x00,0x00,0x00,0x00,0x00,0x00,0x00,0x00,0x00,0x00,0x00,0x00,0x00,0x00,0x00,0x00,0xfe,0xc8,0xfe,0xc8,0xfe,0xc8,0xfe,0xc8,0xfe,0xa7,0x00,0x00,0x00,0x00,0x00,0x00,0x00,0x00,0xf6,0x54,0xf6,0x54,0xf6,0x54,0xf6,0x54,0xf6,0x54,0xf6,0x54,0xf6,0x54,0xf6,0x54,0xf6,0x54,0xf6,0x54,0xf6,0x54,0xf6,0x54,0xf6,0x54,0xf6,0x54,0x00,0x00,0x00,0x00,0x00,0x00,0x00,0x00,0xfe,0xc8,0xfe,0xe8,0xfe,0xc8,0xfe,0xc8,0xfe,0xc7,0x00,0x00,0x00,0x00,0x00,0x00,0x00,0x00,0x00,0x00,0x00,0x00,0x00,0x00,0x00,0x00,0x00,0x00,0x00,0x00,0x00,0x00,0x00,0x00,0x00,0x00,0x00,0x00,0x00,0x00,0x00,0x00,0x00,0x00,0x00,0x00,0x00,0x00,0x00,0x00,0x00,0x00,0x00,0x00,0x00,0x00,0x00,0x00,0x00,0x00,0x00,0x00,0x00,0x00,0x00,0x00,0x00,0x00,0x00,0x00,0x00,0x00,0x00,0x00,0x00,0x00,0x00,0x00,0x00,0x00,0x00,0x00,0x00,0x00,0x00,0x00,0x00,0x00,0x00,0x00,0x00,0x00,0x00,0x00,0xfe,0xe8,0xfe,0xc8,0xfe,0xc8,0xfe,0xc8,0xff,0x28,0x00,0x00,0x00,0x00,0x00,0x00,0x00,0x00,0xf6,0x54,0xf6,0x54,0xf6,0x54,0xf6,0x54,0xf6,0x54,0xf6,0x54,0xf6,0x54,0xf6,0x54,0xf6,0x54,0xf6,0x54,0xf6,0x54,0xf6,0x54,0xf6,0x54,0xf6,0x54,0x00,0x00,0x00,0x00,0x00,0x00,0x00,0x00,0xfe,0xe8,0xfe,0xc8,0xfe,0xc8,0xfe,0xc8,0xfe,0xc8,0x00,0x00,0x00,0x00,0x00,0x00,0x00,0x00,0x00,0x00,0x00,0x00,0x00,0x00,0x00,0x00,0x00,0x00,0x00,0x00,0x00,0x00,0x00,0x00,0x00,0x00,0x00,0x00,0x00,0x00,0x00,0x00,0x00,0x00,0x00,0x00,0x00,0x00,0x00,0x00,0x00,0x00,0x00,0x00,0x00,0x00,0x00,0x00,0x00,0x00,0x00,0x00,0x00,0x00,0x00,0x00,0x00,0x00,0x00,0x00,0x00,0x00,0x00,0x00,0x00,0x00,0x00,0x00,0x00,0x00,0x00,0x00,0x00,0x00,0x00,0x00,0x00,0x00,0x00,0x00,0x00,0x00,0x00,0x00,0xfe,0xe8,0xfe,0xc8,0xfe,0xc8,0xfe,0xc8,0xff,0xe0,0x00,0x00,0x00,0x00,0x00,0x00,0x00,0x00,0xf6,0x54,0xf6,0x54,0xf6,0x54,0xf6,0x54,0xf6,0x54,0xf6,0x54,0xf6,0x54,0xf6,0x54,0xf6,0x54,0xf6,0x54,0xf6,0x54,0xf6,0x54,0xf6,0x54,0xf6,0x54,0x00,0x00,0x00,0x00,0x00,0x00,0x00,0x00,0xfe,0xc7,0xfe,0xc8,0xfe,0xc8,0xfe,0xc7,0xfe,0xe6,0x00,0x00,0x00,0x00,0x00,0x00,0x00,0x00,0x00,0x00,0x00,0x00,0x00,0x00,0x00,0x00,0x00,0x00,0x00,0x00,0x00,0x00,0x00,0x00,0x00,0x00,0x00,0x00,0x00,0x00,0x00,0x00,0x00,0x00,0x00,0x00,0x00,0x00,0x00,0x00,0x00,0x00,0x00,0x00,0x00,0x00,0x00,0x00,0x00,0x00,0x00,0x00,0x00,0x00,0x00,0x00,0x00,0x00,0x00,0x00,0x00,0x00,0x00,0x00,0x00,0x00,0x00,0x00,0x00,0x00,0x00,0x00,0x00,0x00,0x00,0x00,0x00,0x00,0x00,0x00,0x00,0x00,0x00,0x00,0x00,0x00,0xfe,0x66,0xfe,0xc8,0xfe,0xa5,0x00,0x00,0x00,0x00,0x00,0x00,0x00,0x00,0x00,0x00,0xf6,0x54,0xf6,0x54,0xf6,0x54,0xf6,0x54,0xf6,0x54,0xf6,0x54,0xf6,0x54,0xf6,0x54,0xf6,0x54,0xf6,0x54,0xf6,0x54,0xf6,0x54,0xf6,0x54,0xf6,0x54,0x00,0x00,0x00,0x00,0x00,0x00,0x00,0x00,0x00,0x00,0xfe,0xe8,0xfe,0xc8,0xff,0x07,0x00,0x00,0x00,0x00,0x00,0x00,0x00,0x00,0x00,0x00,0x00,0x00,0x00,0x00,0x00,0x00,0x00,0x00,0x00,0x00,0x00,0x00,0x00,0x00,0x00,0x00,0x00,0x00,0x00,0x00,0x00,0x00,0x00,0x00,0x00,0x00,0x00,0x00,0x00,0x00,0x00,0x00,0x00,0x00,0x00,0x00,0x00,0x00,0x00,0x00,0x00,0x00,0x00,0x00,0x00,0x00,0x00,0x00,0x00,0x00,0x00,0x00,0x00,0x00,0x00,0x00,0x00,0x00,0x00,0x00,0x00,0x00,0x00,0x00,0x00,0x00,0x00,0x00,0x00,0x00,0x00,0x00,0x00,0x00,0x00,0x00,0x00,0x00,0x00,0x00,0x00,0x00,0x00,0x00,0x00,0x00,0x00,0x00,0x00,0x00,0x00,0x00,0x00,0x00,0xf6,0x54,0xf6,0x54,0xf6,0x54,0xf6,0x54,0xf6,0x54,0xf6,0x54,0xf6,0x54,0xf6,0x54,0xf6,0x54,0xf6,0x54,0xf6,0x54,0xf6,0x54,0xf6,0x54,0xf6,0x54,0x00,0x00,0x00,0x00,0x00,0x00,0x00,0x00,0x00,0x00,0x00,0x00,0x00,0x00,0x00,0x00,0x00,0x00,0x00,0x00,0x00,0x00,0x00,0x00,0x00,0x00,0x00,0x00,0x00,0x00,0x00,0x00,0x00,0x00,0x00,0x00,0x00,0x00,0x00,0x00,0x00,0x00,0x00,0x00,0x00,0x00,0x00,0x00,0x00,0x00,0x00,0x00,0x00,0x00,0x00,0x00,0x00,0x00,0x00,0x00,0x00,0x00,0x00,0x00,0x00,0x00,0x00,0x00,0x00,0x00,0x00,0x00,0x00,0x00,0x00,0x00,0x00,0x00,0x00,0x00,0x00,0x00,0x00,0x00,0x00,0x00,0x00,0x00,0x00,0x00,0x00,0x00,0x00,0x00,0x00,0x00,0x00,0x00,0x00,0x00,0x00,0x00,0x00,0x00,0x00,0x00,0x00,0x00,0x00,0x00,0x00,0x00,0x00,0x00,0x00,0x00,0x00,0x00,0x00,0x00,0xf6,0x54,0xf6,0x54,0xf6,0x54,0xf6,0x54,0xf6,0x54,0xf6,0x54,0xf6,0x54,0xf6,0x54,0xf6,0x54,0xf6,0x54,0xf6,0x54,0xf6,0x54,0xf6,0x54,0xf6,0x54,0x00,0x00,0x00,0x00,0x00,0x00,0x00,0x00,0x00,0x00,0x00,0x00,0x00,0x00,0x00,0x00,0x00,0x00,0x00,0x00,0x00,0x00,0x00,0x00,0x00,0x00,0x00,0x00,0x00,0x00,0x00,0x00,0x00,0x00,0x00,0x00,0x00,0x00,0x00,0x00,0x00,0x00,0x00,0x00,0x00,0x00,0x00,0x00,0x00,0x00,0x00,0x00,0x00,0x00,0x00,0x00,0x00,0x00,0x00,0x00,0x00,0x00,0x00,0x00,0x00,0x00,0x00,0x00,0x00,0x00,0x00,0x00,0x00,0x00,0x00,0x00,0x00,0x00,0x00,0x00,0x00,0x00,0x00,0x00,0x00,0x00,0x00,0x00,0x00,0x00,0x00,0x00,0x00,0x00,0x00,0x00,0x00,0x00,0x00,0x00,0x00,0x00,0x00,0x00,0x00,0x00,0x00,0x00,0x00,0x00,0x00,0x00,0x00,0x00,0x00,0x00,0x00,0x00,0x00,0x00,0xfe,0x54,0xf6,0x54,0xf6,0x54,0xf6,0x54,0xf6,0x54,0xf6,0x54,0xf6,0x54,0xf6,0x54,0xf6,0x54,0xf6,0x54,0xf6,0x54,0xf6,0x54,0xf6,0x54,0xf6,0x54,0x00,0x00,0x00,0x00,0x00,0x00,0x00,0x00,0x00,0x00,0x00,0x00,0x00,0x00,0x00,0x00,0x00,0x00,0x00,0x00,0x00,0x00,0x00,0x00,0x00,0x00,0x00,0x00,0x00,0x00,0x00,0x00,0x00,0x00,0x00,0x00,0x00,0x00,0x00,0x00,0x00,0x00,0x00,0x00,0x00,0x00,0x00,0x00,0x00,0x00,0x00,0x00,0x00,0x00,0x00,0x00,0x00,0x00,0x00,0x00,0x00,0x00,0x00,0x00,0x00,0x00,0x00,0x00,0x00,0x00,0x00,0x00,0x00,0x00,0x00,0x00,0x00,0x00,0x00,0x00,0x00,0x00,0x00,0x00,0x00,0x00,0x00,0x00,0x00,0x00,0x00,0x00,0x00,0x00,0x00,0x00,0x00,0x00,0x00,0x00,0x00,0x00,0x00,0x00,0x00,0x00,0x00,0x00,0x00,0x00,0x00,0x00,0x00,0x00,0x00,0x00,0x00,0x00,0x00,0x00,0xfe,0x54,0xf6,0x54,0xf6,0x54,0xf6,0x54,0xf6,0x54,0xf6,0x54,0xf6,0x54,0xf6,0x54,0xf6,0x54,0xf6,0x54,0xf6,0x54,0xf6,0x54,0xf6,0x54,0xf6,0x54,0x00,0x00,0x00,0x00,0x00,0x00,0x00,0x00,0x00,0x00,0x00,0x00,0x00,0x00,0x00,0x00,0x00,0x00,0x00,0x00,0x00,0x00,0x00,0x00,0x00,0x00,0x00,0x00,0x00,0x00,0x00,0x00,0x00,0x00,0x00,0x00,0x00,0x00,0x00,0x00,0x00,0x00,0x00,0x00,0x00,0x00,0x00,0x00,0x00,0x00,0x00,0x00,0x00,0x00,0x00,0x00,0x00,0x00,0x00,0x00,0x00,0x00,0x00,0x00,0x00,0x00,0x00,0x00,0x00,0x00,0x00,0x00,0x00,0x00,0x00,0x00,0x00,0x00,0x00,0x00,0x00,0x00,0x00,0x00,0x00,0x00,0x00,0x00,0x00,0x00,0x00,0x00,0x00,0x00,0x00,0x00,0x00,0x00,0x00,0x00,0x00,0x00,0x00,0x00,0x00,0x00,0x00,0x00,0x00,0x00,0x00,0x00,0x00,0x00,0x00,0x00,0x00,0x00,0x00,0x00,0xfe,0x54,0xf6,0x54,0xf6,0x54,0xf6,0x54,0xf6,0x54,0xf6,0x54,0xf6,0x54,0xf6,0x54,0xf6,0x54,0xf6,0x54,0xf6,0x54,0xf6,0x54,0xf6,0x54,0xf6,0x54,0x00,0x00,0x00,0x00,0x00,0x00,0x00,0x00,0x00,0x00,0x00,0x00,0x00,0x00,0x00,0x00,0x00,0x00,0x00,0x00,0x00,0x00,0x00,0x00,0x00,0x00,0x00,0x00,0x00,0x00,0x00,0x00,0x00,0x00,0x00,0x00,0x00,0x00,0x00,0x00,0x00,0x00,0x00,0x00,0x00,0x00,0x00,0x00,0x00,0x00,0x00,0x00,0x00,0x00,0x00,0x00,0x00,0x00,0x00,0x00,0x00,0x00,0x00,0x00,0x00,0x00,0x00,0x00,0x00,0x00,0x00,0x00,0x00,0x00,0x00,0x00,0x00,0x00,0x00,0x00,0x00,0x00,0x00,0x00,0x00,0x00,0x00,0x00,0x00,0x00,0x00,0x00,0x00,0x00,0x00,0x00,0x00,0x00,0x00,0x00,0x00,0x00,0x00,0x00,0x00,0x00,0x00,0x00,0x00,0x00,0x00,0x00,0x00,0x00,0x00,0x00,0x00,0x00,0x00,0x00,0xfe,0x54,0xf6,0x54,0xf6,0x54,0xf6,0x54,0xf6,0x54,0xf6,0x54,0xf6,0x54,0xf6,0x54,0xf6,0x54,0xf6,0x54,0xf6,0x54,0xf6,0x54,0xf6,0x54,0xf6,0x54,0x00,0x00,0x00,0x00,0x00,0x00,0x00,0x00,0x00,0x00,0x00,0x00,0x00,0x00,0x00,0x00,0x00,0x00,0x00,0x00,0x00,0x00,0x00,0x00,0x00,0x00,0x00,0x00,0x00,0x00,0x00,0x00,0x00,0x00,0x00,0x00,0x00,0x00,0x00,0x00,0x00,0x00,0x00,0x00,0x00,0x00,0x00,0x00,0x00,0x00,0x00,0x00,0x00,0x00,0x00,0x00,0x00,0x00,0x00,0x00,0x00,0x00,0x00,0x00,0x00,0x00,0x00,0x00,0x00,0x00,0x00,0x00,0x00,0x00,0x00,0x00,0x00,0x00,0x00,0x00,0x00,0x00,0x00,0x00,0x00,0x00,0x00,0x00,0x00,0x00,0x00,0x00,0x00,0x00,0x00,0x00,0x00,0x00,0x00,0x00,0x00,0x00,0x00,0x00,0x00,0x00,0x00,0x00,0x00,0x00,0x00,0x00,0x00,0x00,0x00,0x00,0x00,0x00,0x00,0x00,0xfe,0x54,0xf6,0x54,0xf6,0x54,0xf6,0x54,0xf6,0x54,0xf6,0x54,0xf6,0x54,0xf6,0x54,0xf6,0x54,0xf6,0x54,0xf6,0x54,0xf6,0x54,0xf6,0x54,0xf6,0x54,0x00,0x00,0x00,0x00,0x00,0x00,0x00,0x00,0x00,0x00,0x00,0x00,0x00,0x00,0x00,0x00,0x00,0x00,0x00,0x00,0x00,0x00,0x00,0x00,0x00,0x00,0x00,0x00,0x00,0x00,0x00,0x00,0x00,0x00,0x00,0x00,0x00,0x00,0x00,0x00,0x00,0x00,0x00,0x00,0x00,0x00,0x00,0x00,0x00,0x00,0x00,0x00,0x00,0x00,0x00,0x00,0x00,0x00,0x00,0x00,0x00,0x00,0x00,0x00,0x00,0x00,0x00,0x00,0x00,0x00,0x00,0x00,0x00,0x00,0x00,0x00,0x00,0x00,0x00,0x00,0x00,0x00,0x00,0x00,0x00,0x00,0x00,0x00,0x00,0x00,0x00,0x00,0x00,0x00,0x00,0x00,0x00,0x00,0x00,0x00,0x00,0x00,0x00,0x00,0x00,0x00,0x00,0x00,0x00,0x00,0x00,0x00,0x00,0x00,0x00,0x00,0x00,0x00,0x00,0x00,0xfe,0x54,0xf6,0x54,0xf6,0x54,0xf6,0x54,0xf6,0x54,0xf6,0x54,0xf6,0x54,0xf6,0x54,0xf6,0x54,0xf6,0x54,0xf6,0x54,0xf6,0x54,0xf6,0x54,0xf6,0x54,0x00,0x00,0x00,0x00,0x00,0x00,0x00,0x00,0x00,0x00,0x00,0x00,0x00,0x00,0x00,0x00,0x00,0x00,0x00,0x00,0x00,0x00,0x00,0x00,0x00,0x00,0x00,0x00,0x00,0x00,0x00,0x00,0x00,0x00,0x00,0x00,0x00,0x00,0x00,0x00,0x00,0x00,0x00,0x00,0x00,0x00,0x00,0x00,0x00,0x00,0x00,0x00,0x00,0x00,0x00,0x00,0x00,0x00,0x00,0x00,0x00,0x00,0x00,0x00,0x00,0x00,0x00,0x00,0x00,0x00,0x00,0x00,0x00,0x00,0x00,0x00,0x00,0x00,0x00,0x00,0x00,0x00,0x00,0x00,0x00,0x00,0x00,0x00,0x00,0x00,0x00,0x00,0x00,0x00,0x00,0x00,0x00,0x00,0x00,0x00,0x00,0x00,0x00,0x00,0x00,0x00,0x00,0x00,0x00,0x00,0x00,0x00,0x00,0x00,0x00,0x00,0x00,0x00,0x00,0x00,0xfe,0x54,0xf6,0x54,0xf6,0x54,0xf6,0x54,0xf6,0x54,0xf6,0x54,0xf6,0x54,0xf6,0x54,0xf6,0x54,0xf6,0x54,0xf6,0x54,0xf6,0x54,0xf6,0x54,0xf6,0x54,0x00,0x00,0x00,0x00,0x00,0x00,0x00,0x00,0x00,0x00,0x00,0x00,0x00,0x00,0x00,0x00,0x00,0x00,0x00,0x00,0x00,0x00,0x00,0x00,0x00,0x00,0x00,0x00,0x00,0x00,0x00,0x00,0x00,0x00,0x00,0x00,0x00,0x00,0x00,0x00,0x00,0x00,0x00,0x00,0x00,0x00,0x00,0x00,0x00,0x00,0x00,0x00,0x00,0x00,0x00,0x00,0x00,0x00,0x00,0x00,0x00,0x00,0x00,0x00,0x00,0x00,0x00,0x00,0x00,0x00,0x00,0x00,0x00,0x00,0x00,0x00,0x00,0x00,0x00,0x00,0x00,0x00,0x00,0x00,0x00,0x00,0x00,0x00,0x00,0x00,0x00,0x00,0x00,0x00,0x00,0x00,0x00,0x00,0x00,0x00,0x00,0x00,0x00,0x00,0x00,0x00,0x00,0x00,0x00,0x00,0x00,0x00,0x00,0x00,0x00,0x00,0x00,0x00,0x00,0x00,0xfe,0x54,0xf6,0x54,0xf6,0x54,0xf6,0x54,0xf6,0x54,0xf6,0x54,0xf6,0x54,0xf6,0x54,0xf6,0x54,0xf6,0x54,0xf6,0x54,0xf6,0x54,0xf6,0x54,0xf6,0x54,0x00,0x00,0x00,0x00,0x00,0x00,0x00,0x00,0x00,0x00,0x00,0x00,0x00,0x00,0x00,0x00,0x00,0x00,0x00,0x00,0x00,0x00,0x00,0x00,0x00,0x00,0x00,0x00,0x00,0x00,0x00,0x00,0x00,0x00,0x00,0x00,0x00,0x00,0x00,0x00,0x00,0x00,0x00,0x00,0x00,0x00,0x00,0x00,0x00,0x00,0x00,0x00,0x00,0x00,0x00,0x00,0x00,0x00,0x00,0x00,0x00,0x00,0x00,0x00,0x00,0x00,0x00,0x00,0x00,0x00,0x00,0x00,0x00,0x00,0x00,0x00,0x00,0x00,0x00,0x00,0x00,0x00,0x00,0x00,0x00,0x00,0x00,0x00,0x00,0x00,0x00,0x00,0x00,0x00,0x00,0x00,0x00,0x00,0x00,0x00,0x00,0x00,0x00,0x00,0x00,0x00,0x00,0x00,0x00,0x00,0x00,0x00,0x00,0x00,0x00,0x00,0x00,0x00,0x00,0x00,0xfe,0x54,0xf6,0x54,0xf6,0x54,0xf6,0x54,0xf6,0x54,0xf6,0x54,0xf6,0x54,0xf6,0x54,0xf6,0x54,0xf6,0x54,0xf6,0x54,0xf6,0x54,0xf6,0x54,0xf6,0x54,0x00,0x00,0x00,0x00,0x00,0x00,0x00,0x00,0x00,0x00,0x00,0x00,0x00,0x00,0x00,0x00,0x00,0x00,0x00,0x00,0x00,0x00,0x00,0x00,0x00,0x00,0x00,0x00,0x00,0x00,0x00,0x00,0x00,0x00,0x00,0x00,0x00,0x00,0x00,0x00,0x00,0x00,0x00,0x00,0x00,0x00,0x00,0x00,0x00,0x00,0x00,0x00,0x00,0x00,0x00,0x00,0x00,0x00,0x00,0x00,0x00,0x00,0x00,0x00,0x00,0x00,0x00,0x00,0x00,0x00,0x00,0x00,0x00,0x00,0x00,0x00,0x00,0x00,0x00,0x00,0x00,0x00,0x00,0x00,0x00,0x00,0x00,0x00,0x00,0x00,0x00,0x00,0x00,0x00,0x00,0x00,0x00,0x00,0x00,0x00,0x00,0x00,0x00,0x00,0x00,0x00,0x00,0x00,0x00,0x00,0x00,0x00,0x00,0x00,0x00,0x00,0x00,0x00,0x00,0x00,0xf6,0x54,0xf6,0x54,0xf6,0x54,0xf6,0x54,0xf6,0x54,0xf6,0x54,0xf6,0x54,0xf6,0x54,0xf6,0x54,0xf6,0x54,0xf6,0x54,0xf6,0x54,0xf6,0x54,0xf6,0x54,0x00,0x00,0x00,0x00,0x00,0x00,0x00,0x00,0x00,0x00,0x00,0x00,0x00,0x00,0x00,0x00,0x00,0x00,0x00,0x00,0x00,0x00,0x00,0x00,0x00,0x00,0x00,0x00,0x00,0x00,0x00,0x00,0x00,0x00,0x00,0x00,0x00,0x00,0x00,0x00,0x00,0x00,0x00,0x00,0x00,0x00,0x00,0x00,0x00,0x00,0x00,0x00,0x00,0x00,0x00,0x00,0x00,0x00,0x00,0x00,0x00,0x00,0x00,0x00,0x00,0x00,0x00,0x00,0x00,0x00,0x00,0x00,0x00,0x00,0x00,0x00,0x00,0x00,0x00,0x00,0x00,0x00,0x00,0x00,0x00,0x00,0x00,0x00,0x00,0x00,0x00,0x00,0x00,0x00,0x00,0x00,0x00,0x00,0x00,0x00,0x00,0x00,0x00,0x00,0x00,0x00,0x00,0x00,0x00,0x00,0x00,0x00,0x00,0x00,0x00,0x00,0x00,0x00,0x00,0x00,0xf6,0x54,0xf6,0x54,0xf6,0x54,0xf6,0x54,0xf6,0x54,0xf6,0x54,0xf6,0x54,0xf6,0x54,0xf6,0x54,0xf6,0x54,0xf6,0x54,0xf6,0x54,0xf6,0x54,0xf6,0x54,0x00,0x00,0x00,0x00,0x00,0x00,0x00,0x00,0x00,0x00,0x00,0x00,0x00,0x00,0x00,0x00,0x00,0x00,0x00,0x00,0x00,0x00,0x00,0x00,0x00,0x00,0x00,0x00,0x00,0x00,0x00,0x00,0x00,0x00,0x00,0x00,0x00,0x00,0x00,0x00,0x00,0x00,0x00,0x00,0x00,0x00,0x00,0x00,0x00,0x00,0x00,0x00,0x00,0x00,0x00,0x00,0x00,0x00,0x00,0x00,0x00,0x00,0x00,0x00,0x00,0x00,0x00,0x00,0x00,0x00,0x00,0x00,0x00,0x00,0x00,0x00,0x00,0x00,0x00,0x00,0x00,0x00,0x00,0x00,0x00,0x00,0x00,0x00,0x00,0x00,0x00,0x00,0x00,0x00,0x00,0x00,0x00,0x00,0x00,0x00,0x00,0x00,0x00,0x00,0x00,0x00,0x00,0x00,0x00,0x00,0x00,0x00,0x00,0x00,0x00,0x00,0x00,0x00,0x00,0x00,0xf6,0x54,0xf6,0x54,0xf6,0x54,0xf6,0x54,0xf6,0x54,0xf6,0x54,0xf6,0x54,0xf6,0x54,0xf6,0x54,0xf6,0x54,0xf6,0x54,0xf6,0x54,0xf6,0x54,0xf6,0x54,0x00,0x00,0x00,0x00,0x00,0x00,0x00,0x00,0x00,0x00,0x00,0x00,0x00,0x00,0x00,0x00,0x00,0x00,0x00,0x00,0x00,0x00,0x00,0x00,0x00,0x00,0x00,0x00,0x00,0x00,0x00,0x00,0x00,0x00,0x00,0x00,0x00,0x00,0x00,0x00,0x00,0x00,0x00,0x00,0x00,0x00,0x00,0x00,0x00,0x00,0x00,0x00,0x00,0x00,0x00,0x00,0x00,0x00,0x00,0x00,0x00,0x00,0x00,0x00,0x00,0x00,0x00,0x00,0x00,0x00,0x00,0x00,0x00,0x00,0x00,0x00,0x00,0x00,0x00,0x00,0x00,0x00,0x00,0x00,0x00,0x00,0x00,0x00,0x00,0x00,0x00,0x00,0x00,0x00,0x00,0x00,0x00,0x00,0x00,0x00,0x00,0x00,0x00,0x00,0x00,0x00,0x00,0x00,0x00,0x00,0x00,0x00,0x00,0x00,0x00,0x00,0x00,0x00,0x00,0x00,0xf6,0x54,0xf6,0x54,0xf6,0x54,0xf6,0x54,0xf6,0x54,0xf6,0x54,0xf6,0x54,0xf6,0x54,0xf6,0x54,0xf6,0x54,0xf6,0x54,0xf6,0x54,0xf6,0x54,0xf6,0x54,0x00,0x00,0x00,0x00,0x00,0x00,0x00,0x00,0x00,0x00,0x00,0x00,0x00,0x00,0x00,0x00,0x00,0x00,0x00,0x00,0x00,0x00,0x00,0x00,0x00,0x00,0x00,0x00,0x00,0x00,0x00,0x00,0x00,0x00,0x00,0x00,0x00,0x00,0x00,0x00,0x00,0x00,0x00,0x00,0x00,0x00,0x00,0x00,0x00,0x00,0x00,0x00,0x00,0x00,0x00,0x00,0x00,0x00,0x00,0x00,0x00,0x00,0x00,0x00,0x00,0x00,0x00,0x00,0x00,0x00,0x00,0x00,0x00,0x00,0x00,0x00,0x00,0x00,0x00,0x00,0x00,0x00,0x00,0x00,0x00,0x00,0x00,0x00,0x00,0x00,0x00,0x00,0x00,0x00,0x00,0x00,0x00,0x00,0x00,0x00,0x00,0x00,0x00,0x00,0x00,0x00,0x00,0x00,0x00,0x00,0x00,0x00,0x00,0x00,0x00,0x00,0x00,0x00,0x00,0x00,0xf6,0x54,0xf6,0x54,0xf6,0x54,0xf6,0x54,0xf6,0x54,0xf6,0x54,0xf6,0x54,0xf6,0x54,0xf6,0x54,0xf6,0x54,0xf6,0x54,0xf6,0x54,0xf6,0x54,0xf6,0x54,0x00,0x00,0x00,0x00,0x00,0x00,0x00,0x00,0x00,0x00,0x00,0x00,0x00,0x00,0x00,0x00,0x00,0x00,0x00,0x00,0x00,0x00,0x00,0x00,0x00,0x00,0x00,0x00,0x00,0x00,0x00,0x00,0x00,0x00,0x00,0x00,0x00,0x00,0x00,0x00,0x00,0x00,0x00,0x00,0x00,0x00,0x00,0x00,0x00,0x00,0x00,0x00,0x00,0x00,0x00,0x00,0x00,0x00,0x00,0x00,0x00,0x00,0x00,0x00,0x00,0x00,0x00,0x00,0x00,0x00,0x00,0x00,0x00,0x00,0x00,0x00,0x00,0x00,0x00,0x00,0x00,0x00,0x00,0x00,0x00,0x00,0x00,0x00,0x00,0x00,0x00,0x00,0x00,0x00,0x00,0x00,0x00,0x00,0x00,0x00,0x00,0x00,0x00,0x00,0x00,0x00,0x00,0x00,0x00,0x00,0x00,0x00,0x00,0x00,0x00,0x00,0x00,0x00,0x00,0x00,0xfe,0x54,0xfe,0x54,0xf6,0x54,0xf6,0x54,0xf6,0x54,0xf6,0x54,0xf6,0x54,0xf6,0x54,0xf6,0x54,0xf6,0x54,0xf6,0x54,0xf6,0x54,0xf6,0x54,0xf6,0x54,0x00,0x00,0x00,0x00,0x00,0x00,0x00,0x00,0x00,0x00,0x00,0x00,0x00,0x00,0x00,0x00,0x00,0x00,0x00,0x00,0x00,0x00,0x00,0x00,0x00,0x00,0x00,0x00,0x00,0x00,0x00,0x00,0x00,0x00,0x00,0x00,0x00,0x00,0x00,0x00,0x00,0x00,0x00,0x00,0x00,0x00,0x00,0x00,0x00,0x00,0x00,0x00,0x00,0x00,0x00,0x00,0x00,0x00,0x00,0x00,0x00,0x00,0x00,0x00,0x00,0x00,0x00,0x00,0x00,0x00,0x00,0x00,0x00,0x00,0x00,0x00,0x00,0x00,0x00,0x00,0x00,0x00,0x00,0x00,0x00,0x00,0x00,0x00,0x00,0x00,0x00,0x00,0x00,0x00,0x00,0x00,0x00,0x00,0x00,0x00,0x00,0x00,0x00,0x00,0x00,0x00,0x00,0x00,0x00,0x00,0x00,0x00,0x00,0x00,0x00,0x00,0x00,0x00,0x00,0x00,0xfe,0x54,0xfe,0x54,0xf6,0x54,0xf6,0x54,0xf6,0x54,0xf6,0x54,0xf6,0x54,0xf6,0x54,0xf6,0x54,0xf6,0x54,0xf6,0x54,0xf6,0x54,0xf6,0x54,0xf6,0x54,0x00,0x00,0x00,0x00,0x00,0x00,0x00,0x00,0x00,0x00,0x00,0x00,0x00,0x00,0x00,0x00,0x00,0x00,0x00,0x00,0x00,0x00,0x00,0x00,0x00,0x00,0x00,0x00,0x00,0x00,0x00,0x00,0x00,0x00,0x00,0x00,0x00,0x00,0x00,0x00,0x00,0x00,0x00,0x00,0x00,0x00,0x00,0x00,0x00,0x00,0x00,0x00,0x00,0x00,0x00,0x00,0x00,0x00,0x00,0x00,0x00,0x00,0x00,0x00,0x00,0x00,0x00,0x00,0x00,0x00,0x00,0x00,0x00,0x00,0x00,0x00,0x00,0x00,0x00,0x00,0x00,0x00,0x00,0x00,0x00,0x00,0x00,0x00,0x00,0x00,0x00,0x00,0x00,0x00,0x00,0x00,0x00,0x00,0x00,0x00,0x00,0x00,0x00,0x00,0x00,0x00,0x00,0x00,0x00,0x00,0x00,0x00,0x00,0x00,0x00,0x00,0x00,0x00,0x00,0x00,0xfe,0x54,0xfe,0x54,0xf6,0x54,0xf6,0x54,0xf6,0x54,0xf6,0x54,0xf6,0x54,0xf6,0x54,0xf6,0x54,0xf6,0x54,0xf6,0x54,0xf6,0x54,0xf6,0x54,0xf6,0x54,0x00,0x00,0x00,0x00,0xfe,0x74,0xf6,0x54,0xfe,0x54,0xf6,0x54,0xf6,0x54,0xf6,0x54,0xf6,0x54,0xfe,0x34,0x00,0x00,0x00,0x00,0x00,0x00,0x00,0x00,0x00,0x00,0x00,0x00,0x00,0x00,0x00,0x00,0x00,0x00,0x00,0x00,0x00,0x00,0x00,0x00,0x00,0x00,0x00,0x00,0x00,0x00,0x00,0x00,0x00,0x00,0x00,0x00,0x00,0x00,0x00,0x00,0x00,0x00,0x00,0x00,0x00,0x00,0x00,0x00,0x00,0x00,0x00,0x00,0x00,0x00,0x00,0x00,0x00,0x00,0x00,0x00,0x00,0x00,0x00,0x00,0x00,0x00,0x00,0x00,0x00,0x00,0x00,0x00,0x00,0x00,0x00,0x00,0x00,0x00,0x00,0x00,0x00,0x00,0x00,0x00,0x00,0x00,0x00,0x00,0x00,0x00,0x00,0x00,0x00,0x00,0x00,0x00,0x00,0x00,0x00,0x00,0xfe,0x54,0xfe,0x54,0xf6,0x54,0xf6,0x54,0xf6,0x54,0xf6,0x54,0xf6,0x54,0xf6,0x54,0xf6,0x54,0xf6,0x54,0xf6,0x54,0xf6,0x54,0xf6,0x54,0xf6,0x54,0x00,0x00,0xf6,0x54,0xf6,0x54,0xf6,0x54,0xf6,0x54,0xf6,0x54,0xf6,0x54,0xf6,0x54,0xf6,0x54,0xf6,0x54,0xfe,0x54,0xff,0xe0,0x00,0x00,0x00,0x00,0x00,0x00,0x00,0x00,0x00,0x00,0x00,0x00,0x00,0x00,0x00,0x00,0x00,0x00,0x00,0x00,0x00,0x00,0x00,0x00,0x00,0x00,0x00,0x00,0x00,0x00,0x00,0x00,0x00,0x00,0x00,0x00,0x00,0x00,0x00,0x00,0x00,0x00,0x00,0x00,0x00,0x00,0x00,0x00,0x00,0x00,0x00,0x00,0x00,0x00,0x00,0x00,0x00,0x00,0x00,0x00,0x00,0x00,0x00,0x00,0x00,0x00,0x00,0x00,0x00,0x00,0x00,0x00,0x00,0x00,0x00,0x00,0x00,0x00,0x00,0x00,0x00,0x00,0x00,0x00,0x00,0x00,0x00,0x00,0x00,0x00,0x00,0x00,0x00,0x00,0x00,0x00,0xfe,0x54,0xfe,0x54,0xf6,0x54,0xf6,0x54,0xf6,0x54,0xf6,0x54,0xf6,0x54,0xf6,0x54,0xf6,0x54,0xf6,0x54,0xf6,0x54,0xf6,0x54,0xf6,0x54,0xf6,0x54,0xf6,0x54,0xf6,0x54,0xf6,0x54,0xf6,0x54,0xf6,0x54,0xf6,0x54,0xf6,0x54,0xf6,0x54,0xf6,0x54,0xf6,0x54,0xf6,0x54,0xfe,0x54,0x00,0x00,0x00,0x00,0x00,0x00,0x00,0x00,0xf6,0x54,0xfe,0x54,0xf6,0x54,0xfe,0x54,0xfe,0x54,0xf6,0x54,0xff,0xf5,0x00,0x00,0x00,0x00,0x00,0x00,0x00,0x00,0x00,0x00,0x00,0x00,0x00,0x00,0x00,0x00,0x00,0x00,0x00,0x00,0x00,0x00,0x00,0x00,0x00,0x00,0x00,0x00,0x00,0x00,0x00,0x00,0x00,0x00,0x00,0x00,0x00,0x00,0x00,0x00,0x00,0x00,0x00,0x00,0x00,0x00,0x00,0x00,0x00,0x00,0x00,0x00,0x00,0x00,0x00,0x00,0x00,0x00,0x00,0x00,0x00,0x00,0x00,0x00,0x00,0x00,0x00,0x00,0x00,0x00,0x00,0x00,0x00,0x00,0xfe,0x54,0xfe,0x54,0xf6,0x54,0xf6,0x54,0xf6,0x54,0xf6,0x54,0xf6,0x54,0xf6,0x54,0xf6,0x54,0xf6,0x54,0xf6,0x54,0xf6,0x54,0xf6,0x54,0xf6,0x54,0xf6,0x54,0xf6,0x54,0xf6,0x54,0xf6,0x54,0xf6,0x54,0xf6,0x54,0xf6,0x54,0xf6,0x54,0xf6,0x54,0xf6,0x54,0xf6,0x54,0xf6,0x54,0xff,0xf5,0x00,0x00,0xed,0xf2,0xf6,0x54,0xf6,0x54,0xf6,0x54,0xf6,0x54,0xf6,0x54,0xf6,0x54,0xf6,0x54,0xf6,0x54,0x00,0x00,0x00,0x00,0x00,0x00,0x00,0x00,0x00,0x00,0x00,0x00,0x00,0x00,0x00,0x00,0x00,0x00,0x00,0x00,0x00,0x00,0x00,0x00,0x00,0x00,0x00,0x00,0x00,0x00,0x00,0x00,0x00,0x00,0x00,0x00,0x00,0x00,0x00,0x00,0x00,0x00,0x00,0x00,0x00,0x00,0x00,0x00,0x00,0x00,0x00,0x00,0x00,0x00,0x00,0x00,0x00,0x00,0x00,0x00,0x00,0x00,0x00,0x00,0x00,0x00,0x00,0x00,0x00,0x00,0x00,0x00,0x00,0x00,0xfe,0x54,0xfe,0x54,0xf6,0x54,0xf6,0x54,0xf6,0x54,0xf6,0x54,0xf6,0x54,0xf6,0x54,0xf6,0x54,0xf6,0x54,0xf6,0x54,0xf6,0x54,0xf6,0x54,0xf6,0x54,0xf6,0x54,0xf6,0x54,0xf6,0x54,0xf6,0x54,0xf6,0x54,0xf6,0x54,0xf6,0x54,0xf6,0x54,0xf6,0x54,0xf6,0x54,0xf6,0x54,0xf6,0x54,0xfe,0x94,0xf6,0x54,0xfe,0x54,0xf6,0x54,0xf6,0x54,0xf6,0x54,0xf6,0x54,0xf6,0x54,0xf6,0x54,0xf6,0x54,0xf6,0x54,0xf6,0x54,0xfe,0x73,0x00,0x00,0x00,0x00,0x00,0x00,0x00,0x00,0x00,0x00,0x00,0x00,0x00,0x00,0x00,0x00,0x00,0x00,0x00,0x00,0x00,0x00,0x00,0x00,0x00,0x00,0x00,0x00,0x00,0x00,0x00,0x00,0x00,0x00,0x00,0x00,0x00,0x00,0x00,0x00,0x00,0x00,0x00,0x00,0x00,0x00,0x00,0x00,0x00,0x00,0x00,0x00,0x00,0x00,0x00,0x00,0x00,0x00,0x00,0x00,0x00,0x00,0x00,0x00,0x00,0x00,0x00,0x00,0x00,0x00,0xfe,0x54,0xf6,0x54,0xf6,0x54,0xf6,0x54,0xf6,0x54,0xf6,0x54,0xf6,0x54,0xf6,0x54,0xf6,0x54,0xf6,0x54,0xf6,0x54,0xf6,0x54,0xf6,0x54,0xf6,0x54,0xf6,0x54,0xf6,0x54,0xf6,0x54,0xf6,0x54,0xf6,0x54,0xf6,0x54,0xf6,0x54,0xf6,0x54,0xf6,0x54,0xf6,0x54,0xf6,0x54,0xf6,0x54,0xf6,0x54,0xfe,0x54,0xfe,0x54,0xf6,0x54,0xf6,0x54,0xf6,0x54,0xf6,0x54,0xf6,0x54,0xf6,0x54,0xf6,0x54,0xf6,0x54,0xf6,0x54,0xfe,0x54,0xf8,0x00,0x00,0x00,0x00,0x00,0x00,0x00,0xfd,0x4a,0xfe,0x54,0xf6,0x34,0xf6,0x34,0xfe,0x54,0x00,0x00,0x00,0x00,0x00,0x00,0x00,0x00,0x00,0x00,0x00,0x00,0x00,0x00,0x00,0x00,0x00,0x00,0x00,0x00,0x00,0x00,0x00,0x00,0x00,0x00,0x00,0x00,0x00,0x00,0x00,0x00,0x00,0x00,0x00,0x00,0x00,0x00,0x00,0x00,0x00,0x00,0x00,0x00,0x00,0x00,0x00,0x00,0x00,0x00,0x00,0x00,0xfe,0x54,0xf6,0x54,0xf6,0x54,0xf6,0x54,0xf6,0x54,0xf6,0x54,0xf6,0x54,0xf6,0x54,0xf6,0x54,0xf6,0x54,0xf6,0x54,0xf6,0x54,0xf6,0x54,0xf6,0x54,0xf6,0x54,0xf6,0x54,0xf6,0x54,0xf6,0x54,0xf6,0x54,0xf6,0x54,0xf6,0x54,0xf6,0x54,0xf6,0x54,0xf6,0x54,0xf6,0x54,0xf6,0x54,0xf6,0x54,0xf6,0x54,0xf6,0x54,0xf6,0x54,0xf6,0x54,0xf6,0x54,0xf6,0x54,0xf6,0x54,0xf6,0x54,0xf6,0x54,0xf6,0x54,0xf6,0x54,0xfe,0x54,0xfe,0x54,0x00,0x00,0xf8,0x00,0xfe,0x54,0xf6,0x54,0xf6,0x54,0xf6,0x54,0xf6,0x54,0xf6,0x54,0xf6,0x54,0xf6,0x54,0x00,0x00,0x00,0x00,0x00,0x00,0x00,0x00,0x00,0x00,0x00,0x00,0x00,0x00,0x00,0x00,0x00,0x00,0x00,0x00,0x00,0x00,0x00,0x00,0x00,0x00,0x00,0x00,0x00,0x00,0x00,0x00,0x00,0x00,0x00,0x00,0x00,0x00,0x00,0x00,0x00,0x00,0x00,0x00,0x00,0x00,0x00,0x00,0xfe,0x54,0xf6,0x54,0xf6,0x54,0xf6,0x54,0xf6,0x54,0xf6,0x54,0xf6,0x54,0xf6,0x54,0xf6,0x54,0xf6,0x54,0xf6,0x54,0xf6,0x54,0xf6,0x54,0xf6,0x54,0xf6,0x54,0xf6,0x54,0xf6,0x54,0xf6,0x54,0xf6,0x54,0xf6,0x54,0xf6,0x54,0xf6,0x54,0xf6,0x54,0xf6,0x54,0xf6,0x54,0xf6,0x54,0xf6,0x54,0xf6,0x54,0xf6,0x54,0xf6,0x54,0xf6,0x54,0xf6,0x54,0xf6,0x54,0xf6,0x54,0xf6,0x54,0xf6,0x54,0xf6,0x54,0xf6,0x54,0xf6,0x54,0xfe,0x54,0xff,0xff,0xfe,0x74,0xf6,0x54,0xf6,0x54,0xf6,0x54,0xf6,0x54,0xf6,0x54,0xf6,0x54,0xf6,0x54,0xf6,0x54,0xf6,0x54,0xff,0xe0,0x00,0x00,0x00,0x00,0x00,0x00,0x00,0x00,0x00,0x00,0x00,0x00,0x00,0x00,0x00,0x00,0x00,0x00,0x00,0x00,0x00,0x00,0x00,0x00,0x00,0x00,0x00,0x00,0x00,0x00,0x00,0x00,0x00,0x00,0x00,0x00,0x00,0x00,0x00,0x00,0x00,0x00,0x00,0x00,0xfe,0x54,0xf6,0x54,0xf6,0x54,0xf6,0x54,0xf6,0x54,0xf6,0x54,0xf6,0x54,0xf6,0x54,0xf6,0x54,0xf6,0x54,0xf6,0x54,0xf6,0x54,0xf6,0x54,0xf6,0x54,0xf6,0x54,0xf6,0x54,0xf6,0x54,0xf6,0x54,0xf6,0x54,0xf6,0x54,0xf6,0x54,0xf6,0x54,0xf6,0x54,0xf6,0x54,0xf6,0x54,0xf6,0x54,0xf6,0x54,0xf6,0x54,0xf6,0x54,0xf6,0x54,0xf6,0x54,0xf6,0x54,0xf6,0x54,0xf6,0x54,0xf6,0x54,0xf6,0x54,0xf6,0x54,0xf6,0x54,0xf6,0x54,0xf6,0x54,0xf6,0x54,0xf6,0x54,0xf6,0x54,0xf6,0x54,0xf6,0x54,0xf6,0x54,0xf6,0x54,0xf6,0x54,0xf6,0x54,0xf6,0x54,0xf6,0x54,0xfe,0x74,0x00,0x00,0x00,0x00,0x00,0x00,0x00,0x00,0x00,0x00,0x00,0x00,0x00,0x00,0x00,0x00,0x00,0x00,0x00,0x00,0x00,0x00,0x00,0x00,0x00,0x00,0x00,0x00,0x00,0x00,0x00,0x00,0x00,0x00,0x00,0x00,0x00,0x00,0x00,0x00,0x00,0x00,0x00,0x00,0xf6,0x54,0xf6,0x54,0xf6,0x54,0xf6,0x54,0xf6,0x54,0xf6,0x54,0xf6,0x54,0xf6,0x54,0xf6,0x54,0xf6,0x54,0xf6,0x54,0xf6,0x54,0xf6,0x54,0xf6,0x54,0xf6,0x54,0xf6,0x54,0xf6,0x54,0xf6,0x54,0xf6,0x54,0xf6,0x54,0xf6,0x54,0xf6,0x54,0xf6,0x54,0xf6,0x54,0xf6,0x54,0xf6,0x54,0xf6,0x54,0xf6,0x54,0xf6,0x54,0xf6,0x54,0xf6,0x54,0xf6,0x54,0xf6,0x54,0xf6,0x54,0xf6,0x54,0xf6,0x54,0xf6,0x54,0xf6,0x54,0xf6,0x54,0xf6,0x54,0xf6,0x54,0xf6,0x54,0xf6,0x54,0xf6,0x54,0xf6,0x54,0xf6,0x54,0xf6,0x54,0xf6,0x54,0xf6,0x54,0xf6,0x54,0xf6,0x54,0xf6,0x54,0xff,0xff,0x00,0x00,0x00,0x00,0x00,0x00,0x00,0x00,0x00,0x00,0x00,0x00,0x00,0x00,0x00,0x00,0x00,0x00,0x00,0x00,0x00,0x00,0x00,0x00,0x00,0x00,0x00,0x00,0x00,0x00,0x00,0x00,0x00,0x00,0x00,0x00,0x00,0x00,0x00,0x00,0x00,0x00,0xf6,0x54,0xf6,0x54,0xf6,0x54,0xf6,0x54,0xf6,0x54,0xf6,0x54,0xf6,0x54,0xf6,0x54,0xf6,0x54,0xf6,0x54,0xf6,0x54,0xf6,0x54,0xf6,0x54,0xf6,0x54,0xf6,0x54,0xf6,0x54,0xf6,0x54,0xf6,0x54,0xf6,0x54,0xf6,0x54,0xf6,0x54,0xf6,0x54,0xf6,0x54,0xf6,0x54,0xf6,0x54,0xf6,0x54,0xf6,0x54,0xf6,0x54,0xf6,0x54,0xf6,0x54,0xf6,0x54,0xf6,0x54,0xf6,0x54,0xf6,0x54,0xf6,0x54,0xf6,0x54,0xf6,0x54,0xf6,0x54,0xf6,0x54,0xfe,0x54,0xf6,0x54,0xf6,0x54,0xf6,0x54,0xf6,0x54,0xf6,0x54,0xf6,0x54,0xf6,0x54,0xf6,0x54,0xf6,0x54,0xf6,0x54,0xf6,0x54,0xf6,0x54,0xfe,0x74,0x00,0x00,0x00,0x00,0x00,0x00,0x00,0x00,0x00,0x00,0x00,0x00,0x00,0x00,0x00,0x00,0x00,0x00,0x00,0x00,0x00,0x00,0x00,0x00,0x00,0x00,0x00,0x00,0x00,0x00,0x00,0x00,0x00,0x00,0x00,0x00,0x00,0x00,0x00,0x00,0x00,0x00,0xf6,0x54,0xf6,0x54,0xf6,0x54,0xf6,0x54,0xf6,0x54,0xf6,0x54,0xf6,0x54,0xf6,0x54,0xf6,0x54,0xf6,0x54,0xf6,0x54,0xf6,0x54,0xf6,0x54,0xf6,0x54,0xf6,0x54,0xf6,0x54,0xf6,0x54,0xf6,0x54,0xf6,0x54,0xf6,0x54,0xf6,0x54,0xf6,0x54,0xf6,0x54,0xf6,0x54,0xf6,0x54,0xf6,0x54,0xf6,0x54,0xf6,0x54,0xf6,0x54,0xf6,0x54,0xf6,0x54,0xf6,0x54,0xf6,0x54,0xf6,0x54,0xf6,0x54,0xf6,0x54,0xf6,0x54,0xf6,0x54,0xf6,0x54,0xf6,0x54,0xf6,0x54,0xf6,0x54,0xf6,0x54,0xf6,0x54,0xf6,0x54,0xf6,0x54,0xf6,0x54,0xf6,0x54,0xf6,0x54,0xf6,0x54,0xf6,0x54,0xf6,0x54,0xf6,0x54,0x00,0x00,0x00,0x00,0x00,0x00,0x00,0x00,0x00,0x00,0x00,0x00,0x00,0x00,0x00,0x00,0x00,0x00,0x00,0x00,0x00,0x00,0x00,0x00,0x00,0x00,0x00,0x00,0x00,0x00,0x00,0x00,0x00,0x00,0x00,0x00,0x00,0x00,0x00,0x00,0x00,0x00,0xf6,0x54,0xf6,0x54,0xf6,0x54,0xf6,0x54,0xf6,0x54,0xf6,0x54,0xf6,0x54,0xf6,0x54,0xf6,0x54,0xf6,0x54,0xf6,0x54,0xf6,0x54,0xf6,0x54,0xf6,0x54,0xf6,0x54,0xf6,0x54,0xf6,0x54,0xf6,0x54,0xf6,0x54,0xf6,0x54,0xf6,0x54,0xf6,0x54,0xf6,0x54,0xf6,0x54,0xf6,0x54,0xf6,0x54,0xf6,0x54,0xf6,0x54,0xf6,0x54,0xf6,0x54,0xf6,0x54,0xf6,0x54,0xf6,0x54,0xf6,0x54,0xf6,0x54,0xf6,0x54,0xf6,0x54,0xf6,0x54,0xf6,0x54,0xf6,0x54,0xf6,0x54,0xf6,0x54,0xf6,0x54,0xf6,0x54,0xf6,0x54,0xf6,0x54,0xf6,0x54,0xf6,0x54,0xf6,0x54,0xf6,0x54,0xf6,0x54,0xf6,0x54,0xf6,0x54,0x00,0x00,0x00,0x00,0x00,0x00,0x00,0x00,0x00,0x00,0x00,0x00,0x00,0x00,0x00,0x00,0x00,0x00,0x00,0x00,0x00,0x00,0x00,0x00,0x00,0x00,0x00,0x00,0x00,0x00,0x00,0x00,0x00,0x00,0x00,0x00,0x00,0x00,0x00,0x00,0x00,0x00,0xfe,0x54,0xf6,0x54,0xf6,0x54,0xf6,0x54,0xf6,0x54,0xf6,0x54,0xf6,0x54,0xf6,0x54,0xf6,0x54,0xf6,0x54,0xf6,0x54,0xf6,0x54,0xf6,0x54,0xf6,0x54,0xf6,0x54,0xf6,0x54,0xf6,0x54,0xf6,0x54,0xf6,0x54,0xf6,0x54,0xf6,0x54,0xf6,0x54,0xf6,0x54,0xf6,0x54,0xf6,0x54,0xf6,0x54,0xf6,0x54,0xf6,0x54,0xf6,0x54,0xf6,0x54,0xf6,0x54,0xf6,0x54,0xf6,0x54,0xf6,0x54,0xf6,0x54,0xf6,0x54,0xf6,0x54,0xf6,0x54,0xf6,0x54,0xf6,0x54,0xf6,0x54,0xf6,0x54,0xf6,0x54,0xf6,0x54,0xf6,0x54,0xf6,0x54,0xf6,0x54,0xf6,0x54,0xf6,0x54,0xf6,0x54,0xf6,0x54,0xf6,0x54,0xf6,0x54,0x00,0x00,0x00,0x00,0x00,0x00,0x00,0x00,0xfe,0x35,0xf6,0x74,0xf6,0x54,0xf6,0x54,0xf6,0x54,0xf6,0x54,0xf6,0x54,0xf6,0x54,0xf6,0x55,0xfe,0xd6,0x00,0x00,0x00,0x00,0x00,0x00,0x00,0x00,0x00,0x00,0x00,0x00,0x00,0x00,0xfe,0x54,0xf6,0x54,0xf6,0x54,0xf6,0x54,0xf6,0x54,0xf6,0x54,0xf6,0x54,0xf6,0x54,0xf6,0x54,0xf6,0x54,0xf6,0x54,0xf6,0x54,0xf6,0x54,0xf6,0x54,0xf6,0x54,0xf6,0x54,0xf6,0x54,0xf6,0x54,0xf6,0x54,0xf6,0x54,0xf6,0x54,0xf6,0x54,0xf6,0x54,0xf6,0x54,0xf6,0x54,0xf6,0x54,0xf6,0x54,0xf6,0x54,0xf6,0x54,0xf6,0x54,0xf6,0x54,0xf6,0x54,0xf6,0x54,0xf6,0x54,0xf6,0x54,0xf6,0x54,0xf6,0x54,0xf6,0x54,0xf6,0x54,0xf6,0x54,0xf6,0x54,0xf6,0x54,0xf6,0x54,0xf6,0x54,0xf6,0x54,0xf6,0x54,0xf6,0x54,0xf6,0x54,0xf6,0x54,0xf6,0x54,0xf6,0x54,0xf6,0x54,0xfe,0x54,0x00,0x00,0x00,0x00,0xfc,0x10,0xfe,0x74,0xfe,0x54,0xf6,0x54,0xf6,0x54,0xf6,0x54,0xf6,0x54,0xf6,0x54,0xf6,0x54,0xf6,0x54,0xf6,0x54,0xf6,0x54,0xf6,0x34,0x00,0x00,0x00,0x00,0x00,0x00,0x00,0x00,0x00,0x00,0x00,0x00,0xfe,0x54,0xf6,0x54,0xf6,0x54,0xf6,0x54,0xf6,0x54,0xf6,0x54,0xf6,0x54,0xf6,0x54,0xf6,0x54,0xf6,0x54,0xf6,0x54,0xf6,0x54,0xf6,0x54,0xf6,0x54,0xf6,0x54,0xf6,0x54,0xf6,0x54,0xf6,0x54,0xf6,0x54,0xf6,0x54,0xf6,0x54,0xf6,0x54,0xf6,0x54,0xf6,0x54,0xf6,0x54,0xf6,0x54,0xf6,0x54,0xf6,0x54,0xf6,0x54,0xf6,0x54,0xf6,0x54,0xf6,0x54,0xf6,0x54,0xf6,0x54,0xf6,0x54,0xf6,0x54,0xf6,0x54,0xf6,0x54,0xf6,0x54,0xf6,0x54,0xf6,0x54,0xf6,0x54,0xf6,0x54,0xf6,0x54,0xf6,0x54,0xf6,0x54,0xf6,0x54,0xf6,0x54,0xf6,0x54,0xf6,0x54,0xf6,0x54,0xf6,0x54,0xfe,0x54,0x00,0x00,0x00,0x00,0xfe,0x54,0xf6,0x54,0xf6,0x54,0xf6,0x54,0xf6,0x54,0xf6,0x54,0xf6,0x54,0xf6,0x54,0xf6,0x54,0xf6,0x54,0xf6,0x54,0xfe,0x54,0xf6,0x54,0xf6,0x55,0x00,0x00,0x00,0x00,0x00,0x00,0x00,0x00,0x00,0x00,0xfe,0x54,0xf6,0x54,0xf6,0x54,0xf6,0x54,0xf6,0x54,0xf6,0x54,0xf6,0x54,0xf6,0x54,0xf6,0x54,0xf6,0x54,0xf6,0x54,0xf6,0x54,0xf6,0x54,0xf6,0x54,0xf6,0x54,0xf6,0x54,0xf6,0x54,0xf6,0x54,0xf6,0x54,0xf6,0x54,0xf6,0x54,0xf6,0x54,0xf6,0x54,0xf6,0x54,0xf6,0x54,0xf6,0x54,0xf6,0x54,0xf6,0x54,0xf6,0x54,0xf6,0x54,0xf6,0x54,0xf6,0x54,0xf6,0x54,0xf6,0x54,0xf6,0x54,0xf6,0x54,0xf6,0x54,0xf6,0x54,0xf6,0x54,0xf6,0x54,0xf6,0x54,0xf6,0x54,0xf6,0x54,0xf6,0x54,0xf6,0x54,0xf6,0x54,0xf6,0x54,0xf6,0x54,0xf6,0x54,0xf6,0x54,0xf6,0x54,0xf6,0x54,0xfe,0x54,0x00,0x00,0xf6,0x54,0xf6,0x54,0xf6,0x54,0xf6,0x54,0xf6,0x54,0xf6,0x54,0xf6,0x54,0xf6,0x54,0xf6,0x54,0xf6,0x54,0xf6,0x54,0xf6,0x54,0xf6,0x54,0xf6,0x54,0xf6,0x54,0xfe,0x75,0x00,0x00,0x00,0x00,0x00,0x00,0x00,0x00,0xf6,0x54,0xf6,0x54,0xf6,0x54,0xf6,0x54,0xf6,0x54,0xf6,0x54,0xf6,0x54,0xf6,0x54,0xf6,0x54,0xf6,0x54,0xf6,0x54,0xf6,0x54,0xf6,0x54,0xf6,0x54,0xf6,0x54,0xf6,0x54,0xf6,0x54,0xf6,0x54,0xf6,0x54,0xf6,0x54,0xf6,0x54,0xf6,0x54,0xf6,0x54,0xf6,0x54,0xf6,0x54,0xf6,0x54,0xf6,0x54,0xf6,0x54,0xf6,0x54,0xf6,0x54,0xf6,0x54,0xf6,0x54,0xf6,0x54,0xf6,0x54,0xf6,0x54,0xf6,0x54,0xf6,0x54,0xf6,0x54,0xf6,0x54,0xf6,0x54,0xf6,0x54,0xf6,0x54,0xf6,0x54,0xf6,0x54,0xf6,0x54,0xf6,0x54,0xf6,0x54,0xf6,0x54,0xf6,0x54,0xf6,0x54,0xf6,0x54,0xf6,0x54,0xfe,0x54,0xf6,0x34,0xf6,0x54,0xf6,0x54,0xf6,0x54,0xf6,0x54,0xf6,0x54,0xf6,0x54,0xf6,0x54,0xf6,0x54,0xf6,0x54,0xf6,0x54,0xf6,0x54,0xf6,0x54,0xf6,0x54,0xf6,0x54,0xf6,0x54,0xf6,0x54,0xfe,0x53,0x00,0x00,0x00,0x00,0x00,0x00,0xf6,0x54,0xf6,0x54,0xf6,0x54,0xf6,0x54,0xf6,0x54,0xf6,0x54,0xf6,0x54,0xf6,0x54,0xf6,0x54,0xf6,0x54,0xf6,0x54,0xf6,0x54,0xf6,0x54,0xf6,0x54,0xf6,0x54,0xf6,0x54,0xf6,0x54,0xf6,0x54,0xf6,0x54,0xf6,0x54,0xf6,0x54,0xf6,0x54,0xf6,0x54,0xf6,0x54,0xf6,0x54,0xf6,0x54,0xf6,0x54,0xf6,0x54,0xf6,0x54,0xf6,0x54,0xf6,0x54,0xf6,0x54,0xf6,0x54,0xf6,0x54,0xf6,0x54,0xf6,0x54,0xf6,0x54,0xf6,0x54,0xf6,0x54,0xf6,0x54,0xf6,0x54,0xf6,0x54,0xf6,0x54,0xf6,0x54,0xf6,0x54,0xf6,0x54,0xf6,0x54,0xf6,0x54,0xf6,0x54,0xf6,0x54,0xf6,0x54,0xf6,0x54,0xf6,0x54,0xfe,0x35,0xf6,0x54,0xf6,0x54,0xf6,0x54,0xf6,0x54,0xf6,0x54,0xf6,0x54,0xf6,0x54,0xf6,0x54,0xf6,0x54,0xf6,0x54,0xf6,0x54,0xf6,0x54,0xf6,0x54,0xf6,0x54,0xf6,0x54,0xfe,0x54,0xf6,0x54,0xf6,0x14,0x00,0x00,0x00,0x00,0xfe,0x54,0xf6,0x54,0xf6,0x54,0xf6,0x54,0xf6,0x54,0xf6,0x54,0xf6,0x54,0xf6,0x54,0xf6,0x54,0xf6,0x54,0xf6,0x54,0xf6,0x54,0xf6,0x54,0xf6,0x54,0xf6,0x54,0xf6,0x54,0xf6,0x54,0xf6,0x54,0xf6,0x54,0xf6,0x54,0xf6,0x54,0xf6,0x54,0xf6,0x54,0xf6,0x54,0xf6,0x54,0xf6,0x54,0xf6,0x54,0xf6,0x54,0xf6,0x54,0xf6,0x54,0xf6,0x54,0xf6,0x54,0xf6,0x54,0xf6,0x54,0xf6,0x54,0xf6,0x54,0xf6,0x54,0xf6,0x54,0xf6,0x54,0xf6,0x54,0xf6,0x54,0xf6,0x54,0xf6,0x54,0xf6,0x54,0xf6,0x54,0xf6,0x54,0xf6,0x54,0xf6,0x54,0xf6,0x54,0xf6,0x54,0xf6,0x54,0xf6,0x54,0xf6,0x54,0x00,0x00,0xfe,0x74,0xf6,0x54,0xf6,0x54,0xf6,0x54,0xf6,0x54,0xf6,0x54,0xf6,0x54,0xf6,0x54,0xf6,0x54,0xf6,0x54,0xf6,0x54,0xf6,0x54,0xf6,0x54,0xf6,0x54,0xf6,0x54,0xf6,0x54,0xf6,0x54,0xf6,0x74,0x00,0x00,0x00,0x00,0xfe,0x54,0xf6,0x54,0xf6,0x54,0xf6,0x54,0xf6,0x54,0xf6,0x54,0xf6,0x54,0xf6,0x54,0xf6,0x54,0xf6,0x54,0xf6,0x54,0xf6,0x54,0xf6,0x54,0xf6,0x54,0xf6,0x54,0xf6,0x54,0xf6,0x54,0xf6,0x54,0xf6,0x54,0xf6,0x54,0xf6,0x54,0xf6,0x54,0xf6,0x54,0xf6,0x54,0xf6,0x54,0xf6,0x54,0xf6,0x54,0xf6,0x54,0xf6,0x54,0xf6,0x54,0xf6,0x54,0xf6,0x54,0xf6,0x54,0xf6,0x54,0xf6,0x54,0xf6,0x54,0xf6,0x54,0xf6,0x54,0xf6,0x54,0xf6,0x54,0xf6,0x54,0xf6,0x54,0xf6,0x54,0xf6,0x54,0xf6,0x54,0xf6,0x54,0xf6,0x54,0xf6,0x54,0xf6,0x54,0xf6,0x54,0xf6,0x54,0xf6,0x54,0xf6,0x54,0x00,0x00,0x00,0x00,0xf6,0x54,0xf6,0x54,0xf6,0x54,0xf6,0x54,0xf6,0x54,0xf6,0x54,0xf6,0x54,0xf6,0x54,0xf6,0x54,0xf6,0x54,0xf6,0x54,0xf6,0x54,0xf6,0x54,0xf6,0x54,0xf6,0x54,0xf6,0x54,0xf6,0x54,0xfe,0x54,0xff,0xff,0xfe,0x54,0xf6,0x54,0xf6,0x54,0xf6,0x54,0xf6,0x54,0xf6,0x54,0xf6,0x54,0xf6,0x54,0xf6,0x54,0xf6,0x54,0xf6,0x54,0xf6,0x54,0xf6,0x54,0xf6,0x54,0xf6,0x54,0xf6,0x54,0xf6,0x54,0xf6,0x54,0xf6,0x54,0xf6,0x54,0xf6,0x54,0xf6,0x54,0xf6,0x54,0xf6,0x54,0xf6,0x54,0xf6,0x54,0xf6,0x54,0xf6,0x54,0xf6,0x54,0xf6,0x54,0xf6,0x54,0xf6,0x54,0xf6,0x54,0xf6,0x54,0xf6,0x54,0xf6,0x54,0xf6,0x54,0xf6,0x54,0xf6,0x54,0xf6,0x54,0xf6,0x54,0xf6,0x54,0xf6,0x54,0xf6,0x54,0xf6,0x54,0xf6,0x54,0xf6,0x54,0xf6,0x54,0xf6,0x54,0xf6,0x54,0xf6,0x54,0xf6,0x54,0xf6,0x54,0x00,0x00,0x00,0x00,0xf6,0x74,0xf6,0x54,0xf6,0x54,0xf6,0x54,0xf6,0x54,0xf6,0x54,0xf6,0x54,0xf6,0x54,0xf6,0x54,0xf6,0x54,0xf6,0x54,0xf6,0x54,0xf6,0x54,0xf6,0x54,0xf6,0x54,0xf6,0x54,0xf6,0x54,0xf6,0x54,0xfe,0x54,0xfe,0x54,0xf6,0x54,0xf6,0x54,0xf6,0x54,0xf6,0x54,0xf6,0x54,0xf6,0x54,0xf6,0x54,0xf6,0x54,0xf6,0x54,0xf6,0x54,0xf6,0x54,0xf6,0x54,0xf6,0x54,0xf6,0x54,0xf6,0x54,0xf6,0x54,0xf6,0x54,0xf6,0x54,0xf6,0x54,0xf6,0x54,0xf6,0x54,0xf6,0x54,0xf6,0x54,0xf6,0x54,0xf6,0x54,0xf6,0x54,0xf6,0x54,0xf6,0x54,0xf6,0x54,0xf6,0x54,0xf6,0x54,0xf6,0x54,0xf6,0x54,0xf6,0x54,0xf6,0x54,0xf6,0x54,0xf6,0x54,0xf6,0x54,0xf6,0x54,0xf6,0x54,0xf6,0x54,0xf6,0x54,0xf6,0x54,0xf6,0x54,0xf6,0x54,0xf6,0x54,0xf6,0x54,0xf6,0x54,0xf6,0x54,0xf6,0x54,0xf6,0x54,0xf6,0x54,0x00,0x00,0x00,0x00,0xed,0xf3,0xf6,0x54,0xf6,0x54,0xf6,0x54,0xf6,0x54,0xf6,0x54,0xf6,0x54,0xf6,0x54,0xf6,0x54,0xf6,0x54,0xf6,0x54,0xf6,0x54,0xf6,0x54,0xf6,0x54,0xf6,0x54,0xf6,0x54,0xf6,0x54,0xf6,0x54,0xf6,0x54,0xf6,0x54,0xf6,0x54,0xf6,0x54,0xf6,0x54,0xf6,0x54,0xf6,0x54,0xf6,0x54,0xf6,0x54,0xf6,0x54,0xf6,0x54,0xf6,0x54,0xf6,0x54,0xf6,0x54,0xf6,0x54,0xf6,0x54,0xf6,0x54,0xf6,0x54,0xf6,0x54,0xf6,0x54,0xf6,0x54,0xf6,0x54,0xf6,0x54,0xf6,0x54,0xf6,0x54,0xf6,0x54,0xf6,0x54,0xf6,0x54,0xf6,0x54,0xf6,0x54,0xf6,0x54,0xf6,0x54,0xf6,0x54,0xf6,0x54,0xf6,0x54,0xf6,0x54,0xf6,0x54,0xf6,0x54,0xf6,0x54,0xf6,0x54,0xf6,0x54,0xf6,0x54,0xf6,0x54,0xf6,0x54,0xf6,0x54,0xf6,0x54,0xf6,0x54,0xf6,0x54,0xf6,0x54,0xf6,0x54,0xf6,0x54,0xf6,0x54,0xf6,0x54,0xf6,0x54,0x00,0x00,0x00,0x00,0x00,0x00,0xf6,0x54,0xf6,0x54,0xf6,0x54,0xf6,0x54,0xf6,0x54,0xf6,0x54,0xf6,0x54,0xf6,0x54,0xf6,0x54,0xf6,0x54,0xf6,0x54,0xf6,0x54,0xf6,0x54,0xf6,0x54,0xf6,0x54,0xf6,0x54,0xf6,0x54,0xf6,0x54,0xf6,0x54,0xf6,0x54,0xf6,0x54,0xf6,0x54,0xf6,0x54,0xf6,0x54,0xf6,0x54,0xf6,0x54,0xf6,0x54,0xf6,0x54,0xf6,0x54,0xf6,0x54,0xf6,0x54,0xf6,0x54,0xf6,0x54,0xf6,0x54,0xf6,0x54,0xf6,0x54,0xf6,0x54,0xf6,0x54,0xf6,0x54,0xf6,0x54,0xf6,0x54,0xf6,0x54,0xf6,0x54,0xf6,0x54,0xf6,0x54,0xf6,0x54,0xf6,0x54,0xf6,0x54,0xf6,0x54,0xf6,0x54,0xf6,0x54,0xf6,0x54,0xf6,0x54,0xf6,0x54,0xf6,0x54,0xf6,0x54,0xf6,0x54,0xf6,0x54,0xf6,0x54,0xf6,0x54,0xf6,0x54,0xf6,0x54,0xf6,0x54,0xf6,0x54,0xf6,0x54,0xf6,0x54,0xf6,0x54,0xf6,0x54,0xf6,0x54,0xf6,0x54,0xf6,0x54,0x00,0x00,0x00,0x00,0x00,0x00,0xff,0xf0,0xfe,0x54,0xf6,0x54,0xf6,0x54,0xf6,0x54,0xf6,0x54,0xf6,0x54,0xf6,0x54,0xf6,0x54,0xf6,0x54,0xf6,0x54,0xf6,0x54,0xf6,0x54,0xf6,0x54,0xf6,0x54,0xf6,0x54,0xf6,0x54,0xf6,0x54,0xf6,0x54,0xf6,0x54,0xf6,0x54,0xf6,0x54,0xf6,0x54,0xf6,0x54,0xf6,0x54,0xf6,0x54,0xf6,0x54,0xf6,0x54,0xf6,0x54,0xf6,0x54,0xf6,0x54,0xf6,0x54,0xf6,0x54,0xf6,0x54,0xf6,0x54,0xf6,0x54,0xf6,0x54,0xf6,0x54,0xf6,0x54,0xf6,0x54,0xf6,0x54,0xf6,0x54,0xf6,0x54,0xf6,0x54,0xf6,0x54,0xf6,0x54,0xf6,0x54,0xf6,0x54,0xf6,0x54,0xf6,0x54,0xf6,0x54,0xf6,0x54,0xf6,0x54,0xf6,0x54,0xf6,0x54,0xf6,0x54,0xf6,0x54,0xf6,0x54,0xf6,0x54,0xf6,0x54,0xf6,0x54,0xf6,0x54,0xf6,0x54,0xf6,0x54,0xf6,0x54,0xf6,0x54,0xf6,0x54,0xf6,0x54,0xf6,0x54,0xf6,0x54,0xf6,0x54,0x00,0x00,0x00,0x00,0x00,0x00,0x00,0x00,0xfe,0x54,0xf6,0x54,0xf6,0x54,0xf6,0x54,0xf6,0x54,0xf6,0x54,0xf6,0x54,0xf6,0x54,0xf6,0x54,0xf6,0x54,0xf6,0x54,0xf6,0x54,0xf6,0x54,0xf6,0x54,0xf6,0x54,0xf6,0x54,0xf6,0x54,0xf6,0x54,0xf6,0x54,0xf6,0x54,0xf6,0x54,0xf6,0x54,0xf6,0x54,0xf6,0x54,0xf6,0x54,0xf6,0x54,0xf6,0x54,0xf6,0x54,0xf6,0x54,0xf6,0x54,0xf6,0x54,0xf6,0x54,0xf6,0x54,0xf6,0x54,0xf6,0x54,0xf6,0x54,0xf6,0x54,0xf6,0x54,0xf6,0x54,0xf6,0x54,0xf6,0x54,0xf6,0x54,0xf6,0x54,0xf6,0x54,0xf6,0x54,0xf6,0x54,0xf6,0x54,0xf6,0x54,0xf6,0x54,0xf6,0x54,0xf6,0x54,0xf6,0x54,0xf6,0x54,0xf6,0x54,0xf6,0x54,0xf6,0x54,0xf6,0x54,0xf6,0x54,0xf6,0x54,0xf6,0x54,0xf6,0x54,0xf6,0x54,0xf6,0x54,0xf6,0x54,0xf6,0x54,0xf6,0x54,0xf6,0x54,0xf6,0x54,0xf6,0x54,0xf6,0x54,0x00,0x00,0x00,0x00,0x00,0x00,0x00,0x00,0x00,0x00,0xf6,0x54,0xf6,0x54,0xf6,0x54,0xf6,0x54,0xf6,0x54,0xf6,0x54,0xf6,0x54,0xf6,0x54,0xf6,0x54,0xf6,0x54,0xf6,0x54,0xf6,0x54,0xf6,0x54,0xf6,0x54,0xf6,0x54,0xf6,0x54,0xf6,0x54,0xf6,0x54,0xf6,0x54,0xf6,0x54,0xf6,0x54,0xf6,0x54,0xf6,0x54,0xf6,0x54,0xf6,0x54,0xf6,0x54,0xf6,0x54,0xf6,0x54,0xf6,0x54,0xf6,0x54,0xf6,0x54,0xf6,0x54,0xf6,0x54,0xf6,0x54,0xf6,0x54,0xf6,0x54,0xf6,0x54,0xf6,0x54,0xf6,0x54,0xf6,0x54,0xf6,0x54,0xf6,0x54,0xf6,0x54,0xf6,0x54,0xf6,0x54,0xf6,0x54,0xf6,0x54,0xf6,0x54,0xf6,0x54,0xf6,0x54,0xf6,0x54,0xf6,0x54,0xf6,0x54,0xf6,0x54,0xf6,0x54,0xf6,0x54,0xf6,0x54,0xf6,0x54,0xf6,0x54,0xf6,0x54,0xf6,0x54,0xf6,0x54,0xf6,0x54,0xf6,0x54,0xf6,0x54,0xf6,0x54,0xf6,0x54,0xf6,0x54,0xf6,0x54,0x00,0x00,0x00,0x00,0x00,0x00,0x00,0x00,0x00,0x00,0xf6,0x94,0xf6,0x54,0xf6,0x54,0xf6,0x54,0xf6,0x54,0xf6,0x54,0xf6,0x54,0xf6,0x54,0xf6,0x54,0xf6,0x54,0xf6,0x54,0xf6,0x54,0xf6,0x54,0xf6,0x54,0xf6,0x54,0xf6,0x54,0xf6,0x54,0xf6,0x54,0xf6,0x54,0xf6,0x54,0xf6,0x54,0xf6,0x54,0xf6,0x54,0xf6,0x54,0xf6,0x54,0xf6,0x54,0xf6,0x54,0xf6,0x54,0xf6,0x54,0xf6,0x54,0xf6,0x54,0xf6,0x54,0xf6,0x54,0xf6,0x54,0xf6,0x54,0xf6,0x54,0xf6,0x54,0xf6,0x54,0xf6,0x54,0xf6,0x54,0xf6,0x54,0xf6,0x54,0xf6,0x54,0xf6,0x54,0xf6,0x54,0xf6,0x54,0xf6,0x54,0xf6,0x54,0xf6,0x54,0xf6,0x54,0xf6,0x54,0xf6,0x54,0xf6,0x54,0xf6,0x54,0xf6,0x54,0xf6,0x54,0xf6,0x54,0xf6,0x54,0xf6,0x54,0xf6,0x54,0xf6,0x54,0xf6,0x54,0xf6,0x54,0xf6,0x54,0xf6,0x54,0xf6,0x54,0xf6,0x54,0xf6,0x54,0xf6,0x54,0x00,0x00,0x00,0x00,0x00,0x00,0x00,0x00,0x00,0x00,0xfe,0xb5,0xf6,0x54,0xf6,0x54,0xf6,0x54,0xf6,0x54,0xf6,0x54,0xf6,0x54,0xf6,0x54,0xf6,0x54,0xf6,0x54,0xf6,0x54,0xf6,0x54,0xf6,0x54,0xf6,0x54,0xf6,0x54,0xf6,0x54,0xf6,0x54,0xf6,0x54,0xf6,0x54,0xf6,0x54,0xf6,0x54,0xf6,0x54,0xf6,0x54,0xf6,0x54,0xf6,0x54,0xf6,0x54,0xf6,0x54,0xf6,0x54,0xf6,0x54,0xf6,0x54,0xf6,0x54,0xf6,0x54,0xf6,0x54,0xf6,0x54,0xf6,0x54,0xf6,0x54,0xf6,0x54,0xf6,0x54,0xf6,0x54,0xf6,0x54,0xf6,0x54,0xf6,0x54,0xf6,0x54,0xf6,0x54,0xf6,0x54,0xf6,0x54,0xf6,0x54,0xf6,0x54,0xf6,0x54,0xf6,0x54,0xf6,0x54,0xf6,0x54,0xf6,0x54,0xf6,0x54,0xf6,0x54,0xf6,0x54,0xf6,0x54,0xf6,0x54,0xf6,0x54,0xf6,0x54,0xf6,0x54,0xf6,0x54,0xf6,0x54,0xf6,0x54,0xf6,0x54,0xf6,0x54,0xf6,0x54,0xf6,0x54,0xf6,0x54,0x00,0x00,0x00,0x00,0x00,0x00,0x00,0x00,0x00,0x00,0x00,0x00,0xfe,0x54,0xf6,0x54,0xf6,0x54,0xf6,0x54,0xf6,0x54,0xf6,0x54,0xf6,0x54,0xf6,0x54,0xf6,0x54,0xf6,0x54,0xf6,0x54,0xf6,0x54,0xf6,0x54,0xf6,0x54,0xf6,0x54,0xf6,0x54,0xf6,0x54,0xf6,0x54,0xf6,0x54,0xf6,0x54,0xf6,0x54,0xf6,0x54,0xf6,0x54,0xf6,0x54,0xf6,0x54,0xf6,0x54,0xf6,0x54,0xf6,0x54,0xf6,0x54,0xf6,0x54,0xf6,0x54,0xf6,0x54,0xf6,0x54,0xf6,0x54,0xf6,0x54,0xf6,0x54,0xf6,0x54,0xf6,0x54,0xf6,0x54,0xf6,0x54,0xf6,0x54,0xf6,0x54,0xf6,0x54,0xf6,0x54,0xf6,0x54,0xf6,0x54,0xf6,0x54,0xf6,0x54,0xf6,0x54,0xf6,0x54,0xf6,0x54,0xf6,0x54,0xf6,0x54,0xf6,0x54,0xf6,0x54,0xf6,0x54,0xf6,0x54,0xf6,0x54,0xf6,0x54,0xf6,0x54,0xf6,0x54,0xf6,0x54,0xf6,0x54,0xf6,0x54,0xf6,0x54,0xf6,0x54,0xf6,0x54,0xf6,0x54,0x00,0x00,0x00,0x00,0x00,0x00,0x00,0x00,0x00,0x00,0x00,0x00,0xfd,0x55,0xf6,0x54,0xf6,0x54,0xf6,0x54,0xf6,0x54,0xf6,0x54,0xf6,0x54,0xf6,0x54,0xf6,0x54,0xf6,0x54,0xf6,0x54,0xf6,0x54,0xf6,0x54,0xf6,0x54,0xf6,0x54,0xf6,0x54,0xf6,0x54,0xf6,0x54,0xf6,0x54,0xf6,0x54,0xf6,0x54,0xf6,0x54,0xf6,0x54,0xf6,0x54,0xf6,0x54,0xf6,0x54,0xf6,0x54,0xf6,0x54,0xf6,0x54,0xf6,0x54,0xf6,0x54,0xf6,0x54,0xf6,0x54,0xf6,0x54,0xf6,0x54,0xf6,0x54,0xf6,0x54,0xf6,0x54,0xf6,0x54,0xf6,0x54,0xf6,0x54,0xf6,0x54,0xf6,0x54,0xf6,0x54,0xf6,0x54,0xf6,0x54,0xf6,0x54,0xf6,0x54,0xf6,0x54,0xf6,0x54,0xf6,0x54,0xf6,0x54,0xf6,0x54,0xf6,0x54,0xf6,0x54,0xf6,0x54,0xf6,0x54,0xf6,0x54,0xf6,0x54,0xf6,0x54,0xf6,0x54,0xf6,0x54,0xf6,0x54,0xf6,0x54,0xf6,0x54,0xf6,0x54,0xf6,0x54,0xf6,0x54,0x00,0x00,0x00,0x00,0x00,0x00,0x00,0x00,0x00,0x00,0x00,0x00,0x00,0x00,0xf6,0x34,0xfe,0x54,0xf6,0x54,0xf6,0x54,0xf6,0x54,0xf6,0x54,0xf6,0x54,0xf6,0x54,0xf6,0x54,0xf6,0x54,0xf6,0x54,0xf6,0x54,0xf6,0x54,0xf6,0x54,0xf6,0x54,0xf6,0x54,0xf6,0x54,0xf6,0x54,0xf6,0x54,0xf6,0x54,0xf6,0x54,0xf6,0x54,0xf6,0x54,0xf6,0x54,0xf6,0x54,0xf6,0x54,0xf6,0x54,0xf6,0x54,0xf6,0x54,0xf6,0x54,0xf6,0x54,0xf6,0x54,0xf6,0x54,0xf6,0x54,0xf6,0x54,0xf6,0x54,0xf6,0x54,0xf6,0x54,0xf6,0x54,0xf6,0x54,0xf6,0x54,0xf6,0x54,0xf6,0x54,0xf6,0x54,0xf6,0x54,0xf6,0x54,0xf6,0x54,0xf6,0x54,0xf6,0x54,0xf6,0x54,0xf6,0x54,0xf6,0x54,0xf6,0x54,0xf6,0x54,0xf6,0x54,0xf6,0x54,0xf6,0x54,0xf6,0x54,0xf6,0x54,0xf6,0x54,0xf6,0x54,0xf6,0x54,0xf6,0x54,0xf6,0x54,0xf6,0x54,0xf6,0x54,0xf6,0x54,0x00,0x00,0x00,0x00,0x00,0x00,0x00,0x00,0x00,0x00,0x00,0x00,0x00,0x00,0x00,0x00,0xfe,0x74,0xf6,0x54,0xf6,0x54,0xf6,0x54,0xf6,0x54,0xf6,0x54,0xf6,0x54,0xf6,0x54,0xf6,0x54,0xf6,0x54,0xf6,0x54,0xf6,0x54,0xf6,0x54,0xf6,0x54,0xf6,0x54,0xf6,0x54,0xf6,0x54,0xf6,0x54,0xf6,0x54,0xf6,0x54,0xf6,0x54,0xf6,0x54,0xf6,0x54,0xf6,0x54,0xf6,0x54,0xf6,0x54,0xf6,0x54,0xf6,0x54,0xf6,0x54,0xf6,0x54,0xf6,0x54,0xf6,0x54,0xf6,0x54,0xf6,0x54,0xf6,0x54,0xf6,0x54,0xf6,0x54,0xf6,0x54,0xf6,0x54,0xf6,0x54,0xf6,0x54,0xf6,0x54,0xf6,0x54,0xf6,0x54,0xf6,0x54,0xf6,0x54,0xf6,0x54,0xf6,0x54,0xf6,0x54,0xf6,0x54,0xf6,0x54,0xf6,0x54,0xf6,0x54,0xf6,0x54,0xf6,0x54,0xf6,0x54,0xf6,0x54,0xf6,0x54,0xf6,0x54,0xf6,0x54,0xf6,0x54,0xf6,0x54,0xf6,0x54,0xf6,0x54,0xf6,0x54,0xf6,0x54,0x00,0x00,0x00,0x00,0x00,0x00,0x00,0x00,0x00,0x00,0x00,0x00,0x00,0x00,0x00,0x00,0xee,0x54,0xfe,0x54,0xf6,0x54,0xf6,0x54,0xf6,0x54,0xf6,0x54,0xf6,0x54,0xf6,0x54,0xf6,0x54,0xf6,0x54,0xf6,0x54,0xf6,0x54,0xf6,0x54,0xf6,0x54,0xf6,0x54,0xf6,0x54,0xf6,0x54,0xf6,0x54,0xf6,0x54,0xf6,0x54,0xf6,0x54,0xf6,0x54,0xf6,0x54,0xf6,0x54,0xf6,0x54,0xf6,0x54,0xf6,0x54,0xf6,0x54,0xf6,0x54,0xf6,0x54,0xf6,0x54,0xf6,0x54,0xf6,0x54,0xf6,0x54,0xf6,0x54,0xf6,0x54,0xf6,0x54,0xf6,0x54,0xf6,0x54,0xf6,0x54,0xf6,0x54,0xf6,0x54,0xf6,0x54,0xf6,0x54,0xf6,0x54,0xf6,0x54,0xf6,0x54,0xf6,0x54,0xf6,0x54,0xf6,0x54,0xf6,0x54,0xf6,0x54,0xf6,0x54,0xf6,0x54,0xf6,0x54,0xf6,0x54,0xf6,0x54,0xf6,0x54,0xf6,0x54,0xf6,0x54,0xf6,0x54,0xf6,0x54,0xf6,0x54,0xf6,0x54,0xf6,0x54,0xf6,0x54,0x00,0x00,0x00,0x00,0x00,0x00,0x00,0x00,0x00,0x00,0x00,0x00,0x00,0x00,0x00,0x00,0x00,0x00,0xf6,0x54,0xf6,0x54,0xf6,0x54,0xf6,0x54,0xf6,0x54,0xf6,0x54,0xf6,0x54,0xf6,0x54,0xf6,0x54,0xf6,0x54,0xf6,0x54,0xf6,0x54,0xf6,0x54,0xf6,0x54,0xf6,0x54,0xf6,0x54,0xf6,0x54,0xf6,0x54,0xf6,0x54,0xf6,0x54,0xf6,0x54,0xf6,0x54,0xf6,0x54,0xf6,0x54,0xf6,0x54,0xf6,0x54,0xf6,0x54,0xf6,0x54,0xf6,0x54,0xf6,0x54,0xf6,0x54,0xf6,0x54,0xf6,0x54,0xf6,0x54,0xf6,0x54,0xf6,0x54,0xf6,0x54,0xf6,0x54,0xf6,0x54,0xf6,0x54,0xf6,0x54,0xf6,0x54,0xf6,0x54,0xf6,0x54,0xf6,0x54,0xf6,0x54,0xf6,0x54,0xf6,0x54,0xf6,0x54,0xf6,0x54,0xf6,0x54,0xf6,0x54,0xf6,0x54,0xf6,0x54,0xf6,0x54,0xf6,0x54,0xf6,0x54,0xf6,0x54,0xf6,0x54,0xf6,0x54,0xf6,0x54,0xf6,0x54,0xf6,0x54,0xf6,0x54,0xf6,0x54,0x00,0x00,0x00,0x00,0x00,0x00,0x00,0x00,0x00,0x00,0x00,0x00,0x00,0x00,0x00,0x00,0x00,0x00,0xf6,0x74,0xf6,0x54,0xf6,0x54,0xf6,0x54,0xf6,0x54,0xf6,0x54,0xf6,0x54,0xf6,0x54,0xf6,0x54,0xf6,0x54,0xf6,0x54,0xf6,0x54,0xf6,0x54,0xf6,0x54,0xf6,0x54,0xf6,0x54,0xf6,0x54,0xf6,0x54,0xf6,0x54,0xf6,0x54,0xf6,0x54,0xf6,0x54,0xf6,0x54,0xf6,0x54,0xf6,0x54,0xf6,0x54,0xf6,0x54,0xf6,0x54,0xf6,0x54,0xf6,0x54,0xf6,0x54,0xf6,0x54,0xf6,0x54,0xf6,0x54,0xf6,0x54,0xf6,0x54,0xf6,0x54,0xf6,0x54,0xf6,0x54,0xf6,0x54,0xf6,0x54,0xf6,0x54,0xf6,0x54,0xf6,0x54,0xf6,0x54,0xf6,0x54,0xf6,0x54,0xf6,0x54,0xf6,0x54,0xf6,0x54,0xf6,0x54,0xf6,0x54,0xf6,0x54,0xf6,0x54,0xf6,0x54,0xf6,0x54,0xf6,0x54,0xf6,0x54,0xf6,0x54,0xf6,0x54,0xf6,0x54,0xf6,0x54,0xf6,0x54,0xf6,0x54,0xf6,0x54,0x00,0x00,0x00,0x00,0x00,0x00,0x00,0x00,0x00,0x00,0x00,0x00,0x00,0x00,0x00,0x00,0x00,0x00,0xfd,0x55,0xf6,0x54,0xf6,0x54,0xf6,0x54,0xf6,0x54,0xf6,0x54,0xf6,0x54,0xf6,0x54,0xf6,0x54,0xf6,0x54,0xf6,0x54,0xf6,0x54,0xf6,0x54,0xf6,0x54,0xf6,0x54,0xf6,0x54,0xf6,0x54,0xf6,0x54,0xf6,0x54,0xf6,0x54,0xf6,0x54,0xf6,0x54,0xf6,0x54,0xf6,0x54,0xf6,0x54,0xf6,0x54,0xf6,0x54,0xf6,0x54,0xf6,0x54,0xf6,0x54,0xf6,0x54,0xf6,0x54,0xf6,0x54,0xf6,0x54,0xf6,0x54,0xf6,0x54,0xf6,0x54,0xf6,0x54,0xf6,0x54,0xf6,0x54,0xf6,0x54,0xf6,0x54,0xf6,0x54,0xf6,0x54,0xf6,0x54,0xf6,0x54,0xf6,0x54,0xf6,0x54,0xf6,0x54,0xf6,0x54,0xf6,0x54,0xf6,0x54,0xf6,0x54,0xf6,0x54,0xf6,0x54,0xf6,0x54,0xf6,0x54,0xf6,0x54,0xf6,0x54,0xf6,0x54,0xf6,0x54,0xf6,0x54,0xf6,0x54,0xf6,0x54,0xf6,0x54,0x00,0x00,0x00,0x00,0x00,0x00,0x00,0x00,0x00,0x00,0x00,0x00,0x00,0x00,0x00,0x00,0x00,0x00,0x00,0x00,0xf6,0x34,0xf6,0x54,0xf6,0x54,0xf6,0x54,0xf6,0x54,0xf6,0x54,0xf6,0x54,0xf6,0x54,0xf6,0x54,0xf6,0x54,0xf6,0x54,0xf6,0x54,0xf6,0x54,0xf6,0x54,0xf6,0x54,0xf6,0x54,0xf6,0x54,0xf6,0x54,0xf6,0x54,0xf6,0x54,0xf6,0x54,0xf6,0x54,0xf6,0x54,0xf6,0x54,0xf6,0x54,0xf6,0x54,0xf6,0x54,0xf6,0x54,0xf6,0x54,0xf6,0x54,0xf6,0x54,0xf6,0x54,0xf6,0x54,0xf6,0x54,0xf6,0x54,0xf6,0x54,0xf6,0x54,0xf6,0x54,0xf6,0x54,0xf6,0x54,0xf6,0x54,0xf6,0x54,0xf6,0x54,0xf6,0x54,0xf6,0x54,0xf6,0x54,0xf6,0x54,0xf6,0x54,0xf6,0x54,0xf6,0x54,0xf6,0x54,0xf6,0x54,0xf6,0x54,0xf6,0x54,0xf6,0x54,0xf6,0x54,0xf6,0x54,0xf6,0x54,0xf6,0x54,0xf6,0x54,0xf6,0x54,0xf6,0x54,0xf6,0x54,0xf6,0x54,0x00,0x00,0x00,0x00,0x00,0x00,0x00,0x00,0x00,0x00,0x00,0x00,0x00,0x00,0x00,0x00,0x00,0x00,0x00,0x00,0x00,0x00,0xf6,0x54,0xf6,0x54,0xf6,0x54,0xf6,0x54,0xf6,0x54,0xf6,0x54,0xf6,0x54,0xf6,0x54,0xf6,0x54,0xf6,0x54,0xf6,0x54,0xf6,0x54,0xf6,0x54,0xf6,0x54,0xf6,0x54,0xf6,0x54,0xf6,0x54,0xf6,0x54,0xf6,0x54,0xf6,0x54,0xf6,0x54,0xf6,0x54,0xf6,0x54,0xf6,0x54,0xf6,0x54,0xf6,0x54,0xf6,0x54,0xf6,0x54,0xf6,0x54,0xf6,0x54,0xf6,0x54,0xf6,0x54,0xf6,0x54,0xf6,0x54,0xf6,0x54,0xf6,0x54,0xf6,0x54,0xf6,0x54,0xf6,0x54,0xf6,0x54,0xf6,0x54,0xf6,0x54,0xf6,0x54,0xf6,0x54,0xf6,0x54,0xf6,0x54,0xf6,0x54,0xf6,0x54,0xf6,0x54,0xf6,0x54,0xf6,0x54,0xf6,0x54,0xf6,0x54,0xf6,0x54,0xf6,0x54,0xf6,0x54,0xf6,0x54,0xf6,0x54,0xf6,0x54,0xf6,0x54,0xf6,0x54,0xf6,0x54,0xf6,0x54,0x00,0x00,0x00,0x00,0x00,0x00,0x00,0x00,0x00,0x00,0x00,0x00,0x00,0x00,0x00,0x00,0x00,0x00,0x00,0x00,0x00,0x00,0xfe,0x35,0xf6,0x54,0xf6,0x54,0xf6,0x54,0xf6,0x54,0xf6,0x54,0xf6,0x54,0xf6,0x54,0xf6,0x54,0xf6,0x54,0xf6,0x54,0xf6,0x54,0xf6,0x54,0xf6,0x54,0xf6,0x54,0xf6,0x54,0xf6,0x54,0xf6,0x54,0xf6,0x54,0xf6,0x54,0xf6,0x54,0xf6,0x54,0xf6,0x54,0xf6,0x54,0xf6,0x54,0xf6,0x54,0xf6,0x54,0xf6,0x54,0xf6,0x54,0xf6,0x54,0xf6,0x54,0xf6,0x54,0xf6,0x54,0xf6,0x54,0xf6,0x54,0xf6,0x54,0xf6,0x54,0xf6,0x54,0xf6,0x54,0xf6,0x54,0xf6,0x54,0xf6,0x54,0xf6,0x54,0xf6,0x54,0xf6,0x54,0xf6,0x54,0xf6,0x54,0xf6,0x54,0xf6,0x54,0xf6,0x54,0xf6,0x54,0xf6,0x54,0xf6,0x54,0xf6,0x54,0xf6,0x54,0xf6,0x54,0xf6,0x54,0xf6,0x54,0xf6,0x54,0xf6,0x54,0xf6,0x54,0xf6,0x54,0xf6,0x54,0x00,0x00,0x00,0x00,0x00,0x00,0x00,0x00,0x00,0x00,0x00,0x00,0x00,0x00,0x00,0x00,0x00,0x00,0x00,0x00,0x00,0x00,0x00,0x00,0xfe,0x54,0xf6,0x54,0xf6,0x54,0xf6,0x54,0xf6,0x54,0xf6,0x54,0xf6,0x54,0xf6,0x54,0xf6,0x54,0xf6,0x54,0xf6,0x54,0xf6,0x54,0xf6,0x54,0xf6,0x54,0xf6,0x54,0xf6,0x54,0xf6,0x54,0xf6,0x54,0xf6,0x54,0xf6,0x54,0xf6,0x54,0xf6,0x54,0xf6,0x54,0xf6,0x54,0xf6,0x54,0xf6,0x54,0xf6,0x54,0xf6,0x54,0xf6,0x54,0xf6,0x54,0xf6,0x54,0xf6,0x54,0xf6,0x54,0xf6,0x54,0xf6,0x54,0xf6,0x54,0xf6,0x54,0xf6,0x54,0xf6,0x54,0xf6,0x54,0xf6,0x54,0xf6,0x54,0xf6,0x54,0xf6,0x54,0xf6,0x54,0xf6,0x54,0xf6,0x54,0xf6,0x54,0xf6,0x54,0xf6,0x54,0xf6,0x54,0xf6,0x54,0xf6,0x54,0xf6,0x54,0xf6,0x54,0xf6,0x54,0xf6,0x54,0xf6,0x54,0xf6,0x54,0xf6,0x54,0xf6,0x54,0xf6,0x54,0x00,0x00,0x00,0x00,0x00,0x00,0x00,0x00,0x00,0x00,0x00,0x00,0x00,0x00,0x00,0x00,0x00,0x00,0x00,0x00,0x00,0x00,0x00,0x00,0xed,0xf3,0xf6,0x54,0xf6,0x54,0xf6,0x54,0xf6,0x54,0xf6,0x54,0xf6,0x54,0xf6,0x54,0xf6,0x54,0xf6,0x54,0xf6,0x54,0xf6,0x54,0xf6,0x54,0xf6,0x54,0xf6,0x54,0xf6,0x54,0xf6,0x54,0xf6,0x54,0xf6,0x54,0xf6,0x54,0xf6,0x54,0xf6,0x54,0xf6,0x54,0xf6,0x54,0xf6,0x54,0xf6,0x54,0xf6,0x54,0xf6,0x54,0xf6,0x54,0xf6,0x54,0xf6,0x54,0xf6,0x54,0xf6,0x54,0xf6,0x54,0xf6,0x54,0xf6,0x54,0xf6,0x54,0xf6,0x54,0xf6,0x54,0xf6,0x54,0xf6,0x54,0xf6,0x54,0xf6,0x54,0xf6,0x54,0xf6,0x54,0xf6,0x54,0xf6,0x54,0xf6,0x54,0xf6,0x54,0xf6,0x54,0xf6,0x54,0xf6,0x54,0xf6,0x54,0xf6,0x54,0xf6,0x54,0xf6,0x54,0xf6,0x54,0xf6,0x54,0xf6,0x54,0xf6,0x54,0xf6,0x54,0xf6,0x54,0x00,0x00,0x00,0x00,0x00,0x00,0x00,0x00,0x00,0x00,0x00,0x00,0x00,0x00,0x00,0x00,0x00,0x00,0x00,0x00,0x00,0x00,0x00,0x00,0x00,0x00,0xfe,0x54,0xf6,0x54,0xf6,0x54,0xf6,0x54,0xf6,0x54,0xf6,0x54,0xf6,0x54,0xf6,0x54,0xf6,0x54,0xf6,0x54,0xf6,0x54,0xf6,0x54,0xf6,0x54,0xf6,0x54,0xf6,0x54,0xf6,0x54,0xf6,0x54,0xf6,0x54,0xf6,0x54,0xf6,0x54,0xf6,0x54,0xf6,0x54,0xf6,0x54,0xf6,0x54,0xf6,0x54,0xf6,0x54,0xf6,0x54,0xf6,0x54,0xf6,0x54,0xf6,0x54,0xf6,0x54,0xf6,0x54,0xf6,0x54,0xf6,0x54,0xf6,0x54,0xf6,0x54,0xf6,0x54,0xf6,0x54,0xf6,0x54,0xf6,0x54,0xf6,0x54,0xf6,0x54,0xf6,0x54,0xf6,0x54,0xf6,0x54,0xf6,0x54,0xf6,0x54,0xf6,0x54,0xf6,0x54,0xf6,0x54,0xf6,0x54,0xf6,0x54,0xf6,0x54,0xf6,0x54,0xf6,0x54,0xf6,0x54,0xf6,0x54,0xf6,0x54,0xf6,0x54,0xf6,0x54,0xf6,0x54,0x00,0x00,0x00,0x00,0x00,0x00,0x00,0x00,0x00,0x00,0x00,0x00,0x00,0x00,0x00,0x00,0x00,0x00,0x00,0x00,0x00,0x00,0x00,0x00,0x00,0x00,0xf6,0x13,0xfe,0x54,0xf6,0x54,0xf6,0x54,0xf6,0x54,0xf6,0x54,0xf6,0x54,0xf6,0x54,0xf6,0x54,0xf6,0x54,0xf6,0x54,0xf6,0x54,0xf6,0x54,0xf6,0x54,0xf6,0x54,0xf6,0x54,0xf6,0x54,0xf6,0x54,0xf6,0x54,0xf6,0x54,0xf6,0x54,0xf6,0x54,0xf6,0x54,0xf6,0x54,0xf6,0x54,0xf6,0x54,0xf6,0x54,0xf6,0x54,0xf6,0x54,0xf6,0x54,0xf6,0x54,0xf6,0x54,0xf6,0x54,0xf6,0x54,0xf6,0x54,0xf6,0x54,0xf6,0x54,0xf6,0x54,0xf6,0x54,0xf6,0x54,0xf6,0x54,0xf6,0x54,0xf6,0x54,0xf6,0x54,0xf6,0x54,0xf6,0x54,0xf6,0x54,0xf6,0x54,0xf6,0x54,0xf6,0x54,0xf6,0x54,0xf6,0x54,0xf6,0x54,0xf6,0x54,0xf6,0x54,0xf6,0x54,0xf6,0x54,0xf6,0x54,0xf6,0x54,0xf6,0x54,0xf6,0x54,0x00,0x00,0x00,0x00,0x00,0x00,0x00,0x00,0x00,0x00,0x00,0x00,0x00,0x00,0x00,0x00,0x00,0x00,0x00,0x00,0x00,0x00,0x00,0x00,0x00,0x00,0x00,0x00,0xfe,0x54,0xf6,0x54,0xf6,0x54,0xf6,0x54,0xf6,0x54,0xf6,0x54,0xf6,0x54,0xf6,0x54,0xf6,0x54,0xf6,0x54,0xf6,0x54,0xf6,0x54,0xf6,0x54,0xf6,0x54,0xf6,0x54,0xf6,0x54,0xf6,0x54,0xf6,0x54,0xf6,0x54,0xf6,0x54,0xf6,0x54,0xf6,0x54,0xf6,0x54,0xf6,0x54,0xf6,0x54,0xf6,0x54,0xf6,0x54,0xf6,0x54,0xf6,0x54,0xf6,0x54,0xf6,0x54,0xf6,0x54,0xf6,0x54,0xf6,0x54,0xf6,0x54,0xf6,0x54,0xf6,0x54,0xf6,0x54,0xf6,0x54,0xf6,0x54,0xf6,0x54,0xf6,0x54,0xf6,0x54,0xf6,0x54,0xf6,0x54,0xf6,0x54,0xf6,0x54,0xf6,0x54,0xf6,0x54,0xf6,0x54,0xf6,0x54,0xf6,0x54,0xf6,0x54,0xf6,0x54,0xf6,0x54,0xf6,0x54,0xf6,0x54,0xf6,0x54,0xf6,0x54,0xfe,0x54,0x00,0x00,0x00,0x00,0x00,0x00,0x00,0x00,0x00,0x00,0x00,0x00,0x00,0x00,0x00,0x00,0x00,0x00,0x00,0x00,0x00,0x00,0x00,0x00,0x00,0x00,0x00,0x00,0xff,0xff,0xf6,0x54,0xf6,0x54,0xf6,0x54,0xf6,0x54,0xf6,0x54,0xf6,0x54,0xf6,0x54,0xf6,0x54,0xf6,0x54,0xf6,0x54,0xf6,0x54,0xf6,0x54,0xf6,0x54,0xf6,0x54,0xf6,0x54,0xf6,0x54,0xf6,0x54,0xf6,0x54,0xf6,0x54,0xf6,0x54,0xf6,0x54,0xf6,0x54,0xf6,0x54,0xf6,0x54,0xf6,0x54,0xf6,0x54,0xf6,0x54,0xf6,0x54,0xf6,0x54,0xf6,0x54,0xf6,0x54,0xf6,0x54,0xf6,0x54,0xf6,0x54,0xf6,0x54,0xf6,0x54,0xf6,0x54,0xf6,0x54,0xf6,0x54,0xf6,0x54,0xf6,0x54,0xf6,0x54,0xf6,0x54,0xf6,0x54,0xf6,0x54,0xf6,0x54,0xf6,0x54,0xf6,0x54,0xf6,0x54,0xf6,0x54,0xf6,0x54,0xf6,0x54,0xf6,0x54,0xf6,0x54,0xf6,0x54,0xf6,0x54,0xf6,0x54,0xf6,0x54,0xf6,0x54,0x00,0x00,0x00,0x00,0x00,0x00,0x00,0x00,0x00,0x00,0x00,0x00,0x00,0x00,0x00,0x00,0x00,0x00,0x00,0x00,0x00,0x00,0x00,0x00,0x00,0x00,0x00,0x00,0x00,0x00,0xf6,0x75,0xf6,0x54,0xf6,0x54,0xf6,0x54,0xf6,0x54,0xf6,0x54,0xf6,0x54,0xf6,0x54,0xf6,0x54,0xf6,0x54,0xf6,0x54,0xf6,0x54,0xf6,0x54,0xf6,0x54,0xf6,0x54,0xf6,0x54,0xf6,0x54,0xf6,0x54,0xf6,0x54,0xf6,0x54,0xf6,0x54,0xf6,0x54,0xf6,0x54,0xf6,0x54,0xf6,0x54,0xf6,0x54,0xf6,0x54,0xf6,0x54,0xf6,0x54,0xf6,0x54,0xf6,0x54,0xf6,0x54,0xf6,0x54,0xf6,0x54,0xf6,0x54,0xf6,0x54,0xf6,0x54,0xf6,0x54,0xf6,0x54,0xf6,0x54,0xf6,0x54,0xf6,0x54,0xf6,0x54,0xf6,0x54,0xf6,0x54,0xf6,0x54,0xf6,0x54,0xf6,0x54,0xf6,0x54,0xf6,0x54,0xf6,0x54,0xf6,0x54,0xf6,0x54,0xf6,0x54,0xf6,0x54,0xf6,0x54,0xf6,0x54,0xf6,0x54,0xf6,0x54,0x00,0x00,0x00,0x00,0x00,0x00,0x00,0x00,0x00,0x00,0x00,0x00,0x00,0x00,0x00,0x00,0x00,0x00,0x00,0x00,0x00,0x00,0x00,0x00,0x00,0x00,0x00,0x00,0x00,0x00,0x00,0x00,0xfe,0x54,0xf6,0x54,0xf6,0x54,0xf6,0x54,0xf6,0x54,0xf6,0x54,0xf6,0x54,0xf6,0x54,0xf6,0x54,0xf6,0x54,0xf6,0x54,0xf6,0x54,0xf6,0x54,0xf6,0x54,0xf6,0x54,0xf6,0x54,0xf6,0x54,0xf6,0x54,0xf6,0x54,0xf6,0x54,0xf6,0x54,0xf6,0x54,0xf6,0x54,0xf6,0x54,0xf6,0x54,0xf6,0x54,0xf6,0x54,0xf6,0x54,0xf6,0x54,0xf6,0x54,0xf6,0x54,0xf6,0x54,0xf6,0x54,0xf6,0x54,0xf6,0x54,0xf6,0x54,0xf6,0x54,0xf6,0x54,0xf6,0x54,0xf6,0x54,0xf6,0x54,0xf6,0x54,0xf6,0x54,0xf6,0x54,0xf6,0x54,0xf6,0x54,0xf6,0x54,0xf6,0x54,0xf6,0x54,0xf6,0x54,0xf6,0x54,0xf6,0x54,0xf6,0x54,0xf6,0x54,0xf6,0x54,0xf6,0x54,0xf6,0x54,0xf6,0x54,0x00,0x00,0x00,0x00,0x00,0x00,0x00,0x00,0x00,0x00,0x00,0x00,0x00,0x00,0x00,0x00,0x00,0x00,0x00,0x00,0x00,0x00,0x00,0x00,0x00,0x00,0x00,0x00,0x00,0x00,0x00,0x00,0xfe,0x54,0xf6,0x54,0xf6,0x54,0xf6,0x54,0xf6,0x54,0xf6,0x54,0xf6,0x54,0xf6,0x54,0xf6,0x54,0xf6,0x54,0xf6,0x54,0xf6,0x54,0xf6,0x54,0xf6,0x54,0xf6,0x54,0xf6,0x54,0xf6,0x54,0xf6,0x54,0xf6,0x54,0xf6,0x54,0xf6,0x54,0xf6,0x54,0xf6,0x54,0xf6,0x54,0xf6,0x54,0xf6,0x54,0xf6,0x54,0xf6,0x54,0xf6,0x54,0xf6,0x54,0xf6,0x54,0xf6,0x54,0xf6,0x54,0xf6,0x54,0xf6,0x54,0xf6,0x54,0xf6,0x54,0xf6,0x54,0xf6,0x54,0xf6,0x54,0xf6,0x54,0xf6,0x54,0xf6,0x54,0xf6,0x54,0xf6,0x54,0xf6,0x54,0xf6,0x54,0xf6,0x54,0xf6,0x54,0xf6,0x54,0xf6,0x54,0xf6,0x54,0xf6,0x54,0xf6,0x54,0xf6,0x54,0xf6,0x54,0xf6,0x54,0xfe,0xb5,0x00,0x00,0x00,0x00,0x00,0x00,0x00,0x00,0x00,0x00,0x00,0x00,0x00,0x00,0x00,0x00,0x00,0x00,0x00,0x00,0x00,0x00,0x00,0x00,0x00,0x00,0x00,0x00,0x00,0x00,0x00,0x00,0xee,0x33,0xfe,0x54,0xf6,0x54,0xf6,0x54,0xf6,0x54,0xf6,0x54,0xf6,0x54,0xf6,0x54,0xf6,0x54,0xf6,0x54,0xf6,0x54,0xf6,0x54,0xf6,0x54,0xf6,0x54,0xf6,0x54,0xf6,0x54,0xf6,0x54,0xf6,0x54,0xf6,0x54,0xf6,0x54,0xf6,0x54,0xf6,0x54,0xf6,0x54,0xf6,0x54,0xf6,0x54,0xf6,0x54,0xf6,0x54,0xf6,0x54,0xf6,0x54,0xf6,0x54,0xf6,0x54,0xf6,0x54,0xf6,0x54,0xf6,0x54,0xf6,0x54,0xf6,0x54,0xf6,0x54,0xf6,0x54,0xf6,0x54,0xf6,0x54,0xf6,0x54,0xf6,0x54,0xf6,0x54,0xf6,0x54,0xf6,0x54,0xf6,0x54,0xf6,0x54,0xf6,0x54,0xf6,0x54,0xf6,0x54,0xf6,0x54,0xf6,0x54,0xf6,0x54,0xf6,0x54,0xf6,0x54,0xf6,0x54,0xf6,0x54,0x00,0x00,0x00,0x00,0x00,0x00,0x00,0x00,0x00,0x00,0x00,0x00,0x00,0x00,0x00,0x00,0x00,0x00,0x00,0x00,0x00,0x00,0x00,0x00,0x00,0x00,0x00,0x00,0x00,0x00,0x00,0x00,0x00,0x00,0x00,0x00,0xf6,0x54,0xf6,0x54,0xf6,0x54,0xf6,0x54,0xf6,0x54,0xf6,0x54,0xf6,0x54,0xf6,0x54,0xf6,0x54,0xf6,0x54,0xf6,0x54,0xf6,0x54,0xf6,0x54,0xf6,0x54,0xf6,0x54,0xf6,0x54,0xf6,0x54,0xf6,0x54,0xf6,0x54,0xf6,0x54,0xf6,0x54,0xf6,0x54,0xf6,0x54,0xf6,0x54,0xf6,0x54,0xf6,0x54,0xf6,0x54,0xf6,0x54,0xf6,0x54,0xf6,0x54,0xf6,0x54,0xf6,0x54,0xf6,0x54,0xf6,0x54,0xf6,0x54,0xf6,0x54,0xf6,0x54,0xf6,0x54,0xf6,0x54,0xf6,0x54,0xf6,0x54,0xf6,0x54,0xf6,0x54,0xf6,0x54,0xf6,0x54,0xf6,0x54,0xf6,0x54,0xf6,0x54,0xf6,0x54,0xf6,0x54,0xf6,0x54,0xf6,0x54,0xf6,0x54,0xf6,0x54,0xf6,0x54,0xf6,0x54,0x00,0x00,0x00,0x00,0x00,0x00,0x00,0x00,0x00,0x00,0x00,0x00,0x00,0x00,0x00,0x00,0x00,0x00,0x00,0x00,0x00,0x00,0x00,0x00,0x00,0x00,0x00,0x00,0x00,0x00,0x00,0x00,0x00,0x00,0x00,0x00,0xfe,0xb5,0xf6,0x54,0xf6,0x54,0xf6,0x54,0xf6,0x54,0xf6,0x54,0xf6,0x54,0xf6,0x54,0xf6,0x54,0xf6,0x54,0xf6,0x54,0xf6,0x54,0xf6,0x54,0xf6,0x54,0xf6,0x54,0xf6,0x54,0xf6,0x54,0xf6,0x54,0xf6,0x54,0xf6,0x54,0xf6,0x54,0xf6,0x54,0xf6,0x54,0xf6,0x54,0xf6,0x54,0xf6,0x54,0xf6,0x54,0xf6,0x54,0xf6,0x54,0xf6,0x54,0xf6,0x54,0xf6,0x54,0xf6,0x54,0xf6,0x54,0xf6,0x54,0xf6,0x54,0xf6,0x54,0xf6,0x54,0xf6,0x54,0xf6,0x54,0xf6,0x54,0xf6,0x54,0xf6,0x54,0xf6,0x54,0xf6,0x54,0xf6,0x54,0xf6,0x54,0xf6,0x54,0xf6,0x54,0xf6,0x54,0xf6,0x54,0xf6,0x54,0xf6,0x54,0xf6,0x54,0xf6,0x54,0xfe,0x75,0x00,0x00,0x00,0x00,0x00,0x00,0x00,0x00,0x00,0x00,0x00,0x00,0x00,0x00,0x00,0x00,0x00,0x00,0x00,0x00,0x00,0x00,0x00,0x00,0x00,0x00,0x00,0x00,0x00,0x00,0x00,0x00,0x00,0x00,0x00,0x00,0x00,0x00,0xfe,0x74,0xf6,0x54,0xf6,0x54,0xf6,0x54,0xf6,0x54,0xf6,0x54,0xf6,0x54,0xf6,0x54,0xf6,0x54,0xf6,0x54,0xf6,0x54,0xf6,0x54,0xf6,0x54,0xf6,0x54,0xf6,0x54,0xf6,0x54,0xf6,0x54,0xf6,0x54,0xf6,0x54,0xf6,0x54,0xf6,0x54,0xf6,0x54,0xf6,0x54,0xf6,0x54,0xf6,0x54,0xf6,0x54,0xf6,0x54,0xf6,0x54,0xf6,0x54,0xf6,0x54,0xf6,0x54,0xf6,0x54,0xf6,0x54,0xf6,0x54,0xf6,0x54,0xf6,0x54,0xf6,0x54,0xf6,0x54,0xf6,0x54,0xf6,0x54,0xf6,0x54,0xf6,0x54,0xf6,0x54,0xf6,0x54,0xf6,0x54,0xf6,0x54,0xf6,0x54,0xf6,0x54,0xf6,0x54,0xf6,0x54,0xf6,0x54,0xf6,0x54,0xf6,0x54,0xf6,0x54,0xcc,0xd3,0x00,0x00,0x00,0x00,0x00,0x00,0x00,0x00,0x00,0x00,0x00,0x00,0x00,0x00,0x00,0x00,0x00,0x00,0x00,0x00,0x00,0x00,0x00,0x00,0x00,0x00,0x00,0x00,0x00,0x00,0x00,0x00,0x00,0x00,0x00,0x00,0x00,0x00,0x00,0x00,0xf6,0x54,0xf6,0x54,0xf6,0x54,0xf6,0x54,0xf6,0x54,0xf6,0x54,0xf6,0x54,0xf6,0x54,0xf6,0x54,0xf6,0x54,0xf6,0x54,0xf6,0x54,0xf6,0x54,0xf6,0x54,0xf6,0x54,0xf6,0x54,0xf6,0x54,0xf6,0x54,0xf6,0x54,0xf6,0x54,0xf6,0x54,0xf6,0x54,0xf6,0x54,0xf6,0x54,0xf6,0x54,0xf6,0x54,0xf6,0x54,0xf6,0x54,0xf6,0x54,0xf6,0x54,0xf6,0x54,0xf6,0x54,0xf6,0x54,0xf6,0x54,0xf6,0x54,0xf6,0x54,0xf6,0x54,0xf6,0x54,0xf6,0x54,0xf6,0x54,0xf6,0x54,0xf6,0x54,0xf6,0x54,0xf6,0x54,0xf6,0x54,0xf6,0x54,0xf6,0x54,0xf6,0x54,0xf6,0x54,0xf6,0x54,0xf6,0x54,0xf6,0x54,0xf6,0x54,0x00,0x00,0x00,0x00,0x00,0x00,0x00,0x00,0x00,0x00,0x00,0x00,0x00,0x00,0x00,0x00,0x00,0x00,0x00,0x00,0x00,0x00,0x00,0x00,0x00,0x00,0x00,0x00,0x00,0x00,0x00,0x00,0x00,0x00,0x00,0x00,0x00,0x00,0x00,0x00,0x00,0x00,0xf6,0x74,0xf6,0x54,0xf6,0x54,0xf6,0x54,0xf6,0x54,0xf6,0x54,0xf6,0x54,0xf6,0x54,0xf6,0x54,0xf6,0x54,0xf6,0x54,0xf6,0x54,0xf6,0x54,0xf6,0x54,0xf6,0x54,0xf6,0x54,0xf6,0x54,0xf6,0x54,0xf6,0x54,0xf6,0x54,0xf6,0x54,0xf6,0x54,0xf6,0x54,0xf6,0x54,0xf6,0x54,0xf6,0x54,0xf6,0x54,0xf6,0x54,0xf6,0x54,0xf6,0x54,0xf6,0x54,0xf6,0x54,0xf6,0x54,0xf6,0x54,0xf6,0x54,0xf6,0x54,0xf6,0x54,0xf6,0x54,0xf6,0x54,0xf6,0x54,0xf6,0x54,0xf6,0x54,0xf6,0x54,0xf6,0x54,0xf6,0x54,0xf6,0x54,0xf6,0x54,0xf6,0x54,0xf6,0x54,0xf6,0x54,0xf6,0x54,0xfe,0x54,0xfe,0x94,0x00,0x00,0x00,0x00,0x00,0x00,0x00,0x00,0x00,0x00,0x00,0x00,0x00,0x00,0x00,0x00,0x00,0x00,0x00,0x00,0x00,0x00,0x00,0x00,0x00,0x00,0x00,0x00,0x00,0x00,0x00,0x00,0x00,0x00,0x00,0x00,0x00,0x00,0x00,0x00,0x00,0x00,0xf8,0x00,0xf6,0x54,0xf6,0x54,0xf6,0x54,0xf6,0x54,0xf6,0x54,0xf6,0x54,0xf6,0x54,0xf6,0x54,0xf6,0x54,0xf6,0x54,0xf6,0x54,0xf6,0x54,0xf6,0x54,0xf6,0x54,0xf6,0x54,0xf6,0x54,0xf6,0x54,0xf6,0x54,0xf6,0x54,0xf6,0x54,0xf6,0x54,0xf6,0x54,0xf6,0x54,0xf6,0x54,0xf6,0x54,0xf6,0x54,0xf6,0x54,0xf6,0x54,0xf6,0x54,0xf6,0x54,0xf6,0x54,0xf6,0x54,0xf6,0x54,0xf6,0x54,0xf6,0x54,0xf6,0x54,0xf6,0x54,0xf6,0x54,0xf6,0x54,0xf6,0x54,0xf6,0x54,0xf6,0x54,0xf6,0x54,0xf6,0x54,0xf6,0x54,0xf6,0x54,0xf6,0x54,0xf6,0x54,0xf6,0x54,0xfe,0x54,0xf6,0x53,0x00,0x00,0x00,0x00,0x00,0x00,0x00,0x00,0x00,0x00,0x00,0x00,0x00,0x00,0x00,0x00,0x00,0x00,0x00,0x00,0x00,0x00,0x00,0x00,0x00,0x00,0x00,0x00,0x00,0x00,0x00,0x00,0x00,0x00,0x00,0x00,0x00,0x00,0x00,0x00,0x00,0x00,0x00,0x00,0x00,0x00,0xfe,0xd6,0xfe,0x54,0xfe,0x54,0xf6,0x54,0xf6,0x54,0xf6,0x54,0xf6,0x54,0xf6,0x54,0xf6,0x54,0xf6,0x54,0xf6,0x54,0xf6,0x54,0xf6,0x54,0xf6,0x54,0xf6,0x54,0xf6,0x54,0xf6,0x54,0xf6,0x54,0xf6,0x54,0xf6,0x54,0xf6,0x54,0xf6,0x54,0xf6,0x54,0xf6,0x54,0xf6,0x54,0xf6,0x54,0xf6,0x54,0xf6,0x54,0xf6,0x54,0xf6,0x54,0xf6,0x54,0xf6,0x54,0xf6,0x54,0xf6,0x54,0xf6,0x54,0xf6,0x54,0xf6,0x54,0xf6,0x54,0xf6,0x54,0xf6,0x54,0xf6,0x54,0xf6,0x54,0xf6,0x54,0xf6,0x54,0xf6,0x54,0xf6,0x54,0xf6,0x54,0xf6,0x54,0xf6,0x54,0xf6,0x54,0x00,0x00,0x00,0x00,0x00,0x00,0x00,0x00,0x00,0x00,0x00,0x00,0x00,0x00,0x00,0x00,0x00,0x00,0x00,0x00,0x00,0x00,0x00,0x00,0x00,0x00,0x00,0x00,0x00,0x00,0x00,0x00,0x00,0x00,0x00,0x00,0x00,0x00,0x00,0x00,0x00,0x00,0x00,0x00,0x00,0x00,0x00,0x00,0x00,0x00,0xf6,0x54,0xf6,0x54,0xf6,0x54,0xf6,0x54,0xf6,0x54,0xf6,0x54,0xf6,0x54,0xf6,0x54,0xf6,0x54,0xf6,0x54,0xf6,0x54,0xf6,0x54,0xf6,0x54,0xf6,0x54,0xf6,0x54,0xf6,0x54,0xf6,0x54,0xf6,0x54,0xf6,0x54,0xf6,0x54,0xf6,0x54,0xf6,0x54,0xf6,0x54,0xf6,0x54,0xf6,0x54,0xf6,0x54,0xf6,0x54,0xf6,0x54,0xf6,0x54,0xf6,0x54,0xf6,0x54,0xf6,0x54,0xf6,0x54,0xf6,0x54,0xf6,0x54,0xf6,0x54,0xf6,0x54,0xf6,0x54,0xf6,0x54,0xf6,0x54,0xf6,0x54,0xf6,0x54,0xf6,0x54,0xf6,0x54,0xf6,0x54,0xf6,0x54,0xf6,0x54,0xf6,0x54,0x00,0x00,0x00,0x00,0x00,0x00,0x00,0x00,0x00,0x00,0x00,0x00,0x00,0x00,0x00,0x00,0x00,0x00,0x00,0x00,0x00,0x00,0x00,0x00,0x00,0x00,0x00,0x00,0x00,0x00,0x00,0x00,0x00,0x00,0x00,0x00,0x00,0x00,0x00,0x00,0x00,0x00,0x00,0x00,0x00,0x00,0x00,0x00,0x00,0x00,0x00,0x00,0x00,0x00,0xfe,0x94,0xf6,0x54,0xf6,0x54,0xf6,0x54,0xf6,0x54,0xf6,0x54,0xf6,0x54,0xf6,0x54,0xf6,0x54,0xf6,0x54,0xf6,0x54,0xf6,0x54,0xf6,0x54,0xf6,0x54,0xf6,0x54,0xf6,0x54,0xf6,0x54,0xf6,0x54,0xf6,0x54,0xf6,0x54,0xf6,0x54,0xf6,0x54,0xf6,0x54,0xf6,0x54,0xf6,0x54,0xf6,0x54,0xf6,0x54,0xf6,0x54,0xf6,0x54,0xf6,0x54,0xf6,0x54,0xf6,0x54,0xf6,0x54,0xf6,0x54,0xf6,0x54,0xf6,0x54,0xf6,0x54,0xf6,0x54,0xf6,0x54,0xf6,0x54,0xf6,0x54,0xf6,0x54,0xf6,0x54,0xf6,0x54,0xf6,0x54,0xf6,0x74,0xfe,0xb5,0x00,0x00,0x00,0x00,0x00,0x00,0x00,0x00,0x00,0x00,0x00,0x00,0x00,0x00,0x00,0x00,0x00,0x00,0x00,0x00,0x00,0x00,0x00,0x00,0x00,0x00,0x00,0x00,0x00,0x00,0x00,0x00,0x00,0x00,0x00,0x00,0x00,0x00,0x00,0x00,0x00,0x00,0x00,0x00,0x00,0x00,0x00,0x00,0x00,0x00,0x00,0x00,0x00,0x00,0x00,0x00,0xfe,0x73,0xfe,0x54,0xf6,0x54,0xf6,0x54,0xf6,0x54,0xf6,0x54,0xf6,0x54,0xf6,0x54,0xf6,0x54,0xf6,0x54,0xf6,0x54,0xf6,0x54,0xf6,0x54,0xf6,0x54,0xf6,0x54,0xf6,0x54,0xf6,0x54,0xf6,0x54,0xf6,0x54,0xf6,0x54,0xf6,0x54,0xf6,0x54,0xf6,0x54,0xf6,0x54,0xf6,0x54,0xf6,0x54,0xf6,0x54,0xf6,0x54,0xf6,0x54,0xf6,0x54,0xf6,0x54,0xf6,0x54,0xf6,0x54,0xf6,0x54,0xf6,0x54,0xf6,0x54,0xf6,0x54,0xf6,0x54,0xf6,0x54,0xf6,0x54,0xf6,0x54,0xf6,0x54,0xf6,0x54,0xf6,0x54,0x00,0x00,0x00,0x00,0x00,0x00,0x00,0x00,0x00,0x00,0x00,0x00,0x00,0x00,0x00,0x00,0x00,0x00,0x00,0x00,0x00,0x00,0x00,0x00,0x00,0x00,0x00,0x00,0x00,0x00,0x00,0x00,0x00,0x00,0x00,0x00,0x00,0x00,0x00,0x00,0x00,0x00,0x00,0x00,0x00,0x00,0x00,0x00,0x00,0x00,0x00,0x00,0x00,0x00,0x00,0x00,0x00,0x00,0x00,0x00,0x00,0x00,0xf8,0x00,0xfe,0x54,0xf6,0x54,0xf6,0x54,0xf6,0x54,0xf6,0x54,0xf6,0x54,0xf6,0x54,0xf6,0x54,0xf6,0x54,0xf6,0x54,0xf6,0x54,0xf6,0x54,0xf6,0x54,0xf6,0x54,0xf6,0x54,0xf6,0x54,0xf6,0x54,0xf6,0x54,0xf6,0x54,0xf6,0x54,0xf6,0x54,0xf6,0x54,0xf6,0x54,0xf6,0x54,0xf6,0x54,0xf6,0x54,0xf6,0x54,0xf6,0x54,0xf6,0x54,0xf6,0x54,0xf6,0x54,0xf6,0x54,0xf6,0x54,0xf6,0x54,0xf6,0x54,0xf6,0x54,0xf6,0x54,0xf6,0x54,0xf6,0x54,0xf6,0x54,0xf5,0xf4,0x00,0x00,0x00,0x00,0x00,0x00,0x00,0x00,0x00,0x00,0x00,0x00,0x00,0x00,0x00,0x00,0x00,0x00,0x00,0x00,0x00,0x00,0x00,0x00,0x00,0x00,0x00,0x00,0x00,0x00,0x00,0x00,0x00,0x00,0x00,0x00,0x00,0x00,0x00,0x00,0x00,0x00,0x00,0x00,0x00,0x00,0x00,0x00,0x00,0x00,0x00,0x00,0x00,0x00,0x00,0x00,0x00,0x00,0x00,0x00,0x00,0x00,0x00,0x00,0x00,0x00,0x00,0x00,0xee,0x33,0xf6,0x54,0xf6,0x54,0xf6,0x54,0xf6,0x54,0xf6,0x54,0xf6,0x54,0xf6,0x54,0xf6,0x54,0xf6,0x54,0xf6,0x54,0xf6,0x54,0xf6,0x54,0xf6,0x54,0xf6,0x54,0xf6,0x54,0xf6,0x54,0xf6,0x54,0xf6,0x54,0xf6,0x54,0xf6,0x54,0xf6,0x54,0xf6,0x54,0xf6,0x54,0xf6,0x54,0xf6,0x54,0xf6,0x54,0xf6,0x54,0xf6,0x54,0xf6,0x54,0xf6,0x54,0xf6,0x54,0xf6,0x54,0xf6,0x54,0xf6,0x54,0xfe,0x54,0xf6,0x54,0xf6,0x54,0xdd,0xf3,0x00,0x00,0x00,0x00,0x00,0x00,0x00,0x00,0x00,0x00,0x00,0x00,0x00,0x00,0x00,0x00,0x00,0x00,0x00,0x00,0x00,0x00,0x00,0x00,0x00,0x00,0x00,0x00,0x00,0x00,0x00,0x00,0x00,0x00,0x00,0x00,0x00,0x00,0x00,0x00,0x00,0x00,0x00,0x00,0x00,0x00,0x00,0x00,0x00,0x00,0x00,0x00,0x00,0x00,0x00,0x00,0x00,0x00,0x00,0x00,0x00,0x00,0x00,0x00,0x00,0x00,0x00,0x00,0x00,0x00,0x00,0x00,0x84,0x10,0xee,0x73,0xfe,0x74,0xf6,0x54,0xf6,0x54,0xf6,0x54,0xf6,0x54,0xf6,0x54,0xf6,0x54,0xf6,0x54,0xf6,0x54,0xf6,0x54,0xf6,0x54,0xf6,0x54,0xf6,0x54,0xf6,0x54,0xf6,0x54,0xf6,0x54,0xf6,0x54,0xf6,0x54,0xf6,0x54,0xf6,0x54,0xf6,0x54,0xf6,0x54,0xf6,0x54,0xf6,0x54,0xf6,0x54,0xf6,0x54,0xf6,0x54,0xf6,0x54,0xf6,0x54,0xf6,0x54,0xf6,0x54,0xfe,0x54,0xf6,0x54,0xfe,0x35,0x00,0x00,0x00,0x00,0x00,0x00,0x00,0x00,0x00,0x00,0x00,0x00,0x00,0x00,0x00,0x00,0x00,0x00,0x00,0x00,0x00,0x00};
static const lv_img_dsc_t my_anim_f5_s2_img = {
  .header.always_zero = 0,
  .header.w = 74,
  .header.h = 100,
  .data_size = 14800,
  .header.cf = LV_IMG_CF_TRUE_COLOR,
  .data = my_anim_f5_s2_map,
};
static const anim_shape_t my_anim_f5_shapes[] = {
    { SHAPE_PATH, 33.00f, 168.00f, 160.00f, 130.00f, 25.00f, 0x00ffff, 1.00f, 0.00f, 0.00f, NULL, 14, 0.00f, 0xffffff, 0.00f, my_anim_f5_s0_pts, 34, NULL },
    { SHAPE_PATH, 273.00f, 168.00f, 160.00f, 130.00f, -25.00f, 0x00ffff, 1.00f, 0.00f, 0.00f, NULL, 14, 0.00f, 0xffffff, 0.00f, my_anim_f5_s1_pts, 34, NULL },
    { 5, 123.00f, 339.00f, 74.00f, 100.00f, 0.00f, 0xFFFFFF, 1.00f, 0.00f, 0.00f, NULL, 14, 0.00f, 0xFFFFFF, 0.00f, NULL, 0, &my_anim_f5_s2_img }
};

static const lv_point_t my_anim_f6_s0_pts[] = {
    { 0, 39 },
    { 160, 39 },
    { 159, 50 },
    { 158, 60 },
    { 157, 69 },
    { 155, 78 },
    { 152, 86 },
    { 148, 94 },
    { 144, 101 },
    { 140, 107 },
    { 134, 112 },
    { 128, 117 },
    { 122, 121 },
    { 115, 124 },
    { 107, 126 },
    { 98, 128 },
    { 89, 129 },
    { 80, 130 },
    { 70, 129 },
    { 61, 128 },
    { 52, 126 },
    { 45, 124 },
    { 37, 121 },
    { 31, 117 },
    { 25, 112 },
    { 20, 107 },
    { 15, 101 },
    { 11, 94 },
    { 7, 86 },
    { 5, 78 },
    { 2, 69 },
    { 1, 60 },
    { 0, 50 },
    { 0, 39 },
};
static const lv_point_t my_anim_f6_s1_pts[] = {
    { 0, 39 },
    { 160, 39 },
    { 159, 50 },
    { 158, 60 },
    { 157, 69 },
    { 155, 78 },
    { 152, 86 },
    { 148, 94 },
    { 144, 101 },
    { 140, 107 },
    { 134, 112 },
    { 128, 117 },
    { 122, 121 },
    { 115, 124 },
    { 107, 126 },
    { 98, 128 },
    { 89, 129 },
    { 80, 130 },
    { 70, 129 },
    { 61, 128 },
    { 52, 126 },
    { 45, 124 },
    { 37, 121 },
    { 31, 117 },
    { 25, 112 },
    { 20, 107 },
    { 15, 101 },
    { 11, 94 },
    { 7, 86 },
    { 5, 78 },
    { 2, 69 },
    { 1, 60 },
    { 0, 50 },
    { 0, 39 },
};
static const uint8_t my_anim_f6_s2_map[] = {0x00,0x00,0x00,0x00,0x00,0x00,0x00,0x00,0x00,0x00,0x00,0x00,0x00,0x00,0x00,0x00,0x00,0x00,0x00,0x00,0x00,0x00,0x00,0x00,0x00,0x00,0x00,0x00,0x00,0x00,0x00,0x00,0x00,0x00,0x00,0x00,0x00,0x00,0x00,0x00,0x00,0x00,0xfe,0xa5,0xfe,0xe7,0xfe,0xc8,0xfe,0xc8,0xfe,0xc8,0xfe,0xc8,0xfe,0xc8,0xfe,0xc8,0xfe,0xc8,0xfe,0xc8,0xfe,0xc8,0xfe,0xe8,0xfe,0xc8,0xfe,0x66,0x00,0x00,0x00,0x00,0x00,0x00,0x00,0x00,0x00,0x00,0x00,0x00,0x00,0x00,0x00,0x00,0x00,0x00,0x00,0x00,0x00,0x00,0x00,0x00,0x00,0x00,0x00,0x00,0x00,0x00,0x00,0x00,0x00,0x00,0x00,0x00,0x00,0x00,0x00,0x00,0x00,0x00,0x00,0x00,0x00,0x00,0x00,0x00,0x00,0x00,0x00,0x00,0x00,0x00,0x00,0x00,0x00,0x00,0x00,0x00,0x00,0x00,0x00,0x00,0x00,0x00,0x00,0x00,0x00,0x00,0x00,0x00,0x00,0x00,0x00,0x00,0x00,0x00,0x00,0x00,0x00,0x00,0x00,0x00,0x00,0x00,0x00,0x00,0x00,0x00,0x00,0x00,0x00,0x00,0x00,0x00,0x00,0x00,0x00,0x00,0x00,0x00,0x00,0x00,0x00,0x00,0x00,0x00,0x00,0x00,0x00,0x00,0x00,0x00,0x00,0x00,0xff,0xe0,0xfe,0xc8,0xfe,0xc8,0xfe,0xc8,0xfe,0xc8,0xfe,0xc8,0xfe,0xc8,0xfe,0xc8,0xfe,0xc8,0xfe,0xc8,0xfe,0xc8,0xfe,0xc8,0xfe,0xc8,0xfe,0xc8,0xfe,0xc8,0xfe,0xe8,0xfe,0xe8,0xfd,0x40,0x00,0x00,0x00,0x00,0x00,0x00,0x00,0x00,0x00,0x00,0x00,0x00,0x00,0x00,0x00,0x00,0x00,0x00,0x00,0x00,0x00,0x00,0x00,0x00,0x00,0x00,0x00,0x00,0x00,0x00,0x00,0x00,0x00,0x00,0x00,0x00,0x00,0x00,0x00,0x00,0x00,0x00,0x00,0x00,0x00,0x00,0x00,0x00,0x00,0x00,0x00,0x00,0x00,0x00,0x00,0x00,0x00,0x00,0x00,0x00,0x00,0x00,0x00,0x00,0x00,0x00,0x00,0x00,0x00,0x00,0x00,0x00,0x00,0x00,0x00,0x00,0x00,0x00,0x00,0x00,0x00,0x00,0x00,0x00,0x00,0x00,0x00,0x00,0x00,0x00,0x00,0x00,0x00,0x00,0x00,0x00,0x00,0x00,0x00,0x00,0x00,0x00,0x00,0x00,0x00,0x00,0x00,0x00,0x00,0x00,0xff,0x07,0xfe,0xe8,0xfe,0xc8,0xfe,0xc8,0xfe,0xc8,0xfe,0xc8,0xfe,0xc8,0xfe,0xc8,0xfe,0xc8,0xfe,0xc8,0xfe,0xc8,0xfe,0xc8,0xfe,0xc8,0xfe,0xc8,0xfe,0xc8,0xfe,0xc8,0xfe,0xc8,0xfe,0xc8,0xfe,0xe8,0xfc,0x00,0x00,0x00,0x00,0x00,0x00,0x00,0x00,0x00,0x00,0x00,0x00,0x00,0x00,0x00,0x00,0x00,0x00,0x00,0x00,0x00,0x00,0x00,0x00,0x00,0x00,0x00,0x00,0x00,0x00,0x00,0x00,0x00,0x00,0x00,0x00,0x00,0x00,0x00,0x00,0x00,0x00,0x00,0x00,0x00,0x00,0x00,0x00,0x00,0x00,0x00,0x00,0x00,0x00,0x00,0x00,0x00,0x00,0x00,0x00,0x00,0x00,0x00,0x00,0x00,0x00,0x00,0x00,0x00,0x00,0x00,0x00,0x00,0x00,0x00,0x00,0x00,0x00,0x00,0x00,0x00,0x00,0x00,0x00,0x00,0x00,0x00,0x00,0x00,0x00,0x00,0x00,0x00,0x00,0x00,0x00,0x00,0x00,0x00,0x00,0x00,0x00,0x00,0x00,0x00,0x00,0x00,0xfe,0x87,0xfe,0xc8,0xfe,0xc8,0xfe,0xc8,0xfe,0xc8,0xfe,0xc8,0xfe,0xc8,0xfe,0xc8,0xfe,0xc8,0xfe,0xc8,0xfe,0xc8,0xfe,0xe8,0xfe,0xc8,0xfe,0xe8,0xfe,0xc8,0xfe,0xc8,0xfe,0xc8,0xfe,0xc8,0xfe,0xc8,0xfe,0xc8,0xfe,0xe8,0xfe,0x85,0x00,0x00,0x00,0x00,0x00,0x00,0x00,0x00,0x00,0x00,0x00,0x00,0x00,0x00,0x00,0x00,0x00,0x00,0x00,0x00,0x00,0x00,0x00,0x00,0x00,0x00,0x00,0x00,0x00,0x00,0x00,0x00,0x00,0x00,0x00,0x00,0x00,0x00,0x00,0x00,0x00,0x00,0x00,0x00,0x00,0x00,0x00,0x00,0x00,0x00,0x00,0x00,0x00,0x00,0x00,0x00,0x00,0x00,0x00,0x00,0x00,0x00,0x00,0x00,0x00,0x00,0x00,0x00,0x00,0x00,0x00,0x00,0x00,0x00,0x00,0x00,0x00,0x00,0x00,0x00,0x00,0x00,0x00,0x00,0x00,0x00,0x00,0x00,0x00,0x00,0x00,0x00,0x00,0x00,0x00,0x00,0x00,0x00,0x00,0x00,0x00,0x00,0xfe,0xc7,0xfe,0xe8,0xfe,0xe8,0xfe,0xc8,0xfe,0xc8,0xfe,0xc8,0xfe,0xc8,0xfe,0xc8,0xff,0x08,0x00,0x00,0x00,0x00,0x00,0x00,0x00,0x00,0x00,0x00,0xf8,0x00,0xfe,0xa8,0xfe,0xc8,0xfe,0xc8,0xfe,0xc8,0xfe,0xc8,0xfe,0xc8,0xfe,0xc8,0xfe,0xc8,0xfe,0xc7,0x00,0x00,0x00,0x00,0x00,0x00,0x00,0x00,0x00,0x00,0x00,0x00,0x00,0x00,0x00,0x00,0x00,0x00,0x00,0x00,0x00,0x00,0x00,0x00,0x00,0x00,0x00,0x00,0x00,0x00,0x00,0x00,0x00,0x00,0x00,0x00,0x00,0x00,0x00,0x00,0x00,0x00,0x00,0x00,0x00,0x00,0x00,0x00,0x00,0x00,0x00,0x00,0x00,0x00,0x00,0x00,0x00,0x00,0x00,0x00,0x00,0x00,0x00,0x00,0x00,0x00,0x00,0x00,0x00,0x00,0x00,0x00,0x00,0x00,0x00,0x00,0x00,0x00,0x00,0x00,0x00,0x00,0x00,0x00,0x00,0x00,0x00,0x00,0x00,0x00,0x00,0x00,0x00,0x00,0x00,0x00,0x00,0x00,0xfe,0x66,0xfe,0xc8,0xfe,0xc8,0xfe,0xc8,0xfe,0xc8,0xfe,0xc8,0xfe,0xc8,0xfe,0xc8,0x00,0x00,0x00,0x00,0x00,0x00,0x00,0x00,0x00,0x00,0x00,0x00,0x00,0x00,0x00,0x00,0x00,0x00,0x00,0x00,0xfe,0xc8,0xfe,0xc8,0xfe,0xc8,0xfe,0xc8,0xfe,0xc8,0xfe,0xc8,0xfe,0xc8,0xfe,0xc9,0x00,0x00,0x00,0x00,0x00,0x00,0x00,0x00,0x00,0x00,0x00,0x00,0x00,0x00,0x00,0x00,0x00,0x00,0x00,0x00,0x00,0x00,0x00,0x00,0x00,0x00,0x00,0x00,0x00,0x00,0x00,0x00,0x00,0x00,0x00,0x00,0x00,0x00,0x00,0x00,0x00,0x00,0x00,0x00,0x00,0x00,0x00,0x00,0x00,0x00,0x00,0x00,0x00,0x00,0x00,0x00,0x00,0x00,0x00,0x00,0x00,0x00,0x00,0x00,0x00,0x00,0x00,0x00,0x00,0x00,0x00,0x00,0x00,0x00,0x00,0x00,0x00,0x00,0x00,0x00,0x00,0x00,0x00,0x00,0x00,0x00,0x00,0x00,0x00,0x00,0x00,0x00,0x00,0x00,0x00,0x00,0xfe,0xc8,0xfe,0xc8,0xfe,0xc8,0xfe,0xc8,0xfe,0xc8,0xfe,0xc8,0xfe,0x66,0x00,0x00,0x00,0x00,0x00,0x00,0x00,0x00,0x00,0x00,0x00,0x00,0x00,0x00,0x00,0x00,0x00,0x00,0x00,0x00,0x00,0x00,0x00,0x00,0xff,0xe6,0xfe,0xe7,0xfe,0xc8,0xfe,0xc8,0xfe,0xc8,0xfe,0xc8,0xfe,0xc8,0x00,0x00,0x00,0x00,0x00,0x00,0x00,0x00,0x00,0x00,0x00,0x00,0x00,0x00,0x00,0x00,0x00,0x00,0x00,0x00,0x00,0x00,0x00,0x00,0x00,0x00,0x00,0x00,0x00,0x00,0x00,0x00,0x00,0x00,0x00,0x00,0x00,0x00,0x00,0x00,0x00,0x00,0x00,0x00,0x00,0x00,0x00,0x00,0x00,0x00,0x00,0x00,0x00,0x00,0x00,0x00,0x00,0x00,0x00,0x00,0x00,0x00,0x00,0x00,0x00,0x00,0x00,0x00,0x00,0x00,0x00,0x00,0x00,0x00,0x00,0x00,0x00,0x00,0x00,0x00,0x00,0x00,0x00,0x00,0x00,0x00,0x00,0x00,0x00,0x00,0x00,0x00,0x00,0x00,0xfe,0xe8,0xfe,0xc8,0xfe,0xc8,0xfe,0xc8,0xfe,0xc8,0xfe,0xe7,0x00,0x00,0x00,0x00,0x00,0x00,0x00,0x00,0x00,0x00,0x00,0x00,0x00,0x00,0x00,0x00,0x00,0x00,0x00,0x00,0x00,0x00,0x00,0x00,0x00,0x00,0x00,0x00,0x00,0x00,0x00,0x00,0xfe,0xe7,0xfe,0xc8,0xfe,0xc8,0xfe,0xc8,0xfe,0xc8,0xfe,0xe8,0x00,0x00,0x00,0x00,0x00,0x00,0x00,0x00,0x00,0x00,0x00,0x00,0x00,0x00,0x00,0x00,0x00,0x00,0x00,0x00,0x00,0x00,0x00,0x00,0x00,0x00,0x00,0x00,0x00,0x00,0x00,0x00,0x00,0x00,0x00,0x00,0x00,0x00,0x00,0x00,0x00,0x00,0x00,0x00,0x00,0x00,0x00,0x00,0x00,0x00,0x00,0x00,0x00,0x00,0x00,0x00,0x00,0x00,0x00,0x00,0x00,0x00,0x00,0x00,0x00,0x00,0x00,0x00,0x00,0x00,0x00,0x00,0x00,0x00,0x00,0x00,0x00,0x00,0x00,0x00,0x00,0x00,0x00,0x00,0x00,0x00,0x00,0x00,0x00,0x00,0xfe,0xe8,0xfe,0xc8,0xfe,0xe8,0xfe,0xc8,0xfe,0xc8,0xfe,0xc8,0x00,0x00,0x00,0x00,0x00,0x00,0x00,0x00,0x00,0x00,0x00,0x00,0x00,0x00,0x00,0x00,0xf8,0x00,0xff,0xe0,0x00,0x00,0x00,0x00,0x00,0x00,0x00,0x00,0x00,0x00,0x00,0x00,0x00,0x00,0x00,0x00,0xfe,0xc7,0xfe,0xc8,0xfe,0xc8,0xfe,0xc8,0xfe,0xc8,0xfe,0x27,0x00,0x00,0x00,0x00,0x00,0x00,0x00,0x00,0x00,0x00,0x00,0x00,0x00,0x00,0x00,0x00,0x00,0x00,0x00,0x00,0x00,0x00,0x00,0x00,0x00,0x00,0x00,0x00,0x00,0x00,0x00,0x00,0x00,0x00,0x00,0x00,0x00,0x00,0x00,0x00,0x00,0x00,0x00,0x00,0x00,0x00,0x00,0x00,0x00,0x00,0x00,0x00,0x00,0x00,0x00,0x00,0x00,0x00,0x00,0x00,0x00,0x00,0x00,0x00,0x00,0x00,0x00,0x00,0x00,0x00,0x00,0x00,0x00,0x00,0x00,0x00,0x00,0x00,0x00,0x00,0x00,0x00,0x00,0x00,0x00,0x00,0x00,0x00,0xfe,0xc8,0xfe,0xc8,0xfe,0xc8,0xfe,0xe8,0xfe,0xc8,0xff,0x48,0x00,0x00,0x00,0x00,0x00,0x00,0x00,0x00,0x00,0x00,0xff,0xf5,0xfe,0x54,0xfe,0x54,0xf6,0x54,0xf6,0x54,0xf6,0x54,0xf6,0x74,0xff,0xff,0x00,0x00,0x00,0x00,0x00,0x00,0x00,0x00,0x00,0x00,0xfe,0xc6,0xfe,0xe8,0xfe,0xc8,0xfe,0xc8,0xfe,0xc8,0xfe,0xc8,0x00,0x00,0x00,0x00,0x00,0x00,0x00,0x00,0x00,0x00,0x00,0x00,0x00,0x00,0x00,0x00,0x00,0x00,0x00,0x00,0x00,0x00,0x00,0x00,0x00,0x00,0x00,0x00,0x00,0x00,0x00,0x00,0x00,0x00,0x00,0x00,0x00,0x00,0x00,0x00,0x00,0x00,0x00,0x00,0x00,0x00,0x00,0x00,0x00,0x00,0x00,0x00,0x00,0x00,0x00,0x00,0x00,0x00,0x00,0x00,0x00,0x00,0x00,0x00,0x00,0x00,0x00,0x00,0x00,0x00,0x00,0x00,0x00,0x00,0x00,0x00,0x00,0x00,0x00,0x00,0x00,0x00,0x00,0x00,0x00,0x00,0xff,0xe6,0xfe,0xe8,0xfe,0xc8,0xfe,0xc8,0xfe,0xe8,0xfe,0xe8,0x00,0x00,0x00,0x00,0x00,0x00,0x00,0x00,0x00,0x00,0xfe,0x33,0xfe,0x54,0xfe,0x54,0xf6,0x54,0xf6,0x54,0xf6,0x54,0xf6,0x54,0xf6,0x54,0xf6,0x54,0xfe,0x54,0x00,0x00,0x00,0x00,0x00,0x00,0x00,0x00,0x00,0x00,0xfe,0xc7,0xfe,0xc8,0xfe,0xc8,0xfe,0xc8,0xfe,0xc8,0xff,0xe0,0x00,0x00,0x00,0x00,0x00,0x00,0x00,0x00,0x00,0x00,0x00,0x00,0x00,0x00,0x00,0x00,0x00,0x00,0x00,0x00,0x00,0x00,0x00,0x00,0x00,0x00,0x00,0x00,0x00,0x00,0x00,0x00,0x00,0x00,0x00,0x00,0x00,0x00,0x00,0x00,0x00,0x00,0x00,0x00,0x00,0x00,0x00,0x00,0x00,0x00,0x00,0x00,0x00,0x00,0x00,0x00,0x00,0x00,0x00,0x00,0x00,0x00,0x00,0x00,0x00,0x00,0x00,0x00,0x00,0x00,0x00,0x00,0x00,0x00,0x00,0x00,0x00,0x00,0x00,0x00,0x00,0x00,0x00,0x00,0xfe,0xe8,0xfe,0xc8,0xfe,0xc8,0xfe,0xc8,0xfe,0xc8,0xfe,0xe6,0x00,0x00,0x00,0x00,0x00,0x00,0x00,0x00,0xe6,0x31,0xfe,0x54,0xf6,0x54,0xf6,0x54,0xf6,0x54,0xf6,0x54,0xf6,0x54,0xf6,0x54,0xf6,0x54,0xf6,0x54,0xf6,0x54,0xfd,0xf7,0x00,0x00,0x00,0x00,0x00,0x00,0x00,0x00,0xfe,0xe7,0xfe,0xc8,0xfe,0xc8,0xfe,0xc8,0xfe,0xc8,0xfe,0xc6,0x00,0x00,0x00,0x00,0x00,0x00,0x00,0x00,0x00,0x00,0x00,0x00,0x00,0x00,0x00,0x00,0x00,0x00,0x00,0x00,0x00,0x00,0x00,0x00,0x00,0x00,0x00,0x00,0x00,0x00,0x00,0x00,0x00,0x00,0x00,0x00,0x00,0x00,0x00,0x00,0x00,0x00,0x00,0x00,0x00,0x00,0x00,0x00,0x00,0x00,0x00,0x00,0x00,0x00,0x00,0x00,0x00,0x00,0x00,0x00,0x00,0x00,0x00,0x00,0x00,0x00,0x00,0x00,0x00,0x00,0x00,0x00,0x00,0x00,0x00,0x00,0x00,0x00,0x00,0x00,0x00,0x00,0x00,0x00,0xf6,0xc7,0xfe,0xe8,0xfe,0xc8,0xfe,0xc8,0xfe,0xc8,0x00,0x00,0x00,0x00,0x00,0x00,0x00,0x00,0x00,0x00,0xf6,0x54,0xf6,0x54,0xf6,0x54,0xf6,0x54,0xf6,0x54,0xf6,0x54,0xf6,0x54,0xf6,0x54,0xf6,0x54,0xf6,0x54,0xf6,0x54,0xf6,0x54,0x00,0x00,0x00,0x00,0x00,0x00,0x00,0x00,0xfd,0x40,0xfe,0xc8,0xfe,0xc8,0xfe,0xc8,0xfe,0xe8,0xf6,0xc8,0x00,0x00,0x00,0x00,0x00,0x00,0x00,0x00,0x00,0x00,0x00,0x00,0x00,0x00,0x00,0x00,0x00,0x00,0x00,0x00,0x00,0x00,0x00,0x00,0x00,0x00,0x00,0x00,0x00,0x00,0x00,0x00,0x00,0x00,0x00,0x00,0x00,0x00,0x00,0x00,0x00,0x00,0x00,0x00,0x00,0x00,0x00,0x00,0x00,0x00,0x00,0x00,0x00,0x00,0x00,0x00,0x00,0x00,0x00,0x00,0x00,0x00,0x00,0x00,0x00,0x00,0x00,0x00,0x00,0x00,0x00,0x00,0x00,0x00,0x00,0x00,0x00,0x00,0x00,0x00,0x00,0x00,0x00,0x00,0xfe,0xe7,0xfe,0xc8,0xfe,0xc8,0xfe,0xc8,0xfe,0xc8,0x00,0x00,0x00,0x00,0x00,0x00,0x00,0x00,0xf6,0x54,0xf6,0x54,0xf6,0x54,0xf6,0x54,0xf6,0x54,0xf6,0x54,0xf6,0x54,0xf6,0x54,0xf6,0x54,0xf6,0x54,0xf6,0x54,0xf6,0x54,0xf6,0x54,0xfe,0xb5,0x00,0x00,0x00,0x00,0x00,0x00,0x00,0x00,0xfe,0xc8,0xfe,0xc8,0xfe,0xc8,0xfe,0xc8,0xfe,0xe7,0x00,0x00,0x00,0x00,0x00,0x00,0x00,0x00,0x00,0x00,0x00,0x00,0x00,0x00,0x00,0x00,0x00,0x00,0x00,0x00,0x00,0x00,0x00,0x00,0x00,0x00,0x00,0x00,0x00,0x00,0x00,0x00,0x00,0x00,0x00,0x00,0x00,0x00,0x00,0x00,0x00,0x00,0x00,0x00,0x00,0x00,0x00,0x00,0x00,0x00,0x00,0x00,0x00,0x00,0x00,0x00,0x00,0x00,0x00,0x00,0x00,0x00,0x00,0x00,0x00,0x00,0x00,0x00,0x00,0x00,0x00,0x00,0x00,0x00,0x00,0x00,0x00,0x00,0x00,0x00,0x00,0x00,0x00,0x00,0xfe,0xc8,0xfe,0xc8,0xfe,0xc8,0xfe,0xc8,0xfe,0xa7,0x00,0x00,0x00,0x00,0x00,0x00,0x00,0x00,0xf6,0x54,0xf6,0x54,0xf6,0x54,0xf6,0x54,0xf6,0x54,0xf6,0x54,0xf6,0x54,0xf6,0x54,0xf6,0x54,0xf6,0x54,0xf6,0x54,0xf6,0x54,0xf6,0x54,0xf6,0x54,0x00,0x00,0x00,0x00,0x00,0x00,0x00,0x00,0xfe,0xc8,0xfe,0xe8,0xfe,0xc8,0xfe,0xc8,0xfe,0xc7,0x00,0x00,0x00,0x00,0x00,0x00,0x00,0x00,0x00,0x00,0x00,0x00,0x00,0x00,0x00,0x00,0x00,0x00,0x00,0x00,0x00,0x00,0x00,0x00,0x00,0x00,0x00,0x00,0x00,0x00,0x00,0x00,0x00,0x00,0x00,0x00,0x00,0x00,0x00,0x00,0x00,0x00,0x00,0x00,0x00,0x00,0x00,0x00,0x00,0x00,0x00,0x00,0x00,0x00,0x00,0x00,0x00,0x00,0x00,0x00,0x00,0x00,0x00,0x00,0x00,0x00,0x00,0x00,0x00,0x00,0x00,0x00,0x00,0x00,0x00,0x00,0x00,0x00,0x00,0x00,0x00,0x00,0x00,0x00,0xfe,0xe8,0xfe,0xc8,0xfe,0xc8,0xfe,0xc8,0xff,0x28,0x00,0x00,0x00,0x00,0x00,0x00,0x00,0x00,0xf6,0x54,0xf6,0x54,0xf6,0x54,0xf6,0x54,0xf6,0x54,0xf6,0x54,0xf6,0x54,0xf6,0x54,0xf6,0x54,0xf6,0x54,0xf6,0x54,0xf6,0x54,0xf6,0x54,0xf6,0x54,0x00,0x00,0x00,0x00,0x00,0x00,0x00,0x00,0xfe,0xe8,0xfe,0xc8,0xfe,0xc8,0xfe,0xc8,0xfe,0xc8,0x00,0x00,0x00,0x00,0x00,0x00,0x00,0x00,0x00,0x00,0x00,0x00,0x00,0x00,0x00,0x00,0x00,0x00,0x00,0x00,0x00,0x00,0x00,0x00,0x00,0x00,0x00,0x00,0x00,0x00,0x00,0x00,0x00,0x00,0x00,0x00,0x00,0x00,0x00,0x00,0x00,0x00,0x00,0x00,0x00,0x00,0x00,0x00,0x00,0x00,0x00,0x00,0x00,0x00,0x00,0x00,0x00,0x00,0x00,0x00,0x00,0x00,0x00,0x00,0x00,0x00,0x00,0x00,0x00,0x00,0x00,0x00,0x00,0x00,0x00,0x00,0x00,0x00,0x00,0x00,0x00,0x00,0x00,0x00,0xfe,0xe8,0xfe,0xc8,0xfe,0xc8,0xfe,0xc8,0xff,0xe0,0x00,0x00,0x00,0x00,0x00,0x00,0x00,0x00,0xf6,0x54,0xf6,0x54,0xf6,0x54,0xf6,0x54,0xf6,0x54,0xf6,0x54,0xf6,0x54,0xf6,0x54,0xf6,0x54,0xf6,0x54,0xf6,0x54,0xf6,0x54,0xf6,0x54,0xf6,0x54,0x00,0x00,0x00,0x00,0x00,0x00,0x00,0x00,0xfe,0xc7,0xfe,0xc8,0xfe,0xc8,0xfe,0xc7,0xfe,0xe6,0x00,0x00,0x00,0x00,0x00,0x00,0x00,0x00,0x00,0x00,0x00,0x00,0x00,0x00,0x00,0x00,0x00,0x00,0x00,0x00,0x00,0x00,0x00,0x00,0x00,0x00,0x00,0x00,0x00,0x00,0x00,0x00,0x00,0x00,0x00,0x00,0x00,0x00,0x00,0x00,0x00,0x00,0x00,0x00,0x00,0x00,0x00,0x00,0x00,0x00,0x00,0x00,0x00,0x00,0x00,0x00,0x00,0x00,0x00,0x00,0x00,0x00,0x00,0x00,0x00,0x00,0x00,0x00,0x00,0x00,0x00,0x00,0x00,0x00,0x00,0x00,0x00,0x00,0x00,0x00,0x00,0x00,0x00,0x00,0x00,0x00,0xfe,0x66,0xfe,0xc8,0xfe,0xa5,0x00,0x00,0x00,0x00,0x00,0x00,0x00,0x00,0x00,0x00,0xf6,0x54,0xf6,0x54,0xf6,0x54,0xf6,0x54,0xf6,0x54,0xf6,0x54,0xf6,0x54,0xf6,0x54,0xf6,0x54,0xf6,0x54,0xf6,0x54,0xf6,0x54,0xf6,0x54,0xf6,0x54,0x00,0x00,0x00,0x00,0x00,0x00,0x00,0x00,0x00,0x00,0xfe,0xe8,0xfe,0xc8,0xff,0x07,0x00,0x00,0x00,0x00,0x00,0x00,0x00,0x00,0x00,0x00,0x00,0x00,0x00,0x00,0x00,0x00,0x00,0x00,0x00,0x00,0x00,0x00,0x00,0x00,0x00,0x00,0x00,0x00,0x00,0x00,0x00,0x00,0x00,0x00,0x00,0x00,0x00,0x00,0x00,0x00,0x00,0x00,0x00,0x00,0x00,0x00,0x00,0x00,0x00,0x00,0x00,0x00,0x00,0x00,0x00,0x00,0x00,0x00,0x00,0x00,0x00,0x00,0x00,0x00,0x00,0x00,0x00,0x00,0x00,0x00,0x00,0x00,0x00,0x00,0x00,0x00,0x00,0x00,0x00,0x00,0x00,0x00,0x00,0x00,0x00,0x00,0x00,0x00,0x00,0x00,0x00,0x00,0x00,0x00,0x00,0x00,0x00,0x00,0x00,0x00,0x00,0x00,0x00,0x00,0xf6,0x54,0xf6,0x54,0xf6,0x54,0xf6,0x54,0xf6,0x54,0xf6,0x54,0xf6,0x54,0xf6,0x54,0xf6,0x54,0xf6,0x54,0xf6,0x54,0xf6,0x54,0xf6,0x54,0xf6,0x54,0x00,0x00,0x00,0x00,0x00,0x00,0x00,0x00,0x00,0x00,0x00,0x00,0x00,0x00,0x00,0x00,0x00,0x00,0x00,0x00,0x00,0x00,0x00,0x00,0x00,0x00,0x00,0x00,0x00,0x00,0x00,0x00,0x00,0x00,0x00,0x00,0x00,0x00,0x00,0x00,0x00,0x00,0x00,0x00,0x00,0x00,0x00,0x00,0x00,0x00,0x00,0x00,0x00,0x00,0x00,0x00,0x00,0x00,0x00,0x00,0x00,0x00,0x00,0x00,0x00,0x00,0x00,0x00,0x00,0x00,0x00,0x00,0x00,0x00,0x00,0x00,0x00,0x00,0x00,0x00,0x00,0x00,0x00,0x00,0x00,0x00,0x00,0x00,0x00,0x00,0x00,0x00,0x00,0x00,0x00,0x00,0x00,0x00,0x00,0x00,0x00,0x00,0x00,0x00,0x00,0x00,0x00,0x00,0x00,0x00,0x00,0x00,0x00,0x00,0x00,0x00,0x00,0x00,0x00,0x00,0xf6,0x54,0xf6,0x54,0xf6,0x54,0xf6,0x54,0xf6,0x54,0xf6,0x54,0xf6,0x54,0xf6,0x54,0xf6,0x54,0xf6,0x54,0xf6,0x54,0xf6,0x54,0xf6,0x54,0xf6,0x54,0x00,0x00,0x00,0x00,0x00,0x00,0x00,0x00,0x00,0x00,0x00,0x00,0x00,0x00,0x00,0x00,0x00,0x00,0x00,0x00,0x00,0x00,0x00,0x00,0x00,0x00,0x00,0x00,0x00,0x00,0x00,0x00,0x00,0x00,0x00,0x00,0x00,0x00,0x00,0x00,0x00,0x00,0x00,0x00,0x00,0x00,0x00,0x00,0x00,0x00,0x00,0x00,0x00,0x00,0x00,0x00,0x00,0x00,0x00,0x00,0x00,0x00,0x00,0x00,0x00,0x00,0x00,0x00,0x00,0x00,0x00,0x00,0x00,0x00,0x00,0x00,0x00,0x00,0x00,0x00,0x00,0x00,0x00,0x00,0x00,0x00,0x00,0x00,0x00,0x00,0x00,0x00,0x00,0x00,0x00,0x00,0x00,0x00,0x00,0x00,0x00,0x00,0x00,0x00,0x00,0x00,0x00,0x00,0x00,0x00,0x00,0x00,0x00,0x00,0x00,0x00,0x00,0x00,0x00,0x00,0xfe,0x54,0xf6,0x54,0xf6,0x54,0xf6,0x54,0xf6,0x54,0xf6,0x54,0xf6,0x54,0xf6,0x54,0xf6,0x54,0xf6,0x54,0xf6,0x54,0xf6,0x54,0xf6,0x54,0xf6,0x54,0x00,0x00,0x00,0x00,0x00,0x00,0x00,0x00,0x00,0x00,0x00,0x00,0x00,0x00,0x00,0x00,0x00,0x00,0x00,0x00,0x00,0x00,0x00,0x00,0x00,0x00,0x00,0x00,0x00,0x00,0x00,0x00,0x00,0x00,0x00,0x00,0x00,0x00,0x00,0x00,0x00,0x00,0x00,0x00,0x00,0x00,0x00,0x00,0x00,0x00,0x00,0x00,0x00,0x00,0x00,0x00,0x00,0x00,0x00,0x00,0x00,0x00,0x00,0x00,0x00,0x00,0x00,0x00,0x00,0x00,0x00,0x00,0x00,0x00,0x00,0x00,0x00,0x00,0x00,0x00,0x00,0x00,0x00,0x00,0x00,0x00,0x00,0x00,0x00,0x00,0x00,0x00,0x00,0x00,0x00,0x00,0x00,0x00,0x00,0x00,0x00,0x00,0x00,0x00,0x00,0x00,0x00,0x00,0x00,0x00,0x00,0x00,0x00,0x00,0x00,0x00,0x00,0x00,0x00,0x00,0xfe,0x54,0xf6,0x54,0xf6,0x54,0xf6,0x54,0xf6,0x54,0xf6,0x54,0xf6,0x54,0xf6,0x54,0xf6,0x54,0xf6,0x54,0xf6,0x54,0xf6,0x54,0xf6,0x54,0xf6,0x54,0x00,0x00,0x00,0x00,0x00,0x00,0x00,0x00,0x00,0x00,0x00,0x00,0x00,0x00,0x00,0x00,0x00,0x00,0x00,0x00,0x00,0x00,0x00,0x00,0x00,0x00,0x00,0x00,0x00,0x00,0x00,0x00,0x00,0x00,0x00,0x00,0x00,0x00,0x00,0x00,0x00,0x00,0x00,0x00,0x00,0x00,0x00,0x00,0x00,0x00,0x00,0x00,0x00,0x00,0x00,0x00,0x00,0x00,0x00,0x00,0x00,0x00,0x00,0x00,0x00,0x00,0x00,0x00,0x00,0x00,0x00,0x00,0x00,0x00,0x00,0x00,0x00,0x00,0x00,0x00,0x00,0x00,0x00,0x00,0x00,0x00,0x00,0x00,0x00,0x00,0x00,0x00,0x00,0x00,0x00,0x00,0x00,0x00,0x00,0x00,0x00,0x00,0x00,0x00,0x00,0x00,0x00,0x00,0x00,0x00,0x00,0x00,0x00,0x00,0x00,0x00,0x00,0x00,0x00,0x00,0xfe,0x54,0xf6,0x54,0xf6,0x54,0xf6,0x54,0xf6,0x54,0xf6,0x54,0xf6,0x54,0xf6,0x54,0xf6,0x54,0xf6,0x54,0xf6,0x54,0xf6,0x54,0xf6,0x54,0xf6,0x54,0x00,0x00,0x00,0x00,0x00,0x00,0x00,0x00,0x00,0x00,0x00,0x00,0x00,0x00,0x00,0x00,0x00,0x00,0x00,0x00,0x00,0x00,0x00,0x00,0x00,0x00,0x00,0x00,0x00,0x00,0x00,0x00,0x00,0x00,0x00,0x00,0x00,0x00,0x00,0x00,0x00,0x00,0x00,0x00,0x00,0x00,0x00,0x00,0x00,0x00,0x00,0x00,0x00,0x00,0x00,0x00,0x00,0x00,0x00,0x00,0x00,0x00,0x00,0x00,0x00,0x00,0x00,0x00,0x00,0x00,0x00,0x00,0x00,0x00,0x00,0x00,0x00,0x00,0x00,0x00,0x00,0x00,0x00,0x00,0x00,0x00,0x00,0x00,0x00,0x00,0x00,0x00,0x00,0x00,0x00,0x00,0x00,0x00,0x00,0x00,0x00,0x00,0x00,0x00,0x00,0x00,0x00,0x00,0x00,0x00,0x00,0x00,0x00,0x00,0x00,0x00,0x00,0x00,0x00,0x00,0xfe,0x54,0xf6,0x54,0xf6,0x54,0xf6,0x54,0xf6,0x54,0xf6,0x54,0xf6,0x54,0xf6,0x54,0xf6,0x54,0xf6,0x54,0xf6,0x54,0xf6,0x54,0xf6,0x54,0xf6,0x54,0x00,0x00,0x00,0x00,0x00,0x00,0x00,0x00,0x00,0x00,0x00,0x00,0x00,0x00,0x00,0x00,0x00,0x00,0x00,0x00,0x00,0x00,0x00,0x00,0x00,0x00,0x00,0x00,0x00,0x00,0x00,0x00,0x00,0x00,0x00,0x00,0x00,0x00,0x00,0x00,0x00,0x00,0x00,0x00,0x00,0x00,0x00,0x00,0x00,0x00,0x00,0x00,0x00,0x00,0x00,0x00,0x00,0x00,0x00,0x00,0x00,0x00,0x00,0x00,0x00,0x00,0x00,0x00,0x00,0x00,0x00,0x00,0x00,0x00,0x00,0x00,0x00,0x00,0x00,0x00,0x00,0x00,0x00,0x00,0x00,0x00,0x00,0x00,0x00,0x00,0x00,0x00,0x00,0x00,0x00,0x00,0x00,0x00,0x00,0x00,0x00,0x00,0x00,0x00,0x00,0x00,0x00,0x00,0x00,0x00,0x00,0x00,0x00,0x00,0x00,0x00,0x00,0x00,0x00,0x00,0xfe,0x54,0xf6,0x54,0xf6,0x54,0xf6,0x54,0xf6,0x54,0xf6,0x54,0xf6,0x54,0xf6,0x54,0xf6,0x54,0xf6,0x54,0xf6,0x54,0xf6,0x54,0xf6,0x54,0xf6,0x54,0x00,0x00,0x00,0x00,0x00,0x00,0x00,0x00,0x00,0x00,0x00,0x00,0x00,0x00,0x00,0x00,0x00,0x00,0x00,0x00,0x00,0x00,0x00,0x00,0x00,0x00,0x00,0x00,0x00,0x00,0x00,0x00,0x00,0x00,0x00,0x00,0x00,0x00,0x00,0x00,0x00,0x00,0x00,0x00,0x00,0x00,0x00,0x00,0x00,0x00,0x00,0x00,0x00,0x00,0x00,0x00,0x00,0x00,0x00,0x00,0x00,0x00,0x00,0x00,0x00,0x00,0x00,0x00,0x00,0x00,0x00,0x00,0x00,0x00,0x00,0x00,0x00,0x00,0x00,0x00,0x00,0x00,0x00,0x00,0x00,0x00,0x00,0x00,0x00,0x00,0x00,0x00,0x00,0x00,0x00,0x00,0x00,0x00,0x00,0x00,0x00,0x00,0x00,0x00,0x00,0x00,0x00,0x00,0x00,0x00,0x00,0x00,0x00,0x00,0x00,0x00,0x00,0x00,0x00,0x00,0xfe,0x54,0xf6,0x54,0xf6,0x54,0xf6,0x54,0xf6,0x54,0xf6,0x54,0xf6,0x54,0xf6,0x54,0xf6,0x54,0xf6,0x54,0xf6,0x54,0xf6,0x54,0xf6,0x54,0xf6,0x54,0x00,0x00,0x00,0x00,0x00,0x00,0x00,0x00,0x00,0x00,0x00,0x00,0x00,0x00,0x00,0x00,0x00,0x00,0x00,0x00,0x00,0x00,0x00,0x00,0x00,0x00,0x00,0x00,0x00,0x00,0x00,0x00,0x00,0x00,0x00,0x00,0x00,0x00,0x00,0x00,0x00,0x00,0x00,0x00,0x00,0x00,0x00,0x00,0x00,0x00,0x00,0x00,0x00,0x00,0x00,0x00,0x00,0x00,0x00,0x00,0x00,0x00,0x00,0x00,0x00,0x00,0x00,0x00,0x00,0x00,0x00,0x00,0x00,0x00,0x00,0x00,0x00,0x00,0x00,0x00,0x00,0x00,0x00,0x00,0x00,0x00,0x00,0x00,0x00,0x00,0x00,0x00,0x00,0x00,0x00,0x00,0x00,0x00,0x00,0x00,0x00,0x00,0x00,0x00,0x00,0x00,0x00,0x00,0x00,0x00,0x00,0x00,0x00,0x00,0x00,0x00,0x00,0x00,0x00,0x00,0xfe,0x54,0xf6,0x54,0xf6,0x54,0xf6,0x54,0xf6,0x54,0xf6,0x54,0xf6,0x54,0xf6,0x54,0xf6,0x54,0xf6,0x54,0xf6,0x54,0xf6,0x54,0xf6,0x54,0xf6,0x54,0x00,0x00,0x00,0x00,0x00,0x00,0x00,0x00,0x00,0x00,0x00,0x00,0x00,0x00,0x00,0x00,0x00,0x00,0x00,0x00,0x00,0x00,0x00,0x00,0x00,0x00,0x00,0x00,0x00,0x00,0x00,0x00,0x00,0x00,0x00,0x00,0x00,0x00,0x00,0x00,0x00,0x00,0x00,0x00,0x00,0x00,0x00,0x00,0x00,0x00,0x00,0x00,0x00,0x00,0x00,0x00,0x00,0x00,0x00,0x00,0x00,0x00,0x00,0x00,0x00,0x00,0x00,0x00,0x00,0x00,0x00,0x00,0x00,0x00,0x00,0x00,0x00,0x00,0x00,0x00,0x00,0x00,0x00,0x00,0x00,0x00,0x00,0x00,0x00,0x00,0x00,0x00,0x00,0x00,0x00,0x00,0x00,0x00,0x00,0x00,0x00,0x00,0x00,0x00,0x00,0x00,0x00,0x00,0x00,0x00,0x00,0x00,0x00,0x00,0x00,0x00,0x00,0x00,0x00,0x00,0xfe,0x54,0xf6,0x54,0xf6,0x54,0xf6,0x54,0xf6,0x54,0xf6,0x54,0xf6,0x54,0xf6,0x54,0xf6,0x54,0xf6,0x54,0xf6,0x54,0xf6,0x54,0xf6,0x54,0xf6,0x54,0x00,0x00,0x00,0x00,0x00,0x00,0x00,0x00,0x00,0x00,0x00,0x00,0x00,0x00,0x00,0x00,0x00,0x00,0x00,0x00,0x00,0x00,0x00,0x00,0x00,0x00,0x00,0x00,0x00,0x00,0x00,0x00,0x00,0x00,0x00,0x00,0x00,0x00,0x00,0x00,0x00,0x00,0x00,0x00,0x00,0x00,0x00,0x00,0x00,0x00,0x00,0x00,0x00,0x00,0x00,0x00,0x00,0x00,0x00,0x00,0x00,0x00,0x00,0x00,0x00,0x00,0x00,0x00,0x00,0x00,0x00,0x00,0x00,0x00,0x00,0x00,0x00,0x00,0x00,0x00,0x00,0x00,0x00,0x00,0x00,0x00,0x00,0x00,0x00,0x00,0x00,0x00,0x00,0x00,0x00,0x00,0x00,0x00,0x00,0x00,0x00,0x00,0x00,0x00,0x00,0x00,0x00,0x00,0x00,0x00,0x00,0x00,0x00,0x00,0x00,0x00,0x00,0x00,0x00,0x00,0xfe,0x54,0xf6,0x54,0xf6,0x54,0xf6,0x54,0xf6,0x54,0xf6,0x54,0xf6,0x54,0xf6,0x54,0xf6,0x54,0xf6,0x54,0xf6,0x54,0xf6,0x54,0xf6,0x54,0xf6,0x54,0x00,0x00,0x00,0x00,0x00,0x00,0x00,0x00,0x00,0x00,0x00,0x00,0x00,0x00,0x00,0x00,0x00,0x00,0x00,0x00,0x00,0x00,0x00,0x00,0x00,0x00,0x00,0x00,0x00,0x00,0x00,0x00,0x00,0x00,0x00,0x00,0x00,0x00,0x00,0x00,0x00,0x00,0x00,0x00,0x00,0x00,0x00,0x00,0x00,0x00,0x00,0x00,0x00,0x00,0x00,0x00,0x00,0x00,0x00,0x00,0x00,0x00,0x00,0x00,0x00,0x00,0x00,0x00,0x00,0x00,0x00,0x00,0x00,0x00,0x00,0x00,0x00,0x00,0x00,0x00,0x00,0x00,0x00,0x00,0x00,0x00,0x00,0x00,0x00,0x00,0x00,0x00,0x00,0x00,0x00,0x00,0x00,0x00,0x00,0x00,0x00,0x00,0x00,0x00,0x00,0x00,0x00,0x00,0x00,0x00,0x00,0x00,0x00,0x00,0x00,0x00,0x00,0x00,0x00,0x00,0xf6,0x54,0xf6,0x54,0xf6,0x54,0xf6,0x54,0xf6,0x54,0xf6,0x54,0xf6,0x54,0xf6,0x54,0xf6,0x54,0xf6,0x54,0xf6,0x54,0xf6,0x54,0xf6,0x54,0xf6,0x54,0x00,0x00,0x00,0x00,0x00,0x00,0x00,0x00,0x00,0x00,0x00,0x00,0x00,0x00,0x00,0x00,0x00,0x00,0x00,0x00,0x00,0x00,0x00,0x00,0x00,0x00,0x00,0x00,0x00,0x00,0x00,0x00,0x00,0x00,0x00,0x00,0x00,0x00,0x00,0x00,0x00,0x00,0x00,0x00,0x00,0x00,0x00,0x00,0x00,0x00,0x00,0x00,0x00,0x00,0x00,0x00,0x00,0x00,0x00,0x00,0x00,0x00,0x00,0x00,0x00,0x00,0x00,0x00,0x00,0x00,0x00,0x00,0x00,0x00,0x00,0x00,0x00,0x00,0x00,0x00,0x00,0x00,0x00,0x00,0x00,0x00,0x00,0x00,0x00,0x00,0x00,0x00,0x00,0x00,0x00,0x00,0x00,0x00,0x00,0x00,0x00,0x00,0x00,0x00,0x00,0x00,0x00,0x00,0x00,0x00,0x00,0x00,0x00,0x00,0x00,0x00,0x00,0x00,0x00,0x00,0xf6,0x54,0xf6,0x54,0xf6,0x54,0xf6,0x54,0xf6,0x54,0xf6,0x54,0xf6,0x54,0xf6,0x54,0xf6,0x54,0xf6,0x54,0xf6,0x54,0xf6,0x54,0xf6,0x54,0xf6,0x54,0x00,0x00,0x00,0x00,0x00,0x00,0x00,0x00,0x00,0x00,0x00,0x00,0x00,0x00,0x00,0x00,0x00,0x00,0x00,0x00,0x00,0x00,0x00,0x00,0x00,0x00,0x00,0x00,0x00,0x00,0x00,0x00,0x00,0x00,0x00,0x00,0x00,0x00,0x00,0x00,0x00,0x00,0x00,0x00,0x00,0x00,0x00,0x00,0x00,0x00,0x00,0x00,0x00,0x00,0x00,0x00,0x00,0x00,0x00,0x00,0x00,0x00,0x00,0x00,0x00,0x00,0x00,0x00,0x00,0x00,0x00,0x00,0x00,0x00,0x00,0x00,0x00,0x00,0x00,0x00,0x00,0x00,0x00,0x00,0x00,0x00,0x00,0x00,0x00,0x00,0x00,0x00,0x00,0x00,0x00,0x00,0x00,0x00,0x00,0x00,0x00,0x00,0x00,0x00,0x00,0x00,0x00,0x00,0x00,0x00,0x00,0x00,0x00,0x00,0x00,0x00,0x00,0x00,0x00,0x00,0xf6,0x54,0xf6,0x54,0xf6,0x54,0xf6,0x54,0xf6,0x54,0xf6,0x54,0xf6,0x54,0xf6,0x54,0xf6,0x54,0xf6,0x54,0xf6,0x54,0xf6,0x54,0xf6,0x54,0xf6,0x54,0x00,0x00,0x00,0x00,0x00,0x00,0x00,0x00,0x00,0x00,0x00,0x00,0x00,0x00,0x00,0x00,0x00,0x00,0x00,0x00,0x00,0x00,0x00,0x00,0x00,0x00,0x00,0x00,0x00,0x00,0x00,0x00,0x00,0x00,0x00,0x00,0x00,0x00,0x00,0x00,0x00,0x00,0x00,0x00,0x00,0x00,0x00,0x00,0x00,0x00,0x00,0x00,0x00,0x00,0x00,0x00,0x00,0x00,0x00,0x00,0x00,0x00,0x00,0x00,0x00,0x00,0x00,0x00,0x00,0x00,0x00,0x00,0x00,0x00,0x00,0x00,0x00,0x00,0x00,0x00,0x00,0x00,0x00,0x00,0x00,0x00,0x00,0x00,0x00,0x00,0x00,0x00,0x00,0x00,0x00,0x00,0x00,0x00,0x00,0x00,0x00,0x00,0x00,0x00,0x00,0x00,0x00,0x00,0x00,0x00,0x00,0x00,0x00,0x00,0x00,0x00,0x00,0x00,0x00,0x00,0xf6,0x54,0xf6,0x54,0xf6,0x54,0xf6,0x54,0xf6,0x54,0xf6,0x54,0xf6,0x54,0xf6,0x54,0xf6,0x54,0xf6,0x54,0xf6,0x54,0xf6,0x54,0xf6,0x54,0xf6,0x54,0x00,0x00,0x00,0x00,0x00,0x00,0x00,0x00,0x00,0x00,0x00,0x00,0x00,0x00,0x00,0x00,0x00,0x00,0x00,0x00,0x00,0x00,0x00,0x00,0x00,0x00,0x00,0x00,0x00,0x00,0x00,0x00,0x00,0x00,0x00,0x00,0x00,0x00,0x00,0x00,0x00,0x00,0x00,0x00,0x00,0x00,0x00,0x00,0x00,0x00,0x00,0x00,0x00,0x00,0x00,0x00,0x00,0x00,0x00,0x00,0x00,0x00,0x00,0x00,0x00,0x00,0x00,0x00,0x00,0x00,0x00,0x00,0x00,0x00,0x00,0x00,0x00,0x00,0x00,0x00,0x00,0x00,0x00,0x00,0x00,0x00,0x00,0x00,0x00,0x00,0x00,0x00,0x00,0x00,0x00,0x00,0x00,0x00,0x00,0x00,0x00,0x00,0x00,0x00,0x00,0x00,0x00,0x00,0x00,0x00,0x00,0x00,0x00,0x00,0x00,0x00,0x00,0x00,0x00,0x00,0xf6,0x54,0xf6,0x54,0xf6,0x54,0xf6,0x54,0xf6,0x54,0xf6,0x54,0xf6,0x54,0xf6,0x54,0xf6,0x54,0xf6,0x54,0xf6,0x54,0xf6,0x54,0xf6,0x54,0xf6,0x54,0x00,0x00,0x00,0x00,0x00,0x00,0x00,0x00,0x00,0x00,0x00,0x00,0x00,0x00,0x00,0x00,0x00,0x00,0x00,0x00,0x00,0x00,0x00,0x00,0x00,0x00,0x00,0x00,0x00,0x00,0x00,0x00,0x00,0x00,0x00,0x00,0x00,0x00,0x00,0x00,0x00,0x00,0x00,0x00,0x00,0x00,0x00,0x00,0x00,0x00,0x00,0x00,0x00,0x00,0x00,0x00,0x00,0x00,0x00,0x00,0x00,0x00,0x00,0x00,0x00,0x00,0x00,0x00,0x00,0x00,0x00,0x00,0x00,0x00,0x00,0x00,0x00,0x00,0x00,0x00,0x00,0x00,0x00,0x00,0x00,0x00,0x00,0x00,0x00,0x00,0x00,0x00,0x00,0x00,0x00,0x00,0x00,0x00,0x00,0x00,0x00,0x00,0x00,0x00,0x00,0x00,0x00,0x00,0x00,0x00,0x00,0x00,0x00,0x00,0x00,0x00,0x00,0x00,0x00,0x00,0xfe,0x54,0xfe,0x54,0xf6,0x54,0xf6,0x54,0xf6,0x54,0xf6,0x54,0xf6,0x54,0xf6,0x54,0xf6,0x54,0xf6,0x54,0xf6,0x54,0xf6,0x54,0xf6,0x54,0xf6,0x54,0x00,0x00,0x00,0x00,0x00,0x00,0x00,0x00,0x00,0x00,0x00,0x00,0x00,0x00,0x00,0x00,0x00,0x00,0x00,0x00,0x00,0x00,0x00,0x00,0x00,0x00,0x00,0x00,0x00,0x00,0x00,0x00,0x00,0x00,0x00,0x00,0x00,0x00,0x00,0x00,0x00,0x00,0x00,0x00,0x00,0x00,0x00,0x00,0x00,0x00,0x00,0x00,0x00,0x00,0x00,0x00,0x00,0x00,0x00,0x00,0x00,0x00,0x00,0x00,0x00,0x00,0x00,0x00,0x00,0x00,0x00,0x00,0x00,0x00,0x00,0x00,0x00,0x00,0x00,0x00,0x00,0x00,0x00,0x00,0x00,0x00,0x00,0x00,0x00,0x00,0x00,0x00,0x00,0x00,0x00,0x00,0x00,0x00,0x00,0x00,0x00,0x00,0x00,0x00,0x00,0x00,0x00,0x00,0x00,0x00,0x00,0x00,0x00,0x00,0x00,0x00,0x00,0x00,0x00,0x00,0xfe,0x54,0xfe,0x54,0xf6,0x54,0xf6,0x54,0xf6,0x54,0xf6,0x54,0xf6,0x54,0xf6,0x54,0xf6,0x54,0xf6,0x54,0xf6,0x54,0xf6,0x54,0xf6,0x54,0xf6,0x54,0x00,0x00,0x00,0x00,0x00,0x00,0x00,0x00,0x00,0x00,0x00,0x00,0x00,0x00,0x00,0x00,0x00,0x00,0x00,0x00,0x00,0x00,0x00,0x00,0x00,0x00,0x00,0x00,0x00,0x00,0x00,0x00,0x00,0x00,0x00,0x00,0x00,0x00,0x00,0x00,0x00,0x00,0x00,0x00,0x00,0x00,0x00,0x00,0x00,0x00,0x00,0x00,0x00,0x00,0x00,0x00,0x00,0x00,0x00,0x00,0x00,0x00,0x00,0x00,0x00,0x00,0x00,0x00,0x00,0x00,0x00,0x00,0x00,0x00,0x00,0x00,0x00,0x00,0x00,0x00,0x00,0x00,0x00,0x00,0x00,0x00,0x00,0x00,0x00,0x00,0x00,0x00,0x00,0x00,0x00,0x00,0x00,0x00,0x00,0x00,0x00,0x00,0x00,0x00,0x00,0x00,0x00,0x00,0x00,0x00,0x00,0x00,0x00,0x00,0x00,0x00,0x00,0x00,0x00,0x00,0xfe,0x54,0xfe,0x54,0xf6,0x54,0xf6,0x54,0xf6,0x54,0xf6,0x54,0xf6,0x54,0xf6,0x54,0xf6,0x54,0xf6,0x54,0xf6,0x54,0xf6,0x54,0xf6,0x54,0xf6,0x54,0x00,0x00,0x00,0x00,0xfe,0x74,0xf6,0x54,0xfe,0x54,0xf6,0x54,0xf6,0x54,0xf6,0x54,0xf6,0x54,0xfe,0x34,0x00,0x00,0x00,0x00,0x00,0x00,0x00,0x00,0x00,0x00,0x00,0x00,0x00,0x00,0x00,0x00,0x00,0x00,0x00,0x00,0x00,0x00,0x00,0x00,0x00,0x00,0x00,0x00,0x00,0x00,0x00,0x00,0x00,0x00,0x00,0x00,0x00,0x00,0x00,0x00,0x00,0x00,0x00,0x00,0x00,0x00,0x00,0x00,0x00,0x00,0x00,0x00,0x00,0x00,0x00,0x00,0x00,0x00,0x00,0x00,0x00,0x00,0x00,0x00,0x00,0x00,0x00,0x00,0x00,0x00,0x00,0x00,0x00,0x00,0x00,0x00,0x00,0x00,0x00,0x00,0x00,0x00,0x00,0x00,0x00,0x00,0x00,0x00,0x00,0x00,0x00,0x00,0x00,0x00,0x00,0x00,0x00,0x00,0x00,0x00,0xfe,0x54,0xfe,0x54,0xf6,0x54,0xf6,0x54,0xf6,0x54,0xf6,0x54,0xf6,0x54,0xf6,0x54,0xf6,0x54,0xf6,0x54,0xf6,0x54,0xf6,0x54,0xf6,0x54,0xf6,0x54,0x00,0x00,0xf6,0x54,0xf6,0x54,0xf6,0x54,0xf6,0x54,0xf6,0x54,0xf6,0x54,0xf6,0x54,0xf6,0x54,0xf6,0x54,0xfe,0x54,0xff,0xe0,0x00,0x00,0x00,0x00,0x00,0x00,0x00,0x00,0x00,0x00,0x00,0x00,0x00,0x00,0x00,0x00,0x00,0x00,0x00,0x00,0x00,0x00,0x00,0x00,0x00,0x00,0x00,0x00,0x00,0x00,0x00,0x00,0x00,0x00,0x00,0x00,0x00,0x00,0x00,0x00,0x00,0x00,0x00,0x00,0x00,0x00,0x00,0x00,0x00,0x00,0x00,0x00,0x00,0x00,0x00,0x00,0x00,0x00,0x00,0x00,0x00,0x00,0x00,0x00,0x00,0x00,0x00,0x00,0x00,0x00,0x00,0x00,0x00,0x00,0x00,0x00,0x00,0x00,0x00,0x00,0x00,0x00,0x00,0x00,0x00,0x00,0x00,0x00,0x00,0x00,0x00,0x00,0x00,0x00,0x00,0x00,0xfe,0x54,0xfe,0x54,0xf6,0x54,0xf6,0x54,0xf6,0x54,0xf6,0x54,0xf6,0x54,0xf6,0x54,0xf6,0x54,0xf6,0x54,0xf6,0x54,0xf6,0x54,0xf6,0x54,0xf6,0x54,0xf6,0x54,0xf6,0x54,0xf6,0x54,0xf6,0x54,0xf6,0x54,0xf6,0x54,0xf6,0x54,0xf6,0x54,0xf6,0x54,0xf6,0x54,0xf6,0x54,0xfe,0x54,0x00,0x00,0x00,0x00,0x00,0x00,0x00,0x00,0xf6,0x54,0xfe,0x54,0xf6,0x54,0xfe,0x54,0xfe,0x54,0xf6,0x54,0xff,0xf5,0x00,0x00,0x00,0x00,0x00,0x00,0x00,0x00,0x00,0x00,0x00,0x00,0x00,0x00,0x00,0x00,0x00,0x00,0x00,0x00,0x00,0x00,0x00,0x00,0x00,0x00,0x00,0x00,0x00,0x00,0x00,0x00,0x00,0x00,0x00,0x00,0x00,0x00,0x00,0x00,0x00,0x00,0x00,0x00,0x00,0x00,0x00,0x00,0x00,0x00,0x00,0x00,0x00,0x00,0x00,0x00,0x00,0x00,0x00,0x00,0x00,0x00,0x00,0x00,0x00,0x00,0x00,0x00,0x00,0x00,0x00,0x00,0x00,0x00,0xfe,0x54,0xfe,0x54,0xf6,0x54,0xf6,0x54,0xf6,0x54,0xf6,0x54,0xf6,0x54,0xf6,0x54,0xf6,0x54,0xf6,0x54,0xf6,0x54,0xf6,0x54,0xf6,0x54,0xf6,0x54,0xf6,0x54,0xf6,0x54,0xf6,0x54,0xf6,0x54,0xf6,0x54,0xf6,0x54,0xf6,0x54,0xf6,0x54,0xf6,0x54,0xf6,0x54,0xf6,0x54,0xf6,0x54,0xff,0xf5,0x00,0x00,0xed,0xf2,0xf6,0x54,0xf6,0x54,0xf6,0x54,0xf6,0x54,0xf6,0x54,0xf6,0x54,0xf6,0x54,0xf6,0x54,0x00,0x00,0x00,0x00,0x00,0x00,0x00,0x00,0x00,0x00,0x00,0x00,0x00,0x00,0x00,0x00,0x00,0x00,0x00,0x00,0x00,0x00,0x00,0x00,0x00,0x00,0x00,0x00,0x00,0x00,0x00,0x00,0x00,0x00,0x00,0x00,0x00,0x00,0x00,0x00,0x00,0x00,0x00,0x00,0x00,0x00,0x00,0x00,0x00,0x00,0x00,0x00,0x00,0x00,0x00,0x00,0x00,0x00,0x00,0x00,0x00,0x00,0x00,0x00,0x00,0x00,0x00,0x00,0x00,0x00,0x00,0x00,0x00,0x00,0xfe,0x54,0xfe,0x54,0xf6,0x54,0xf6,0x54,0xf6,0x54,0xf6,0x54,0xf6,0x54,0xf6,0x54,0xf6,0x54,0xf6,0x54,0xf6,0x54,0xf6,0x54,0xf6,0x54,0xf6,0x54,0xf6,0x54,0xf6,0x54,0xf6,0x54,0xf6,0x54,0xf6,0x54,0xf6,0x54,0xf6,0x54,0xf6,0x54,0xf6,0x54,0xf6,0x54,0xf6,0x54,0xf6,0x54,0xfe,0x94,0xf6,0x54,0xfe,0x54,0xf6,0x54,0xf6,0x54,0xf6,0x54,0xf6,0x54,0xf6,0x54,0xf6,0x54,0xf6,0x54,0xf6,0x54,0xf6,0x54,0xfe,0x73,0x00,0x00,0x00,0x00,0x00,0x00,0x00,0x00,0x00,0x00,0x00,0x00,0x00,0x00,0x00,0x00,0x00,0x00,0x00,0x00,0x00,0x00,0x00,0x00,0x00,0x00,0x00,0x00,0x00,0x00,0x00,0x00,0x00,0x00,0x00,0x00,0x00,0x00,0x00,0x00,0x00,0x00,0x00,0x00,0x00,0x00,0x00,0x00,0x00,0x00,0x00,0x00,0x00,0x00,0x00,0x00,0x00,0x00,0x00,0x00,0x00,0x00,0x00,0x00,0x00,0x00,0x00,0x00,0x00,0x00,0xfe,0x54,0xf6,0x54,0xf6,0x54,0xf6,0x54,0xf6,0x54,0xf6,0x54,0xf6,0x54,0xf6,0x54,0xf6,0x54,0xf6,0x54,0xf6,0x54,0xf6,0x54,0xf6,0x54,0xf6,0x54,0xf6,0x54,0xf6,0x54,0xf6,0x54,0xf6,0x54,0xf6,0x54,0xf6,0x54,0xf6,0x54,0xf6,0x54,0xf6,0x54,0xf6,0x54,0xf6,0x54,0xf6,0x54,0xf6,0x54,0xfe,0x54,0xfe,0x54,0xf6,0x54,0xf6,0x54,0xf6,0x54,0xf6,0x54,0xf6,0x54,0xf6,0x54,0xf6,0x54,0xf6,0x54,0xf6,0x54,0xfe,0x54,0xf8,0x00,0x00,0x00,0x00,0x00,0x00,0x00,0xfd,0x4a,0xfe,0x54,0xf6,0x34,0xf6,0x34,0xfe,0x54,0x00,0x00,0x00,0x00,0x00,0x00,0x00,0x00,0x00,0x00,0x00,0x00,0x00,0x00,0x00,0x00,0x00,0x00,0x00,0x00,0x00,0x00,0x00,0x00,0x00,0x00,0x00,0x00,0x00,0x00,0x00,0x00,0x00,0x00,0x00,0x00,0x00,0x00,0x00,0x00,0x00,0x00,0x00,0x00,0x00,0x00,0x00,0x00,0x00,0x00,0x00,0x00,0xfe,0x54,0xf6,0x54,0xf6,0x54,0xf6,0x54,0xf6,0x54,0xf6,0x54,0xf6,0x54,0xf6,0x54,0xf6,0x54,0xf6,0x54,0xf6,0x54,0xf6,0x54,0xf6,0x54,0xf6,0x54,0xf6,0x54,0xf6,0x54,0xf6,0x54,0xf6,0x54,0xf6,0x54,0xf6,0x54,0xf6,0x54,0xf6,0x54,0xf6,0x54,0xf6,0x54,0xf6,0x54,0xf6,0x54,0xf6,0x54,0xf6,0x54,0xf6,0x54,0xf6,0x54,0xf6,0x54,0xf6,0x54,0xf6,0x54,0xf6,0x54,0xf6,0x54,0xf6,0x54,0xf6,0x54,0xf6,0x54,0xfe,0x54,0xfe,0x54,0x00,0x00,0xf8,0x00,0xfe,0x54,0xf6,0x54,0xf6,0x54,0xf6,0x54,0xf6,0x54,0xf6,0x54,0xf6,0x54,0xf6,0x54,0x00,0x00,0x00,0x00,0x00,0x00,0x00,0x00,0x00,0x00,0x00,0x00,0x00,0x00,0x00,0x00,0x00,0x00,0x00,0x00,0x00,0x00,0x00,0x00,0x00,0x00,0x00,0x00,0x00,0x00,0x00,0x00,0x00,0x00,0x00,0x00,0x00,0x00,0x00,0x00,0x00,0x00,0x00,0x00,0x00,0x00,0x00,0x00,0xfe,0x54,0xf6,0x54,0xf6,0x54,0xf6,0x54,0xf6,0x54,0xf6,0x54,0xf6,0x54,0xf6,0x54,0xf6,0x54,0xf6,0x54,0xf6,0x54,0xf6,0x54,0xf6,0x54,0xf6,0x54,0xf6,0x54,0xf6,0x54,0xf6,0x54,0xf6,0x54,0xf6,0x54,0xf6,0x54,0xf6,0x54,0xf6,0x54,0xf6,0x54,0xf6,0x54,0xf6,0x54,0xf6,0x54,0xf6,0x54,0xf6,0x54,0xf6,0x54,0xf6,0x54,0xf6,0x54,0xf6,0x54,0xf6,0x54,0xf6,0x54,0xf6,0x54,0xf6,0x54,0xf6,0x54,0xf6,0x54,0xf6,0x54,0xfe,0x54,0xff,0xff,0xfe,0x74,0xf6,0x54,0xf6,0x54,0xf6,0x54,0xf6,0x54,0xf6,0x54,0xf6,0x54,0xf6,0x54,0xf6,0x54,0xf6,0x54,0xff,0xe0,0x00,0x00,0x00,0x00,0x00,0x00,0x00,0x00,0x00,0x00,0x00,0x00,0x00,0x00,0x00,0x00,0x00,0x00,0x00,0x00,0x00,0x00,0x00,0x00,0x00,0x00,0x00,0x00,0x00,0x00,0x00,0x00,0x00,0x00,0x00,0x00,0x00,0x00,0x00,0x00,0x00,0x00,0x00,0x00,0xfe,0x54,0xf6,0x54,0xf6,0x54,0xf6,0x54,0xf6,0x54,0xf6,0x54,0xf6,0x54,0xf6,0x54,0xf6,0x54,0xf6,0x54,0xf6,0x54,0xf6,0x54,0xf6,0x54,0xf6,0x54,0xf6,0x54,0xf6,0x54,0xf6,0x54,0xf6,0x54,0xf6,0x54,0xf6,0x54,0xf6,0x54,0xf6,0x54,0xf6,0x54,0xf6,0x54,0xf6,0x54,0xf6,0x54,0xf6,0x54,0xf6,0x54,0xf6,0x54,0xf6,0x54,0xf6,0x54,0xf6,0x54,0xf6,0x54,0xf6,0x54,0xf6,0x54,0xf6,0x54,0xf6,0x54,0xf6,0x54,0xf6,0x54,0xf6,0x54,0xf6,0x54,0xf6,0x54,0xf6,0x54,0xf6,0x54,0xf6,0x54,0xf6,0x54,0xf6,0x54,0xf6,0x54,0xf6,0x54,0xf6,0x54,0xf6,0x54,0xfe,0x74,0x00,0x00,0x00,0x00,0x00,0x00,0x00,0x00,0x00,0x00,0x00,0x00,0x00,0x00,0x00,0x00,0x00,0x00,0x00,0x00,0x00,0x00,0x00,0x00,0x00,0x00,0x00,0x00,0x00,0x00,0x00,0x00,0x00,0x00,0x00,0x00,0x00,0x00,0x00,0x00,0x00,0x00,0x00,0x00,0xf6,0x54,0xf6,0x54,0xf6,0x54,0xf6,0x54,0xf6,0x54,0xf6,0x54,0xf6,0x54,0xf6,0x54,0xf6,0x54,0xf6,0x54,0xf6,0x54,0xf6,0x54,0xf6,0x54,0xf6,0x54,0xf6,0x54,0xf6,0x54,0xf6,0x54,0xf6,0x54,0xf6,0x54,0xf6,0x54,0xf6,0x54,0xf6,0x54,0xf6,0x54,0xf6,0x54,0xf6,0x54,0xf6,0x54,0xf6,0x54,0xf6,0x54,0xf6,0x54,0xf6,0x54,0xf6,0x54,0xf6,0x54,0xf6,0x54,0xf6,0x54,0xf6,0x54,0xf6,0x54,0xf6,0x54,0xf6,0x54,0xf6,0x54,0xf6,0x54,0xf6,0x54,0xf6,0x54,0xf6,0x54,0xf6,0x54,0xf6,0x54,0xf6,0x54,0xf6,0x54,0xf6,0x54,0xf6,0x54,0xf6,0x54,0xf6,0x54,0xf6,0x54,0xff,0xff,0x00,0x00,0x00,0x00,0x00,0x00,0x00,0x00,0x00,0x00,0x00,0x00,0x00,0x00,0x00,0x00,0x00,0x00,0x00,0x00,0x00,0x00,0x00,0x00,0x00,0x00,0x00,0x00,0x00,0x00,0x00,0x00,0x00,0x00,0x00,0x00,0x00,0x00,0x00,0x00,0x00,0x00,0xf6,0x54,0xf6,0x54,0xf6,0x54,0xf6,0x54,0xf6,0x54,0xf6,0x54,0xf6,0x54,0xf6,0x54,0xf6,0x54,0xf6,0x54,0xf6,0x54,0xf6,0x54,0xf6,0x54,0xf6,0x54,0xf6,0x54,0xf6,0x54,0xf6,0x54,0xf6,0x54,0xf6,0x54,0xf6,0x54,0xf6,0x54,0xf6,0x54,0xf6,0x54,0xf6,0x54,0xf6,0x54,0xf6,0x54,0xf6,0x54,0xf6,0x54,0xf6,0x54,0xf6,0x54,0xf6,0x54,0xf6,0x54,0xf6,0x54,0xf6,0x54,0xf6,0x54,0xf6,0x54,0xf6,0x54,0xf6,0x54,0xf6,0x54,0xfe,0x54,0xf6,0x54,0xf6,0x54,0xf6,0x54,0xf6,0x54,0xf6,0x54,0xf6,0x54,0xf6,0x54,0xf6,0x54,0xf6,0x54,0xf6,0x54,0xf6,0x54,0xf6,0x54,0xfe,0x74,0x00,0x00,0x00,0x00,0x00,0x00,0x00,0x00,0x00,0x00,0x00,0x00,0x00,0x00,0x00,0x00,0x00,0x00,0x00,0x00,0x00,0x00,0x00,0x00,0x00,0x00,0x00,0x00,0x00,0x00,0x00,0x00,0x00,0x00,0x00,0x00,0x00,0x00,0x00,0x00,0x00,0x00,0xf6,0x54,0xf6,0x54,0xf6,0x54,0xf6,0x54,0xf6,0x54,0xf6,0x54,0xf6,0x54,0xf6,0x54,0xf6,0x54,0xf6,0x54,0xf6,0x54,0xf6,0x54,0xf6,0x54,0xf6,0x54,0xf6,0x54,0xf6,0x54,0xf6,0x54,0xf6,0x54,0xf6,0x54,0xf6,0x54,0xf6,0x54,0xf6,0x54,0xf6,0x54,0xf6,0x54,0xf6,0x54,0xf6,0x54,0xf6,0x54,0xf6,0x54,0xf6,0x54,0xf6,0x54,0xf6,0x54,0xf6,0x54,0xf6,0x54,0xf6,0x54,0xf6,0x54,0xf6,0x54,0xf6,0x54,0xf6,0x54,0xf6,0x54,0xf6,0x54,0xf6,0x54,0xf6,0x54,0xf6,0x54,0xf6,0x54,0xf6,0x54,0xf6,0x54,0xf6,0x54,0xf6,0x54,0xf6,0x54,0xf6,0x54,0xf6,0x54,0xf6,0x54,0xf6,0x54,0x00,0x00,0x00,0x00,0x00,0x00,0x00,0x00,0x00,0x00,0x00,0x00,0x00,0x00,0x00,0x00,0x00,0x00,0x00,0x00,0x00,0x00,0x00,0x00,0x00,0x00,0x00,0x00,0x00,0x00,0x00,0x00,0x00,0x00,0x00,0x00,0x00,0x00,0x00,0x00,0x00,0x00,0xf6,0x54,0xf6,0x54,0xf6,0x54,0xf6,0x54,0xf6,0x54,0xf6,0x54,0xf6,0x54,0xf6,0x54,0xf6,0x54,0xf6,0x54,0xf6,0x54,0xf6,0x54,0xf6,0x54,0xf6,0x54,0xf6,0x54,0xf6,0x54,0xf6,0x54,0xf6,0x54,0xf6,0x54,0xf6,0x54,0xf6,0x54,0xf6,0x54,0xf6,0x54,0xf6,0x54,0xf6,0x54,0xf6,0x54,0xf6,0x54,0xf6,0x54,0xf6,0x54,0xf6,0x54,0xf6,0x54,0xf6,0x54,0xf6,0x54,0xf6,0x54,0xf6,0x54,0xf6,0x54,0xf6,0x54,0xf6,0x54,0xf6,0x54,0xf6,0x54,0xf6,0x54,0xf6,0x54,0xf6,0x54,0xf6,0x54,0xf6,0x54,0xf6,0x54,0xf6,0x54,0xf6,0x54,0xf6,0x54,0xf6,0x54,0xf6,0x54,0xf6,0x54,0xf6,0x54,0x00,0x00,0x00,0x00,0x00,0x00,0x00,0x00,0x00,0x00,0x00,0x00,0x00,0x00,0x00,0x00,0x00,0x00,0x00,0x00,0x00,0x00,0x00,0x00,0x00,0x00,0x00,0x00,0x00,0x00,0x00,0x00,0x00,0x00,0x00,0x00,0x00,0x00,0x00,0x00,0x00,0x00,0xfe,0x54,0xf6,0x54,0xf6,0x54,0xf6,0x54,0xf6,0x54,0xf6,0x54,0xf6,0x54,0xf6,0x54,0xf6,0x54,0xf6,0x54,0xf6,0x54,0xf6,0x54,0xf6,0x54,0xf6,0x54,0xf6,0x54,0xf6,0x54,0xf6,0x54,0xf6,0x54,0xf6,0x54,0xf6,0x54,0xf6,0x54,0xf6,0x54,0xf6,0x54,0xf6,0x54,0xf6,0x54,0xf6,0x54,0xf6,0x54,0xf6,0x54,0xf6,0x54,0xf6,0x54,0xf6,0x54,0xf6,0x54,0xf6,0x54,0xf6,0x54,0xf6,0x54,0xf6,0x54,0xf6,0x54,0xf6,0x54,0xf6,0x54,0xf6,0x54,0xf6,0x54,0xf6,0x54,0xf6,0x54,0xf6,0x54,0xf6,0x54,0xf6,0x54,0xf6,0x54,0xf6,0x54,0xf6,0x54,0xf6,0x54,0xf6,0x54,0xf6,0x54,0xf6,0x54,0x00,0x00,0x00,0x00,0x00,0x00,0x00,0x00,0xfe,0x35,0xf6,0x74,0xf6,0x54,0xf6,0x54,0xf6,0x54,0xf6,0x54,0xf6,0x54,0xf6,0x54,0xf6,0x55,0xfe,0xd6,0x00,0x00,0x00,0x00,0x00,0x00,0x00,0x00,0x00,0x00,0x00,0x00,0x00,0x00,0xfe,0x54,0xf6,0x54,0xf6,0x54,0xf6,0x54,0xf6,0x54,0xf6,0x54,0xf6,0x54,0xf6,0x54,0xf6,0x54,0xf6,0x54,0xf6,0x54,0xf6,0x54,0xf6,0x54,0xf6,0x54,0xf6,0x54,0xf6,0x54,0xf6,0x54,0xf6,0x54,0xf6,0x54,0xf6,0x54,0xf6,0x54,0xf6,0x54,0xf6,0x54,0xf6,0x54,0xf6,0x54,0xf6,0x54,0xf6,0x54,0xf6,0x54,0xf6,0x54,0xf6,0x54,0xf6,0x54,0xf6,0x54,0xf6,0x54,0xf6,0x54,0xf6,0x54,0xf6,0x54,0xf6,0x54,0xf6,0x54,0xf6,0x54,0xf6,0x54,0xf6,0x54,0xf6,0x54,0xf6,0x54,0xf6,0x54,0xf6,0x54,0xf6,0x54,0xf6,0x54,0xf6,0x54,0xf6,0x54,0xf6,0x54,0xf6,0x54,0xf6,0x54,0xfe,0x54,0x00,0x00,0x00,0x00,0xfc,0x10,0xfe,0x74,0xfe,0x54,0xf6,0x54,0xf6,0x54,0xf6,0x54,0xf6,0x54,0xf6,0x54,0xf6,0x54,0xf6,0x54,0xf6,0x54,0xf6,0x54,0xf6,0x34,0x00,0x00,0x00,0x00,0x00,0x00,0x00,0x00,0x00,0x00,0x00,0x00,0xfe,0x54,0xf6,0x54,0xf6,0x54,0xf6,0x54,0xf6,0x54,0xf6,0x54,0xf6,0x54,0xf6,0x54,0xf6,0x54,0xf6,0x54,0xf6,0x54,0xf6,0x54,0xf6,0x54,0xf6,0x54,0xf6,0x54,0xf6,0x54,0xf6,0x54,0xf6,0x54,0xf6,0x54,0xf6,0x54,0xf6,0x54,0xf6,0x54,0xf6,0x54,0xf6,0x54,0xf6,0x54,0xf6,0x54,0xf6,0x54,0xf6,0x54,0xf6,0x54,0xf6,0x54,0xf6,0x54,0xf6,0x54,0xf6,0x54,0xf6,0x54,0xf6,0x54,0xf6,0x54,0xf6,0x54,0xf6,0x54,0xf6,0x54,0xf6,0x54,0xf6,0x54,0xf6,0x54,0xf6,0x54,0xf6,0x54,0xf6,0x54,0xf6,0x54,0xf6,0x54,0xf6,0x54,0xf6,0x54,0xf6,0x54,0xf6,0x54,0xf6,0x54,0xfe,0x54,0x00,0x00,0x00,0x00,0xfe,0x54,0xf6,0x54,0xf6,0x54,0xf6,0x54,0xf6,0x54,0xf6,0x54,0xf6,0x54,0xf6,0x54,0xf6,0x54,0xf6,0x54,0xf6,0x54,0xfe,0x54,0xf6,0x54,0xf6,0x55,0x00,0x00,0x00,0x00,0x00,0x00,0x00,0x00,0x00,0x00,0xfe,0x54,0xf6,0x54,0xf6,0x54,0xf6,0x54,0xf6,0x54,0xf6,0x54,0xf6,0x54,0xf6,0x54,0xf6,0x54,0xf6,0x54,0xf6,0x54,0xf6,0x54,0xf6,0x54,0xf6,0x54,0xf6,0x54,0xf6,0x54,0xf6,0x54,0xf6,0x54,0xf6,0x54,0xf6,0x54,0xf6,0x54,0xf6,0x54,0xf6,0x54,0xf6,0x54,0xf6,0x54,0xf6,0x54,0xf6,0x54,0xf6,0x54,0xf6,0x54,0xf6,0x54,0xf6,0x54,0xf6,0x54,0xf6,0x54,0xf6,0x54,0xf6,0x54,0xf6,0x54,0xf6,0x54,0xf6,0x54,0xf6,0x54,0xf6,0x54,0xf6,0x54,0xf6,0x54,0xf6,0x54,0xf6,0x54,0xf6,0x54,0xf6,0x54,0xf6,0x54,0xf6,0x54,0xf6,0x54,0xf6,0x54,0xf6,0x54,0xf6,0x54,0xfe,0x54,0x00,0x00,0xf6,0x54,0xf6,0x54,0xf6,0x54,0xf6,0x54,0xf6,0x54,0xf6,0x54,0xf6,0x54,0xf6,0x54,0xf6,0x54,0xf6,0x54,0xf6,0x54,0xf6,0x54,0xf6,0x54,0xf6,0x54,0xf6,0x54,0xfe,0x75,0x00,0x00,0x00,0x00,0x00,0x00,0x00,0x00,0xf6,0x54,0xf6,0x54,0xf6,0x54,0xf6,0x54,0xf6,0x54,0xf6,0x54,0xf6,0x54,0xf6,0x54,0xf6,0x54,0xf6,0x54,0xf6,0x54,0xf6,0x54,0xf6,0x54,0xf6,0x54,0xf6,0x54,0xf6,0x54,0xf6,0x54,0xf6,0x54,0xf6,0x54,0xf6,0x54,0xf6,0x54,0xf6,0x54,0xf6,0x54,0xf6,0x54,0xf6,0x54,0xf6,0x54,0xf6,0x54,0xf6,0x54,0xf6,0x54,0xf6,0x54,0xf6,0x54,0xf6,0x54,0xf6,0x54,0xf6,0x54,0xf6,0x54,0xf6,0x54,0xf6,0x54,0xf6,0x54,0xf6,0x54,0xf6,0x54,0xf6,0x54,0xf6,0x54,0xf6,0x54,0xf6,0x54,0xf6,0x54,0xf6,0x54,0xf6,0x54,0xf6,0x54,0xf6,0x54,0xf6,0x54,0xf6,0x54,0xf6,0x54,0xfe,0x54,0xf6,0x34,0xf6,0x54,0xf6,0x54,0xf6,0x54,0xf6,0x54,0xf6,0x54,0xf6,0x54,0xf6,0x54,0xf6,0x54,0xf6,0x54,0xf6,0x54,0xf6,0x54,0xf6,0x54,0xf6,0x54,0xf6,0x54,0xf6,0x54,0xf6,0x54,0xfe,0x53,0x00,0x00,0x00,0x00,0x00,0x00,0xf6,0x54,0xf6,0x54,0xf6,0x54,0xf6,0x54,0xf6,0x54,0xf6,0x54,0xf6,0x54,0xf6,0x54,0xf6,0x54,0xf6,0x54,0xf6,0x54,0xf6,0x54,0xf6,0x54,0xf6,0x54,0xf6,0x54,0xf6,0x54,0xf6,0x54,0xf6,0x54,0xf6,0x54,0xf6,0x54,0xf6,0x54,0xf6,0x54,0xf6,0x54,0xf6,0x54,0xf6,0x54,0xf6,0x54,0xf6,0x54,0xf6,0x54,0xf6,0x54,0xf6,0x54,0xf6,0x54,0xf6,0x54,0xf6,0x54,0xf6,0x54,0xf6,0x54,0xf6,0x54,0xf6,0x54,0xf6,0x54,0xf6,0x54,0xf6,0x54,0xf6,0x54,0xf6,0x54,0xf6,0x54,0xf6,0x54,0xf6,0x54,0xf6,0x54,0xf6,0x54,0xf6,0x54,0xf6,0x54,0xf6,0x54,0xf6,0x54,0xf6,0x54,0xf6,0x54,0xfe,0x35,0xf6,0x54,0xf6,0x54,0xf6,0x54,0xf6,0x54,0xf6,0x54,0xf6,0x54,0xf6,0x54,0xf6,0x54,0xf6,0x54,0xf6,0x54,0xf6,0x54,0xf6,0x54,0xf6,0x54,0xf6,0x54,0xf6,0x54,0xfe,0x54,0xf6,0x54,0xf6,0x14,0x00,0x00,0x00,0x00,0xfe,0x54,0xf6,0x54,0xf6,0x54,0xf6,0x54,0xf6,0x54,0xf6,0x54,0xf6,0x54,0xf6,0x54,0xf6,0x54,0xf6,0x54,0xf6,0x54,0xf6,0x54,0xf6,0x54,0xf6,0x54,0xf6,0x54,0xf6,0x54,0xf6,0x54,0xf6,0x54,0xf6,0x54,0xf6,0x54,0xf6,0x54,0xf6,0x54,0xf6,0x54,0xf6,0x54,0xf6,0x54,0xf6,0x54,0xf6,0x54,0xf6,0x54,0xf6,0x54,0xf6,0x54,0xf6,0x54,0xf6,0x54,0xf6,0x54,0xf6,0x54,0xf6,0x54,0xf6,0x54,0xf6,0x54,0xf6,0x54,0xf6,0x54,0xf6,0x54,0xf6,0x54,0xf6,0x54,0xf6,0x54,0xf6,0x54,0xf6,0x54,0xf6,0x54,0xf6,0x54,0xf6,0x54,0xf6,0x54,0xf6,0x54,0xf6,0x54,0xf6,0x54,0xf6,0x54,0x00,0x00,0xfe,0x74,0xf6,0x54,0xf6,0x54,0xf6,0x54,0xf6,0x54,0xf6,0x54,0xf6,0x54,0xf6,0x54,0xf6,0x54,0xf6,0x54,0xf6,0x54,0xf6,0x54,0xf6,0x54,0xf6,0x54,0xf6,0x54,0xf6,0x54,0xf6,0x54,0xf6,0x74,0x00,0x00,0x00,0x00,0xfe,0x54,0xf6,0x54,0xf6,0x54,0xf6,0x54,0xf6,0x54,0xf6,0x54,0xf6,0x54,0xf6,0x54,0xf6,0x54,0xf6,0x54,0xf6,0x54,0xf6,0x54,0xf6,0x54,0xf6,0x54,0xf6,0x54,0xf6,0x54,0xf6,0x54,0xf6,0x54,0xf6,0x54,0xf6,0x54,0xf6,0x54,0xf6,0x54,0xf6,0x54,0xf6,0x54,0xf6,0x54,0xf6,0x54,0xf6,0x54,0xf6,0x54,0xf6,0x54,0xf6,0x54,0xf6,0x54,0xf6,0x54,0xf6,0x54,0xf6,0x54,0xf6,0x54,0xf6,0x54,0xf6,0x54,0xf6,0x54,0xf6,0x54,0xf6,0x54,0xf6,0x54,0xf6,0x54,0xf6,0x54,0xf6,0x54,0xf6,0x54,0xf6,0x54,0xf6,0x54,0xf6,0x54,0xf6,0x54,0xf6,0x54,0xf6,0x54,0xf6,0x54,0xf6,0x54,0x00,0x00,0x00,0x00,0xf6,0x54,0xf6,0x54,0xf6,0x54,0xf6,0x54,0xf6,0x54,0xf6,0x54,0xf6,0x54,0xf6,0x54,0xf6,0x54,0xf6,0x54,0xf6,0x54,0xf6,0x54,0xf6,0x54,0xf6,0x54,0xf6,0x54,0xf6,0x54,0xf6,0x54,0xfe,0x54,0xff,0xff,0xfe,0x54,0xf6,0x54,0xf6,0x54,0xf6,0x54,0xf6,0x54,0xf6,0x54,0xf6,0x54,0xf6,0x54,0xf6,0x54,0xf6,0x54,0xf6,0x54,0xf6,0x54,0xf6,0x54,0xf6,0x54,0xf6,0x54,0xf6,0x54,0xf6,0x54,0xf6,0x54,0xf6,0x54,0xf6,0x54,0xf6,0x54,0xf6,0x54,0xf6,0x54,0xf6,0x54,0xf6,0x54,0xf6,0x54,0xf6,0x54,0xf6,0x54,0xf6,0x54,0xf6,0x54,0xf6,0x54,0xf6,0x54,0xf6,0x54,0xf6,0x54,0xf6,0x54,0xf6,0x54,0xf6,0x54,0xf6,0x54,0xf6,0x54,0xf6,0x54,0xf6,0x54,0xf6,0x54,0xf6,0x54,0xf6,0x54,0xf6,0x54,0xf6,0x54,0xf6,0x54,0xf6,0x54,0xf6,0x54,0xf6,0x54,0xf6,0x54,0xf6,0x54,0xf6,0x54,0x00,0x00,0x00,0x00,0xf6,0x74,0xf6,0x54,0xf6,0x54,0xf6,0x54,0xf6,0x54,0xf6,0x54,0xf6,0x54,0xf6,0x54,0xf6,0x54,0xf6,0x54,0xf6,0x54,0xf6,0x54,0xf6,0x54,0xf6,0x54,0xf6,0x54,0xf6,0x54,0xf6,0x54,0xf6,0x54,0xfe,0x54,0xfe,0x54,0xf6,0x54,0xf6,0x54,0xf6,0x54,0xf6,0x54,0xf6,0x54,0xf6,0x54,0xf6,0x54,0xf6,0x54,0xf6,0x54,0xf6,0x54,0xf6,0x54,0xf6,0x54,0xf6,0x54,0xf6,0x54,0xf6,0x54,0xf6,0x54,0xf6,0x54,0xf6,0x54,0xf6,0x54,0xf6,0x54,0xf6,0x54,0xf6,0x54,0xf6,0x54,0xf6,0x54,0xf6,0x54,0xf6,0x54,0xf6,0x54,0xf6,0x54,0xf6,0x54,0xf6,0x54,0xf6,0x54,0xf6,0x54,0xf6,0x54,0xf6,0x54,0xf6,0x54,0xf6,0x54,0xf6,0x54,0xf6,0x54,0xf6,0x54,0xf6,0x54,0xf6,0x54,0xf6,0x54,0xf6,0x54,0xf6,0x54,0xf6,0x54,0xf6,0x54,0xf6,0x54,0xf6,0x54,0xf6,0x54,0xf6,0x54,0xf6,0x54,0xf6,0x54,0x00,0x00,0x00,0x00,0xed,0xf3,0xf6,0x54,0xf6,0x54,0xf6,0x54,0xf6,0x54,0xf6,0x54,0xf6,0x54,0xf6,0x54,0xf6,0x54,0xf6,0x54,0xf6,0x54,0xf6,0x54,0xf6,0x54,0xf6,0x54,0xf6,0x54,0xf6,0x54,0xf6,0x54,0xf6,0x54,0xf6,0x54,0xf6,0x54,0xf6,0x54,0xf6,0x54,0xf6,0x54,0xf6,0x54,0xf6,0x54,0xf6,0x54,0xf6,0x54,0xf6,0x54,0xf6,0x54,0xf6,0x54,0xf6,0x54,0xf6,0x54,0xf6,0x54,0xf6,0x54,0xf6,0x54,0xf6,0x54,0xf6,0x54,0xf6,0x54,0xf6,0x54,0xf6,0x54,0xf6,0x54,0xf6,0x54,0xf6,0x54,0xf6,0x54,0xf6,0x54,0xf6,0x54,0xf6,0x54,0xf6,0x54,0xf6,0x54,0xf6,0x54,0xf6,0x54,0xf6,0x54,0xf6,0x54,0xf6,0x54,0xf6,0x54,0xf6,0x54,0xf6,0x54,0xf6,0x54,0xf6,0x54,0xf6,0x54,0xf6,0x54,0xf6,0x54,0xf6,0x54,0xf6,0x54,0xf6,0x54,0xf6,0x54,0xf6,0x54,0xf6,0x54,0xf6,0x54,0xf6,0x54,0xf6,0x54,0xf6,0x54,0x00,0x00,0x00,0x00,0x00,0x00,0xf6,0x54,0xf6,0x54,0xf6,0x54,0xf6,0x54,0xf6,0x54,0xf6,0x54,0xf6,0x54,0xf6,0x54,0xf6,0x54,0xf6,0x54,0xf6,0x54,0xf6,0x54,0xf6,0x54,0xf6,0x54,0xf6,0x54,0xf6,0x54,0xf6,0x54,0xf6,0x54,0xf6,0x54,0xf6,0x54,0xf6,0x54,0xf6,0x54,0xf6,0x54,0xf6,0x54,0xf6,0x54,0xf6,0x54,0xf6,0x54,0xf6,0x54,0xf6,0x54,0xf6,0x54,0xf6,0x54,0xf6,0x54,0xf6,0x54,0xf6,0x54,0xf6,0x54,0xf6,0x54,0xf6,0x54,0xf6,0x54,0xf6,0x54,0xf6,0x54,0xf6,0x54,0xf6,0x54,0xf6,0x54,0xf6,0x54,0xf6,0x54,0xf6,0x54,0xf6,0x54,0xf6,0x54,0xf6,0x54,0xf6,0x54,0xf6,0x54,0xf6,0x54,0xf6,0x54,0xf6,0x54,0xf6,0x54,0xf6,0x54,0xf6,0x54,0xf6,0x54,0xf6,0x54,0xf6,0x54,0xf6,0x54,0xf6,0x54,0xf6,0x54,0xf6,0x54,0xf6,0x54,0xf6,0x54,0xf6,0x54,0xf6,0x54,0xf6,0x54,0xf6,0x54,0xf6,0x54,0x00,0x00,0x00,0x00,0x00,0x00,0xff,0xf0,0xfe,0x54,0xf6,0x54,0xf6,0x54,0xf6,0x54,0xf6,0x54,0xf6,0x54,0xf6,0x54,0xf6,0x54,0xf6,0x54,0xf6,0x54,0xf6,0x54,0xf6,0x54,0xf6,0x54,0xf6,0x54,0xf6,0x54,0xf6,0x54,0xf6,0x54,0xf6,0x54,0xf6,0x54,0xf6,0x54,0xf6,0x54,0xf6,0x54,0xf6,0x54,0xf6,0x54,0xf6,0x54,0xf6,0x54,0xf6,0x54,0xf6,0x54,0xf6,0x54,0xf6,0x54,0xf6,0x54,0xf6,0x54,0xf6,0x54,0xf6,0x54,0xf6,0x54,0xf6,0x54,0xf6,0x54,0xf6,0x54,0xf6,0x54,0xf6,0x54,0xf6,0x54,0xf6,0x54,0xf6,0x54,0xf6,0x54,0xf6,0x54,0xf6,0x54,0xf6,0x54,0xf6,0x54,0xf6,0x54,0xf6,0x54,0xf6,0x54,0xf6,0x54,0xf6,0x54,0xf6,0x54,0xf6,0x54,0xf6,0x54,0xf6,0x54,0xf6,0x54,0xf6,0x54,0xf6,0x54,0xf6,0x54,0xf6,0x54,0xf6,0x54,0xf6,0x54,0xf6,0x54,0xf6,0x54,0xf6,0x54,0xf6,0x54,0xf6,0x54,0xf6,0x54,0x00,0x00,0x00,0x00,0x00,0x00,0x00,0x00,0xfe,0x54,0xf6,0x54,0xf6,0x54,0xf6,0x54,0xf6,0x54,0xf6,0x54,0xf6,0x54,0xf6,0x54,0xf6,0x54,0xf6,0x54,0xf6,0x54,0xf6,0x54,0xf6,0x54,0xf6,0x54,0xf6,0x54,0xf6,0x54,0xf6,0x54,0xf6,0x54,0xf6,0x54,0xf6,0x54,0xf6,0x54,0xf6,0x54,0xf6,0x54,0xf6,0x54,0xf6,0x54,0xf6,0x54,0xf6,0x54,0xf6,0x54,0xf6,0x54,0xf6,0x54,0xf6,0x54,0xf6,0x54,0xf6,0x54,0xf6,0x54,0xf6,0x54,0xf6,0x54,0xf6,0x54,0xf6,0x54,0xf6,0x54,0xf6,0x54,0xf6,0x54,0xf6,0x54,0xf6,0x54,0xf6,0x54,0xf6,0x54,0xf6,0x54,0xf6,0x54,0xf6,0x54,0xf6,0x54,0xf6,0x54,0xf6,0x54,0xf6,0x54,0xf6,0x54,0xf6,0x54,0xf6,0x54,0xf6,0x54,0xf6,0x54,0xf6,0x54,0xf6,0x54,0xf6,0x54,0xf6,0x54,0xf6,0x54,0xf6,0x54,0xf6,0x54,0xf6,0x54,0xf6,0x54,0xf6,0x54,0xf6,0x54,0xf6,0x54,0xf6,0x54,0x00,0x00,0x00,0x00,0x00,0x00,0x00,0x00,0x00,0x00,0xf6,0x54,0xf6,0x54,0xf6,0x54,0xf6,0x54,0xf6,0x54,0xf6,0x54,0xf6,0x54,0xf6,0x54,0xf6,0x54,0xf6,0x54,0xf6,0x54,0xf6,0x54,0xf6,0x54,0xf6,0x54,0xf6,0x54,0xf6,0x54,0xf6,0x54,0xf6,0x54,0xf6,0x54,0xf6,0x54,0xf6,0x54,0xf6,0x54,0xf6,0x54,0xf6,0x54,0xf6,0x54,0xf6,0x54,0xf6,0x54,0xf6,0x54,0xf6,0x54,0xf6,0x54,0xf6,0x54,0xf6,0x54,0xf6,0x54,0xf6,0x54,0xf6,0x54,0xf6,0x54,0xf6,0x54,0xf6,0x54,0xf6,0x54,0xf6,0x54,0xf6,0x54,0xf6,0x54,0xf6,0x54,0xf6,0x54,0xf6,0x54,0xf6,0x54,0xf6,0x54,0xf6,0x54,0xf6,0x54,0xf6,0x54,0xf6,0x54,0xf6,0x54,0xf6,0x54,0xf6,0x54,0xf6,0x54,0xf6,0x54,0xf6,0x54,0xf6,0x54,0xf6,0x54,0xf6,0x54,0xf6,0x54,0xf6,0x54,0xf6,0x54,0xf6,0x54,0xf6,0x54,0xf6,0x54,0xf6,0x54,0xf6,0x54,0xf6,0x54,0x00,0x00,0x00,0x00,0x00,0x00,0x00,0x00,0x00,0x00,0xf6,0x94,0xf6,0x54,0xf6,0x54,0xf6,0x54,0xf6,0x54,0xf6,0x54,0xf6,0x54,0xf6,0x54,0xf6,0x54,0xf6,0x54,0xf6,0x54,0xf6,0x54,0xf6,0x54,0xf6,0x54,0xf6,0x54,0xf6,0x54,0xf6,0x54,0xf6,0x54,0xf6,0x54,0xf6,0x54,0xf6,0x54,0xf6,0x54,0xf6,0x54,0xf6,0x54,0xf6,0x54,0xf6,0x54,0xf6,0x54,0xf6,0x54,0xf6,0x54,0xf6,0x54,0xf6,0x54,0xf6,0x54,0xf6,0x54,0xf6,0x54,0xf6,0x54,0xf6,0x54,0xf6,0x54,0xf6,0x54,0xf6,0x54,0xf6,0x54,0xf6,0x54,0xf6,0x54,0xf6,0x54,0xf6,0x54,0xf6,0x54,0xf6,0x54,0xf6,0x54,0xf6,0x54,0xf6,0x54,0xf6,0x54,0xf6,0x54,0xf6,0x54,0xf6,0x54,0xf6,0x54,0xf6,0x54,0xf6,0x54,0xf6,0x54,0xf6,0x54,0xf6,0x54,0xf6,0x54,0xf6,0x54,0xf6,0x54,0xf6,0x54,0xf6,0x54,0xf6,0x54,0xf6,0x54,0xf6,0x54,0xf6,0x54,0xf6,0x54,0x00,0x00,0x00,0x00,0x00,0x00,0x00,0x00,0x00,0x00,0xfe,0xb5,0xf6,0x54,0xf6,0x54,0xf6,0x54,0xf6,0x54,0xf6,0x54,0xf6,0x54,0xf6,0x54,0xf6,0x54,0xf6,0x54,0xf6,0x54,0xf6,0x54,0xf6,0x54,0xf6,0x54,0xf6,0x54,0xf6,0x54,0xf6,0x54,0xf6,0x54,0xf6,0x54,0xf6,0x54,0xf6,0x54,0xf6,0x54,0xf6,0x54,0xf6,0x54,0xf6,0x54,0xf6,0x54,0xf6,0x54,0xf6,0x54,0xf6,0x54,0xf6,0x54,0xf6,0x54,0xf6,0x54,0xf6,0x54,0xf6,0x54,0xf6,0x54,0xf6,0x54,0xf6,0x54,0xf6,0x54,0xf6,0x54,0xf6,0x54,0xf6,0x54,0xf6,0x54,0xf6,0x54,0xf6,0x54,0xf6,0x54,0xf6,0x54,0xf6,0x54,0xf6,0x54,0xf6,0x54,0xf6,0x54,0xf6,0x54,0xf6,0x54,0xf6,0x54,0xf6,0x54,0xf6,0x54,0xf6,0x54,0xf6,0x54,0xf6,0x54,0xf6,0x54,0xf6,0x54,0xf6,0x54,0xf6,0x54,0xf6,0x54,0xf6,0x54,0xf6,0x54,0xf6,0x54,0xf6,0x54,0xf6,0x54,0xf6,0x54,0x00,0x00,0x00,0x00,0x00,0x00,0x00,0x00,0x00,0x00,0x00,0x00,0xfe,0x54,0xf6,0x54,0xf6,0x54,0xf6,0x54,0xf6,0x54,0xf6,0x54,0xf6,0x54,0xf6,0x54,0xf6,0x54,0xf6,0x54,0xf6,0x54,0xf6,0x54,0xf6,0x54,0xf6,0x54,0xf6,0x54,0xf6,0x54,0xf6,0x54,0xf6,0x54,0xf6,0x54,0xf6,0x54,0xf6,0x54,0xf6,0x54,0xf6,0x54,0xf6,0x54,0xf6,0x54,0xf6,0x54,0xf6,0x54,0xf6,0x54,0xf6,0x54,0xf6,0x54,0xf6,0x54,0xf6,0x54,0xf6,0x54,0xf6,0x54,0xf6,0x54,0xf6,0x54,0xf6,0x54,0xf6,0x54,0xf6,0x54,0xf6,0x54,0xf6,0x54,0xf6,0x54,0xf6,0x54,0xf6,0x54,0xf6,0x54,0xf6,0x54,0xf6,0x54,0xf6,0x54,0xf6,0x54,0xf6,0x54,0xf6,0x54,0xf6,0x54,0xf6,0x54,0xf6,0x54,0xf6,0x54,0xf6,0x54,0xf6,0x54,0xf6,0x54,0xf6,0x54,0xf6,0x54,0xf6,0x54,0xf6,0x54,0xf6,0x54,0xf6,0x54,0xf6,0x54,0xf6,0x54,0xf6,0x54,0xf6,0x54,0x00,0x00,0x00,0x00,0x00,0x00,0x00,0x00,0x00,0x00,0x00,0x00,0xfd,0x55,0xf6,0x54,0xf6,0x54,0xf6,0x54,0xf6,0x54,0xf6,0x54,0xf6,0x54,0xf6,0x54,0xf6,0x54,0xf6,0x54,0xf6,0x54,0xf6,0x54,0xf6,0x54,0xf6,0x54,0xf6,0x54,0xf6,0x54,0xf6,0x54,0xf6,0x54,0xf6,0x54,0xf6,0x54,0xf6,0x54,0xf6,0x54,0xf6,0x54,0xf6,0x54,0xf6,0x54,0xf6,0x54,0xf6,0x54,0xf6,0x54,0xf6,0x54,0xf6,0x54,0xf6,0x54,0xf6,0x54,0xf6,0x54,0xf6,0x54,0xf6,0x54,0xf6,0x54,0xf6,0x54,0xf6,0x54,0xf6,0x54,0xf6,0x54,0xf6,0x54,0xf6,0x54,0xf6,0x54,0xf6,0x54,0xf6,0x54,0xf6,0x54,0xf6,0x54,0xf6,0x54,0xf6,0x54,0xf6,0x54,0xf6,0x54,0xf6,0x54,0xf6,0x54,0xf6,0x54,0xf6,0x54,0xf6,0x54,0xf6,0x54,0xf6,0x54,0xf6,0x54,0xf6,0x54,0xf6,0x54,0xf6,0x54,0xf6,0x54,0xf6,0x54,0xf6,0x54,0xf6,0x54,0xf6,0x54,0xf6,0x54,0x00,0x00,0x00,0x00,0x00,0x00,0x00,0x00,0x00,0x00,0x00,0x00,0x00,0x00,0xf6,0x34,0xfe,0x54,0xf6,0x54,0xf6,0x54,0xf6,0x54,0xf6,0x54,0xf6,0x54,0xf6,0x54,0xf6,0x54,0xf6,0x54,0xf6,0x54,0xf6,0x54,0xf6,0x54,0xf6,0x54,0xf6,0x54,0xf6,0x54,0xf6,0x54,0xf6,0x54,0xf6,0x54,0xf6,0x54,0xf6,0x54,0xf6,0x54,0xf6,0x54,0xf6,0x54,0xf6,0x54,0xf6,0x54,0xf6,0x54,0xf6,0x54,0xf6,0x54,0xf6,0x54,0xf6,0x54,0xf6,0x54,0xf6,0x54,0xf6,0x54,0xf6,0x54,0xf6,0x54,0xf6,0x54,0xf6,0x54,0xf6,0x54,0xf6,0x54,0xf6,0x54,0xf6,0x54,0xf6,0x54,0xf6,0x54,0xf6,0x54,0xf6,0x54,0xf6,0x54,0xf6,0x54,0xf6,0x54,0xf6,0x54,0xf6,0x54,0xf6,0x54,0xf6,0x54,0xf6,0x54,0xf6,0x54,0xf6,0x54,0xf6,0x54,0xf6,0x54,0xf6,0x54,0xf6,0x54,0xf6,0x54,0xf6,0x54,0xf6,0x54,0xf6,0x54,0xf6,0x54,0xf6,0x54,0xf6,0x54,0x00,0x00,0x00,0x00,0x00,0x00,0x00,0x00,0x00,0x00,0x00,0x00,0x00,0x00,0x00,0x00,0xfe,0x74,0xf6,0x54,0xf6,0x54,0xf6,0x54,0xf6,0x54,0xf6,0x54,0xf6,0x54,0xf6,0x54,0xf6,0x54,0xf6,0x54,0xf6,0x54,0xf6,0x54,0xf6,0x54,0xf6,0x54,0xf6,0x54,0xf6,0x54,0xf6,0x54,0xf6,0x54,0xf6,0x54,0xf6,0x54,0xf6,0x54,0xf6,0x54,0xf6,0x54,0xf6,0x54,0xf6,0x54,0xf6,0x54,0xf6,0x54,0xf6,0x54,0xf6,0x54,0xf6,0x54,0xf6,0x54,0xf6,0x54,0xf6,0x54,0xf6,0x54,0xf6,0x54,0xf6,0x54,0xf6,0x54,0xf6,0x54,0xf6,0x54,0xf6,0x54,0xf6,0x54,0xf6,0x54,0xf6,0x54,0xf6,0x54,0xf6,0x54,0xf6,0x54,0xf6,0x54,0xf6,0x54,0xf6,0x54,0xf6,0x54,0xf6,0x54,0xf6,0x54,0xf6,0x54,0xf6,0x54,0xf6,0x54,0xf6,0x54,0xf6,0x54,0xf6,0x54,0xf6,0x54,0xf6,0x54,0xf6,0x54,0xf6,0x54,0xf6,0x54,0xf6,0x54,0xf6,0x54,0xf6,0x54,0x00,0x00,0x00,0x00,0x00,0x00,0x00,0x00,0x00,0x00,0x00,0x00,0x00,0x00,0x00,0x00,0xee,0x54,0xfe,0x54,0xf6,0x54,0xf6,0x54,0xf6,0x54,0xf6,0x54,0xf6,0x54,0xf6,0x54,0xf6,0x54,0xf6,0x54,0xf6,0x54,0xf6,0x54,0xf6,0x54,0xf6,0x54,0xf6,0x54,0xf6,0x54,0xf6,0x54,0xf6,0x54,0xf6,0x54,0xf6,0x54,0xf6,0x54,0xf6,0x54,0xf6,0x54,0xf6,0x54,0xf6,0x54,0xf6,0x54,0xf6,0x54,0xf6,0x54,0xf6,0x54,0xf6,0x54,0xf6,0x54,0xf6,0x54,0xf6,0x54,0xf6,0x54,0xf6,0x54,0xf6,0x54,0xf6,0x54,0xf6,0x54,0xf6,0x54,0xf6,0x54,0xf6,0x54,0xf6,0x54,0xf6,0x54,0xf6,0x54,0xf6,0x54,0xf6,0x54,0xf6,0x54,0xf6,0x54,0xf6,0x54,0xf6,0x54,0xf6,0x54,0xf6,0x54,0xf6,0x54,0xf6,0x54,0xf6,0x54,0xf6,0x54,0xf6,0x54,0xf6,0x54,0xf6,0x54,0xf6,0x54,0xf6,0x54,0xf6,0x54,0xf6,0x54,0xf6,0x54,0xf6,0x54,0xf6,0x54,0x00,0x00,0x00,0x00,0x00,0x00,0x00,0x00,0x00,0x00,0x00,0x00,0x00,0x00,0x00,0x00,0x00,0x00,0xf6,0x54,0xf6,0x54,0xf6,0x54,0xf6,0x54,0xf6,0x54,0xf6,0x54,0xf6,0x54,0xf6,0x54,0xf6,0x54,0xf6,0x54,0xf6,0x54,0xf6,0x54,0xf6,0x54,0xf6,0x54,0xf6,0x54,0xf6,0x54,0xf6,0x54,0xf6,0x54,0xf6,0x54,0xf6,0x54,0xf6,0x54,0xf6,0x54,0xf6,0x54,0xf6,0x54,0xf6,0x54,0xf6,0x54,0xf6,0x54,0xf6,0x54,0xf6,0x54,0xf6,0x54,0xf6,0x54,0xf6,0x54,0xf6,0x54,0xf6,0x54,0xf6,0x54,0xf6,0x54,0xf6,0x54,0xf6,0x54,0xf6,0x54,0xf6,0x54,0xf6,0x54,0xf6,0x54,0xf6,0x54,0xf6,0x54,0xf6,0x54,0xf6,0x54,0xf6,0x54,0xf6,0x54,0xf6,0x54,0xf6,0x54,0xf6,0x54,0xf6,0x54,0xf6,0x54,0xf6,0x54,0xf6,0x54,0xf6,0x54,0xf6,0x54,0xf6,0x54,0xf6,0x54,0xf6,0x54,0xf6,0x54,0xf6,0x54,0xf6,0x54,0xf6,0x54,0xf6,0x54,0x00,0x00,0x00,0x00,0x00,0x00,0x00,0x00,0x00,0x00,0x00,0x00,0x00,0x00,0x00,0x00,0x00,0x00,0xf6,0x74,0xf6,0x54,0xf6,0x54,0xf6,0x54,0xf6,0x54,0xf6,0x54,0xf6,0x54,0xf6,0x54,0xf6,0x54,0xf6,0x54,0xf6,0x54,0xf6,0x54,0xf6,0x54,0xf6,0x54,0xf6,0x54,0xf6,0x54,0xf6,0x54,0xf6,0x54,0xf6,0x54,0xf6,0x54,0xf6,0x54,0xf6,0x54,0xf6,0x54,0xf6,0x54,0xf6,0x54,0xf6,0x54,0xf6,0x54,0xf6,0x54,0xf6,0x54,0xf6,0x54,0xf6,0x54,0xf6,0x54,0xf6,0x54,0xf6,0x54,0xf6,0x54,0xf6,0x54,0xf6,0x54,0xf6,0x54,0xf6,0x54,0xf6,0x54,0xf6,0x54,0xf6,0x54,0xf6,0x54,0xf6,0x54,0xf6,0x54,0xf6,0x54,0xf6,0x54,0xf6,0x54,0xf6,0x54,0xf6,0x54,0xf6,0x54,0xf6,0x54,0xf6,0x54,0xf6,0x54,0xf6,0x54,0xf6,0x54,0xf6,0x54,0xf6,0x54,0xf6,0x54,0xf6,0x54,0xf6,0x54,0xf6,0x54,0xf6,0x54,0xf6,0x54,0xf6,0x54,0x00,0x00,0x00,0x00,0x00,0x00,0x00,0x00,0x00,0x00,0x00,0x00,0x00,0x00,0x00,0x00,0x00,0x00,0xfd,0x55,0xf6,0x54,0xf6,0x54,0xf6,0x54,0xf6,0x54,0xf6,0x54,0xf6,0x54,0xf6,0x54,0xf6,0x54,0xf6,0x54,0xf6,0x54,0xf6,0x54,0xf6,0x54,0xf6,0x54,0xf6,0x54,0xf6,0x54,0xf6,0x54,0xf6,0x54,0xf6,0x54,0xf6,0x54,0xf6,0x54,0xf6,0x54,0xf6,0x54,0xf6,0x54,0xf6,0x54,0xf6,0x54,0xf6,0x54,0xf6,0x54,0xf6,0x54,0xf6,0x54,0xf6,0x54,0xf6,0x54,0xf6,0x54,0xf6,0x54,0xf6,0x54,0xf6,0x54,0xf6,0x54,0xf6,0x54,0xf6,0x54,0xf6,0x54,0xf6,0x54,0xf6,0x54,0xf6,0x54,0xf6,0x54,0xf6,0x54,0xf6,0x54,0xf6,0x54,0xf6,0x54,0xf6,0x54,0xf6,0x54,0xf6,0x54,0xf6,0x54,0xf6,0x54,0xf6,0x54,0xf6,0x54,0xf6,0x54,0xf6,0x54,0xf6,0x54,0xf6,0x54,0xf6,0x54,0xf6,0x54,0xf6,0x54,0xf6,0x54,0xf6,0x54,0xf6,0x54,0x00,0x00,0x00,0x00,0x00,0x00,0x00,0x00,0x00,0x00,0x00,0x00,0x00,0x00,0x00,0x00,0x00,0x00,0x00,0x00,0xf6,0x34,0xf6,0x54,0xf6,0x54,0xf6,0x54,0xf6,0x54,0xf6,0x54,0xf6,0x54,0xf6,0x54,0xf6,0x54,0xf6,0x54,0xf6,0x54,0xf6,0x54,0xf6,0x54,0xf6,0x54,0xf6,0x54,0xf6,0x54,0xf6,0x54,0xf6,0x54,0xf6,0x54,0xf6,0x54,0xf6,0x54,0xf6,0x54,0xf6,0x54,0xf6,0x54,0xf6,0x54,0xf6,0x54,0xf6,0x54,0xf6,0x54,0xf6,0x54,0xf6,0x54,0xf6,0x54,0xf6,0x54,0xf6,0x54,0xf6,0x54,0xf6,0x54,0xf6,0x54,0xf6,0x54,0xf6,0x54,0xf6,0x54,0xf6,0x54,0xf6,0x54,0xf6,0x54,0xf6,0x54,0xf6,0x54,0xf6,0x54,0xf6,0x54,0xf6,0x54,0xf6,0x54,0xf6,0x54,0xf6,0x54,0xf6,0x54,0xf6,0x54,0xf6,0x54,0xf6,0x54,0xf6,0x54,0xf6,0x54,0xf6,0x54,0xf6,0x54,0xf6,0x54,0xf6,0x54,0xf6,0x54,0xf6,0x54,0xf6,0x54,0xf6,0x54,0x00,0x00,0x00,0x00,0x00,0x00,0x00,0x00,0x00,0x00,0x00,0x00,0x00,0x00,0x00,0x00,0x00,0x00,0x00,0x00,0x00,0x00,0xf6,0x54,0xf6,0x54,0xf6,0x54,0xf6,0x54,0xf6,0x54,0xf6,0x54,0xf6,0x54,0xf6,0x54,0xf6,0x54,0xf6,0x54,0xf6,0x54,0xf6,0x54,0xf6,0x54,0xf6,0x54,0xf6,0x54,0xf6,0x54,0xf6,0x54,0xf6,0x54,0xf6,0x54,0xf6,0x54,0xf6,0x54,0xf6,0x54,0xf6,0x54,0xf6,0x54,0xf6,0x54,0xf6,0x54,0xf6,0x54,0xf6,0x54,0xf6,0x54,0xf6,0x54,0xf6,0x54,0xf6,0x54,0xf6,0x54,0xf6,0x54,0xf6,0x54,0xf6,0x54,0xf6,0x54,0xf6,0x54,0xf6,0x54,0xf6,0x54,0xf6,0x54,0xf6,0x54,0xf6,0x54,0xf6,0x54,0xf6,0x54,0xf6,0x54,0xf6,0x54,0xf6,0x54,0xf6,0x54,0xf6,0x54,0xf6,0x54,0xf6,0x54,0xf6,0x54,0xf6,0x54,0xf6,0x54,0xf6,0x54,0xf6,0x54,0xf6,0x54,0xf6,0x54,0xf6,0x54,0xf6,0x54,0xf6,0x54,0xf6,0x54,0x00,0x00,0x00,0x00,0x00,0x00,0x00,0x00,0x00,0x00,0x00,0x00,0x00,0x00,0x00,0x00,0x00,0x00,0x00,0x00,0x00,0x00,0xfe,0x35,0xf6,0x54,0xf6,0x54,0xf6,0x54,0xf6,0x54,0xf6,0x54,0xf6,0x54,0xf6,0x54,0xf6,0x54,0xf6,0x54,0xf6,0x54,0xf6,0x54,0xf6,0x54,0xf6,0x54,0xf6,0x54,0xf6,0x54,0xf6,0x54,0xf6,0x54,0xf6,0x54,0xf6,0x54,0xf6,0x54,0xf6,0x54,0xf6,0x54,0xf6,0x54,0xf6,0x54,0xf6,0x54,0xf6,0x54,0xf6,0x54,0xf6,0x54,0xf6,0x54,0xf6,0x54,0xf6,0x54,0xf6,0x54,0xf6,0x54,0xf6,0x54,0xf6,0x54,0xf6,0x54,0xf6,0x54,0xf6,0x54,0xf6,0x54,0xf6,0x54,0xf6,0x54,0xf6,0x54,0xf6,0x54,0xf6,0x54,0xf6,0x54,0xf6,0x54,0xf6,0x54,0xf6,0x54,0xf6,0x54,0xf6,0x54,0xf6,0x54,0xf6,0x54,0xf6,0x54,0xf6,0x54,0xf6,0x54,0xf6,0x54,0xf6,0x54,0xf6,0x54,0xf6,0x54,0xf6,0x54,0xf6,0x54,0xf6,0x54,0x00,0x00,0x00,0x00,0x00,0x00,0x00,0x00,0x00,0x00,0x00,0x00,0x00,0x00,0x00,0x00,0x00,0x00,0x00,0x00,0x00,0x00,0x00,0x00,0xfe,0x54,0xf6,0x54,0xf6,0x54,0xf6,0x54,0xf6,0x54,0xf6,0x54,0xf6,0x54,0xf6,0x54,0xf6,0x54,0xf6,0x54,0xf6,0x54,0xf6,0x54,0xf6,0x54,0xf6,0x54,0xf6,0x54,0xf6,0x54,0xf6,0x54,0xf6,0x54,0xf6,0x54,0xf6,0x54,0xf6,0x54,0xf6,0x54,0xf6,0x54,0xf6,0x54,0xf6,0x54,0xf6,0x54,0xf6,0x54,0xf6,0x54,0xf6,0x54,0xf6,0x54,0xf6,0x54,0xf6,0x54,0xf6,0x54,0xf6,0x54,0xf6,0x54,0xf6,0x54,0xf6,0x54,0xf6,0x54,0xf6,0x54,0xf6,0x54,0xf6,0x54,0xf6,0x54,0xf6,0x54,0xf6,0x54,0xf6,0x54,0xf6,0x54,0xf6,0x54,0xf6,0x54,0xf6,0x54,0xf6,0x54,0xf6,0x54,0xf6,0x54,0xf6,0x54,0xf6,0x54,0xf6,0x54,0xf6,0x54,0xf6,0x54,0xf6,0x54,0xf6,0x54,0xf6,0x54,0xf6,0x54,0xf6,0x54,0x00,0x00,0x00,0x00,0x00,0x00,0x00,0x00,0x00,0x00,0x00,0x00,0x00,0x00,0x00,0x00,0x00,0x00,0x00,0x00,0x00,0x00,0x00,0x00,0xed,0xf3,0xf6,0x54,0xf6,0x54,0xf6,0x54,0xf6,0x54,0xf6,0x54,0xf6,0x54,0xf6,0x54,0xf6,0x54,0xf6,0x54,0xf6,0x54,0xf6,0x54,0xf6,0x54,0xf6,0x54,0xf6,0x54,0xf6,0x54,0xf6,0x54,0xf6,0x54,0xf6,0x54,0xf6,0x54,0xf6,0x54,0xf6,0x54,0xf6,0x54,0xf6,0x54,0xf6,0x54,0xf6,0x54,0xf6,0x54,0xf6,0x54,0xf6,0x54,0xf6,0x54,0xf6,0x54,0xf6,0x54,0xf6,0x54,0xf6,0x54,0xf6,0x54,0xf6,0x54,0xf6,0x54,0xf6,0x54,0xf6,0x54,0xf6,0x54,0xf6,0x54,0xf6,0x54,0xf6,0x54,0xf6,0x54,0xf6,0x54,0xf6,0x54,0xf6,0x54,0xf6,0x54,0xf6,0x54,0xf6,0x54,0xf6,0x54,0xf6,0x54,0xf6,0x54,0xf6,0x54,0xf6,0x54,0xf6,0x54,0xf6,0x54,0xf6,0x54,0xf6,0x54,0xf6,0x54,0xf6,0x54,0xf6,0x54,0x00,0x00,0x00,0x00,0x00,0x00,0x00,0x00,0x00,0x00,0x00,0x00,0x00,0x00,0x00,0x00,0x00,0x00,0x00,0x00,0x00,0x00,0x00,0x00,0x00,0x00,0xfe,0x54,0xf6,0x54,0xf6,0x54,0xf6,0x54,0xf6,0x54,0xf6,0x54,0xf6,0x54,0xf6,0x54,0xf6,0x54,0xf6,0x54,0xf6,0x54,0xf6,0x54,0xf6,0x54,0xf6,0x54,0xf6,0x54,0xf6,0x54,0xf6,0x54,0xf6,0x54,0xf6,0x54,0xf6,0x54,0xf6,0x54,0xf6,0x54,0xf6,0x54,0xf6,0x54,0xf6,0x54,0xf6,0x54,0xf6,0x54,0xf6,0x54,0xf6,0x54,0xf6,0x54,0xf6,0x54,0xf6,0x54,0xf6,0x54,0xf6,0x54,0xf6,0x54,0xf6,0x54,0xf6,0x54,0xf6,0x54,0xf6,0x54,0xf6,0x54,0xf6,0x54,0xf6,0x54,0xf6,0x54,0xf6,0x54,0xf6,0x54,0xf6,0x54,0xf6,0x54,0xf6,0x54,0xf6,0x54,0xf6,0x54,0xf6,0x54,0xf6,0x54,0xf6,0x54,0xf6,0x54,0xf6,0x54,0xf6,0x54,0xf6,0x54,0xf6,0x54,0xf6,0x54,0xf6,0x54,0xf6,0x54,0x00,0x00,0x00,0x00,0x00,0x00,0x00,0x00,0x00,0x00,0x00,0x00,0x00,0x00,0x00,0x00,0x00,0x00,0x00,0x00,0x00,0x00,0x00,0x00,0x00,0x00,0xf6,0x13,0xfe,0x54,0xf6,0x54,0xf6,0x54,0xf6,0x54,0xf6,0x54,0xf6,0x54,0xf6,0x54,0xf6,0x54,0xf6,0x54,0xf6,0x54,0xf6,0x54,0xf6,0x54,0xf6,0x54,0xf6,0x54,0xf6,0x54,0xf6,0x54,0xf6,0x54,0xf6,0x54,0xf6,0x54,0xf6,0x54,0xf6,0x54,0xf6,0x54,0xf6,0x54,0xf6,0x54,0xf6,0x54,0xf6,0x54,0xf6,0x54,0xf6,0x54,0xf6,0x54,0xf6,0x54,0xf6,0x54,0xf6,0x54,0xf6,0x54,0xf6,0x54,0xf6,0x54,0xf6,0x54,0xf6,0x54,0xf6,0x54,0xf6,0x54,0xf6,0x54,0xf6,0x54,0xf6,0x54,0xf6,0x54,0xf6,0x54,0xf6,0x54,0xf6,0x54,0xf6,0x54,0xf6,0x54,0xf6,0x54,0xf6,0x54,0xf6,0x54,0xf6,0x54,0xf6,0x54,0xf6,0x54,0xf6,0x54,0xf6,0x54,0xf6,0x54,0xf6,0x54,0xf6,0x54,0xf6,0x54,0x00,0x00,0x00,0x00,0x00,0x00,0x00,0x00,0x00,0x00,0x00,0x00,0x00,0x00,0x00,0x00,0x00,0x00,0x00,0x00,0x00,0x00,0x00,0x00,0x00,0x00,0x00,0x00,0xfe,0x54,0xf6,0x54,0xf6,0x54,0xf6,0x54,0xf6,0x54,0xf6,0x54,0xf6,0x54,0xf6,0x54,0xf6,0x54,0xf6,0x54,0xf6,0x54,0xf6,0x54,0xf6,0x54,0xf6,0x54,0xf6,0x54,0xf6,0x54,0xf6,0x54,0xf6,0x54,0xf6,0x54,0xf6,0x54,0xf6,0x54,0xf6,0x54,0xf6,0x54,0xf6,0x54,0xf6,0x54,0xf6,0x54,0xf6,0x54,0xf6,0x54,0xf6,0x54,0xf6,0x54,0xf6,0x54,0xf6,0x54,0xf6,0x54,0xf6,0x54,0xf6,0x54,0xf6,0x54,0xf6,0x54,0xf6,0x54,0xf6,0x54,0xf6,0x54,0xf6,0x54,0xf6,0x54,0xf6,0x54,0xf6,0x54,0xf6,0x54,0xf6,0x54,0xf6,0x54,0xf6,0x54,0xf6,0x54,0xf6,0x54,0xf6,0x54,0xf6,0x54,0xf6,0x54,0xf6,0x54,0xf6,0x54,0xf6,0x54,0xf6,0x54,0xf6,0x54,0xf6,0x54,0xfe,0x54,0x00,0x00,0x00,0x00,0x00,0x00,0x00,0x00,0x00,0x00,0x00,0x00,0x00,0x00,0x00,0x00,0x00,0x00,0x00,0x00,0x00,0x00,0x00,0x00,0x00,0x00,0x00,0x00,0xff,0xff,0xf6,0x54,0xf6,0x54,0xf6,0x54,0xf6,0x54,0xf6,0x54,0xf6,0x54,0xf6,0x54,0xf6,0x54,0xf6,0x54,0xf6,0x54,0xf6,0x54,0xf6,0x54,0xf6,0x54,0xf6,0x54,0xf6,0x54,0xf6,0x54,0xf6,0x54,0xf6,0x54,0xf6,0x54,0xf6,0x54,0xf6,0x54,0xf6,0x54,0xf6,0x54,0xf6,0x54,0xf6,0x54,0xf6,0x54,0xf6,0x54,0xf6,0x54,0xf6,0x54,0xf6,0x54,0xf6,0x54,0xf6,0x54,0xf6,0x54,0xf6,0x54,0xf6,0x54,0xf6,0x54,0xf6,0x54,0xf6,0x54,0xf6,0x54,0xf6,0x54,0xf6,0x54,0xf6,0x54,0xf6,0x54,0xf6,0x54,0xf6,0x54,0xf6,0x54,0xf6,0x54,0xf6,0x54,0xf6,0x54,0xf6,0x54,0xf6,0x54,0xf6,0x54,0xf6,0x54,0xf6,0x54,0xf6,0x54,0xf6,0x54,0xf6,0x54,0xf6,0x54,0xf6,0x54,0x00,0x00,0x00,0x00,0x00,0x00,0x00,0x00,0x00,0x00,0x00,0x00,0x00,0x00,0x00,0x00,0x00,0x00,0x00,0x00,0x00,0x00,0x00,0x00,0x00,0x00,0x00,0x00,0x00,0x00,0xf6,0x75,0xf6,0x54,0xf6,0x54,0xf6,0x54,0xf6,0x54,0xf6,0x54,0xf6,0x54,0xf6,0x54,0xf6,0x54,0xf6,0x54,0xf6,0x54,0xf6,0x54,0xf6,0x54,0xf6,0x54,0xf6,0x54,0xf6,0x54,0xf6,0x54,0xf6,0x54,0xf6,0x54,0xf6,0x54,0xf6,0x54,0xf6,0x54,0xf6,0x54,0xf6,0x54,0xf6,0x54,0xf6,0x54,0xf6,0x54,0xf6,0x54,0xf6,0x54,0xf6,0x54,0xf6,0x54,0xf6,0x54,0xf6,0x54,0xf6,0x54,0xf6,0x54,0xf6,0x54,0xf6,0x54,0xf6,0x54,0xf6,0x54,0xf6,0x54,0xf6,0x54,0xf6,0x54,0xf6,0x54,0xf6,0x54,0xf6,0x54,0xf6,0x54,0xf6,0x54,0xf6,0x54,0xf6,0x54,0xf6,0x54,0xf6,0x54,0xf6,0x54,0xf6,0x54,0xf6,0x54,0xf6,0x54,0xf6,0x54,0xf6,0x54,0xf6,0x54,0xf6,0x54,0x00,0x00,0x00,0x00,0x00,0x00,0x00,0x00,0x00,0x00,0x00,0x00,0x00,0x00,0x00,0x00,0x00,0x00,0x00,0x00,0x00,0x00,0x00,0x00,0x00,0x00,0x00,0x00,0x00,0x00,0x00,0x00,0xfe,0x54,0xf6,0x54,0xf6,0x54,0xf6,0x54,0xf6,0x54,0xf6,0x54,0xf6,0x54,0xf6,0x54,0xf6,0x54,0xf6,0x54,0xf6,0x54,0xf6,0x54,0xf6,0x54,0xf6,0x54,0xf6,0x54,0xf6,0x54,0xf6,0x54,0xf6,0x54,0xf6,0x54,0xf6,0x54,0xf6,0x54,0xf6,0x54,0xf6,0x54,0xf6,0x54,0xf6,0x54,0xf6,0x54,0xf6,0x54,0xf6,0x54,0xf6,0x54,0xf6,0x54,0xf6,0x54,0xf6,0x54,0xf6,0x54,0xf6,0x54,0xf6,0x54,0xf6,0x54,0xf6,0x54,0xf6,0x54,0xf6,0x54,0xf6,0x54,0xf6,0x54,0xf6,0x54,0xf6,0x54,0xf6,0x54,0xf6,0x54,0xf6,0x54,0xf6,0x54,0xf6,0x54,0xf6,0x54,0xf6,0x54,0xf6,0x54,0xf6,0x54,0xf6,0x54,0xf6,0x54,0xf6,0x54,0xf6,0x54,0xf6,0x54,0xf6,0x54,0x00,0x00,0x00,0x00,0x00,0x00,0x00,0x00,0x00,0x00,0x00,0x00,0x00,0x00,0x00,0x00,0x00,0x00,0x00,0x00,0x00,0x00,0x00,0x00,0x00,0x00,0x00,0x00,0x00,0x00,0x00,0x00,0xfe,0x54,0xf6,0x54,0xf6,0x54,0xf6,0x54,0xf6,0x54,0xf6,0x54,0xf6,0x54,0xf6,0x54,0xf6,0x54,0xf6,0x54,0xf6,0x54,0xf6,0x54,0xf6,0x54,0xf6,0x54,0xf6,0x54,0xf6,0x54,0xf6,0x54,0xf6,0x54,0xf6,0x54,0xf6,0x54,0xf6,0x54,0xf6,0x54,0xf6,0x54,0xf6,0x54,0xf6,0x54,0xf6,0x54,0xf6,0x54,0xf6,0x54,0xf6,0x54,0xf6,0x54,0xf6,0x54,0xf6,0x54,0xf6,0x54,0xf6,0x54,0xf6,0x54,0xf6,0x54,0xf6,0x54,0xf6,0x54,0xf6,0x54,0xf6,0x54,0xf6,0x54,0xf6,0x54,0xf6,0x54,0xf6,0x54,0xf6,0x54,0xf6,0x54,0xf6,0x54,0xf6,0x54,0xf6,0x54,0xf6,0x54,0xf6,0x54,0xf6,0x54,0xf6,0x54,0xf6,0x54,0xf6,0x54,0xf6,0x54,0xf6,0x54,0xfe,0xb5,0x00,0x00,0x00,0x00,0x00,0x00,0x00,0x00,0x00,0x00,0x00,0x00,0x00,0x00,0x00,0x00,0x00,0x00,0x00,0x00,0x00,0x00,0x00,0x00,0x00,0x00,0x00,0x00,0x00,0x00,0x00,0x00,0xee,0x33,0xfe,0x54,0xf6,0x54,0xf6,0x54,0xf6,0x54,0xf6,0x54,0xf6,0x54,0xf6,0x54,0xf6,0x54,0xf6,0x54,0xf6,0x54,0xf6,0x54,0xf6,0x54,0xf6,0x54,0xf6,0x54,0xf6,0x54,0xf6,0x54,0xf6,0x54,0xf6,0x54,0xf6,0x54,0xf6,0x54,0xf6,0x54,0xf6,0x54,0xf6,0x54,0xf6,0x54,0xf6,0x54,0xf6,0x54,0xf6,0x54,0xf6,0x54,0xf6,0x54,0xf6,0x54,0xf6,0x54,0xf6,0x54,0xf6,0x54,0xf6,0x54,0xf6,0x54,0xf6,0x54,0xf6,0x54,0xf6,0x54,0xf6,0x54,0xf6,0x54,0xf6,0x54,0xf6,0x54,0xf6,0x54,0xf6,0x54,0xf6,0x54,0xf6,0x54,0xf6,0x54,0xf6,0x54,0xf6,0x54,0xf6,0x54,0xf6,0x54,0xf6,0x54,0xf6,0x54,0xf6,0x54,0xf6,0x54,0xf6,0x54,0x00,0x00,0x00,0x00,0x00,0x00,0x00,0x00,0x00,0x00,0x00,0x00,0x00,0x00,0x00,0x00,0x00,0x00,0x00,0x00,0x00,0x00,0x00,0x00,0x00,0x00,0x00,0x00,0x00,0x00,0x00,0x00,0x00,0x00,0x00,0x00,0xf6,0x54,0xf6,0x54,0xf6,0x54,0xf6,0x54,0xf6,0x54,0xf6,0x54,0xf6,0x54,0xf6,0x54,0xf6,0x54,0xf6,0x54,0xf6,0x54,0xf6,0x54,0xf6,0x54,0xf6,0x54,0xf6,0x54,0xf6,0x54,0xf6,0x54,0xf6,0x54,0xf6,0x54,0xf6,0x54,0xf6,0x54,0xf6,0x54,0xf6,0x54,0xf6,0x54,0xf6,0x54,0xf6,0x54,0xf6,0x54,0xf6,0x54,0xf6,0x54,0xf6,0x54,0xf6,0x54,0xf6,0x54,0xf6,0x54,0xf6,0x54,0xf6,0x54,0xf6,0x54,0xf6,0x54,0xf6,0x54,0xf6,0x54,0xf6,0x54,0xf6,0x54,0xf6,0x54,0xf6,0x54,0xf6,0x54,0xf6,0x54,0xf6,0x54,0xf6,0x54,0xf6,0x54,0xf6,0x54,0xf6,0x54,0xf6,0x54,0xf6,0x54,0xf6,0x54,0xf6,0x54,0xf6,0x54,0xf6,0x54,0x00,0x00,0x00,0x00,0x00,0x00,0x00,0x00,0x00,0x00,0x00,0x00,0x00,0x00,0x00,0x00,0x00,0x00,0x00,0x00,0x00,0x00,0x00,0x00,0x00,0x00,0x00,0x00,0x00,0x00,0x00,0x00,0x00,0x00,0x00,0x00,0xfe,0xb5,0xf6,0x54,0xf6,0x54,0xf6,0x54,0xf6,0x54,0xf6,0x54,0xf6,0x54,0xf6,0x54,0xf6,0x54,0xf6,0x54,0xf6,0x54,0xf6,0x54,0xf6,0x54,0xf6,0x54,0xf6,0x54,0xf6,0x54,0xf6,0x54,0xf6,0x54,0xf6,0x54,0xf6,0x54,0xf6,0x54,0xf6,0x54,0xf6,0x54,0xf6,0x54,0xf6,0x54,0xf6,0x54,0xf6,0x54,0xf6,0x54,0xf6,0x54,0xf6,0x54,0xf6,0x54,0xf6,0x54,0xf6,0x54,0xf6,0x54,0xf6,0x54,0xf6,0x54,0xf6,0x54,0xf6,0x54,0xf6,0x54,0xf6,0x54,0xf6,0x54,0xf6,0x54,0xf6,0x54,0xf6,0x54,0xf6,0x54,0xf6,0x54,0xf6,0x54,0xf6,0x54,0xf6,0x54,0xf6,0x54,0xf6,0x54,0xf6,0x54,0xf6,0x54,0xf6,0x54,0xf6,0x54,0xfe,0x75,0x00,0x00,0x00,0x00,0x00,0x00,0x00,0x00,0x00,0x00,0x00,0x00,0x00,0x00,0x00,0x00,0x00,0x00,0x00,0x00,0x00,0x00,0x00,0x00,0x00,0x00,0x00,0x00,0x00,0x00,0x00,0x00,0x00,0x00,0x00,0x00,0x00,0x00,0xfe,0x74,0xf6,0x54,0xf6,0x54,0xf6,0x54,0xf6,0x54,0xf6,0x54,0xf6,0x54,0xf6,0x54,0xf6,0x54,0xf6,0x54,0xf6,0x54,0xf6,0x54,0xf6,0x54,0xf6,0x54,0xf6,0x54,0xf6,0x54,0xf6,0x54,0xf6,0x54,0xf6,0x54,0xf6,0x54,0xf6,0x54,0xf6,0x54,0xf6,0x54,0xf6,0x54,0xf6,0x54,0xf6,0x54,0xf6,0x54,0xf6,0x54,0xf6,0x54,0xf6,0x54,0xf6,0x54,0xf6,0x54,0xf6,0x54,0xf6,0x54,0xf6,0x54,0xf6,0x54,0xf6,0x54,0xf6,0x54,0xf6,0x54,0xf6,0x54,0xf6,0x54,0xf6,0x54,0xf6,0x54,0xf6,0x54,0xf6,0x54,0xf6,0x54,0xf6,0x54,0xf6,0x54,0xf6,0x54,0xf6,0x54,0xf6,0x54,0xf6,0x54,0xf6,0x54,0xf6,0x54,0xcc,0xd3,0x00,0x00,0x00,0x00,0x00,0x00,0x00,0x00,0x00,0x00,0x00,0x00,0x00,0x00,0x00,0x00,0x00,0x00,0x00,0x00,0x00,0x00,0x00,0x00,0x00,0x00,0x00,0x00,0x00,0x00,0x00,0x00,0x00,0x00,0x00,0x00,0x00,0x00,0x00,0x00,0xf6,0x54,0xf6,0x54,0xf6,0x54,0xf6,0x54,0xf6,0x54,0xf6,0x54,0xf6,0x54,0xf6,0x54,0xf6,0x54,0xf6,0x54,0xf6,0x54,0xf6,0x54,0xf6,0x54,0xf6,0x54,0xf6,0x54,0xf6,0x54,0xf6,0x54,0xf6,0x54,0xf6,0x54,0xf6,0x54,0xf6,0x54,0xf6,0x54,0xf6,0x54,0xf6,0x54,0xf6,0x54,0xf6,0x54,0xf6,0x54,0xf6,0x54,0xf6,0x54,0xf6,0x54,0xf6,0x54,0xf6,0x54,0xf6,0x54,0xf6,0x54,0xf6,0x54,0xf6,0x54,0xf6,0x54,0xf6,0x54,0xf6,0x54,0xf6,0x54,0xf6,0x54,0xf6,0x54,0xf6,0x54,0xf6,0x54,0xf6,0x54,0xf6,0x54,0xf6,0x54,0xf6,0x54,0xf6,0x54,0xf6,0x54,0xf6,0x54,0xf6,0x54,0xf6,0x54,0x00,0x00,0x00,0x00,0x00,0x00,0x00,0x00,0x00,0x00,0x00,0x00,0x00,0x00,0x00,0x00,0x00,0x00,0x00,0x00,0x00,0x00,0x00,0x00,0x00,0x00,0x00,0x00,0x00,0x00,0x00,0x00,0x00,0x00,0x00,0x00,0x00,0x00,0x00,0x00,0x00,0x00,0xf6,0x74,0xf6,0x54,0xf6,0x54,0xf6,0x54,0xf6,0x54,0xf6,0x54,0xf6,0x54,0xf6,0x54,0xf6,0x54,0xf6,0x54,0xf6,0x54,0xf6,0x54,0xf6,0x54,0xf6,0x54,0xf6,0x54,0xf6,0x54,0xf6,0x54,0xf6,0x54,0xf6,0x54,0xf6,0x54,0xf6,0x54,0xf6,0x54,0xf6,0x54,0xf6,0x54,0xf6,0x54,0xf6,0x54,0xf6,0x54,0xf6,0x54,0xf6,0x54,0xf6,0x54,0xf6,0x54,0xf6,0x54,0xf6,0x54,0xf6,0x54,0xf6,0x54,0xf6,0x54,0xf6,0x54,0xf6,0x54,0xf6,0x54,0xf6,0x54,0xf6,0x54,0xf6,0x54,0xf6,0x54,0xf6,0x54,0xf6,0x54,0xf6,0x54,0xf6,0x54,0xf6,0x54,0xf6,0x54,0xf6,0x54,0xf6,0x54,0xfe,0x54,0xfe,0x94,0x00,0x00,0x00,0x00,0x00,0x00,0x00,0x00,0x00,0x00,0x00,0x00,0x00,0x00,0x00,0x00,0x00,0x00,0x00,0x00,0x00,0x00,0x00,0x00,0x00,0x00,0x00,0x00,0x00,0x00,0x00,0x00,0x00,0x00,0x00,0x00,0x00,0x00,0x00,0x00,0x00,0x00,0xf8,0x00,0xf6,0x54,0xf6,0x54,0xf6,0x54,0xf6,0x54,0xf6,0x54,0xf6,0x54,0xf6,0x54,0xf6,0x54,0xf6,0x54,0xf6,0x54,0xf6,0x54,0xf6,0x54,0xf6,0x54,0xf6,0x54,0xf6,0x54,0xf6,0x54,0xf6,0x54,0xf6,0x54,0xf6,0x54,0xf6,0x54,0xf6,0x54,0xf6,0x54,0xf6,0x54,0xf6,0x54,0xf6,0x54,0xf6,0x54,0xf6,0x54,0xf6,0x54,0xf6,0x54,0xf6,0x54,0xf6,0x54,0xf6,0x54,0xf6,0x54,0xf6,0x54,0xf6,0x54,0xf6,0x54,0xf6,0x54,0xf6,0x54,0xf6,0x54,0xf6,0x54,0xf6,0x54,0xf6,0x54,0xf6,0x54,0xf6,0x54,0xf6,0x54,0xf6,0x54,0xf6,0x54,0xf6,0x54,0xf6,0x54,0xfe,0x54,0xf6,0x53,0x00,0x00,0x00,0x00,0x00,0x00,0x00,0x00,0x00,0x00,0x00,0x00,0x00,0x00,0x00,0x00,0x00,0x00,0x00,0x00,0x00,0x00,0x00,0x00,0x00,0x00,0x00,0x00,0x00,0x00,0x00,0x00,0x00,0x00,0x00,0x00,0x00,0x00,0x00,0x00,0x00,0x00,0x00,0x00,0x00,0x00,0xfe,0xd6,0xfe,0x54,0xfe,0x54,0xf6,0x54,0xf6,0x54,0xf6,0x54,0xf6,0x54,0xf6,0x54,0xf6,0x54,0xf6,0x54,0xf6,0x54,0xf6,0x54,0xf6,0x54,0xf6,0x54,0xf6,0x54,0xf6,0x54,0xf6,0x54,0xf6,0x54,0xf6,0x54,0xf6,0x54,0xf6,0x54,0xf6,0x54,0xf6,0x54,0xf6,0x54,0xf6,0x54,0xf6,0x54,0xf6,0x54,0xf6,0x54,0xf6,0x54,0xf6,0x54,0xf6,0x54,0xf6,0x54,0xf6,0x54,0xf6,0x54,0xf6,0x54,0xf6,0x54,0xf6,0x54,0xf6,0x54,0xf6,0x54,0xf6,0x54,0xf6,0x54,0xf6,0x54,0xf6,0x54,0xf6,0x54,0xf6,0x54,0xf6,0x54,0xf6,0x54,0xf6,0x54,0xf6,0x54,0xf6,0x54,0x00,0x00,0x00,0x00,0x00,0x00,0x00,0x00,0x00,0x00,0x00,0x00,0x00,0x00,0x00,0x00,0x00,0x00,0x00,0x00,0x00,0x00,0x00,0x00,0x00,0x00,0x00,0x00,0x00,0x00,0x00,0x00,0x00,0x00,0x00,0x00,0x00,0x00,0x00,0x00,0x00,0x00,0x00,0x00,0x00,0x00,0x00,0x00,0x00,0x00,0xf6,0x54,0xf6,0x54,0xf6,0x54,0xf6,0x54,0xf6,0x54,0xf6,0x54,0xf6,0x54,0xf6,0x54,0xf6,0x54,0xf6,0x54,0xf6,0x54,0xf6,0x54,0xf6,0x54,0xf6,0x54,0xf6,0x54,0xf6,0x54,0xf6,0x54,0xf6,0x54,0xf6,0x54,0xf6,0x54,0xf6,0x54,0xf6,0x54,0xf6,0x54,0xf6,0x54,0xf6,0x54,0xf6,0x54,0xf6,0x54,0xf6,0x54,0xf6,0x54,0xf6,0x54,0xf6,0x54,0xf6,0x54,0xf6,0x54,0xf6,0x54,0xf6,0x54,0xf6,0x54,0xf6,0x54,0xf6,0x54,0xf6,0x54,0xf6,0x54,0xf6,0x54,0xf6,0x54,0xf6,0x54,0xf6,0x54,0xf6,0x54,0xf6,0x54,0xf6,0x54,0xf6,0x54,0x00,0x00,0x00,0x00,0x00,0x00,0x00,0x00,0x00,0x00,0x00,0x00,0x00,0x00,0x00,0x00,0x00,0x00,0x00,0x00,0x00,0x00,0x00,0x00,0x00,0x00,0x00,0x00,0x00,0x00,0x00,0x00,0x00,0x00,0x00,0x00,0x00,0x00,0x00,0x00,0x00,0x00,0x00,0x00,0x00,0x00,0x00,0x00,0x00,0x00,0x00,0x00,0x00,0x00,0xfe,0x94,0xf6,0x54,0xf6,0x54,0xf6,0x54,0xf6,0x54,0xf6,0x54,0xf6,0x54,0xf6,0x54,0xf6,0x54,0xf6,0x54,0xf6,0x54,0xf6,0x54,0xf6,0x54,0xf6,0x54,0xf6,0x54,0xf6,0x54,0xf6,0x54,0xf6,0x54,0xf6,0x54,0xf6,0x54,0xf6,0x54,0xf6,0x54,0xf6,0x54,0xf6,0x54,0xf6,0x54,0xf6,0x54,0xf6,0x54,0xf6,0x54,0xf6,0x54,0xf6,0x54,0xf6,0x54,0xf6,0x54,0xf6,0x54,0xf6,0x54,0xf6,0x54,0xf6,0x54,0xf6,0x54,0xf6,0x54,0xf6,0x54,0xf6,0x54,0xf6,0x54,0xf6,0x54,0xf6,0x54,0xf6,0x54,0xf6,0x54,0xf6,0x74,0xfe,0xb5,0x00,0x00,0x00,0x00,0x00,0x00,0x00,0x00,0x00,0x00,0x00,0x00,0x00,0x00,0x00,0x00,0x00,0x00,0x00,0x00,0x00,0x00,0x00,0x00,0x00,0x00,0x00,0x00,0x00,0x00,0x00,0x00,0x00,0x00,0x00,0x00,0x00,0x00,0x00,0x00,0x00,0x00,0x00,0x00,0x00,0x00,0x00,0x00,0x00,0x00,0x00,0x00,0x00,0x00,0x00,0x00,0xfe,0x73,0xfe,0x54,0xf6,0x54,0xf6,0x54,0xf6,0x54,0xf6,0x54,0xf6,0x54,0xf6,0x54,0xf6,0x54,0xf6,0x54,0xf6,0x54,0xf6,0x54,0xf6,0x54,0xf6,0x54,0xf6,0x54,0xf6,0x54,0xf6,0x54,0xf6,0x54,0xf6,0x54,0xf6,0x54,0xf6,0x54,0xf6,0x54,0xf6,0x54,0xf6,0x54,0xf6,0x54,0xf6,0x54,0xf6,0x54,0xf6,0x54,0xf6,0x54,0xf6,0x54,0xf6,0x54,0xf6,0x54,0xf6,0x54,0xf6,0x54,0xf6,0x54,0xf6,0x54,0xf6,0x54,0xf6,0x54,0xf6,0x54,0xf6,0x54,0xf6,0x54,0xf6,0x54,0xf6,0x54,0xf6,0x54,0x00,0x00,0x00,0x00,0x00,0x00,0x00,0x00,0x00,0x00,0x00,0x00,0x00,0x00,0x00,0x00,0x00,0x00,0x00,0x00,0x00,0x00,0x00,0x00,0x00,0x00,0x00,0x00,0x00,0x00,0x00,0x00,0x00,0x00,0x00,0x00,0x00,0x00,0x00,0x00,0x00,0x00,0x00,0x00,0x00,0x00,0x00,0x00,0x00,0x00,0x00,0x00,0x00,0x00,0x00,0x00,0x00,0x00,0x00,0x00,0x00,0x00,0xf8,0x00,0xfe,0x54,0xf6,0x54,0xf6,0x54,0xf6,0x54,0xf6,0x54,0xf6,0x54,0xf6,0x54,0xf6,0x54,0xf6,0x54,0xf6,0x54,0xf6,0x54,0xf6,0x54,0xf6,0x54,0xf6,0x54,0xf6,0x54,0xf6,0x54,0xf6,0x54,0xf6,0x54,0xf6,0x54,0xf6,0x54,0xf6,0x54,0xf6,0x54,0xf6,0x54,0xf6,0x54,0xf6,0x54,0xf6,0x54,0xf6,0x54,0xf6,0x54,0xf6,0x54,0xf6,0x54,0xf6,0x54,0xf6,0x54,0xf6,0x54,0xf6,0x54,0xf6,0x54,0xf6,0x54,0xf6,0x54,0xf6,0x54,0xf6,0x54,0xf6,0x54,0xf5,0xf4,0x00,0x00,0x00,0x00,0x00,0x00,0x00,0x00,0x00,0x00,0x00,0x00,0x00,0x00,0x00,0x00,0x00,0x00,0x00,0x00,0x00,0x00,0x00,0x00,0x00,0x00,0x00,0x00,0x00,0x00,0x00,0x00,0x00,0x00,0x00,0x00,0x00,0x00,0x00,0x00,0x00,0x00,0x00,0x00,0x00,0x00,0x00,0x00,0x00,0x00,0x00,0x00,0x00,0x00,0x00,0x00,0x00,0x00,0x00,0x00,0x00,0x00,0x00,0x00,0x00,0x00,0x00,0x00,0xee,0x33,0xf6,0x54,0xf6,0x54,0xf6,0x54,0xf6,0x54,0xf6,0x54,0xf6,0x54,0xf6,0x54,0xf6,0x54,0xf6,0x54,0xf6,0x54,0xf6,0x54,0xf6,0x54,0xf6,0x54,0xf6,0x54,0xf6,0x54,0xf6,0x54,0xf6,0x54,0xf6,0x54,0xf6,0x54,0xf6,0x54,0xf6,0x54,0xf6,0x54,0xf6,0x54,0xf6,0x54,0xf6,0x54,0xf6,0x54,0xf6,0x54,0xf6,0x54,0xf6,0x54,0xf6,0x54,0xf6,0x54,0xf6,0x54,0xf6,0x54,0xf6,0x54,0xfe,0x54,0xf6,0x54,0xf6,0x54,0xdd,0xf3,0x00,0x00,0x00,0x00,0x00,0x00,0x00,0x00,0x00,0x00,0x00,0x00,0x00,0x00,0x00,0x00,0x00,0x00,0x00,0x00,0x00,0x00,0x00,0x00,0x00,0x00,0x00,0x00,0x00,0x00,0x00,0x00,0x00,0x00,0x00,0x00,0x00,0x00,0x00,0x00,0x00,0x00,0x00,0x00,0x00,0x00,0x00,0x00,0x00,0x00,0x00,0x00,0x00,0x00,0x00,0x00,0x00,0x00,0x00,0x00,0x00,0x00,0x00,0x00,0x00,0x00,0x00,0x00,0x00,0x00,0x00,0x00,0x84,0x10,0xee,0x73,0xfe,0x74,0xf6,0x54,0xf6,0x54,0xf6,0x54,0xf6,0x54,0xf6,0x54,0xf6,0x54,0xf6,0x54,0xf6,0x54,0xf6,0x54,0xf6,0x54,0xf6,0x54,0xf6,0x54,0xf6,0x54,0xf6,0x54,0xf6,0x54,0xf6,0x54,0xf6,0x54,0xf6,0x54,0xf6,0x54,0xf6,0x54,0xf6,0x54,0xf6,0x54,0xf6,0x54,0xf6,0x54,0xf6,0x54,0xf6,0x54,0xf6,0x54,0xf6,0x54,0xf6,0x54,0xf6,0x54,0xfe,0x54,0xf6,0x54,0xfe,0x35,0x00,0x00,0x00,0x00,0x00,0x00,0x00,0x00,0x00,0x00,0x00,0x00,0x00,0x00,0x00,0x00,0x00,0x00,0x00,0x00,0x00,0x00};
static const lv_img_dsc_t my_anim_f6_s2_img = {
  .header.always_zero = 0,
  .header.w = 74,
  .header.h = 100,
  .data_size = 14800,
  .header.cf = LV_IMG_CF_TRUE_COLOR,
  .data = my_anim_f6_s2_map,
};
static const anim_shape_t my_anim_f6_shapes[] = {
    { SHAPE_PATH, 33.00f, 168.00f, 160.00f, 130.00f, 25.00f, 0x00ffff, 1.00f, 0.00f, 0.00f, NULL, 14, 0.00f, 0xffffff, 0.00f, my_anim_f6_s0_pts, 34, NULL },
    { SHAPE_PATH, 273.00f, 168.00f, 160.00f, 130.00f, -25.00f, 0x00ffff, 1.00f, 0.00f, 0.00f, NULL, 14, 0.00f, 0xffffff, 0.00f, my_anim_f6_s1_pts, 34, NULL },
    { 5, 123.00f, 339.00f, 74.00f, 100.00f, 0.00f, 0xFFFFFF, 1.00f, 0.00f, 0.00f, NULL, 14, 0.00f, 0xFFFFFF, 0.00f, NULL, 0, &my_anim_f6_s2_img }
};

static const lv_point_t my_anim_f7_s0_pts[] = {
    { 0, 39 },
    { 160, 39 },
    { 159, 50 },
    { 158, 60 },
    { 157, 69 },
    { 155, 78 },
    { 152, 86 },
    { 148, 94 },
    { 144, 101 },
    { 140, 107 },
    { 134, 112 },
    { 128, 117 },
    { 122, 121 },
    { 115, 124 },
    { 107, 126 },
    { 98, 128 },
    { 89, 129 },
    { 80, 130 },
    { 70, 129 },
    { 61, 128 },
    { 52, 126 },
    { 45, 124 },
    { 37, 121 },
    { 31, 117 },
    { 25, 112 },
    { 20, 107 },
    { 15, 101 },
    { 11, 94 },
    { 7, 86 },
    { 5, 78 },
    { 2, 69 },
    { 1, 60 },
    { 0, 50 },
    { 0, 39 },
};
static const lv_point_t my_anim_f7_s1_pts[] = {
    { 0, 39 },
    { 160, 39 },
    { 159, 50 },
    { 158, 60 },
    { 157, 69 },
    { 155, 78 },
    { 152, 86 },
    { 148, 94 },
    { 144, 101 },
    { 140, 107 },
    { 134, 112 },
    { 128, 117 },
    { 122, 121 },
    { 115, 124 },
    { 107, 126 },
    { 98, 128 },
    { 89, 129 },
    { 80, 130 },
    { 70, 129 },
    { 61, 128 },
    { 52, 126 },
    { 45, 124 },
    { 37, 121 },
    { 31, 117 },
    { 25, 112 },
    { 20, 107 },
    { 15, 101 },
    { 11, 94 },
    { 7, 86 },
    { 5, 78 },
    { 2, 69 },
    { 1, 60 },
    { 0, 50 },
    { 0, 39 },
};
static const uint8_t my_anim_f7_s2_map[] = {0x00,0x00,0x00,0x00,0x00,0x00,0x00,0x00,0x00,0x00,0x00,0x00,0x00,0x00,0x00,0x00,0x00,0x00,0x00,0x00,0x00,0x00,0x00,0x00,0x00,0x00,0x00,0x00,0x00,0x00,0x00,0x00,0x00,0x00,0x00,0x00,0x00,0x00,0x00,0x00,0x00,0x00,0xfe,0xa5,0xfe,0xe7,0xfe,0xc8,0xfe,0xc8,0xfe,0xc8,0xfe,0xc8,0xfe,0xc8,0xfe,0xc8,0xfe,0xc8,0xfe,0xc8,0xfe,0xc8,0xfe,0xe8,0xfe,0xc8,0xfe,0x66,0x00,0x00,0x00,0x00,0x00,0x00,0x00,0x00,0x00,0x00,0x00,0x00,0x00,0x00,0x00,0x00,0x00,0x00,0x00,0x00,0x00,0x00,0x00,0x00,0x00,0x00,0x00,0x00,0x00,0x00,0x00,0x00,0x00,0x00,0x00,0x00,0x00,0x00,0x00,0x00,0x00,0x00,0x00,0x00,0x00,0x00,0x00,0x00,0x00,0x00,0x00,0x00,0x00,0x00,0x00,0x00,0x00,0x00,0x00,0x00,0x00,0x00,0x00,0x00,0x00,0x00,0x00,0x00,0x00,0x00,0x00,0x00,0x00,0x00,0x00,0x00,0x00,0x00,0x00,0x00,0x00,0x00,0x00,0x00,0x00,0x00,0x00,0x00,0x00,0x00,0x00,0x00,0x00,0x00,0x00,0x00,0x00,0x00,0x00,0x00,0x00,0x00,0x00,0x00,0x00,0x00,0x00,0x00,0x00,0x00,0x00,0x00,0x00,0x00,0x00,0x00,0xff,0xe0,0xfe,0xc8,0xfe,0xc8,0xfe,0xc8,0xfe,0xc8,0xfe,0xc8,0xfe,0xc8,0xfe,0xc8,0xfe,0xc8,0xfe,0xc8,0xfe,0xc8,0xfe,0xc8,0xfe,0xc8,0xfe,0xc8,0xfe,0xc8,0xfe,0xe8,0xfe,0xe8,0xfd,0x40,0x00,0x00,0x00,0x00,0x00,0x00,0x00,0x00,0x00,0x00,0x00,0x00,0x00,0x00,0x00,0x00,0x00,0x00,0x00,0x00,0x00,0x00,0x00,0x00,0x00,0x00,0x00,0x00,0x00,0x00,0x00,0x00,0x00,0x00,0x00,0x00,0x00,0x00,0x00,0x00,0x00,0x00,0x00,0x00,0x00,0x00,0x00,0x00,0x00,0x00,0x00,0x00,0x00,0x00,0x00,0x00,0x00,0x00,0x00,0x00,0x00,0x00,0x00,0x00,0x00,0x00,0x00,0x00,0x00,0x00,0x00,0x00,0x00,0x00,0x00,0x00,0x00,0x00,0x00,0x00,0x00,0x00,0x00,0x00,0x00,0x00,0x00,0x00,0x00,0x00,0x00,0x00,0x00,0x00,0x00,0x00,0x00,0x00,0x00,0x00,0x00,0x00,0x00,0x00,0x00,0x00,0x00,0x00,0x00,0x00,0xff,0x07,0xfe,0xe8,0xfe,0xc8,0xfe,0xc8,0xfe,0xc8,0xfe,0xc8,0xfe,0xc8,0xfe,0xc8,0xfe,0xc8,0xfe,0xc8,0xfe,0xc8,0xfe,0xc8,0xfe,0xc8,0xfe,0xc8,0xfe,0xc8,0xfe,0xc8,0xfe,0xc8,0xfe,0xc8,0xfe,0xe8,0xfc,0x00,0x00,0x00,0x00,0x00,0x00,0x00,0x00,0x00,0x00,0x00,0x00,0x00,0x00,0x00,0x00,0x00,0x00,0x00,0x00,0x00,0x00,0x00,0x00,0x00,0x00,0x00,0x00,0x00,0x00,0x00,0x00,0x00,0x00,0x00,0x00,0x00,0x00,0x00,0x00,0x00,0x00,0x00,0x00,0x00,0x00,0x00,0x00,0x00,0x00,0x00,0x00,0x00,0x00,0x00,0x00,0x00,0x00,0x00,0x00,0x00,0x00,0x00,0x00,0x00,0x00,0x00,0x00,0x00,0x00,0x00,0x00,0x00,0x00,0x00,0x00,0x00,0x00,0x00,0x00,0x00,0x00,0x00,0x00,0x00,0x00,0x00,0x00,0x00,0x00,0x00,0x00,0x00,0x00,0x00,0x00,0x00,0x00,0x00,0x00,0x00,0x00,0x00,0x00,0x00,0x00,0x00,0xfe,0x87,0xfe,0xc8,0xfe,0xc8,0xfe,0xc8,0xfe,0xc8,0xfe,0xc8,0xfe,0xc8,0xfe,0xc8,0xfe,0xc8,0xfe,0xc8,0xfe,0xc8,0xfe,0xe8,0xfe,0xc8,0xfe,0xe8,0xfe,0xc8,0xfe,0xc8,0xfe,0xc8,0xfe,0xc8,0xfe,0xc8,0xfe,0xc8,0xfe,0xe8,0xfe,0x85,0x00,0x00,0x00,0x00,0x00,0x00,0x00,0x00,0x00,0x00,0x00,0x00,0x00,0x00,0x00,0x00,0x00,0x00,0x00,0x00,0x00,0x00,0x00,0x00,0x00,0x00,0x00,0x00,0x00,0x00,0x00,0x00,0x00,0x00,0x00,0x00,0x00,0x00,0x00,0x00,0x00,0x00,0x00,0x00,0x00,0x00,0x00,0x00,0x00,0x00,0x00,0x00,0x00,0x00,0x00,0x00,0x00,0x00,0x00,0x00,0x00,0x00,0x00,0x00,0x00,0x00,0x00,0x00,0x00,0x00,0x00,0x00,0x00,0x00,0x00,0x00,0x00,0x00,0x00,0x00,0x00,0x00,0x00,0x00,0x00,0x00,0x00,0x00,0x00,0x00,0x00,0x00,0x00,0x00,0x00,0x00,0x00,0x00,0x00,0x00,0x00,0x00,0xfe,0xc7,0xfe,0xe8,0xfe,0xe8,0xfe,0xc8,0xfe,0xc8,0xfe,0xc8,0xfe,0xc8,0xfe,0xc8,0xff,0x08,0x00,0x00,0x00,0x00,0x00,0x00,0x00,0x00,0x00,0x00,0xf8,0x00,0xfe,0xa8,0xfe,0xc8,0xfe,0xc8,0xfe,0xc8,0xfe,0xc8,0xfe,0xc8,0xfe,0xc8,0xfe,0xc8,0xfe,0xc7,0x00,0x00,0x00,0x00,0x00,0x00,0x00,0x00,0x00,0x00,0x00,0x00,0x00,0x00,0x00,0x00,0x00,0x00,0x00,0x00,0x00,0x00,0x00,0x00,0x00,0x00,0x00,0x00,0x00,0x00,0x00,0x00,0x00,0x00,0x00,0x00,0x00,0x00,0x00,0x00,0x00,0x00,0x00,0x00,0x00,0x00,0x00,0x00,0x00,0x00,0x00,0x00,0x00,0x00,0x00,0x00,0x00,0x00,0x00,0x00,0x00,0x00,0x00,0x00,0x00,0x00,0x00,0x00,0x00,0x00,0x00,0x00,0x00,0x00,0x00,0x00,0x00,0x00,0x00,0x00,0x00,0x00,0x00,0x00,0x00,0x00,0x00,0x00,0x00,0x00,0x00,0x00,0x00,0x00,0x00,0x00,0x00,0x00,0xfe,0x66,0xfe,0xc8,0xfe,0xc8,0xfe,0xc8,0xfe,0xc8,0xfe,0xc8,0xfe,0xc8,0xfe,0xc8,0x00,0x00,0x00,0x00,0x00,0x00,0x00,0x00,0x00,0x00,0x00,0x00,0x00,0x00,0x00,0x00,0x00,0x00,0x00,0x00,0xfe,0xc8,0xfe,0xc8,0xfe,0xc8,0xfe,0xc8,0xfe,0xc8,0xfe,0xc8,0xfe,0xc8,0xfe,0xc9,0x00,0x00,0x00,0x00,0x00,0x00,0x00,0x00,0x00,0x00,0x00,0x00,0x00,0x00,0x00,0x00,0x00,0x00,0x00,0x00,0x00,0x00,0x00,0x00,0x00,0x00,0x00,0x00,0x00,0x00,0x00,0x00,0x00,0x00,0x00,0x00,0x00,0x00,0x00,0x00,0x00,0x00,0x00,0x00,0x00,0x00,0x00,0x00,0x00,0x00,0x00,0x00,0x00,0x00,0x00,0x00,0x00,0x00,0x00,0x00,0x00,0x00,0x00,0x00,0x00,0x00,0x00,0x00,0x00,0x00,0x00,0x00,0x00,0x00,0x00,0x00,0x00,0x00,0x00,0x00,0x00,0x00,0x00,0x00,0x00,0x00,0x00,0x00,0x00,0x00,0x00,0x00,0x00,0x00,0x00,0x00,0xfe,0xc8,0xfe,0xc8,0xfe,0xc8,0xfe,0xc8,0xfe,0xc8,0xfe,0xc8,0xfe,0x66,0x00,0x00,0x00,0x00,0x00,0x00,0x00,0x00,0x00,0x00,0x00,0x00,0x00,0x00,0x00,0x00,0x00,0x00,0x00,0x00,0x00,0x00,0x00,0x00,0xff,0xe6,0xfe,0xe7,0xfe,0xc8,0xfe,0xc8,0xfe,0xc8,0xfe,0xc8,0xfe,0xc8,0x00,0x00,0x00,0x00,0x00,0x00,0x00,0x00,0x00,0x00,0x00,0x00,0x00,0x00,0x00,0x00,0x00,0x00,0x00,0x00,0x00,0x00,0x00,0x00,0x00,0x00,0x00,0x00,0x00,0x00,0x00,0x00,0x00,0x00,0x00,0x00,0x00,0x00,0x00,0x00,0x00,0x00,0x00,0x00,0x00,0x00,0x00,0x00,0x00,0x00,0x00,0x00,0x00,0x00,0x00,0x00,0x00,0x00,0x00,0x00,0x00,0x00,0x00,0x00,0x00,0x00,0x00,0x00,0x00,0x00,0x00,0x00,0x00,0x00,0x00,0x00,0x00,0x00,0x00,0x00,0x00,0x00,0x00,0x00,0x00,0x00,0x00,0x00,0x00,0x00,0x00,0x00,0x00,0x00,0xfe,0xe8,0xfe,0xc8,0xfe,0xc8,0xfe,0xc8,0xfe,0xc8,0xfe,0xe7,0x00,0x00,0x00,0x00,0x00,0x00,0x00,0x00,0x00,0x00,0x00,0x00,0x00,0x00,0x00,0x00,0x00,0x00,0x00,0x00,0x00,0x00,0x00,0x00,0x00,0x00,0x00,0x00,0x00,0x00,0x00,0x00,0xfe,0xe7,0xfe,0xc8,0xfe,0xc8,0xfe,0xc8,0xfe,0xc8,0xfe,0xe8,0x00,0x00,0x00,0x00,0x00,0x00,0x00,0x00,0x00,0x00,0x00,0x00,0x00,0x00,0x00,0x00,0x00,0x00,0x00,0x00,0x00,0x00,0x00,0x00,0x00,0x00,0x00,0x00,0x00,0x00,0x00,0x00,0x00,0x00,0x00,0x00,0x00,0x00,0x00,0x00,0x00,0x00,0x00,0x00,0x00,0x00,0x00,0x00,0x00,0x00,0x00,0x00,0x00,0x00,0x00,0x00,0x00,0x00,0x00,0x00,0x00,0x00,0x00,0x00,0x00,0x00,0x00,0x00,0x00,0x00,0x00,0x00,0x00,0x00,0x00,0x00,0x00,0x00,0x00,0x00,0x00,0x00,0x00,0x00,0x00,0x00,0x00,0x00,0x00,0x00,0xfe,0xe8,0xfe,0xc8,0xfe,0xe8,0xfe,0xc8,0xfe,0xc8,0xfe,0xc8,0x00,0x00,0x00,0x00,0x00,0x00,0x00,0x00,0x00,0x00,0x00,0x00,0x00,0x00,0x00,0x00,0xf8,0x00,0xff,0xe0,0x00,0x00,0x00,0x00,0x00,0x00,0x00,0x00,0x00,0x00,0x00,0x00,0x00,0x00,0x00,0x00,0xfe,0xc7,0xfe,0xc8,0xfe,0xc8,0xfe,0xc8,0xfe,0xc8,0xfe,0x27,0x00,0x00,0x00,0x00,0x00,0x00,0x00,0x00,0x00,0x00,0x00,0x00,0x00,0x00,0x00,0x00,0x00,0x00,0x00,0x00,0x00,0x00,0x00,0x00,0x00,0x00,0x00,0x00,0x00,0x00,0x00,0x00,0x00,0x00,0x00,0x00,0x00,0x00,0x00,0x00,0x00,0x00,0x00,0x00,0x00,0x00,0x00,0x00,0x00,0x00,0x00,0x00,0x00,0x00,0x00,0x00,0x00,0x00,0x00,0x00,0x00,0x00,0x00,0x00,0x00,0x00,0x00,0x00,0x00,0x00,0x00,0x00,0x00,0x00,0x00,0x00,0x00,0x00,0x00,0x00,0x00,0x00,0x00,0x00,0x00,0x00,0x00,0x00,0xfe,0xc8,0xfe,0xc8,0xfe,0xc8,0xfe,0xe8,0xfe,0xc8,0xff,0x48,0x00,0x00,0x00,0x00,0x00,0x00,0x00,0x00,0x00,0x00,0xff,0xf5,0xfe,0x54,0xfe,0x54,0xf6,0x54,0xf6,0x54,0xf6,0x54,0xf6,0x74,0xff,0xff,0x00,0x00,0x00,0x00,0x00,0x00,0x00,0x00,0x00,0x00,0xfe,0xc6,0xfe,0xe8,0xfe,0xc8,0xfe,0xc8,0xfe,0xc8,0xfe,0xc8,0x00,0x00,0x00,0x00,0x00,0x00,0x00,0x00,0x00,0x00,0x00,0x00,0x00,0x00,0x00,0x00,0x00,0x00,0x00,0x00,0x00,0x00,0x00,0x00,0x00,0x00,0x00,0x00,0x00,0x00,0x00,0x00,0x00,0x00,0x00,0x00,0x00,0x00,0x00,0x00,0x00,0x00,0x00,0x00,0x00,0x00,0x00,0x00,0x00,0x00,0x00,0x00,0x00,0x00,0x00,0x00,0x00,0x00,0x00,0x00,0x00,0x00,0x00,0x00,0x00,0x00,0x00,0x00,0x00,0x00,0x00,0x00,0x00,0x00,0x00,0x00,0x00,0x00,0x00,0x00,0x00,0x00,0x00,0x00,0x00,0x00,0xff,0xe6,0xfe,0xe8,0xfe,0xc8,0xfe,0xc8,0xfe,0xe8,0xfe,0xe8,0x00,0x00,0x00,0x00,0x00,0x00,0x00,0x00,0x00,0x00,0xfe,0x33,0xfe,0x54,0xfe,0x54,0xf6,0x54,0xf6,0x54,0xf6,0x54,0xf6,0x54,0xf6,0x54,0xf6,0x54,0xfe,0x54,0x00,0x00,0x00,0x00,0x00,0x00,0x00,0x00,0x00,0x00,0xfe,0xc7,0xfe,0xc8,0xfe,0xc8,0xfe,0xc8,0xfe,0xc8,0xff,0xe0,0x00,0x00,0x00,0x00,0x00,0x00,0x00,0x00,0x00,0x00,0x00,0x00,0x00,0x00,0x00,0x00,0x00,0x00,0x00,0x00,0x00,0x00,0x00,0x00,0x00,0x00,0x00,0x00,0x00,0x00,0x00,0x00,0x00,0x00,0x00,0x00,0x00,0x00,0x00,0x00,0x00,0x00,0x00,0x00,0x00,0x00,0x00,0x00,0x00,0x00,0x00,0x00,0x00,0x00,0x00,0x00,0x00,0x00,0x00,0x00,0x00,0x00,0x00,0x00,0x00,0x00,0x00,0x00,0x00,0x00,0x00,0x00,0x00,0x00,0x00,0x00,0x00,0x00,0x00,0x00,0x00,0x00,0x00,0x00,0xfe,0xe8,0xfe,0xc8,0xfe,0xc8,0xfe,0xc8,0xfe,0xc8,0xfe,0xe6,0x00,0x00,0x00,0x00,0x00,0x00,0x00,0x00,0xe6,0x31,0xfe,0x54,0xf6,0x54,0xf6,0x54,0xf6,0x54,0xf6,0x54,0xf6,0x54,0xf6,0x54,0xf6,0x54,0xf6,0x54,0xf6,0x54,0xfd,0xf7,0x00,0x00,0x00,0x00,0x00,0x00,0x00,0x00,0xfe,0xe7,0xfe,0xc8,0xfe,0xc8,0xfe,0xc8,0xfe,0xc8,0xfe,0xc6,0x00,0x00,0x00,0x00,0x00,0x00,0x00,0x00,0x00,0x00,0x00,0x00,0x00,0x00,0x00,0x00,0x00,0x00,0x00,0x00,0x00,0x00,0x00,0x00,0x00,0x00,0x00,0x00,0x00,0x00,0x00,0x00,0x00,0x00,0x00,0x00,0x00,0x00,0x00,0x00,0x00,0x00,0x00,0x00,0x00,0x00,0x00,0x00,0x00,0x00,0x00,0x00,0x00,0x00,0x00,0x00,0x00,0x00,0x00,0x00,0x00,0x00,0x00,0x00,0x00,0x00,0x00,0x00,0x00,0x00,0x00,0x00,0x00,0x00,0x00,0x00,0x00,0x00,0x00,0x00,0x00,0x00,0x00,0x00,0xf6,0xc7,0xfe,0xe8,0xfe,0xc8,0xfe,0xc8,0xfe,0xc8,0x00,0x00,0x00,0x00,0x00,0x00,0x00,0x00,0x00,0x00,0xf6,0x54,0xf6,0x54,0xf6,0x54,0xf6,0x54,0xf6,0x54,0xf6,0x54,0xf6,0x54,0xf6,0x54,0xf6,0x54,0xf6,0x54,0xf6,0x54,0xf6,0x54,0x00,0x00,0x00,0x00,0x00,0x00,0x00,0x00,0xfd,0x40,0xfe,0xc8,0xfe,0xc8,0xfe,0xc8,0xfe,0xe8,0xf6,0xc8,0x00,0x00,0x00,0x00,0x00,0x00,0x00,0x00,0x00,0x00,0x00,0x00,0x00,0x00,0x00,0x00,0x00,0x00,0x00,0x00,0x00,0x00,0x00,0x00,0x00,0x00,0x00,0x00,0x00,0x00,0x00,0x00,0x00,0x00,0x00,0x00,0x00,0x00,0x00,0x00,0x00,0x00,0x00,0x00,0x00,0x00,0x00,0x00,0x00,0x00,0x00,0x00,0x00,0x00,0x00,0x00,0x00,0x00,0x00,0x00,0x00,0x00,0x00,0x00,0x00,0x00,0x00,0x00,0x00,0x00,0x00,0x00,0x00,0x00,0x00,0x00,0x00,0x00,0x00,0x00,0x00,0x00,0x00,0x00,0xfe,0xe7,0xfe,0xc8,0xfe,0xc8,0xfe,0xc8,0xfe,0xc8,0x00,0x00,0x00,0x00,0x00,0x00,0x00,0x00,0xf6,0x54,0xf6,0x54,0xf6,0x54,0xf6,0x54,0xf6,0x54,0xf6,0x54,0xf6,0x54,0xf6,0x54,0xf6,0x54,0xf6,0x54,0xf6,0x54,0xf6,0x54,0xf6,0x54,0xfe,0xb5,0x00,0x00,0x00,0x00,0x00,0x00,0x00,0x00,0xfe,0xc8,0xfe,0xc8,0xfe,0xc8,0xfe,0xc8,0xfe,0xe7,0x00,0x00,0x00,0x00,0x00,0x00,0x00,0x00,0x00,0x00,0x00,0x00,0x00,0x00,0x00,0x00,0x00,0x00,0x00,0x00,0x00,0x00,0x00,0x00,0x00,0x00,0x00,0x00,0x00,0x00,0x00,0x00,0x00,0x00,0x00,0x00,0x00,0x00,0x00,0x00,0x00,0x00,0x00,0x00,0x00,0x00,0x00,0x00,0x00,0x00,0x00,0x00,0x00,0x00,0x00,0x00,0x00,0x00,0x00,0x00,0x00,0x00,0x00,0x00,0x00,0x00,0x00,0x00,0x00,0x00,0x00,0x00,0x00,0x00,0x00,0x00,0x00,0x00,0x00,0x00,0x00,0x00,0x00,0x00,0xfe,0xc8,0xfe,0xc8,0xfe,0xc8,0xfe,0xc8,0xfe,0xa7,0x00,0x00,0x00,0x00,0x00,0x00,0x00,0x00,0xf6,0x54,0xf6,0x54,0xf6,0x54,0xf6,0x54,0xf6,0x54,0xf6,0x54,0xf6,0x54,0xf6,0x54,0xf6,0x54,0xf6,0x54,0xf6,0x54,0xf6,0x54,0xf6,0x54,0xf6,0x54,0x00,0x00,0x00,0x00,0x00,0x00,0x00,0x00,0xfe,0xc8,0xfe,0xe8,0xfe,0xc8,0xfe,0xc8,0xfe,0xc7,0x00,0x00,0x00,0x00,0x00,0x00,0x00,0x00,0x00,0x00,0x00,0x00,0x00,0x00,0x00,0x00,0x00,0x00,0x00,0x00,0x00,0x00,0x00,0x00,0x00,0x00,0x00,0x00,0x00,0x00,0x00,0x00,0x00,0x00,0x00,0x00,0x00,0x00,0x00,0x00,0x00,0x00,0x00,0x00,0x00,0x00,0x00,0x00,0x00,0x00,0x00,0x00,0x00,0x00,0x00,0x00,0x00,0x00,0x00,0x00,0x00,0x00,0x00,0x00,0x00,0x00,0x00,0x00,0x00,0x00,0x00,0x00,0x00,0x00,0x00,0x00,0x00,0x00,0x00,0x00,0x00,0x00,0x00,0x00,0xfe,0xe8,0xfe,0xc8,0xfe,0xc8,0xfe,0xc8,0xff,0x28,0x00,0x00,0x00,0x00,0x00,0x00,0x00,0x00,0xf6,0x54,0xf6,0x54,0xf6,0x54,0xf6,0x54,0xf6,0x54,0xf6,0x54,0xf6,0x54,0xf6,0x54,0xf6,0x54,0xf6,0x54,0xf6,0x54,0xf6,0x54,0xf6,0x54,0xf6,0x54,0x00,0x00,0x00,0x00,0x00,0x00,0x00,0x00,0xfe,0xe8,0xfe,0xc8,0xfe,0xc8,0xfe,0xc8,0xfe,0xc8,0x00,0x00,0x00,0x00,0x00,0x00,0x00,0x00,0x00,0x00,0x00,0x00,0x00,0x00,0x00,0x00,0x00,0x00,0x00,0x00,0x00,0x00,0x00,0x00,0x00,0x00,0x00,0x00,0x00,0x00,0x00,0x00,0x00,0x00,0x00,0x00,0x00,0x00,0x00,0x00,0x00,0x00,0x00,0x00,0x00,0x00,0x00,0x00,0x00,0x00,0x00,0x00,0x00,0x00,0x00,0x00,0x00,0x00,0x00,0x00,0x00,0x00,0x00,0x00,0x00,0x00,0x00,0x00,0x00,0x00,0x00,0x00,0x00,0x00,0x00,0x00,0x00,0x00,0x00,0x00,0x00,0x00,0x00,0x00,0xfe,0xe8,0xfe,0xc8,0xfe,0xc8,0xfe,0xc8,0xff,0xe0,0x00,0x00,0x00,0x00,0x00,0x00,0x00,0x00,0xf6,0x54,0xf6,0x54,0xf6,0x54,0xf6,0x54,0xf6,0x54,0xf6,0x54,0xf6,0x54,0xf6,0x54,0xf6,0x54,0xf6,0x54,0xf6,0x54,0xf6,0x54,0xf6,0x54,0xf6,0x54,0x00,0x00,0x00,0x00,0x00,0x00,0x00,0x00,0xfe,0xc7,0xfe,0xc8,0xfe,0xc8,0xfe,0xc7,0xfe,0xe6,0x00,0x00,0x00,0x00,0x00,0x00,0x00,0x00,0x00,0x00,0x00,0x00,0x00,0x00,0x00,0x00,0x00,0x00,0x00,0x00,0x00,0x00,0x00,0x00,0x00,0x00,0x00,0x00,0x00,0x00,0x00,0x00,0x00,0x00,0x00,0x00,0x00,0x00,0x00,0x00,0x00,0x00,0x00,0x00,0x00,0x00,0x00,0x00,0x00,0x00,0x00,0x00,0x00,0x00,0x00,0x00,0x00,0x00,0x00,0x00,0x00,0x00,0x00,0x00,0x00,0x00,0x00,0x00,0x00,0x00,0x00,0x00,0x00,0x00,0x00,0x00,0x00,0x00,0x00,0x00,0x00,0x00,0x00,0x00,0x00,0x00,0xfe,0x66,0xfe,0xc8,0xfe,0xa5,0x00,0x00,0x00,0x00,0x00,0x00,0x00,0x00,0x00,0x00,0xf6,0x54,0xf6,0x54,0xf6,0x54,0xf6,0x54,0xf6,0x54,0xf6,0x54,0xf6,0x54,0xf6,0x54,0xf6,0x54,0xf6,0x54,0xf6,0x54,0xf6,0x54,0xf6,0x54,0xf6,0x54,0x00,0x00,0x00,0x00,0x00,0x00,0x00,0x00,0x00,0x00,0xfe,0xe8,0xfe,0xc8,0xff,0x07,0x00,0x00,0x00,0x00,0x00,0x00,0x00,0x00,0x00,0x00,0x00,0x00,0x00,0x00,0x00,0x00,0x00,0x00,0x00,0x00,0x00,0x00,0x00,0x00,0x00,0x00,0x00,0x00,0x00,0x00,0x00,0x00,0x00,0x00,0x00,0x00,0x00,0x00,0x00,0x00,0x00,0x00,0x00,0x00,0x00,0x00,0x00,0x00,0x00,0x00,0x00,0x00,0x00,0x00,0x00,0x00,0x00,0x00,0x00,0x00,0x00,0x00,0x00,0x00,0x00,0x00,0x00,0x00,0x00,0x00,0x00,0x00,0x00,0x00,0x00,0x00,0x00,0x00,0x00,0x00,0x00,0x00,0x00,0x00,0x00,0x00,0x00,0x00,0x00,0x00,0x00,0x00,0x00,0x00,0x00,0x00,0x00,0x00,0x00,0x00,0x00,0x00,0x00,0x00,0xf6,0x54,0xf6,0x54,0xf6,0x54,0xf6,0x54,0xf6,0x54,0xf6,0x54,0xf6,0x54,0xf6,0x54,0xf6,0x54,0xf6,0x54,0xf6,0x54,0xf6,0x54,0xf6,0x54,0xf6,0x54,0x00,0x00,0x00,0x00,0x00,0x00,0x00,0x00,0x00,0x00,0x00,0x00,0x00,0x00,0x00,0x00,0x00,0x00,0x00,0x00,0x00,0x00,0x00,0x00,0x00,0x00,0x00,0x00,0x00,0x00,0x00,0x00,0x00,0x00,0x00,0x00,0x00,0x00,0x00,0x00,0x00,0x00,0x00,0x00,0x00,0x00,0x00,0x00,0x00,0x00,0x00,0x00,0x00,0x00,0x00,0x00,0x00,0x00,0x00,0x00,0x00,0x00,0x00,0x00,0x00,0x00,0x00,0x00,0x00,0x00,0x00,0x00,0x00,0x00,0x00,0x00,0x00,0x00,0x00,0x00,0x00,0x00,0x00,0x00,0x00,0x00,0x00,0x00,0x00,0x00,0x00,0x00,0x00,0x00,0x00,0x00,0x00,0x00,0x00,0x00,0x00,0x00,0x00,0x00,0x00,0x00,0x00,0x00,0x00,0x00,0x00,0x00,0x00,0x00,0x00,0x00,0x00,0x00,0x00,0x00,0xf6,0x54,0xf6,0x54,0xf6,0x54,0xf6,0x54,0xf6,0x54,0xf6,0x54,0xf6,0x54,0xf6,0x54,0xf6,0x54,0xf6,0x54,0xf6,0x54,0xf6,0x54,0xf6,0x54,0xf6,0x54,0x00,0x00,0x00,0x00,0x00,0x00,0x00,0x00,0x00,0x00,0x00,0x00,0x00,0x00,0x00,0x00,0x00,0x00,0x00,0x00,0x00,0x00,0x00,0x00,0x00,0x00,0x00,0x00,0x00,0x00,0x00,0x00,0x00,0x00,0x00,0x00,0x00,0x00,0x00,0x00,0x00,0x00,0x00,0x00,0x00,0x00,0x00,0x00,0x00,0x00,0x00,0x00,0x00,0x00,0x00,0x00,0x00,0x00,0x00,0x00,0x00,0x00,0x00,0x00,0x00,0x00,0x00,0x00,0x00,0x00,0x00,0x00,0x00,0x00,0x00,0x00,0x00,0x00,0x00,0x00,0x00,0x00,0x00,0x00,0x00,0x00,0x00,0x00,0x00,0x00,0x00,0x00,0x00,0x00,0x00,0x00,0x00,0x00,0x00,0x00,0x00,0x00,0x00,0x00,0x00,0x00,0x00,0x00,0x00,0x00,0x00,0x00,0x00,0x00,0x00,0x00,0x00,0x00,0x00,0x00,0xfe,0x54,0xf6,0x54,0xf6,0x54,0xf6,0x54,0xf6,0x54,0xf6,0x54,0xf6,0x54,0xf6,0x54,0xf6,0x54,0xf6,0x54,0xf6,0x54,0xf6,0x54,0xf6,0x54,0xf6,0x54,0x00,0x00,0x00,0x00,0x00,0x00,0x00,0x00,0x00,0x00,0x00,0x00,0x00,0x00,0x00,0x00,0x00,0x00,0x00,0x00,0x00,0x00,0x00,0x00,0x00,0x00,0x00,0x00,0x00,0x00,0x00,0x00,0x00,0x00,0x00,0x00,0x00,0x00,0x00,0x00,0x00,0x00,0x00,0x00,0x00,0x00,0x00,0x00,0x00,0x00,0x00,0x00,0x00,0x00,0x00,0x00,0x00,0x00,0x00,0x00,0x00,0x00,0x00,0x00,0x00,0x00,0x00,0x00,0x00,0x00,0x00,0x00,0x00,0x00,0x00,0x00,0x00,0x00,0x00,0x00,0x00,0x00,0x00,0x00,0x00,0x00,0x00,0x00,0x00,0x00,0x00,0x00,0x00,0x00,0x00,0x00,0x00,0x00,0x00,0x00,0x00,0x00,0x00,0x00,0x00,0x00,0x00,0x00,0x00,0x00,0x00,0x00,0x00,0x00,0x00,0x00,0x00,0x00,0x00,0x00,0xfe,0x54,0xf6,0x54,0xf6,0x54,0xf6,0x54,0xf6,0x54,0xf6,0x54,0xf6,0x54,0xf6,0x54,0xf6,0x54,0xf6,0x54,0xf6,0x54,0xf6,0x54,0xf6,0x54,0xf6,0x54,0x00,0x00,0x00,0x00,0x00,0x00,0x00,0x00,0x00,0x00,0x00,0x00,0x00,0x00,0x00,0x00,0x00,0x00,0x00,0x00,0x00,0x00,0x00,0x00,0x00,0x00,0x00,0x00,0x00,0x00,0x00,0x00,0x00,0x00,0x00,0x00,0x00,0x00,0x00,0x00,0x00,0x00,0x00,0x00,0x00,0x00,0x00,0x00,0x00,0x00,0x00,0x00,0x00,0x00,0x00,0x00,0x00,0x00,0x00,0x00,0x00,0x00,0x00,0x00,0x00,0x00,0x00,0x00,0x00,0x00,0x00,0x00,0x00,0x00,0x00,0x00,0x00,0x00,0x00,0x00,0x00,0x00,0x00,0x00,0x00,0x00,0x00,0x00,0x00,0x00,0x00,0x00,0x00,0x00,0x00,0x00,0x00,0x00,0x00,0x00,0x00,0x00,0x00,0x00,0x00,0x00,0x00,0x00,0x00,0x00,0x00,0x00,0x00,0x00,0x00,0x00,0x00,0x00,0x00,0x00,0xfe,0x54,0xf6,0x54,0xf6,0x54,0xf6,0x54,0xf6,0x54,0xf6,0x54,0xf6,0x54,0xf6,0x54,0xf6,0x54,0xf6,0x54,0xf6,0x54,0xf6,0x54,0xf6,0x54,0xf6,0x54,0x00,0x00,0x00,0x00,0x00,0x00,0x00,0x00,0x00,0x00,0x00,0x00,0x00,0x00,0x00,0x00,0x00,0x00,0x00,0x00,0x00,0x00,0x00,0x00,0x00,0x00,0x00,0x00,0x00,0x00,0x00,0x00,0x00,0x00,0x00,0x00,0x00,0x00,0x00,0x00,0x00,0x00,0x00,0x00,0x00,0x00,0x00,0x00,0x00,0x00,0x00,0x00,0x00,0x00,0x00,0x00,0x00,0x00,0x00,0x00,0x00,0x00,0x00,0x00,0x00,0x00,0x00,0x00,0x00,0x00,0x00,0x00,0x00,0x00,0x00,0x00,0x00,0x00,0x00,0x00,0x00,0x00,0x00,0x00,0x00,0x00,0x00,0x00,0x00,0x00,0x00,0x00,0x00,0x00,0x00,0x00,0x00,0x00,0x00,0x00,0x00,0x00,0x00,0x00,0x00,0x00,0x00,0x00,0x00,0x00,0x00,0x00,0x00,0x00,0x00,0x00,0x00,0x00,0x00,0x00,0xfe,0x54,0xf6,0x54,0xf6,0x54,0xf6,0x54,0xf6,0x54,0xf6,0x54,0xf6,0x54,0xf6,0x54,0xf6,0x54,0xf6,0x54,0xf6,0x54,0xf6,0x54,0xf6,0x54,0xf6,0x54,0x00,0x00,0x00,0x00,0x00,0x00,0x00,0x00,0x00,0x00,0x00,0x00,0x00,0x00,0x00,0x00,0x00,0x00,0x00,0x00,0x00,0x00,0x00,0x00,0x00,0x00,0x00,0x00,0x00,0x00,0x00,0x00,0x00,0x00,0x00,0x00,0x00,0x00,0x00,0x00,0x00,0x00,0x00,0x00,0x00,0x00,0x00,0x00,0x00,0x00,0x00,0x00,0x00,0x00,0x00,0x00,0x00,0x00,0x00,0x00,0x00,0x00,0x00,0x00,0x00,0x00,0x00,0x00,0x00,0x00,0x00,0x00,0x00,0x00,0x00,0x00,0x00,0x00,0x00,0x00,0x00,0x00,0x00,0x00,0x00,0x00,0x00,0x00,0x00,0x00,0x00,0x00,0x00,0x00,0x00,0x00,0x00,0x00,0x00,0x00,0x00,0x00,0x00,0x00,0x00,0x00,0x00,0x00,0x00,0x00,0x00,0x00,0x00,0x00,0x00,0x00,0x00,0x00,0x00,0x00,0xfe,0x54,0xf6,0x54,0xf6,0x54,0xf6,0x54,0xf6,0x54,0xf6,0x54,0xf6,0x54,0xf6,0x54,0xf6,0x54,0xf6,0x54,0xf6,0x54,0xf6,0x54,0xf6,0x54,0xf6,0x54,0x00,0x00,0x00,0x00,0x00,0x00,0x00,0x00,0x00,0x00,0x00,0x00,0x00,0x00,0x00,0x00,0x00,0x00,0x00,0x00,0x00,0x00,0x00,0x00,0x00,0x00,0x00,0x00,0x00,0x00,0x00,0x00,0x00,0x00,0x00,0x00,0x00,0x00,0x00,0x00,0x00,0x00,0x00,0x00,0x00,0x00,0x00,0x00,0x00,0x00,0x00,0x00,0x00,0x00,0x00,0x00,0x00,0x00,0x00,0x00,0x00,0x00,0x00,0x00,0x00,0x00,0x00,0x00,0x00,0x00,0x00,0x00,0x00,0x00,0x00,0x00,0x00,0x00,0x00,0x00,0x00,0x00,0x00,0x00,0x00,0x00,0x00,0x00,0x00,0x00,0x00,0x00,0x00,0x00,0x00,0x00,0x00,0x00,0x00,0x00,0x00,0x00,0x00,0x00,0x00,0x00,0x00,0x00,0x00,0x00,0x00,0x00,0x00,0x00,0x00,0x00,0x00,0x00,0x00,0x00,0xfe,0x54,0xf6,0x54,0xf6,0x54,0xf6,0x54,0xf6,0x54,0xf6,0x54,0xf6,0x54,0xf6,0x54,0xf6,0x54,0xf6,0x54,0xf6,0x54,0xf6,0x54,0xf6,0x54,0xf6,0x54,0x00,0x00,0x00,0x00,0x00,0x00,0x00,0x00,0x00,0x00,0x00,0x00,0x00,0x00,0x00,0x00,0x00,0x00,0x00,0x00,0x00,0x00,0x00,0x00,0x00,0x00,0x00,0x00,0x00,0x00,0x00,0x00,0x00,0x00,0x00,0x00,0x00,0x00,0x00,0x00,0x00,0x00,0x00,0x00,0x00,0x00,0x00,0x00,0x00,0x00,0x00,0x00,0x00,0x00,0x00,0x00,0x00,0x00,0x00,0x00,0x00,0x00,0x00,0x00,0x00,0x00,0x00,0x00,0x00,0x00,0x00,0x00,0x00,0x00,0x00,0x00,0x00,0x00,0x00,0x00,0x00,0x00,0x00,0x00,0x00,0x00,0x00,0x00,0x00,0x00,0x00,0x00,0x00,0x00,0x00,0x00,0x00,0x00,0x00,0x00,0x00,0x00,0x00,0x00,0x00,0x00,0x00,0x00,0x00,0x00,0x00,0x00,0x00,0x00,0x00,0x00,0x00,0x00,0x00,0x00,0xfe,0x54,0xf6,0x54,0xf6,0x54,0xf6,0x54,0xf6,0x54,0xf6,0x54,0xf6,0x54,0xf6,0x54,0xf6,0x54,0xf6,0x54,0xf6,0x54,0xf6,0x54,0xf6,0x54,0xf6,0x54,0x00,0x00,0x00,0x00,0x00,0x00,0x00,0x00,0x00,0x00,0x00,0x00,0x00,0x00,0x00,0x00,0x00,0x00,0x00,0x00,0x00,0x00,0x00,0x00,0x00,0x00,0x00,0x00,0x00,0x00,0x00,0x00,0x00,0x00,0x00,0x00,0x00,0x00,0x00,0x00,0x00,0x00,0x00,0x00,0x00,0x00,0x00,0x00,0x00,0x00,0x00,0x00,0x00,0x00,0x00,0x00,0x00,0x00,0x00,0x00,0x00,0x00,0x00,0x00,0x00,0x00,0x00,0x00,0x00,0x00,0x00,0x00,0x00,0x00,0x00,0x00,0x00,0x00,0x00,0x00,0x00,0x00,0x00,0x00,0x00,0x00,0x00,0x00,0x00,0x00,0x00,0x00,0x00,0x00,0x00,0x00,0x00,0x00,0x00,0x00,0x00,0x00,0x00,0x00,0x00,0x00,0x00,0x00,0x00,0x00,0x00,0x00,0x00,0x00,0x00,0x00,0x00,0x00,0x00,0x00,0xfe,0x54,0xf6,0x54,0xf6,0x54,0xf6,0x54,0xf6,0x54,0xf6,0x54,0xf6,0x54,0xf6,0x54,0xf6,0x54,0xf6,0x54,0xf6,0x54,0xf6,0x54,0xf6,0x54,0xf6,0x54,0x00,0x00,0x00,0x00,0x00,0x00,0x00,0x00,0x00,0x00,0x00,0x00,0x00,0x00,0x00,0x00,0x00,0x00,0x00,0x00,0x00,0x00,0x00,0x00,0x00,0x00,0x00,0x00,0x00,0x00,0x00,0x00,0x00,0x00,0x00,0x00,0x00,0x00,0x00,0x00,0x00,0x00,0x00,0x00,0x00,0x00,0x00,0x00,0x00,0x00,0x00,0x00,0x00,0x00,0x00,0x00,0x00,0x00,0x00,0x00,0x00,0x00,0x00,0x00,0x00,0x00,0x00,0x00,0x00,0x00,0x00,0x00,0x00,0x00,0x00,0x00,0x00,0x00,0x00,0x00,0x00,0x00,0x00,0x00,0x00,0x00,0x00,0x00,0x00,0x00,0x00,0x00,0x00,0x00,0x00,0x00,0x00,0x00,0x00,0x00,0x00,0x00,0x00,0x00,0x00,0x00,0x00,0x00,0x00,0x00,0x00,0x00,0x00,0x00,0x00,0x00,0x00,0x00,0x00,0x00,0xfe,0x54,0xf6,0x54,0xf6,0x54,0xf6,0x54,0xf6,0x54,0xf6,0x54,0xf6,0x54,0xf6,0x54,0xf6,0x54,0xf6,0x54,0xf6,0x54,0xf6,0x54,0xf6,0x54,0xf6,0x54,0x00,0x00,0x00,0x00,0x00,0x00,0x00,0x00,0x00,0x00,0x00,0x00,0x00,0x00,0x00,0x00,0x00,0x00,0x00,0x00,0x00,0x00,0x00,0x00,0x00,0x00,0x00,0x00,0x00,0x00,0x00,0x00,0x00,0x00,0x00,0x00,0x00,0x00,0x00,0x00,0x00,0x00,0x00,0x00,0x00,0x00,0x00,0x00,0x00,0x00,0x00,0x00,0x00,0x00,0x00,0x00,0x00,0x00,0x00,0x00,0x00,0x00,0x00,0x00,0x00,0x00,0x00,0x00,0x00,0x00,0x00,0x00,0x00,0x00,0x00,0x00,0x00,0x00,0x00,0x00,0x00,0x00,0x00,0x00,0x00,0x00,0x00,0x00,0x00,0x00,0x00,0x00,0x00,0x00,0x00,0x00,0x00,0x00,0x00,0x00,0x00,0x00,0x00,0x00,0x00,0x00,0x00,0x00,0x00,0x00,0x00,0x00,0x00,0x00,0x00,0x00,0x00,0x00,0x00,0x00,0xf6,0x54,0xf6,0x54,0xf6,0x54,0xf6,0x54,0xf6,0x54,0xf6,0x54,0xf6,0x54,0xf6,0x54,0xf6,0x54,0xf6,0x54,0xf6,0x54,0xf6,0x54,0xf6,0x54,0xf6,0x54,0x00,0x00,0x00,0x00,0x00,0x00,0x00,0x00,0x00,0x00,0x00,0x00,0x00,0x00,0x00,0x00,0x00,0x00,0x00,0x00,0x00,0x00,0x00,0x00,0x00,0x00,0x00,0x00,0x00,0x00,0x00,0x00,0x00,0x00,0x00,0x00,0x00,0x00,0x00,0x00,0x00,0x00,0x00,0x00,0x00,0x00,0x00,0x00,0x00,0x00,0x00,0x00,0x00,0x00,0x00,0x00,0x00,0x00,0x00,0x00,0x00,0x00,0x00,0x00,0x00,0x00,0x00,0x00,0x00,0x00,0x00,0x00,0x00,0x00,0x00,0x00,0x00,0x00,0x00,0x00,0x00,0x00,0x00,0x00,0x00,0x00,0x00,0x00,0x00,0x00,0x00,0x00,0x00,0x00,0x00,0x00,0x00,0x00,0x00,0x00,0x00,0x00,0x00,0x00,0x00,0x00,0x00,0x00,0x00,0x00,0x00,0x00,0x00,0x00,0x00,0x00,0x00,0x00,0x00,0x00,0xf6,0x54,0xf6,0x54,0xf6,0x54,0xf6,0x54,0xf6,0x54,0xf6,0x54,0xf6,0x54,0xf6,0x54,0xf6,0x54,0xf6,0x54,0xf6,0x54,0xf6,0x54,0xf6,0x54,0xf6,0x54,0x00,0x00,0x00,0x00,0x00,0x00,0x00,0x00,0x00,0x00,0x00,0x00,0x00,0x00,0x00,0x00,0x00,0x00,0x00,0x00,0x00,0x00,0x00,0x00,0x00,0x00,0x00,0x00,0x00,0x00,0x00,0x00,0x00,0x00,0x00,0x00,0x00,0x00,0x00,0x00,0x00,0x00,0x00,0x00,0x00,0x00,0x00,0x00,0x00,0x00,0x00,0x00,0x00,0x00,0x00,0x00,0x00,0x00,0x00,0x00,0x00,0x00,0x00,0x00,0x00,0x00,0x00,0x00,0x00,0x00,0x00,0x00,0x00,0x00,0x00,0x00,0x00,0x00,0x00,0x00,0x00,0x00,0x00,0x00,0x00,0x00,0x00,0x00,0x00,0x00,0x00,0x00,0x00,0x00,0x00,0x00,0x00,0x00,0x00,0x00,0x00,0x00,0x00,0x00,0x00,0x00,0x00,0x00,0x00,0x00,0x00,0x00,0x00,0x00,0x00,0x00,0x00,0x00,0x00,0x00,0xf6,0x54,0xf6,0x54,0xf6,0x54,0xf6,0x54,0xf6,0x54,0xf6,0x54,0xf6,0x54,0xf6,0x54,0xf6,0x54,0xf6,0x54,0xf6,0x54,0xf6,0x54,0xf6,0x54,0xf6,0x54,0x00,0x00,0x00,0x00,0x00,0x00,0x00,0x00,0x00,0x00,0x00,0x00,0x00,0x00,0x00,0x00,0x00,0x00,0x00,0x00,0x00,0x00,0x00,0x00,0x00,0x00,0x00,0x00,0x00,0x00,0x00,0x00,0x00,0x00,0x00,0x00,0x00,0x00,0x00,0x00,0x00,0x00,0x00,0x00,0x00,0x00,0x00,0x00,0x00,0x00,0x00,0x00,0x00,0x00,0x00,0x00,0x00,0x00,0x00,0x00,0x00,0x00,0x00,0x00,0x00,0x00,0x00,0x00,0x00,0x00,0x00,0x00,0x00,0x00,0x00,0x00,0x00,0x00,0x00,0x00,0x00,0x00,0x00,0x00,0x00,0x00,0x00,0x00,0x00,0x00,0x00,0x00,0x00,0x00,0x00,0x00,0x00,0x00,0x00,0x00,0x00,0x00,0x00,0x00,0x00,0x00,0x00,0x00,0x00,0x00,0x00,0x00,0x00,0x00,0x00,0x00,0x00,0x00,0x00,0x00,0xf6,0x54,0xf6,0x54,0xf6,0x54,0xf6,0x54,0xf6,0x54,0xf6,0x54,0xf6,0x54,0xf6,0x54,0xf6,0x54,0xf6,0x54,0xf6,0x54,0xf6,0x54,0xf6,0x54,0xf6,0x54,0x00,0x00,0x00,0x00,0x00,0x00,0x00,0x00,0x00,0x00,0x00,0x00,0x00,0x00,0x00,0x00,0x00,0x00,0x00,0x00,0x00,0x00,0x00,0x00,0x00,0x00,0x00,0x00,0x00,0x00,0x00,0x00,0x00,0x00,0x00,0x00,0x00,0x00,0x00,0x00,0x00,0x00,0x00,0x00,0x00,0x00,0x00,0x00,0x00,0x00,0x00,0x00,0x00,0x00,0x00,0x00,0x00,0x00,0x00,0x00,0x00,0x00,0x00,0x00,0x00,0x00,0x00,0x00,0x00,0x00,0x00,0x00,0x00,0x00,0x00,0x00,0x00,0x00,0x00,0x00,0x00,0x00,0x00,0x00,0x00,0x00,0x00,0x00,0x00,0x00,0x00,0x00,0x00,0x00,0x00,0x00,0x00,0x00,0x00,0x00,0x00,0x00,0x00,0x00,0x00,0x00,0x00,0x00,0x00,0x00,0x00,0x00,0x00,0x00,0x00,0x00,0x00,0x00,0x00,0x00,0xf6,0x54,0xf6,0x54,0xf6,0x54,0xf6,0x54,0xf6,0x54,0xf6,0x54,0xf6,0x54,0xf6,0x54,0xf6,0x54,0xf6,0x54,0xf6,0x54,0xf6,0x54,0xf6,0x54,0xf6,0x54,0x00,0x00,0x00,0x00,0x00,0x00,0x00,0x00,0x00,0x00,0x00,0x00,0x00,0x00,0x00,0x00,0x00,0x00,0x00,0x00,0x00,0x00,0x00,0x00,0x00,0x00,0x00,0x00,0x00,0x00,0x00,0x00,0x00,0x00,0x00,0x00,0x00,0x00,0x00,0x00,0x00,0x00,0x00,0x00,0x00,0x00,0x00,0x00,0x00,0x00,0x00,0x00,0x00,0x00,0x00,0x00,0x00,0x00,0x00,0x00,0x00,0x00,0x00,0x00,0x00,0x00,0x00,0x00,0x00,0x00,0x00,0x00,0x00,0x00,0x00,0x00,0x00,0x00,0x00,0x00,0x00,0x00,0x00,0x00,0x00,0x00,0x00,0x00,0x00,0x00,0x00,0x00,0x00,0x00,0x00,0x00,0x00,0x00,0x00,0x00,0x00,0x00,0x00,0x00,0x00,0x00,0x00,0x00,0x00,0x00,0x00,0x00,0x00,0x00,0x00,0x00,0x00,0x00,0x00,0x00,0xfe,0x54,0xfe,0x54,0xf6,0x54,0xf6,0x54,0xf6,0x54,0xf6,0x54,0xf6,0x54,0xf6,0x54,0xf6,0x54,0xf6,0x54,0xf6,0x54,0xf6,0x54,0xf6,0x54,0xf6,0x54,0x00,0x00,0x00,0x00,0x00,0x00,0x00,0x00,0x00,0x00,0x00,0x00,0x00,0x00,0x00,0x00,0x00,0x00,0x00,0x00,0x00,0x00,0x00,0x00,0x00,0x00,0x00,0x00,0x00,0x00,0x00,0x00,0x00,0x00,0x00,0x00,0x00,0x00,0x00,0x00,0x00,0x00,0x00,0x00,0x00,0x00,0x00,0x00,0x00,0x00,0x00,0x00,0x00,0x00,0x00,0x00,0x00,0x00,0x00,0x00,0x00,0x00,0x00,0x00,0x00,0x00,0x00,0x00,0x00,0x00,0x00,0x00,0x00,0x00,0x00,0x00,0x00,0x00,0x00,0x00,0x00,0x00,0x00,0x00,0x00,0x00,0x00,0x00,0x00,0x00,0x00,0x00,0x00,0x00,0x00,0x00,0x00,0x00,0x00,0x00,0x00,0x00,0x00,0x00,0x00,0x00,0x00,0x00,0x00,0x00,0x00,0x00,0x00,0x00,0x00,0x00,0x00,0x00,0x00,0x00,0xfe,0x54,0xfe,0x54,0xf6,0x54,0xf6,0x54,0xf6,0x54,0xf6,0x54,0xf6,0x54,0xf6,0x54,0xf6,0x54,0xf6,0x54,0xf6,0x54,0xf6,0x54,0xf6,0x54,0xf6,0x54,0x00,0x00,0x00,0x00,0x00,0x00,0x00,0x00,0x00,0x00,0x00,0x00,0x00,0x00,0x00,0x00,0x00,0x00,0x00,0x00,0x00,0x00,0x00,0x00,0x00,0x00,0x00,0x00,0x00,0x00,0x00,0x00,0x00,0x00,0x00,0x00,0x00,0x00,0x00,0x00,0x00,0x00,0x00,0x00,0x00,0x00,0x00,0x00,0x00,0x00,0x00,0x00,0x00,0x00,0x00,0x00,0x00,0x00,0x00,0x00,0x00,0x00,0x00,0x00,0x00,0x00,0x00,0x00,0x00,0x00,0x00,0x00,0x00,0x00,0x00,0x00,0x00,0x00,0x00,0x00,0x00,0x00,0x00,0x00,0x00,0x00,0x00,0x00,0x00,0x00,0x00,0x00,0x00,0x00,0x00,0x00,0x00,0x00,0x00,0x00,0x00,0x00,0x00,0x00,0x00,0x00,0x00,0x00,0x00,0x00,0x00,0x00,0x00,0x00,0x00,0x00,0x00,0x00,0x00,0x00,0xfe,0x54,0xfe,0x54,0xf6,0x54,0xf6,0x54,0xf6,0x54,0xf6,0x54,0xf6,0x54,0xf6,0x54,0xf6,0x54,0xf6,0x54,0xf6,0x54,0xf6,0x54,0xf6,0x54,0xf6,0x54,0x00,0x00,0x00,0x00,0xfe,0x74,0xf6,0x54,0xfe,0x54,0xf6,0x54,0xf6,0x54,0xf6,0x54,0xf6,0x54,0xfe,0x34,0x00,0x00,0x00,0x00,0x00,0x00,0x00,0x00,0x00,0x00,0x00,0x00,0x00,0x00,0x00,0x00,0x00,0x00,0x00,0x00,0x00,0x00,0x00,0x00,0x00,0x00,0x00,0x00,0x00,0x00,0x00,0x00,0x00,0x00,0x00,0x00,0x00,0x00,0x00,0x00,0x00,0x00,0x00,0x00,0x00,0x00,0x00,0x00,0x00,0x00,0x00,0x00,0x00,0x00,0x00,0x00,0x00,0x00,0x00,0x00,0x00,0x00,0x00,0x00,0x00,0x00,0x00,0x00,0x00,0x00,0x00,0x00,0x00,0x00,0x00,0x00,0x00,0x00,0x00,0x00,0x00,0x00,0x00,0x00,0x00,0x00,0x00,0x00,0x00,0x00,0x00,0x00,0x00,0x00,0x00,0x00,0x00,0x00,0x00,0x00,0xfe,0x54,0xfe,0x54,0xf6,0x54,0xf6,0x54,0xf6,0x54,0xf6,0x54,0xf6,0x54,0xf6,0x54,0xf6,0x54,0xf6,0x54,0xf6,0x54,0xf6,0x54,0xf6,0x54,0xf6,0x54,0x00,0x00,0xf6,0x54,0xf6,0x54,0xf6,0x54,0xf6,0x54,0xf6,0x54,0xf6,0x54,0xf6,0x54,0xf6,0x54,0xf6,0x54,0xfe,0x54,0xff,0xe0,0x00,0x00,0x00,0x00,0x00,0x00,0x00,0x00,0x00,0x00,0x00,0x00,0x00,0x00,0x00,0x00,0x00,0x00,0x00,0x00,0x00,0x00,0x00,0x00,0x00,0x00,0x00,0x00,0x00,0x00,0x00,0x00,0x00,0x00,0x00,0x00,0x00,0x00,0x00,0x00,0x00,0x00,0x00,0x00,0x00,0x00,0x00,0x00,0x00,0x00,0x00,0x00,0x00,0x00,0x00,0x00,0x00,0x00,0x00,0x00,0x00,0x00,0x00,0x00,0x00,0x00,0x00,0x00,0x00,0x00,0x00,0x00,0x00,0x00,0x00,0x00,0x00,0x00,0x00,0x00,0x00,0x00,0x00,0x00,0x00,0x00,0x00,0x00,0x00,0x00,0x00,0x00,0x00,0x00,0x00,0x00,0xfe,0x54,0xfe,0x54,0xf6,0x54,0xf6,0x54,0xf6,0x54,0xf6,0x54,0xf6,0x54,0xf6,0x54,0xf6,0x54,0xf6,0x54,0xf6,0x54,0xf6,0x54,0xf6,0x54,0xf6,0x54,0xf6,0x54,0xf6,0x54,0xf6,0x54,0xf6,0x54,0xf6,0x54,0xf6,0x54,0xf6,0x54,0xf6,0x54,0xf6,0x54,0xf6,0x54,0xf6,0x54,0xfe,0x54,0x00,0x00,0x00,0x00,0x00,0x00,0x00,0x00,0xf6,0x54,0xfe,0x54,0xf6,0x54,0xfe,0x54,0xfe,0x54,0xf6,0x54,0xff,0xf5,0x00,0x00,0x00,0x00,0x00,0x00,0x00,0x00,0x00,0x00,0x00,0x00,0x00,0x00,0x00,0x00,0x00,0x00,0x00,0x00,0x00,0x00,0x00,0x00,0x00,0x00,0x00,0x00,0x00,0x00,0x00,0x00,0x00,0x00,0x00,0x00,0x00,0x00,0x00,0x00,0x00,0x00,0x00,0x00,0x00,0x00,0x00,0x00,0x00,0x00,0x00,0x00,0x00,0x00,0x00,0x00,0x00,0x00,0x00,0x00,0x00,0x00,0x00,0x00,0x00,0x00,0x00,0x00,0x00,0x00,0x00,0x00,0x00,0x00,0xfe,0x54,0xfe,0x54,0xf6,0x54,0xf6,0x54,0xf6,0x54,0xf6,0x54,0xf6,0x54,0xf6,0x54,0xf6,0x54,0xf6,0x54,0xf6,0x54,0xf6,0x54,0xf6,0x54,0xf6,0x54,0xf6,0x54,0xf6,0x54,0xf6,0x54,0xf6,0x54,0xf6,0x54,0xf6,0x54,0xf6,0x54,0xf6,0x54,0xf6,0x54,0xf6,0x54,0xf6,0x54,0xf6,0x54,0xff,0xf5,0x00,0x00,0xed,0xf2,0xf6,0x54,0xf6,0x54,0xf6,0x54,0xf6,0x54,0xf6,0x54,0xf6,0x54,0xf6,0x54,0xf6,0x54,0x00,0x00,0x00,0x00,0x00,0x00,0x00,0x00,0x00,0x00,0x00,0x00,0x00,0x00,0x00,0x00,0x00,0x00,0x00,0x00,0x00,0x00,0x00,0x00,0x00,0x00,0x00,0x00,0x00,0x00,0x00,0x00,0x00,0x00,0x00,0x00,0x00,0x00,0x00,0x00,0x00,0x00,0x00,0x00,0x00,0x00,0x00,0x00,0x00,0x00,0x00,0x00,0x00,0x00,0x00,0x00,0x00,0x00,0x00,0x00,0x00,0x00,0x00,0x00,0x00,0x00,0x00,0x00,0x00,0x00,0x00,0x00,0x00,0x00,0xfe,0x54,0xfe,0x54,0xf6,0x54,0xf6,0x54,0xf6,0x54,0xf6,0x54,0xf6,0x54,0xf6,0x54,0xf6,0x54,0xf6,0x54,0xf6,0x54,0xf6,0x54,0xf6,0x54,0xf6,0x54,0xf6,0x54,0xf6,0x54,0xf6,0x54,0xf6,0x54,0xf6,0x54,0xf6,0x54,0xf6,0x54,0xf6,0x54,0xf6,0x54,0xf6,0x54,0xf6,0x54,0xf6,0x54,0xfe,0x94,0xf6,0x54,0xfe,0x54,0xf6,0x54,0xf6,0x54,0xf6,0x54,0xf6,0x54,0xf6,0x54,0xf6,0x54,0xf6,0x54,0xf6,0x54,0xf6,0x54,0xfe,0x73,0x00,0x00,0x00,0x00,0x00,0x00,0x00,0x00,0x00,0x00,0x00,0x00,0x00,0x00,0x00,0x00,0x00,0x00,0x00,0x00,0x00,0x00,0x00,0x00,0x00,0x00,0x00,0x00,0x00,0x00,0x00,0x00,0x00,0x00,0x00,0x00,0x00,0x00,0x00,0x00,0x00,0x00,0x00,0x00,0x00,0x00,0x00,0x00,0x00,0x00,0x00,0x00,0x00,0x00,0x00,0x00,0x00,0x00,0x00,0x00,0x00,0x00,0x00,0x00,0x00,0x00,0x00,0x00,0x00,0x00,0xfe,0x54,0xf6,0x54,0xf6,0x54,0xf6,0x54,0xf6,0x54,0xf6,0x54,0xf6,0x54,0xf6,0x54,0xf6,0x54,0xf6,0x54,0xf6,0x54,0xf6,0x54,0xf6,0x54,0xf6,0x54,0xf6,0x54,0xf6,0x54,0xf6,0x54,0xf6,0x54,0xf6,0x54,0xf6,0x54,0xf6,0x54,0xf6,0x54,0xf6,0x54,0xf6,0x54,0xf6,0x54,0xf6,0x54,0xf6,0x54,0xfe,0x54,0xfe,0x54,0xf6,0x54,0xf6,0x54,0xf6,0x54,0xf6,0x54,0xf6,0x54,0xf6,0x54,0xf6,0x54,0xf6,0x54,0xf6,0x54,0xfe,0x54,0xf8,0x00,0x00,0x00,0x00,0x00,0x00,0x00,0xfd,0x4a,0xfe,0x54,0xf6,0x34,0xf6,0x34,0xfe,0x54,0x00,0x00,0x00,0x00,0x00,0x00,0x00,0x00,0x00,0x00,0x00,0x00,0x00,0x00,0x00,0x00,0x00,0x00,0x00,0x00,0x00,0x00,0x00,0x00,0x00,0x00,0x00,0x00,0x00,0x00,0x00,0x00,0x00,0x00,0x00,0x00,0x00,0x00,0x00,0x00,0x00,0x00,0x00,0x00,0x00,0x00,0x00,0x00,0x00,0x00,0x00,0x00,0xfe,0x54,0xf6,0x54,0xf6,0x54,0xf6,0x54,0xf6,0x54,0xf6,0x54,0xf6,0x54,0xf6,0x54,0xf6,0x54,0xf6,0x54,0xf6,0x54,0xf6,0x54,0xf6,0x54,0xf6,0x54,0xf6,0x54,0xf6,0x54,0xf6,0x54,0xf6,0x54,0xf6,0x54,0xf6,0x54,0xf6,0x54,0xf6,0x54,0xf6,0x54,0xf6,0x54,0xf6,0x54,0xf6,0x54,0xf6,0x54,0xf6,0x54,0xf6,0x54,0xf6,0x54,0xf6,0x54,0xf6,0x54,0xf6,0x54,0xf6,0x54,0xf6,0x54,0xf6,0x54,0xf6,0x54,0xf6,0x54,0xfe,0x54,0xfe,0x54,0x00,0x00,0xf8,0x00,0xfe,0x54,0xf6,0x54,0xf6,0x54,0xf6,0x54,0xf6,0x54,0xf6,0x54,0xf6,0x54,0xf6,0x54,0x00,0x00,0x00,0x00,0x00,0x00,0x00,0x00,0x00,0x00,0x00,0x00,0x00,0x00,0x00,0x00,0x00,0x00,0x00,0x00,0x00,0x00,0x00,0x00,0x00,0x00,0x00,0x00,0x00,0x00,0x00,0x00,0x00,0x00,0x00,0x00,0x00,0x00,0x00,0x00,0x00,0x00,0x00,0x00,0x00,0x00,0x00,0x00,0xfe,0x54,0xf6,0x54,0xf6,0x54,0xf6,0x54,0xf6,0x54,0xf6,0x54,0xf6,0x54,0xf6,0x54,0xf6,0x54,0xf6,0x54,0xf6,0x54,0xf6,0x54,0xf6,0x54,0xf6,0x54,0xf6,0x54,0xf6,0x54,0xf6,0x54,0xf6,0x54,0xf6,0x54,0xf6,0x54,0xf6,0x54,0xf6,0x54,0xf6,0x54,0xf6,0x54,0xf6,0x54,0xf6,0x54,0xf6,0x54,0xf6,0x54,0xf6,0x54,0xf6,0x54,0xf6,0x54,0xf6,0x54,0xf6,0x54,0xf6,0x54,0xf6,0x54,0xf6,0x54,0xf6,0x54,0xf6,0x54,0xf6,0x54,0xfe,0x54,0xff,0xff,0xfe,0x74,0xf6,0x54,0xf6,0x54,0xf6,0x54,0xf6,0x54,0xf6,0x54,0xf6,0x54,0xf6,0x54,0xf6,0x54,0xf6,0x54,0xff,0xe0,0x00,0x00,0x00,0x00,0x00,0x00,0x00,0x00,0x00,0x00,0x00,0x00,0x00,0x00,0x00,0x00,0x00,0x00,0x00,0x00,0x00,0x00,0x00,0x00,0x00,0x00,0x00,0x00,0x00,0x00,0x00,0x00,0x00,0x00,0x00,0x00,0x00,0x00,0x00,0x00,0x00,0x00,0x00,0x00,0xfe,0x54,0xf6,0x54,0xf6,0x54,0xf6,0x54,0xf6,0x54,0xf6,0x54,0xf6,0x54,0xf6,0x54,0xf6,0x54,0xf6,0x54,0xf6,0x54,0xf6,0x54,0xf6,0x54,0xf6,0x54,0xf6,0x54,0xf6,0x54,0xf6,0x54,0xf6,0x54,0xf6,0x54,0xf6,0x54,0xf6,0x54,0xf6,0x54,0xf6,0x54,0xf6,0x54,0xf6,0x54,0xf6,0x54,0xf6,0x54,0xf6,0x54,0xf6,0x54,0xf6,0x54,0xf6,0x54,0xf6,0x54,0xf6,0x54,0xf6,0x54,0xf6,0x54,0xf6,0x54,0xf6,0x54,0xf6,0x54,0xf6,0x54,0xf6,0x54,0xf6,0x54,0xf6,0x54,0xf6,0x54,0xf6,0x54,0xf6,0x54,0xf6,0x54,0xf6,0x54,0xf6,0x54,0xf6,0x54,0xf6,0x54,0xf6,0x54,0xfe,0x74,0x00,0x00,0x00,0x00,0x00,0x00,0x00,0x00,0x00,0x00,0x00,0x00,0x00,0x00,0x00,0x00,0x00,0x00,0x00,0x00,0x00,0x00,0x00,0x00,0x00,0x00,0x00,0x00,0x00,0x00,0x00,0x00,0x00,0x00,0x00,0x00,0x00,0x00,0x00,0x00,0x00,0x00,0x00,0x00,0xf6,0x54,0xf6,0x54,0xf6,0x54,0xf6,0x54,0xf6,0x54,0xf6,0x54,0xf6,0x54,0xf6,0x54,0xf6,0x54,0xf6,0x54,0xf6,0x54,0xf6,0x54,0xf6,0x54,0xf6,0x54,0xf6,0x54,0xf6,0x54,0xf6,0x54,0xf6,0x54,0xf6,0x54,0xf6,0x54,0xf6,0x54,0xf6,0x54,0xf6,0x54,0xf6,0x54,0xf6,0x54,0xf6,0x54,0xf6,0x54,0xf6,0x54,0xf6,0x54,0xf6,0x54,0xf6,0x54,0xf6,0x54,0xf6,0x54,0xf6,0x54,0xf6,0x54,0xf6,0x54,0xf6,0x54,0xf6,0x54,0xf6,0x54,0xf6,0x54,0xf6,0x54,0xf6,0x54,0xf6,0x54,0xf6,0x54,0xf6,0x54,0xf6,0x54,0xf6,0x54,0xf6,0x54,0xf6,0x54,0xf6,0x54,0xf6,0x54,0xf6,0x54,0xff,0xff,0x00,0x00,0x00,0x00,0x00,0x00,0x00,0x00,0x00,0x00,0x00,0x00,0x00,0x00,0x00,0x00,0x00,0x00,0x00,0x00,0x00,0x00,0x00,0x00,0x00,0x00,0x00,0x00,0x00,0x00,0x00,0x00,0x00,0x00,0x00,0x00,0x00,0x00,0x00,0x00,0x00,0x00,0xf6,0x54,0xf6,0x54,0xf6,0x54,0xf6,0x54,0xf6,0x54,0xf6,0x54,0xf6,0x54,0xf6,0x54,0xf6,0x54,0xf6,0x54,0xf6,0x54,0xf6,0x54,0xf6,0x54,0xf6,0x54,0xf6,0x54,0xf6,0x54,0xf6,0x54,0xf6,0x54,0xf6,0x54,0xf6,0x54,0xf6,0x54,0xf6,0x54,0xf6,0x54,0xf6,0x54,0xf6,0x54,0xf6,0x54,0xf6,0x54,0xf6,0x54,0xf6,0x54,0xf6,0x54,0xf6,0x54,0xf6,0x54,0xf6,0x54,0xf6,0x54,0xf6,0x54,0xf6,0x54,0xf6,0x54,0xf6,0x54,0xf6,0x54,0xfe,0x54,0xf6,0x54,0xf6,0x54,0xf6,0x54,0xf6,0x54,0xf6,0x54,0xf6,0x54,0xf6,0x54,0xf6,0x54,0xf6,0x54,0xf6,0x54,0xf6,0x54,0xf6,0x54,0xfe,0x74,0x00,0x00,0x00,0x00,0x00,0x00,0x00,0x00,0x00,0x00,0x00,0x00,0x00,0x00,0x00,0x00,0x00,0x00,0x00,0x00,0x00,0x00,0x00,0x00,0x00,0x00,0x00,0x00,0x00,0x00,0x00,0x00,0x00,0x00,0x00,0x00,0x00,0x00,0x00,0x00,0x00,0x00,0xf6,0x54,0xf6,0x54,0xf6,0x54,0xf6,0x54,0xf6,0x54,0xf6,0x54,0xf6,0x54,0xf6,0x54,0xf6,0x54,0xf6,0x54,0xf6,0x54,0xf6,0x54,0xf6,0x54,0xf6,0x54,0xf6,0x54,0xf6,0x54,0xf6,0x54,0xf6,0x54,0xf6,0x54,0xf6,0x54,0xf6,0x54,0xf6,0x54,0xf6,0x54,0xf6,0x54,0xf6,0x54,0xf6,0x54,0xf6,0x54,0xf6,0x54,0xf6,0x54,0xf6,0x54,0xf6,0x54,0xf6,0x54,0xf6,0x54,0xf6,0x54,0xf6,0x54,0xf6,0x54,0xf6,0x54,0xf6,0x54,0xf6,0x54,0xf6,0x54,0xf6,0x54,0xf6,0x54,0xf6,0x54,0xf6,0x54,0xf6,0x54,0xf6,0x54,0xf6,0x54,0xf6,0x54,0xf6,0x54,0xf6,0x54,0xf6,0x54,0xf6,0x54,0xf6,0x54,0x00,0x00,0x00,0x00,0x00,0x00,0x00,0x00,0x00,0x00,0x00,0x00,0x00,0x00,0x00,0x00,0x00,0x00,0x00,0x00,0x00,0x00,0x00,0x00,0x00,0x00,0x00,0x00,0x00,0x00,0x00,0x00,0x00,0x00,0x00,0x00,0x00,0x00,0x00,0x00,0x00,0x00,0xf6,0x54,0xf6,0x54,0xf6,0x54,0xf6,0x54,0xf6,0x54,0xf6,0x54,0xf6,0x54,0xf6,0x54,0xf6,0x54,0xf6,0x54,0xf6,0x54,0xf6,0x54,0xf6,0x54,0xf6,0x54,0xf6,0x54,0xf6,0x54,0xf6,0x54,0xf6,0x54,0xf6,0x54,0xf6,0x54,0xf6,0x54,0xf6,0x54,0xf6,0x54,0xf6,0x54,0xf6,0x54,0xf6,0x54,0xf6,0x54,0xf6,0x54,0xf6,0x54,0xf6,0x54,0xf6,0x54,0xf6,0x54,0xf6,0x54,0xf6,0x54,0xf6,0x54,0xf6,0x54,0xf6,0x54,0xf6,0x54,0xf6,0x54,0xf6,0x54,0xf6,0x54,0xf6,0x54,0xf6,0x54,0xf6,0x54,0xf6,0x54,0xf6,0x54,0xf6,0x54,0xf6,0x54,0xf6,0x54,0xf6,0x54,0xf6,0x54,0xf6,0x54,0xf6,0x54,0x00,0x00,0x00,0x00,0x00,0x00,0x00,0x00,0x00,0x00,0x00,0x00,0x00,0x00,0x00,0x00,0x00,0x00,0x00,0x00,0x00,0x00,0x00,0x00,0x00,0x00,0x00,0x00,0x00,0x00,0x00,0x00,0x00,0x00,0x00,0x00,0x00,0x00,0x00,0x00,0x00,0x00,0xfe,0x54,0xf6,0x54,0xf6,0x54,0xf6,0x54,0xf6,0x54,0xf6,0x54,0xf6,0x54,0xf6,0x54,0xf6,0x54,0xf6,0x54,0xf6,0x54,0xf6,0x54,0xf6,0x54,0xf6,0x54,0xf6,0x54,0xf6,0x54,0xf6,0x54,0xf6,0x54,0xf6,0x54,0xf6,0x54,0xf6,0x54,0xf6,0x54,0xf6,0x54,0xf6,0x54,0xf6,0x54,0xf6,0x54,0xf6,0x54,0xf6,0x54,0xf6,0x54,0xf6,0x54,0xf6,0x54,0xf6,0x54,0xf6,0x54,0xf6,0x54,0xf6,0x54,0xf6,0x54,0xf6,0x54,0xf6,0x54,0xf6,0x54,0xf6,0x54,0xf6,0x54,0xf6,0x54,0xf6,0x54,0xf6,0x54,0xf6,0x54,0xf6,0x54,0xf6,0x54,0xf6,0x54,0xf6,0x54,0xf6,0x54,0xf6,0x54,0xf6,0x54,0xf6,0x54,0x00,0x00,0x00,0x00,0x00,0x00,0x00,0x00,0xfe,0x35,0xf6,0x74,0xf6,0x54,0xf6,0x54,0xf6,0x54,0xf6,0x54,0xf6,0x54,0xf6,0x54,0xf6,0x55,0xfe,0xd6,0x00,0x00,0x00,0x00,0x00,0x00,0x00,0x00,0x00,0x00,0x00,0x00,0x00,0x00,0xfe,0x54,0xf6,0x54,0xf6,0x54,0xf6,0x54,0xf6,0x54,0xf6,0x54,0xf6,0x54,0xf6,0x54,0xf6,0x54,0xf6,0x54,0xf6,0x54,0xf6,0x54,0xf6,0x54,0xf6,0x54,0xf6,0x54,0xf6,0x54,0xf6,0x54,0xf6,0x54,0xf6,0x54,0xf6,0x54,0xf6,0x54,0xf6,0x54,0xf6,0x54,0xf6,0x54,0xf6,0x54,0xf6,0x54,0xf6,0x54,0xf6,0x54,0xf6,0x54,0xf6,0x54,0xf6,0x54,0xf6,0x54,0xf6,0x54,0xf6,0x54,0xf6,0x54,0xf6,0x54,0xf6,0x54,0xf6,0x54,0xf6,0x54,0xf6,0x54,0xf6,0x54,0xf6,0x54,0xf6,0x54,0xf6,0x54,0xf6,0x54,0xf6,0x54,0xf6,0x54,0xf6,0x54,0xf6,0x54,0xf6,0x54,0xf6,0x54,0xf6,0x54,0xfe,0x54,0x00,0x00,0x00,0x00,0xfc,0x10,0xfe,0x74,0xfe,0x54,0xf6,0x54,0xf6,0x54,0xf6,0x54,0xf6,0x54,0xf6,0x54,0xf6,0x54,0xf6,0x54,0xf6,0x54,0xf6,0x54,0xf6,0x34,0x00,0x00,0x00,0x00,0x00,0x00,0x00,0x00,0x00,0x00,0x00,0x00,0xfe,0x54,0xf6,0x54,0xf6,0x54,0xf6,0x54,0xf6,0x54,0xf6,0x54,0xf6,0x54,0xf6,0x54,0xf6,0x54,0xf6,0x54,0xf6,0x54,0xf6,0x54,0xf6,0x54,0xf6,0x54,0xf6,0x54,0xf6,0x54,0xf6,0x54,0xf6,0x54,0xf6,0x54,0xf6,0x54,0xf6,0x54,0xf6,0x54,0xf6,0x54,0xf6,0x54,0xf6,0x54,0xf6,0x54,0xf6,0x54,0xf6,0x54,0xf6,0x54,0xf6,0x54,0xf6,0x54,0xf6,0x54,0xf6,0x54,0xf6,0x54,0xf6,0x54,0xf6,0x54,0xf6,0x54,0xf6,0x54,0xf6,0x54,0xf6,0x54,0xf6,0x54,0xf6,0x54,0xf6,0x54,0xf6,0x54,0xf6,0x54,0xf6,0x54,0xf6,0x54,0xf6,0x54,0xf6,0x54,0xf6,0x54,0xf6,0x54,0xf6,0x54,0xfe,0x54,0x00,0x00,0x00,0x00,0xfe,0x54,0xf6,0x54,0xf6,0x54,0xf6,0x54,0xf6,0x54,0xf6,0x54,0xf6,0x54,0xf6,0x54,0xf6,0x54,0xf6,0x54,0xf6,0x54,0xfe,0x54,0xf6,0x54,0xf6,0x55,0x00,0x00,0x00,0x00,0x00,0x00,0x00,0x00,0x00,0x00,0xfe,0x54,0xf6,0x54,0xf6,0x54,0xf6,0x54,0xf6,0x54,0xf6,0x54,0xf6,0x54,0xf6,0x54,0xf6,0x54,0xf6,0x54,0xf6,0x54,0xf6,0x54,0xf6,0x54,0xf6,0x54,0xf6,0x54,0xf6,0x54,0xf6,0x54,0xf6,0x54,0xf6,0x54,0xf6,0x54,0xf6,0x54,0xf6,0x54,0xf6,0x54,0xf6,0x54,0xf6,0x54,0xf6,0x54,0xf6,0x54,0xf6,0x54,0xf6,0x54,0xf6,0x54,0xf6,0x54,0xf6,0x54,0xf6,0x54,0xf6,0x54,0xf6,0x54,0xf6,0x54,0xf6,0x54,0xf6,0x54,0xf6,0x54,0xf6,0x54,0xf6,0x54,0xf6,0x54,0xf6,0x54,0xf6,0x54,0xf6,0x54,0xf6,0x54,0xf6,0x54,0xf6,0x54,0xf6,0x54,0xf6,0x54,0xf6,0x54,0xf6,0x54,0xfe,0x54,0x00,0x00,0xf6,0x54,0xf6,0x54,0xf6,0x54,0xf6,0x54,0xf6,0x54,0xf6,0x54,0xf6,0x54,0xf6,0x54,0xf6,0x54,0xf6,0x54,0xf6,0x54,0xf6,0x54,0xf6,0x54,0xf6,0x54,0xf6,0x54,0xfe,0x75,0x00,0x00,0x00,0x00,0x00,0x00,0x00,0x00,0xf6,0x54,0xf6,0x54,0xf6,0x54,0xf6,0x54,0xf6,0x54,0xf6,0x54,0xf6,0x54,0xf6,0x54,0xf6,0x54,0xf6,0x54,0xf6,0x54,0xf6,0x54,0xf6,0x54,0xf6,0x54,0xf6,0x54,0xf6,0x54,0xf6,0x54,0xf6,0x54,0xf6,0x54,0xf6,0x54,0xf6,0x54,0xf6,0x54,0xf6,0x54,0xf6,0x54,0xf6,0x54,0xf6,0x54,0xf6,0x54,0xf6,0x54,0xf6,0x54,0xf6,0x54,0xf6,0x54,0xf6,0x54,0xf6,0x54,0xf6,0x54,0xf6,0x54,0xf6,0x54,0xf6,0x54,0xf6,0x54,0xf6,0x54,0xf6,0x54,0xf6,0x54,0xf6,0x54,0xf6,0x54,0xf6,0x54,0xf6,0x54,0xf6,0x54,0xf6,0x54,0xf6,0x54,0xf6,0x54,0xf6,0x54,0xf6,0x54,0xf6,0x54,0xfe,0x54,0xf6,0x34,0xf6,0x54,0xf6,0x54,0xf6,0x54,0xf6,0x54,0xf6,0x54,0xf6,0x54,0xf6,0x54,0xf6,0x54,0xf6,0x54,0xf6,0x54,0xf6,0x54,0xf6,0x54,0xf6,0x54,0xf6,0x54,0xf6,0x54,0xf6,0x54,0xfe,0x53,0x00,0x00,0x00,0x00,0x00,0x00,0xf6,0x54,0xf6,0x54,0xf6,0x54,0xf6,0x54,0xf6,0x54,0xf6,0x54,0xf6,0x54,0xf6,0x54,0xf6,0x54,0xf6,0x54,0xf6,0x54,0xf6,0x54,0xf6,0x54,0xf6,0x54,0xf6,0x54,0xf6,0x54,0xf6,0x54,0xf6,0x54,0xf6,0x54,0xf6,0x54,0xf6,0x54,0xf6,0x54,0xf6,0x54,0xf6,0x54,0xf6,0x54,0xf6,0x54,0xf6,0x54,0xf6,0x54,0xf6,0x54,0xf6,0x54,0xf6,0x54,0xf6,0x54,0xf6,0x54,0xf6,0x54,0xf6,0x54,0xf6,0x54,0xf6,0x54,0xf6,0x54,0xf6,0x54,0xf6,0x54,0xf6,0x54,0xf6,0x54,0xf6,0x54,0xf6,0x54,0xf6,0x54,0xf6,0x54,0xf6,0x54,0xf6,0x54,0xf6,0x54,0xf6,0x54,0xf6,0x54,0xf6,0x54,0xf6,0x54,0xfe,0x35,0xf6,0x54,0xf6,0x54,0xf6,0x54,0xf6,0x54,0xf6,0x54,0xf6,0x54,0xf6,0x54,0xf6,0x54,0xf6,0x54,0xf6,0x54,0xf6,0x54,0xf6,0x54,0xf6,0x54,0xf6,0x54,0xf6,0x54,0xfe,0x54,0xf6,0x54,0xf6,0x14,0x00,0x00,0x00,0x00,0xfe,0x54,0xf6,0x54,0xf6,0x54,0xf6,0x54,0xf6,0x54,0xf6,0x54,0xf6,0x54,0xf6,0x54,0xf6,0x54,0xf6,0x54,0xf6,0x54,0xf6,0x54,0xf6,0x54,0xf6,0x54,0xf6,0x54,0xf6,0x54,0xf6,0x54,0xf6,0x54,0xf6,0x54,0xf6,0x54,0xf6,0x54,0xf6,0x54,0xf6,0x54,0xf6,0x54,0xf6,0x54,0xf6,0x54,0xf6,0x54,0xf6,0x54,0xf6,0x54,0xf6,0x54,0xf6,0x54,0xf6,0x54,0xf6,0x54,0xf6,0x54,0xf6,0x54,0xf6,0x54,0xf6,0x54,0xf6,0x54,0xf6,0x54,0xf6,0x54,0xf6,0x54,0xf6,0x54,0xf6,0x54,0xf6,0x54,0xf6,0x54,0xf6,0x54,0xf6,0x54,0xf6,0x54,0xf6,0x54,0xf6,0x54,0xf6,0x54,0xf6,0x54,0xf6,0x54,0x00,0x00,0xfe,0x74,0xf6,0x54,0xf6,0x54,0xf6,0x54,0xf6,0x54,0xf6,0x54,0xf6,0x54,0xf6,0x54,0xf6,0x54,0xf6,0x54,0xf6,0x54,0xf6,0x54,0xf6,0x54,0xf6,0x54,0xf6,0x54,0xf6,0x54,0xf6,0x54,0xf6,0x74,0x00,0x00,0x00,0x00,0xfe,0x54,0xf6,0x54,0xf6,0x54,0xf6,0x54,0xf6,0x54,0xf6,0x54,0xf6,0x54,0xf6,0x54,0xf6,0x54,0xf6,0x54,0xf6,0x54,0xf6,0x54,0xf6,0x54,0xf6,0x54,0xf6,0x54,0xf6,0x54,0xf6,0x54,0xf6,0x54,0xf6,0x54,0xf6,0x54,0xf6,0x54,0xf6,0x54,0xf6,0x54,0xf6,0x54,0xf6,0x54,0xf6,0x54,0xf6,0x54,0xf6,0x54,0xf6,0x54,0xf6,0x54,0xf6,0x54,0xf6,0x54,0xf6,0x54,0xf6,0x54,0xf6,0x54,0xf6,0x54,0xf6,0x54,0xf6,0x54,0xf6,0x54,0xf6,0x54,0xf6,0x54,0xf6,0x54,0xf6,0x54,0xf6,0x54,0xf6,0x54,0xf6,0x54,0xf6,0x54,0xf6,0x54,0xf6,0x54,0xf6,0x54,0xf6,0x54,0xf6,0x54,0xf6,0x54,0x00,0x00,0x00,0x00,0xf6,0x54,0xf6,0x54,0xf6,0x54,0xf6,0x54,0xf6,0x54,0xf6,0x54,0xf6,0x54,0xf6,0x54,0xf6,0x54,0xf6,0x54,0xf6,0x54,0xf6,0x54,0xf6,0x54,0xf6,0x54,0xf6,0x54,0xf6,0x54,0xf6,0x54,0xfe,0x54,0xff,0xff,0xfe,0x54,0xf6,0x54,0xf6,0x54,0xf6,0x54,0xf6,0x54,0xf6,0x54,0xf6,0x54,0xf6,0x54,0xf6,0x54,0xf6,0x54,0xf6,0x54,0xf6,0x54,0xf6,0x54,0xf6,0x54,0xf6,0x54,0xf6,0x54,0xf6,0x54,0xf6,0x54,0xf6,0x54,0xf6,0x54,0xf6,0x54,0xf6,0x54,0xf6,0x54,0xf6,0x54,0xf6,0x54,0xf6,0x54,0xf6,0x54,0xf6,0x54,0xf6,0x54,0xf6,0x54,0xf6,0x54,0xf6,0x54,0xf6,0x54,0xf6,0x54,0xf6,0x54,0xf6,0x54,0xf6,0x54,0xf6,0x54,0xf6,0x54,0xf6,0x54,0xf6,0x54,0xf6,0x54,0xf6,0x54,0xf6,0x54,0xf6,0x54,0xf6,0x54,0xf6,0x54,0xf6,0x54,0xf6,0x54,0xf6,0x54,0xf6,0x54,0xf6,0x54,0xf6,0x54,0x00,0x00,0x00,0x00,0xf6,0x74,0xf6,0x54,0xf6,0x54,0xf6,0x54,0xf6,0x54,0xf6,0x54,0xf6,0x54,0xf6,0x54,0xf6,0x54,0xf6,0x54,0xf6,0x54,0xf6,0x54,0xf6,0x54,0xf6,0x54,0xf6,0x54,0xf6,0x54,0xf6,0x54,0xf6,0x54,0xfe,0x54,0xfe,0x54,0xf6,0x54,0xf6,0x54,0xf6,0x54,0xf6,0x54,0xf6,0x54,0xf6,0x54,0xf6,0x54,0xf6,0x54,0xf6,0x54,0xf6,0x54,0xf6,0x54,0xf6,0x54,0xf6,0x54,0xf6,0x54,0xf6,0x54,0xf6,0x54,0xf6,0x54,0xf6,0x54,0xf6,0x54,0xf6,0x54,0xf6,0x54,0xf6,0x54,0xf6,0x54,0xf6,0x54,0xf6,0x54,0xf6,0x54,0xf6,0x54,0xf6,0x54,0xf6,0x54,0xf6,0x54,0xf6,0x54,0xf6,0x54,0xf6,0x54,0xf6,0x54,0xf6,0x54,0xf6,0x54,0xf6,0x54,0xf6,0x54,0xf6,0x54,0xf6,0x54,0xf6,0x54,0xf6,0x54,0xf6,0x54,0xf6,0x54,0xf6,0x54,0xf6,0x54,0xf6,0x54,0xf6,0x54,0xf6,0x54,0xf6,0x54,0xf6,0x54,0xf6,0x54,0x00,0x00,0x00,0x00,0xed,0xf3,0xf6,0x54,0xf6,0x54,0xf6,0x54,0xf6,0x54,0xf6,0x54,0xf6,0x54,0xf6,0x54,0xf6,0x54,0xf6,0x54,0xf6,0x54,0xf6,0x54,0xf6,0x54,0xf6,0x54,0xf6,0x54,0xf6,0x54,0xf6,0x54,0xf6,0x54,0xf6,0x54,0xf6,0x54,0xf6,0x54,0xf6,0x54,0xf6,0x54,0xf6,0x54,0xf6,0x54,0xf6,0x54,0xf6,0x54,0xf6,0x54,0xf6,0x54,0xf6,0x54,0xf6,0x54,0xf6,0x54,0xf6,0x54,0xf6,0x54,0xf6,0x54,0xf6,0x54,0xf6,0x54,0xf6,0x54,0xf6,0x54,0xf6,0x54,0xf6,0x54,0xf6,0x54,0xf6,0x54,0xf6,0x54,0xf6,0x54,0xf6,0x54,0xf6,0x54,0xf6,0x54,0xf6,0x54,0xf6,0x54,0xf6,0x54,0xf6,0x54,0xf6,0x54,0xf6,0x54,0xf6,0x54,0xf6,0x54,0xf6,0x54,0xf6,0x54,0xf6,0x54,0xf6,0x54,0xf6,0x54,0xf6,0x54,0xf6,0x54,0xf6,0x54,0xf6,0x54,0xf6,0x54,0xf6,0x54,0xf6,0x54,0xf6,0x54,0xf6,0x54,0xf6,0x54,0xf6,0x54,0x00,0x00,0x00,0x00,0x00,0x00,0xf6,0x54,0xf6,0x54,0xf6,0x54,0xf6,0x54,0xf6,0x54,0xf6,0x54,0xf6,0x54,0xf6,0x54,0xf6,0x54,0xf6,0x54,0xf6,0x54,0xf6,0x54,0xf6,0x54,0xf6,0x54,0xf6,0x54,0xf6,0x54,0xf6,0x54,0xf6,0x54,0xf6,0x54,0xf6,0x54,0xf6,0x54,0xf6,0x54,0xf6,0x54,0xf6,0x54,0xf6,0x54,0xf6,0x54,0xf6,0x54,0xf6,0x54,0xf6,0x54,0xf6,0x54,0xf6,0x54,0xf6,0x54,0xf6,0x54,0xf6,0x54,0xf6,0x54,0xf6,0x54,0xf6,0x54,0xf6,0x54,0xf6,0x54,0xf6,0x54,0xf6,0x54,0xf6,0x54,0xf6,0x54,0xf6,0x54,0xf6,0x54,0xf6,0x54,0xf6,0x54,0xf6,0x54,0xf6,0x54,0xf6,0x54,0xf6,0x54,0xf6,0x54,0xf6,0x54,0xf6,0x54,0xf6,0x54,0xf6,0x54,0xf6,0x54,0xf6,0x54,0xf6,0x54,0xf6,0x54,0xf6,0x54,0xf6,0x54,0xf6,0x54,0xf6,0x54,0xf6,0x54,0xf6,0x54,0xf6,0x54,0xf6,0x54,0xf6,0x54,0xf6,0x54,0xf6,0x54,0x00,0x00,0x00,0x00,0x00,0x00,0xff,0xf0,0xfe,0x54,0xf6,0x54,0xf6,0x54,0xf6,0x54,0xf6,0x54,0xf6,0x54,0xf6,0x54,0xf6,0x54,0xf6,0x54,0xf6,0x54,0xf6,0x54,0xf6,0x54,0xf6,0x54,0xf6,0x54,0xf6,0x54,0xf6,0x54,0xf6,0x54,0xf6,0x54,0xf6,0x54,0xf6,0x54,0xf6,0x54,0xf6,0x54,0xf6,0x54,0xf6,0x54,0xf6,0x54,0xf6,0x54,0xf6,0x54,0xf6,0x54,0xf6,0x54,0xf6,0x54,0xf6,0x54,0xf6,0x54,0xf6,0x54,0xf6,0x54,0xf6,0x54,0xf6,0x54,0xf6,0x54,0xf6,0x54,0xf6,0x54,0xf6,0x54,0xf6,0x54,0xf6,0x54,0xf6,0x54,0xf6,0x54,0xf6,0x54,0xf6,0x54,0xf6,0x54,0xf6,0x54,0xf6,0x54,0xf6,0x54,0xf6,0x54,0xf6,0x54,0xf6,0x54,0xf6,0x54,0xf6,0x54,0xf6,0x54,0xf6,0x54,0xf6,0x54,0xf6,0x54,0xf6,0x54,0xf6,0x54,0xf6,0x54,0xf6,0x54,0xf6,0x54,0xf6,0x54,0xf6,0x54,0xf6,0x54,0xf6,0x54,0xf6,0x54,0xf6,0x54,0x00,0x00,0x00,0x00,0x00,0x00,0x00,0x00,0xfe,0x54,0xf6,0x54,0xf6,0x54,0xf6,0x54,0xf6,0x54,0xf6,0x54,0xf6,0x54,0xf6,0x54,0xf6,0x54,0xf6,0x54,0xf6,0x54,0xf6,0x54,0xf6,0x54,0xf6,0x54,0xf6,0x54,0xf6,0x54,0xf6,0x54,0xf6,0x54,0xf6,0x54,0xf6,0x54,0xf6,0x54,0xf6,0x54,0xf6,0x54,0xf6,0x54,0xf6,0x54,0xf6,0x54,0xf6,0x54,0xf6,0x54,0xf6,0x54,0xf6,0x54,0xf6,0x54,0xf6,0x54,0xf6,0x54,0xf6,0x54,0xf6,0x54,0xf6,0x54,0xf6,0x54,0xf6,0x54,0xf6,0x54,0xf6,0x54,0xf6,0x54,0xf6,0x54,0xf6,0x54,0xf6,0x54,0xf6,0x54,0xf6,0x54,0xf6,0x54,0xf6,0x54,0xf6,0x54,0xf6,0x54,0xf6,0x54,0xf6,0x54,0xf6,0x54,0xf6,0x54,0xf6,0x54,0xf6,0x54,0xf6,0x54,0xf6,0x54,0xf6,0x54,0xf6,0x54,0xf6,0x54,0xf6,0x54,0xf6,0x54,0xf6,0x54,0xf6,0x54,0xf6,0x54,0xf6,0x54,0xf6,0x54,0xf6,0x54,0xf6,0x54,0x00,0x00,0x00,0x00,0x00,0x00,0x00,0x00,0x00,0x00,0xf6,0x54,0xf6,0x54,0xf6,0x54,0xf6,0x54,0xf6,0x54,0xf6,0x54,0xf6,0x54,0xf6,0x54,0xf6,0x54,0xf6,0x54,0xf6,0x54,0xf6,0x54,0xf6,0x54,0xf6,0x54,0xf6,0x54,0xf6,0x54,0xf6,0x54,0xf6,0x54,0xf6,0x54,0xf6,0x54,0xf6,0x54,0xf6,0x54,0xf6,0x54,0xf6,0x54,0xf6,0x54,0xf6,0x54,0xf6,0x54,0xf6,0x54,0xf6,0x54,0xf6,0x54,0xf6,0x54,0xf6,0x54,0xf6,0x54,0xf6,0x54,0xf6,0x54,0xf6,0x54,0xf6,0x54,0xf6,0x54,0xf6,0x54,0xf6,0x54,0xf6,0x54,0xf6,0x54,0xf6,0x54,0xf6,0x54,0xf6,0x54,0xf6,0x54,0xf6,0x54,0xf6,0x54,0xf6,0x54,0xf6,0x54,0xf6,0x54,0xf6,0x54,0xf6,0x54,0xf6,0x54,0xf6,0x54,0xf6,0x54,0xf6,0x54,0xf6,0x54,0xf6,0x54,0xf6,0x54,0xf6,0x54,0xf6,0x54,0xf6,0x54,0xf6,0x54,0xf6,0x54,0xf6,0x54,0xf6,0x54,0xf6,0x54,0xf6,0x54,0x00,0x00,0x00,0x00,0x00,0x00,0x00,0x00,0x00,0x00,0xf6,0x94,0xf6,0x54,0xf6,0x54,0xf6,0x54,0xf6,0x54,0xf6,0x54,0xf6,0x54,0xf6,0x54,0xf6,0x54,0xf6,0x54,0xf6,0x54,0xf6,0x54,0xf6,0x54,0xf6,0x54,0xf6,0x54,0xf6,0x54,0xf6,0x54,0xf6,0x54,0xf6,0x54,0xf6,0x54,0xf6,0x54,0xf6,0x54,0xf6,0x54,0xf6,0x54,0xf6,0x54,0xf6,0x54,0xf6,0x54,0xf6,0x54,0xf6,0x54,0xf6,0x54,0xf6,0x54,0xf6,0x54,0xf6,0x54,0xf6,0x54,0xf6,0x54,0xf6,0x54,0xf6,0x54,0xf6,0x54,0xf6,0x54,0xf6,0x54,0xf6,0x54,0xf6,0x54,0xf6,0x54,0xf6,0x54,0xf6,0x54,0xf6,0x54,0xf6,0x54,0xf6,0x54,0xf6,0x54,0xf6,0x54,0xf6,0x54,0xf6,0x54,0xf6,0x54,0xf6,0x54,0xf6,0x54,0xf6,0x54,0xf6,0x54,0xf6,0x54,0xf6,0x54,0xf6,0x54,0xf6,0x54,0xf6,0x54,0xf6,0x54,0xf6,0x54,0xf6,0x54,0xf6,0x54,0xf6,0x54,0xf6,0x54,0xf6,0x54,0x00,0x00,0x00,0x00,0x00,0x00,0x00,0x00,0x00,0x00,0xfe,0xb5,0xf6,0x54,0xf6,0x54,0xf6,0x54,0xf6,0x54,0xf6,0x54,0xf6,0x54,0xf6,0x54,0xf6,0x54,0xf6,0x54,0xf6,0x54,0xf6,0x54,0xf6,0x54,0xf6,0x54,0xf6,0x54,0xf6,0x54,0xf6,0x54,0xf6,0x54,0xf6,0x54,0xf6,0x54,0xf6,0x54,0xf6,0x54,0xf6,0x54,0xf6,0x54,0xf6,0x54,0xf6,0x54,0xf6,0x54,0xf6,0x54,0xf6,0x54,0xf6,0x54,0xf6,0x54,0xf6,0x54,0xf6,0x54,0xf6,0x54,0xf6,0x54,0xf6,0x54,0xf6,0x54,0xf6,0x54,0xf6,0x54,0xf6,0x54,0xf6,0x54,0xf6,0x54,0xf6,0x54,0xf6,0x54,0xf6,0x54,0xf6,0x54,0xf6,0x54,0xf6,0x54,0xf6,0x54,0xf6,0x54,0xf6,0x54,0xf6,0x54,0xf6,0x54,0xf6,0x54,0xf6,0x54,0xf6,0x54,0xf6,0x54,0xf6,0x54,0xf6,0x54,0xf6,0x54,0xf6,0x54,0xf6,0x54,0xf6,0x54,0xf6,0x54,0xf6,0x54,0xf6,0x54,0xf6,0x54,0xf6,0x54,0xf6,0x54,0x00,0x00,0x00,0x00,0x00,0x00,0x00,0x00,0x00,0x00,0x00,0x00,0xfe,0x54,0xf6,0x54,0xf6,0x54,0xf6,0x54,0xf6,0x54,0xf6,0x54,0xf6,0x54,0xf6,0x54,0xf6,0x54,0xf6,0x54,0xf6,0x54,0xf6,0x54,0xf6,0x54,0xf6,0x54,0xf6,0x54,0xf6,0x54,0xf6,0x54,0xf6,0x54,0xf6,0x54,0xf6,0x54,0xf6,0x54,0xf6,0x54,0xf6,0x54,0xf6,0x54,0xf6,0x54,0xf6,0x54,0xf6,0x54,0xf6,0x54,0xf6,0x54,0xf6,0x54,0xf6,0x54,0xf6,0x54,0xf6,0x54,0xf6,0x54,0xf6,0x54,0xf6,0x54,0xf6,0x54,0xf6,0x54,0xf6,0x54,0xf6,0x54,0xf6,0x54,0xf6,0x54,0xf6,0x54,0xf6,0x54,0xf6,0x54,0xf6,0x54,0xf6,0x54,0xf6,0x54,0xf6,0x54,0xf6,0x54,0xf6,0x54,0xf6,0x54,0xf6,0x54,0xf6,0x54,0xf6,0x54,0xf6,0x54,0xf6,0x54,0xf6,0x54,0xf6,0x54,0xf6,0x54,0xf6,0x54,0xf6,0x54,0xf6,0x54,0xf6,0x54,0xf6,0x54,0xf6,0x54,0xf6,0x54,0xf6,0x54,0x00,0x00,0x00,0x00,0x00,0x00,0x00,0x00,0x00,0x00,0x00,0x00,0xfd,0x55,0xf6,0x54,0xf6,0x54,0xf6,0x54,0xf6,0x54,0xf6,0x54,0xf6,0x54,0xf6,0x54,0xf6,0x54,0xf6,0x54,0xf6,0x54,0xf6,0x54,0xf6,0x54,0xf6,0x54,0xf6,0x54,0xf6,0x54,0xf6,0x54,0xf6,0x54,0xf6,0x54,0xf6,0x54,0xf6,0x54,0xf6,0x54,0xf6,0x54,0xf6,0x54,0xf6,0x54,0xf6,0x54,0xf6,0x54,0xf6,0x54,0xf6,0x54,0xf6,0x54,0xf6,0x54,0xf6,0x54,0xf6,0x54,0xf6,0x54,0xf6,0x54,0xf6,0x54,0xf6,0x54,0xf6,0x54,0xf6,0x54,0xf6,0x54,0xf6,0x54,0xf6,0x54,0xf6,0x54,0xf6,0x54,0xf6,0x54,0xf6,0x54,0xf6,0x54,0xf6,0x54,0xf6,0x54,0xf6,0x54,0xf6,0x54,0xf6,0x54,0xf6,0x54,0xf6,0x54,0xf6,0x54,0xf6,0x54,0xf6,0x54,0xf6,0x54,0xf6,0x54,0xf6,0x54,0xf6,0x54,0xf6,0x54,0xf6,0x54,0xf6,0x54,0xf6,0x54,0xf6,0x54,0xf6,0x54,0xf6,0x54,0x00,0x00,0x00,0x00,0x00,0x00,0x00,0x00,0x00,0x00,0x00,0x00,0x00,0x00,0xf6,0x34,0xfe,0x54,0xf6,0x54,0xf6,0x54,0xf6,0x54,0xf6,0x54,0xf6,0x54,0xf6,0x54,0xf6,0x54,0xf6,0x54,0xf6,0x54,0xf6,0x54,0xf6,0x54,0xf6,0x54,0xf6,0x54,0xf6,0x54,0xf6,0x54,0xf6,0x54,0xf6,0x54,0xf6,0x54,0xf6,0x54,0xf6,0x54,0xf6,0x54,0xf6,0x54,0xf6,0x54,0xf6,0x54,0xf6,0x54,0xf6,0x54,0xf6,0x54,0xf6,0x54,0xf6,0x54,0xf6,0x54,0xf6,0x54,0xf6,0x54,0xf6,0x54,0xf6,0x54,0xf6,0x54,0xf6,0x54,0xf6,0x54,0xf6,0x54,0xf6,0x54,0xf6,0x54,0xf6,0x54,0xf6,0x54,0xf6,0x54,0xf6,0x54,0xf6,0x54,0xf6,0x54,0xf6,0x54,0xf6,0x54,0xf6,0x54,0xf6,0x54,0xf6,0x54,0xf6,0x54,0xf6,0x54,0xf6,0x54,0xf6,0x54,0xf6,0x54,0xf6,0x54,0xf6,0x54,0xf6,0x54,0xf6,0x54,0xf6,0x54,0xf6,0x54,0xf6,0x54,0xf6,0x54,0xf6,0x54,0x00,0x00,0x00,0x00,0x00,0x00,0x00,0x00,0x00,0x00,0x00,0x00,0x00,0x00,0x00,0x00,0xfe,0x74,0xf6,0x54,0xf6,0x54,0xf6,0x54,0xf6,0x54,0xf6,0x54,0xf6,0x54,0xf6,0x54,0xf6,0x54,0xf6,0x54,0xf6,0x54,0xf6,0x54,0xf6,0x54,0xf6,0x54,0xf6,0x54,0xf6,0x54,0xf6,0x54,0xf6,0x54,0xf6,0x54,0xf6,0x54,0xf6,0x54,0xf6,0x54,0xf6,0x54,0xf6,0x54,0xf6,0x54,0xf6,0x54,0xf6,0x54,0xf6,0x54,0xf6,0x54,0xf6,0x54,0xf6,0x54,0xf6,0x54,0xf6,0x54,0xf6,0x54,0xf6,0x54,0xf6,0x54,0xf6,0x54,0xf6,0x54,0xf6,0x54,0xf6,0x54,0xf6,0x54,0xf6,0x54,0xf6,0x54,0xf6,0x54,0xf6,0x54,0xf6,0x54,0xf6,0x54,0xf6,0x54,0xf6,0x54,0xf6,0x54,0xf6,0x54,0xf6,0x54,0xf6,0x54,0xf6,0x54,0xf6,0x54,0xf6,0x54,0xf6,0x54,0xf6,0x54,0xf6,0x54,0xf6,0x54,0xf6,0x54,0xf6,0x54,0xf6,0x54,0xf6,0x54,0xf6,0x54,0xf6,0x54,0x00,0x00,0x00,0x00,0x00,0x00,0x00,0x00,0x00,0x00,0x00,0x00,0x00,0x00,0x00,0x00,0xee,0x54,0xfe,0x54,0xf6,0x54,0xf6,0x54,0xf6,0x54,0xf6,0x54,0xf6,0x54,0xf6,0x54,0xf6,0x54,0xf6,0x54,0xf6,0x54,0xf6,0x54,0xf6,0x54,0xf6,0x54,0xf6,0x54,0xf6,0x54,0xf6,0x54,0xf6,0x54,0xf6,0x54,0xf6,0x54,0xf6,0x54,0xf6,0x54,0xf6,0x54,0xf6,0x54,0xf6,0x54,0xf6,0x54,0xf6,0x54,0xf6,0x54,0xf6,0x54,0xf6,0x54,0xf6,0x54,0xf6,0x54,0xf6,0x54,0xf6,0x54,0xf6,0x54,0xf6,0x54,0xf6,0x54,0xf6,0x54,0xf6,0x54,0xf6,0x54,0xf6,0x54,0xf6,0x54,0xf6,0x54,0xf6,0x54,0xf6,0x54,0xf6,0x54,0xf6,0x54,0xf6,0x54,0xf6,0x54,0xf6,0x54,0xf6,0x54,0xf6,0x54,0xf6,0x54,0xf6,0x54,0xf6,0x54,0xf6,0x54,0xf6,0x54,0xf6,0x54,0xf6,0x54,0xf6,0x54,0xf6,0x54,0xf6,0x54,0xf6,0x54,0xf6,0x54,0xf6,0x54,0xf6,0x54,0x00,0x00,0x00,0x00,0x00,0x00,0x00,0x00,0x00,0x00,0x00,0x00,0x00,0x00,0x00,0x00,0x00,0x00,0xf6,0x54,0xf6,0x54,0xf6,0x54,0xf6,0x54,0xf6,0x54,0xf6,0x54,0xf6,0x54,0xf6,0x54,0xf6,0x54,0xf6,0x54,0xf6,0x54,0xf6,0x54,0xf6,0x54,0xf6,0x54,0xf6,0x54,0xf6,0x54,0xf6,0x54,0xf6,0x54,0xf6,0x54,0xf6,0x54,0xf6,0x54,0xf6,0x54,0xf6,0x54,0xf6,0x54,0xf6,0x54,0xf6,0x54,0xf6,0x54,0xf6,0x54,0xf6,0x54,0xf6,0x54,0xf6,0x54,0xf6,0x54,0xf6,0x54,0xf6,0x54,0xf6,0x54,0xf6,0x54,0xf6,0x54,0xf6,0x54,0xf6,0x54,0xf6,0x54,0xf6,0x54,0xf6,0x54,0xf6,0x54,0xf6,0x54,0xf6,0x54,0xf6,0x54,0xf6,0x54,0xf6,0x54,0xf6,0x54,0xf6,0x54,0xf6,0x54,0xf6,0x54,0xf6,0x54,0xf6,0x54,0xf6,0x54,0xf6,0x54,0xf6,0x54,0xf6,0x54,0xf6,0x54,0xf6,0x54,0xf6,0x54,0xf6,0x54,0xf6,0x54,0xf6,0x54,0xf6,0x54,0x00,0x00,0x00,0x00,0x00,0x00,0x00,0x00,0x00,0x00,0x00,0x00,0x00,0x00,0x00,0x00,0x00,0x00,0xf6,0x74,0xf6,0x54,0xf6,0x54,0xf6,0x54,0xf6,0x54,0xf6,0x54,0xf6,0x54,0xf6,0x54,0xf6,0x54,0xf6,0x54,0xf6,0x54,0xf6,0x54,0xf6,0x54,0xf6,0x54,0xf6,0x54,0xf6,0x54,0xf6,0x54,0xf6,0x54,0xf6,0x54,0xf6,0x54,0xf6,0x54,0xf6,0x54,0xf6,0x54,0xf6,0x54,0xf6,0x54,0xf6,0x54,0xf6,0x54,0xf6,0x54,0xf6,0x54,0xf6,0x54,0xf6,0x54,0xf6,0x54,0xf6,0x54,0xf6,0x54,0xf6,0x54,0xf6,0x54,0xf6,0x54,0xf6,0x54,0xf6,0x54,0xf6,0x54,0xf6,0x54,0xf6,0x54,0xf6,0x54,0xf6,0x54,0xf6,0x54,0xf6,0x54,0xf6,0x54,0xf6,0x54,0xf6,0x54,0xf6,0x54,0xf6,0x54,0xf6,0x54,0xf6,0x54,0xf6,0x54,0xf6,0x54,0xf6,0x54,0xf6,0x54,0xf6,0x54,0xf6,0x54,0xf6,0x54,0xf6,0x54,0xf6,0x54,0xf6,0x54,0xf6,0x54,0xf6,0x54,0x00,0x00,0x00,0x00,0x00,0x00,0x00,0x00,0x00,0x00,0x00,0x00,0x00,0x00,0x00,0x00,0x00,0x00,0xfd,0x55,0xf6,0x54,0xf6,0x54,0xf6,0x54,0xf6,0x54,0xf6,0x54,0xf6,0x54,0xf6,0x54,0xf6,0x54,0xf6,0x54,0xf6,0x54,0xf6,0x54,0xf6,0x54,0xf6,0x54,0xf6,0x54,0xf6,0x54,0xf6,0x54,0xf6,0x54,0xf6,0x54,0xf6,0x54,0xf6,0x54,0xf6,0x54,0xf6,0x54,0xf6,0x54,0xf6,0x54,0xf6,0x54,0xf6,0x54,0xf6,0x54,0xf6,0x54,0xf6,0x54,0xf6,0x54,0xf6,0x54,0xf6,0x54,0xf6,0x54,0xf6,0x54,0xf6,0x54,0xf6,0x54,0xf6,0x54,0xf6,0x54,0xf6,0x54,0xf6,0x54,0xf6,0x54,0xf6,0x54,0xf6,0x54,0xf6,0x54,0xf6,0x54,0xf6,0x54,0xf6,0x54,0xf6,0x54,0xf6,0x54,0xf6,0x54,0xf6,0x54,0xf6,0x54,0xf6,0x54,0xf6,0x54,0xf6,0x54,0xf6,0x54,0xf6,0x54,0xf6,0x54,0xf6,0x54,0xf6,0x54,0xf6,0x54,0xf6,0x54,0xf6,0x54,0xf6,0x54,0x00,0x00,0x00,0x00,0x00,0x00,0x00,0x00,0x00,0x00,0x00,0x00,0x00,0x00,0x00,0x00,0x00,0x00,0x00,0x00,0xf6,0x34,0xf6,0x54,0xf6,0x54,0xf6,0x54,0xf6,0x54,0xf6,0x54,0xf6,0x54,0xf6,0x54,0xf6,0x54,0xf6,0x54,0xf6,0x54,0xf6,0x54,0xf6,0x54,0xf6,0x54,0xf6,0x54,0xf6,0x54,0xf6,0x54,0xf6,0x54,0xf6,0x54,0xf6,0x54,0xf6,0x54,0xf6,0x54,0xf6,0x54,0xf6,0x54,0xf6,0x54,0xf6,0x54,0xf6,0x54,0xf6,0x54,0xf6,0x54,0xf6,0x54,0xf6,0x54,0xf6,0x54,0xf6,0x54,0xf6,0x54,0xf6,0x54,0xf6,0x54,0xf6,0x54,0xf6,0x54,0xf6,0x54,0xf6,0x54,0xf6,0x54,0xf6,0x54,0xf6,0x54,0xf6,0x54,0xf6,0x54,0xf6,0x54,0xf6,0x54,0xf6,0x54,0xf6,0x54,0xf6,0x54,0xf6,0x54,0xf6,0x54,0xf6,0x54,0xf6,0x54,0xf6,0x54,0xf6,0x54,0xf6,0x54,0xf6,0x54,0xf6,0x54,0xf6,0x54,0xf6,0x54,0xf6,0x54,0xf6,0x54,0xf6,0x54,0x00,0x00,0x00,0x00,0x00,0x00,0x00,0x00,0x00,0x00,0x00,0x00,0x00,0x00,0x00,0x00,0x00,0x00,0x00,0x00,0x00,0x00,0xf6,0x54,0xf6,0x54,0xf6,0x54,0xf6,0x54,0xf6,0x54,0xf6,0x54,0xf6,0x54,0xf6,0x54,0xf6,0x54,0xf6,0x54,0xf6,0x54,0xf6,0x54,0xf6,0x54,0xf6,0x54,0xf6,0x54,0xf6,0x54,0xf6,0x54,0xf6,0x54,0xf6,0x54,0xf6,0x54,0xf6,0x54,0xf6,0x54,0xf6,0x54,0xf6,0x54,0xf6,0x54,0xf6,0x54,0xf6,0x54,0xf6,0x54,0xf6,0x54,0xf6,0x54,0xf6,0x54,0xf6,0x54,0xf6,0x54,0xf6,0x54,0xf6,0x54,0xf6,0x54,0xf6,0x54,0xf6,0x54,0xf6,0x54,0xf6,0x54,0xf6,0x54,0xf6,0x54,0xf6,0x54,0xf6,0x54,0xf6,0x54,0xf6,0x54,0xf6,0x54,0xf6,0x54,0xf6,0x54,0xf6,0x54,0xf6,0x54,0xf6,0x54,0xf6,0x54,0xf6,0x54,0xf6,0x54,0xf6,0x54,0xf6,0x54,0xf6,0x54,0xf6,0x54,0xf6,0x54,0xf6,0x54,0xf6,0x54,0xf6,0x54,0x00,0x00,0x00,0x00,0x00,0x00,0x00,0x00,0x00,0x00,0x00,0x00,0x00,0x00,0x00,0x00,0x00,0x00,0x00,0x00,0x00,0x00,0xfe,0x35,0xf6,0x54,0xf6,0x54,0xf6,0x54,0xf6,0x54,0xf6,0x54,0xf6,0x54,0xf6,0x54,0xf6,0x54,0xf6,0x54,0xf6,0x54,0xf6,0x54,0xf6,0x54,0xf6,0x54,0xf6,0x54,0xf6,0x54,0xf6,0x54,0xf6,0x54,0xf6,0x54,0xf6,0x54,0xf6,0x54,0xf6,0x54,0xf6,0x54,0xf6,0x54,0xf6,0x54,0xf6,0x54,0xf6,0x54,0xf6,0x54,0xf6,0x54,0xf6,0x54,0xf6,0x54,0xf6,0x54,0xf6,0x54,0xf6,0x54,0xf6,0x54,0xf6,0x54,0xf6,0x54,0xf6,0x54,0xf6,0x54,0xf6,0x54,0xf6,0x54,0xf6,0x54,0xf6,0x54,0xf6,0x54,0xf6,0x54,0xf6,0x54,0xf6,0x54,0xf6,0x54,0xf6,0x54,0xf6,0x54,0xf6,0x54,0xf6,0x54,0xf6,0x54,0xf6,0x54,0xf6,0x54,0xf6,0x54,0xf6,0x54,0xf6,0x54,0xf6,0x54,0xf6,0x54,0xf6,0x54,0xf6,0x54,0xf6,0x54,0x00,0x00,0x00,0x00,0x00,0x00,0x00,0x00,0x00,0x00,0x00,0x00,0x00,0x00,0x00,0x00,0x00,0x00,0x00,0x00,0x00,0x00,0x00,0x00,0xfe,0x54,0xf6,0x54,0xf6,0x54,0xf6,0x54,0xf6,0x54,0xf6,0x54,0xf6,0x54,0xf6,0x54,0xf6,0x54,0xf6,0x54,0xf6,0x54,0xf6,0x54,0xf6,0x54,0xf6,0x54,0xf6,0x54,0xf6,0x54,0xf6,0x54,0xf6,0x54,0xf6,0x54,0xf6,0x54,0xf6,0x54,0xf6,0x54,0xf6,0x54,0xf6,0x54,0xf6,0x54,0xf6,0x54,0xf6,0x54,0xf6,0x54,0xf6,0x54,0xf6,0x54,0xf6,0x54,0xf6,0x54,0xf6,0x54,0xf6,0x54,0xf6,0x54,0xf6,0x54,0xf6,0x54,0xf6,0x54,0xf6,0x54,0xf6,0x54,0xf6,0x54,0xf6,0x54,0xf6,0x54,0xf6,0x54,0xf6,0x54,0xf6,0x54,0xf6,0x54,0xf6,0x54,0xf6,0x54,0xf6,0x54,0xf6,0x54,0xf6,0x54,0xf6,0x54,0xf6,0x54,0xf6,0x54,0xf6,0x54,0xf6,0x54,0xf6,0x54,0xf6,0x54,0xf6,0x54,0xf6,0x54,0xf6,0x54,0x00,0x00,0x00,0x00,0x00,0x00,0x00,0x00,0x00,0x00,0x00,0x00,0x00,0x00,0x00,0x00,0x00,0x00,0x00,0x00,0x00,0x00,0x00,0x00,0xed,0xf3,0xf6,0x54,0xf6,0x54,0xf6,0x54,0xf6,0x54,0xf6,0x54,0xf6,0x54,0xf6,0x54,0xf6,0x54,0xf6,0x54,0xf6,0x54,0xf6,0x54,0xf6,0x54,0xf6,0x54,0xf6,0x54,0xf6,0x54,0xf6,0x54,0xf6,0x54,0xf6,0x54,0xf6,0x54,0xf6,0x54,0xf6,0x54,0xf6,0x54,0xf6,0x54,0xf6,0x54,0xf6,0x54,0xf6,0x54,0xf6,0x54,0xf6,0x54,0xf6,0x54,0xf6,0x54,0xf6,0x54,0xf6,0x54,0xf6,0x54,0xf6,0x54,0xf6,0x54,0xf6,0x54,0xf6,0x54,0xf6,0x54,0xf6,0x54,0xf6,0x54,0xf6,0x54,0xf6,0x54,0xf6,0x54,0xf6,0x54,0xf6,0x54,0xf6,0x54,0xf6,0x54,0xf6,0x54,0xf6,0x54,0xf6,0x54,0xf6,0x54,0xf6,0x54,0xf6,0x54,0xf6,0x54,0xf6,0x54,0xf6,0x54,0xf6,0x54,0xf6,0x54,0xf6,0x54,0xf6,0x54,0xf6,0x54,0x00,0x00,0x00,0x00,0x00,0x00,0x00,0x00,0x00,0x00,0x00,0x00,0x00,0x00,0x00,0x00,0x00,0x00,0x00,0x00,0x00,0x00,0x00,0x00,0x00,0x00,0xfe,0x54,0xf6,0x54,0xf6,0x54,0xf6,0x54,0xf6,0x54,0xf6,0x54,0xf6,0x54,0xf6,0x54,0xf6,0x54,0xf6,0x54,0xf6,0x54,0xf6,0x54,0xf6,0x54,0xf6,0x54,0xf6,0x54,0xf6,0x54,0xf6,0x54,0xf6,0x54,0xf6,0x54,0xf6,0x54,0xf6,0x54,0xf6,0x54,0xf6,0x54,0xf6,0x54,0xf6,0x54,0xf6,0x54,0xf6,0x54,0xf6,0x54,0xf6,0x54,0xf6,0x54,0xf6,0x54,0xf6,0x54,0xf6,0x54,0xf6,0x54,0xf6,0x54,0xf6,0x54,0xf6,0x54,0xf6,0x54,0xf6,0x54,0xf6,0x54,0xf6,0x54,0xf6,0x54,0xf6,0x54,0xf6,0x54,0xf6,0x54,0xf6,0x54,0xf6,0x54,0xf6,0x54,0xf6,0x54,0xf6,0x54,0xf6,0x54,0xf6,0x54,0xf6,0x54,0xf6,0x54,0xf6,0x54,0xf6,0x54,0xf6,0x54,0xf6,0x54,0xf6,0x54,0xf6,0x54,0xf6,0x54,0x00,0x00,0x00,0x00,0x00,0x00,0x00,0x00,0x00,0x00,0x00,0x00,0x00,0x00,0x00,0x00,0x00,0x00,0x00,0x00,0x00,0x00,0x00,0x00,0x00,0x00,0xf6,0x13,0xfe,0x54,0xf6,0x54,0xf6,0x54,0xf6,0x54,0xf6,0x54,0xf6,0x54,0xf6,0x54,0xf6,0x54,0xf6,0x54,0xf6,0x54,0xf6,0x54,0xf6,0x54,0xf6,0x54,0xf6,0x54,0xf6,0x54,0xf6,0x54,0xf6,0x54,0xf6,0x54,0xf6,0x54,0xf6,0x54,0xf6,0x54,0xf6,0x54,0xf6,0x54,0xf6,0x54,0xf6,0x54,0xf6,0x54,0xf6,0x54,0xf6,0x54,0xf6,0x54,0xf6,0x54,0xf6,0x54,0xf6,0x54,0xf6,0x54,0xf6,0x54,0xf6,0x54,0xf6,0x54,0xf6,0x54,0xf6,0x54,0xf6,0x54,0xf6,0x54,0xf6,0x54,0xf6,0x54,0xf6,0x54,0xf6,0x54,0xf6,0x54,0xf6,0x54,0xf6,0x54,0xf6,0x54,0xf6,0x54,0xf6,0x54,0xf6,0x54,0xf6,0x54,0xf6,0x54,0xf6,0x54,0xf6,0x54,0xf6,0x54,0xf6,0x54,0xf6,0x54,0xf6,0x54,0xf6,0x54,0x00,0x00,0x00,0x00,0x00,0x00,0x00,0x00,0x00,0x00,0x00,0x00,0x00,0x00,0x00,0x00,0x00,0x00,0x00,0x00,0x00,0x00,0x00,0x00,0x00,0x00,0x00,0x00,0xfe,0x54,0xf6,0x54,0xf6,0x54,0xf6,0x54,0xf6,0x54,0xf6,0x54,0xf6,0x54,0xf6,0x54,0xf6,0x54,0xf6,0x54,0xf6,0x54,0xf6,0x54,0xf6,0x54,0xf6,0x54,0xf6,0x54,0xf6,0x54,0xf6,0x54,0xf6,0x54,0xf6,0x54,0xf6,0x54,0xf6,0x54,0xf6,0x54,0xf6,0x54,0xf6,0x54,0xf6,0x54,0xf6,0x54,0xf6,0x54,0xf6,0x54,0xf6,0x54,0xf6,0x54,0xf6,0x54,0xf6,0x54,0xf6,0x54,0xf6,0x54,0xf6,0x54,0xf6,0x54,0xf6,0x54,0xf6,0x54,0xf6,0x54,0xf6,0x54,0xf6,0x54,0xf6,0x54,0xf6,0x54,0xf6,0x54,0xf6,0x54,0xf6,0x54,0xf6,0x54,0xf6,0x54,0xf6,0x54,0xf6,0x54,0xf6,0x54,0xf6,0x54,0xf6,0x54,0xf6,0x54,0xf6,0x54,0xf6,0x54,0xf6,0x54,0xf6,0x54,0xf6,0x54,0xfe,0x54,0x00,0x00,0x00,0x00,0x00,0x00,0x00,0x00,0x00,0x00,0x00,0x00,0x00,0x00,0x00,0x00,0x00,0x00,0x00,0x00,0x00,0x00,0x00,0x00,0x00,0x00,0x00,0x00,0xff,0xff,0xf6,0x54,0xf6,0x54,0xf6,0x54,0xf6,0x54,0xf6,0x54,0xf6,0x54,0xf6,0x54,0xf6,0x54,0xf6,0x54,0xf6,0x54,0xf6,0x54,0xf6,0x54,0xf6,0x54,0xf6,0x54,0xf6,0x54,0xf6,0x54,0xf6,0x54,0xf6,0x54,0xf6,0x54,0xf6,0x54,0xf6,0x54,0xf6,0x54,0xf6,0x54,0xf6,0x54,0xf6,0x54,0xf6,0x54,0xf6,0x54,0xf6,0x54,0xf6,0x54,0xf6,0x54,0xf6,0x54,0xf6,0x54,0xf6,0x54,0xf6,0x54,0xf6,0x54,0xf6,0x54,0xf6,0x54,0xf6,0x54,0xf6,0x54,0xf6,0x54,0xf6,0x54,0xf6,0x54,0xf6,0x54,0xf6,0x54,0xf6,0x54,0xf6,0x54,0xf6,0x54,0xf6,0x54,0xf6,0x54,0xf6,0x54,0xf6,0x54,0xf6,0x54,0xf6,0x54,0xf6,0x54,0xf6,0x54,0xf6,0x54,0xf6,0x54,0xf6,0x54,0xf6,0x54,0x00,0x00,0x00,0x00,0x00,0x00,0x00,0x00,0x00,0x00,0x00,0x00,0x00,0x00,0x00,0x00,0x00,0x00,0x00,0x00,0x00,0x00,0x00,0x00,0x00,0x00,0x00,0x00,0x00,0x00,0xf6,0x75,0xf6,0x54,0xf6,0x54,0xf6,0x54,0xf6,0x54,0xf6,0x54,0xf6,0x54,0xf6,0x54,0xf6,0x54,0xf6,0x54,0xf6,0x54,0xf6,0x54,0xf6,0x54,0xf6,0x54,0xf6,0x54,0xf6,0x54,0xf6,0x54,0xf6,0x54,0xf6,0x54,0xf6,0x54,0xf6,0x54,0xf6,0x54,0xf6,0x54,0xf6,0x54,0xf6,0x54,0xf6,0x54,0xf6,0x54,0xf6,0x54,0xf6,0x54,0xf6,0x54,0xf6,0x54,0xf6,0x54,0xf6,0x54,0xf6,0x54,0xf6,0x54,0xf6,0x54,0xf6,0x54,0xf6,0x54,0xf6,0x54,0xf6,0x54,0xf6,0x54,0xf6,0x54,0xf6,0x54,0xf6,0x54,0xf6,0x54,0xf6,0x54,0xf6,0x54,0xf6,0x54,0xf6,0x54,0xf6,0x54,0xf6,0x54,0xf6,0x54,0xf6,0x54,0xf6,0x54,0xf6,0x54,0xf6,0x54,0xf6,0x54,0xf6,0x54,0xf6,0x54,0x00,0x00,0x00,0x00,0x00,0x00,0x00,0x00,0x00,0x00,0x00,0x00,0x00,0x00,0x00,0x00,0x00,0x00,0x00,0x00,0x00,0x00,0x00,0x00,0x00,0x00,0x00,0x00,0x00,0x00,0x00,0x00,0xfe,0x54,0xf6,0x54,0xf6,0x54,0xf6,0x54,0xf6,0x54,0xf6,0x54,0xf6,0x54,0xf6,0x54,0xf6,0x54,0xf6,0x54,0xf6,0x54,0xf6,0x54,0xf6,0x54,0xf6,0x54,0xf6,0x54,0xf6,0x54,0xf6,0x54,0xf6,0x54,0xf6,0x54,0xf6,0x54,0xf6,0x54,0xf6,0x54,0xf6,0x54,0xf6,0x54,0xf6,0x54,0xf6,0x54,0xf6,0x54,0xf6,0x54,0xf6,0x54,0xf6,0x54,0xf6,0x54,0xf6,0x54,0xf6,0x54,0xf6,0x54,0xf6,0x54,0xf6,0x54,0xf6,0x54,0xf6,0x54,0xf6,0x54,0xf6,0x54,0xf6,0x54,0xf6,0x54,0xf6,0x54,0xf6,0x54,0xf6,0x54,0xf6,0x54,0xf6,0x54,0xf6,0x54,0xf6,0x54,0xf6,0x54,0xf6,0x54,0xf6,0x54,0xf6,0x54,0xf6,0x54,0xf6,0x54,0xf6,0x54,0xf6,0x54,0xf6,0x54,0x00,0x00,0x00,0x00,0x00,0x00,0x00,0x00,0x00,0x00,0x00,0x00,0x00,0x00,0x00,0x00,0x00,0x00,0x00,0x00,0x00,0x00,0x00,0x00,0x00,0x00,0x00,0x00,0x00,0x00,0x00,0x00,0xfe,0x54,0xf6,0x54,0xf6,0x54,0xf6,0x54,0xf6,0x54,0xf6,0x54,0xf6,0x54,0xf6,0x54,0xf6,0x54,0xf6,0x54,0xf6,0x54,0xf6,0x54,0xf6,0x54,0xf6,0x54,0xf6,0x54,0xf6,0x54,0xf6,0x54,0xf6,0x54,0xf6,0x54,0xf6,0x54,0xf6,0x54,0xf6,0x54,0xf6,0x54,0xf6,0x54,0xf6,0x54,0xf6,0x54,0xf6,0x54,0xf6,0x54,0xf6,0x54,0xf6,0x54,0xf6,0x54,0xf6,0x54,0xf6,0x54,0xf6,0x54,0xf6,0x54,0xf6,0x54,0xf6,0x54,0xf6,0x54,0xf6,0x54,0xf6,0x54,0xf6,0x54,0xf6,0x54,0xf6,0x54,0xf6,0x54,0xf6,0x54,0xf6,0x54,0xf6,0x54,0xf6,0x54,0xf6,0x54,0xf6,0x54,0xf6,0x54,0xf6,0x54,0xf6,0x54,0xf6,0x54,0xf6,0x54,0xf6,0x54,0xf6,0x54,0xfe,0xb5,0x00,0x00,0x00,0x00,0x00,0x00,0x00,0x00,0x00,0x00,0x00,0x00,0x00,0x00,0x00,0x00,0x00,0x00,0x00,0x00,0x00,0x00,0x00,0x00,0x00,0x00,0x00,0x00,0x00,0x00,0x00,0x00,0xee,0x33,0xfe,0x54,0xf6,0x54,0xf6,0x54,0xf6,0x54,0xf6,0x54,0xf6,0x54,0xf6,0x54,0xf6,0x54,0xf6,0x54,0xf6,0x54,0xf6,0x54,0xf6,0x54,0xf6,0x54,0xf6,0x54,0xf6,0x54,0xf6,0x54,0xf6,0x54,0xf6,0x54,0xf6,0x54,0xf6,0x54,0xf6,0x54,0xf6,0x54,0xf6,0x54,0xf6,0x54,0xf6,0x54,0xf6,0x54,0xf6,0x54,0xf6,0x54,0xf6,0x54,0xf6,0x54,0xf6,0x54,0xf6,0x54,0xf6,0x54,0xf6,0x54,0xf6,0x54,0xf6,0x54,0xf6,0x54,0xf6,0x54,0xf6,0x54,0xf6,0x54,0xf6,0x54,0xf6,0x54,0xf6,0x54,0xf6,0x54,0xf6,0x54,0xf6,0x54,0xf6,0x54,0xf6,0x54,0xf6,0x54,0xf6,0x54,0xf6,0x54,0xf6,0x54,0xf6,0x54,0xf6,0x54,0xf6,0x54,0xf6,0x54,0x00,0x00,0x00,0x00,0x00,0x00,0x00,0x00,0x00,0x00,0x00,0x00,0x00,0x00,0x00,0x00,0x00,0x00,0x00,0x00,0x00,0x00,0x00,0x00,0x00,0x00,0x00,0x00,0x00,0x00,0x00,0x00,0x00,0x00,0x00,0x00,0xf6,0x54,0xf6,0x54,0xf6,0x54,0xf6,0x54,0xf6,0x54,0xf6,0x54,0xf6,0x54,0xf6,0x54,0xf6,0x54,0xf6,0x54,0xf6,0x54,0xf6,0x54,0xf6,0x54,0xf6,0x54,0xf6,0x54,0xf6,0x54,0xf6,0x54,0xf6,0x54,0xf6,0x54,0xf6,0x54,0xf6,0x54,0xf6,0x54,0xf6,0x54,0xf6,0x54,0xf6,0x54,0xf6,0x54,0xf6,0x54,0xf6,0x54,0xf6,0x54,0xf6,0x54,0xf6,0x54,0xf6,0x54,0xf6,0x54,0xf6,0x54,0xf6,0x54,0xf6,0x54,0xf6,0x54,0xf6,0x54,0xf6,0x54,0xf6,0x54,0xf6,0x54,0xf6,0x54,0xf6,0x54,0xf6,0x54,0xf6,0x54,0xf6,0x54,0xf6,0x54,0xf6,0x54,0xf6,0x54,0xf6,0x54,0xf6,0x54,0xf6,0x54,0xf6,0x54,0xf6,0x54,0xf6,0x54,0xf6,0x54,0x00,0x00,0x00,0x00,0x00,0x00,0x00,0x00,0x00,0x00,0x00,0x00,0x00,0x00,0x00,0x00,0x00,0x00,0x00,0x00,0x00,0x00,0x00,0x00,0x00,0x00,0x00,0x00,0x00,0x00,0x00,0x00,0x00,0x00,0x00,0x00,0xfe,0xb5,0xf6,0x54,0xf6,0x54,0xf6,0x54,0xf6,0x54,0xf6,0x54,0xf6,0x54,0xf6,0x54,0xf6,0x54,0xf6,0x54,0xf6,0x54,0xf6,0x54,0xf6,0x54,0xf6,0x54,0xf6,0x54,0xf6,0x54,0xf6,0x54,0xf6,0x54,0xf6,0x54,0xf6,0x54,0xf6,0x54,0xf6,0x54,0xf6,0x54,0xf6,0x54,0xf6,0x54,0xf6,0x54,0xf6,0x54,0xf6,0x54,0xf6,0x54,0xf6,0x54,0xf6,0x54,0xf6,0x54,0xf6,0x54,0xf6,0x54,0xf6,0x54,0xf6,0x54,0xf6,0x54,0xf6,0x54,0xf6,0x54,0xf6,0x54,0xf6,0x54,0xf6,0x54,0xf6,0x54,0xf6,0x54,0xf6,0x54,0xf6,0x54,0xf6,0x54,0xf6,0x54,0xf6,0x54,0xf6,0x54,0xf6,0x54,0xf6,0x54,0xf6,0x54,0xf6,0x54,0xf6,0x54,0xfe,0x75,0x00,0x00,0x00,0x00,0x00,0x00,0x00,0x00,0x00,0x00,0x00,0x00,0x00,0x00,0x00,0x00,0x00,0x00,0x00,0x00,0x00,0x00,0x00,0x00,0x00,0x00,0x00,0x00,0x00,0x00,0x00,0x00,0x00,0x00,0x00,0x00,0x00,0x00,0xfe,0x74,0xf6,0x54,0xf6,0x54,0xf6,0x54,0xf6,0x54,0xf6,0x54,0xf6,0x54,0xf6,0x54,0xf6,0x54,0xf6,0x54,0xf6,0x54,0xf6,0x54,0xf6,0x54,0xf6,0x54,0xf6,0x54,0xf6,0x54,0xf6,0x54,0xf6,0x54,0xf6,0x54,0xf6,0x54,0xf6,0x54,0xf6,0x54,0xf6,0x54,0xf6,0x54,0xf6,0x54,0xf6,0x54,0xf6,0x54,0xf6,0x54,0xf6,0x54,0xf6,0x54,0xf6,0x54,0xf6,0x54,0xf6,0x54,0xf6,0x54,0xf6,0x54,0xf6,0x54,0xf6,0x54,0xf6,0x54,0xf6,0x54,0xf6,0x54,0xf6,0x54,0xf6,0x54,0xf6,0x54,0xf6,0x54,0xf6,0x54,0xf6,0x54,0xf6,0x54,0xf6,0x54,0xf6,0x54,0xf6,0x54,0xf6,0x54,0xf6,0x54,0xf6,0x54,0xf6,0x54,0xcc,0xd3,0x00,0x00,0x00,0x00,0x00,0x00,0x00,0x00,0x00,0x00,0x00,0x00,0x00,0x00,0x00,0x00,0x00,0x00,0x00,0x00,0x00,0x00,0x00,0x00,0x00,0x00,0x00,0x00,0x00,0x00,0x00,0x00,0x00,0x00,0x00,0x00,0x00,0x00,0x00,0x00,0xf6,0x54,0xf6,0x54,0xf6,0x54,0xf6,0x54,0xf6,0x54,0xf6,0x54,0xf6,0x54,0xf6,0x54,0xf6,0x54,0xf6,0x54,0xf6,0x54,0xf6,0x54,0xf6,0x54,0xf6,0x54,0xf6,0x54,0xf6,0x54,0xf6,0x54,0xf6,0x54,0xf6,0x54,0xf6,0x54,0xf6,0x54,0xf6,0x54,0xf6,0x54,0xf6,0x54,0xf6,0x54,0xf6,0x54,0xf6,0x54,0xf6,0x54,0xf6,0x54,0xf6,0x54,0xf6,0x54,0xf6,0x54,0xf6,0x54,0xf6,0x54,0xf6,0x54,0xf6,0x54,0xf6,0x54,0xf6,0x54,0xf6,0x54,0xf6,0x54,0xf6,0x54,0xf6,0x54,0xf6,0x54,0xf6,0x54,0xf6,0x54,0xf6,0x54,0xf6,0x54,0xf6,0x54,0xf6,0x54,0xf6,0x54,0xf6,0x54,0xf6,0x54,0xf6,0x54,0x00,0x00,0x00,0x00,0x00,0x00,0x00,0x00,0x00,0x00,0x00,0x00,0x00,0x00,0x00,0x00,0x00,0x00,0x00,0x00,0x00,0x00,0x00,0x00,0x00,0x00,0x00,0x00,0x00,0x00,0x00,0x00,0x00,0x00,0x00,0x00,0x00,0x00,0x00,0x00,0x00,0x00,0xf6,0x74,0xf6,0x54,0xf6,0x54,0xf6,0x54,0xf6,0x54,0xf6,0x54,0xf6,0x54,0xf6,0x54,0xf6,0x54,0xf6,0x54,0xf6,0x54,0xf6,0x54,0xf6,0x54,0xf6,0x54,0xf6,0x54,0xf6,0x54,0xf6,0x54,0xf6,0x54,0xf6,0x54,0xf6,0x54,0xf6,0x54,0xf6,0x54,0xf6,0x54,0xf6,0x54,0xf6,0x54,0xf6,0x54,0xf6,0x54,0xf6,0x54,0xf6,0x54,0xf6,0x54,0xf6,0x54,0xf6,0x54,0xf6,0x54,0xf6,0x54,0xf6,0x54,0xf6,0x54,0xf6,0x54,0xf6,0x54,0xf6,0x54,0xf6,0x54,0xf6,0x54,0xf6,0x54,0xf6,0x54,0xf6,0x54,0xf6,0x54,0xf6,0x54,0xf6,0x54,0xf6,0x54,0xf6,0x54,0xf6,0x54,0xf6,0x54,0xfe,0x54,0xfe,0x94,0x00,0x00,0x00,0x00,0x00,0x00,0x00,0x00,0x00,0x00,0x00,0x00,0x00,0x00,0x00,0x00,0x00,0x00,0x00,0x00,0x00,0x00,0x00,0x00,0x00,0x00,0x00,0x00,0x00,0x00,0x00,0x00,0x00,0x00,0x00,0x00,0x00,0x00,0x00,0x00,0x00,0x00,0xf8,0x00,0xf6,0x54,0xf6,0x54,0xf6,0x54,0xf6,0x54,0xf6,0x54,0xf6,0x54,0xf6,0x54,0xf6,0x54,0xf6,0x54,0xf6,0x54,0xf6,0x54,0xf6,0x54,0xf6,0x54,0xf6,0x54,0xf6,0x54,0xf6,0x54,0xf6,0x54,0xf6,0x54,0xf6,0x54,0xf6,0x54,0xf6,0x54,0xf6,0x54,0xf6,0x54,0xf6,0x54,0xf6,0x54,0xf6,0x54,0xf6,0x54,0xf6,0x54,0xf6,0x54,0xf6,0x54,0xf6,0x54,0xf6,0x54,0xf6,0x54,0xf6,0x54,0xf6,0x54,0xf6,0x54,0xf6,0x54,0xf6,0x54,0xf6,0x54,0xf6,0x54,0xf6,0x54,0xf6,0x54,0xf6,0x54,0xf6,0x54,0xf6,0x54,0xf6,0x54,0xf6,0x54,0xf6,0x54,0xf6,0x54,0xfe,0x54,0xf6,0x53,0x00,0x00,0x00,0x00,0x00,0x00,0x00,0x00,0x00,0x00,0x00,0x00,0x00,0x00,0x00,0x00,0x00,0x00,0x00,0x00,0x00,0x00,0x00,0x00,0x00,0x00,0x00,0x00,0x00,0x00,0x00,0x00,0x00,0x00,0x00,0x00,0x00,0x00,0x00,0x00,0x00,0x00,0x00,0x00,0x00,0x00,0xfe,0xd6,0xfe,0x54,0xfe,0x54,0xf6,0x54,0xf6,0x54,0xf6,0x54,0xf6,0x54,0xf6,0x54,0xf6,0x54,0xf6,0x54,0xf6,0x54,0xf6,0x54,0xf6,0x54,0xf6,0x54,0xf6,0x54,0xf6,0x54,0xf6,0x54,0xf6,0x54,0xf6,0x54,0xf6,0x54,0xf6,0x54,0xf6,0x54,0xf6,0x54,0xf6,0x54,0xf6,0x54,0xf6,0x54,0xf6,0x54,0xf6,0x54,0xf6,0x54,0xf6,0x54,0xf6,0x54,0xf6,0x54,0xf6,0x54,0xf6,0x54,0xf6,0x54,0xf6,0x54,0xf6,0x54,0xf6,0x54,0xf6,0x54,0xf6,0x54,0xf6,0x54,0xf6,0x54,0xf6,0x54,0xf6,0x54,0xf6,0x54,0xf6,0x54,0xf6,0x54,0xf6,0x54,0xf6,0x54,0xf6,0x54,0x00,0x00,0x00,0x00,0x00,0x00,0x00,0x00,0x00,0x00,0x00,0x00,0x00,0x00,0x00,0x00,0x00,0x00,0x00,0x00,0x00,0x00,0x00,0x00,0x00,0x00,0x00,0x00,0x00,0x00,0x00,0x00,0x00,0x00,0x00,0x00,0x00,0x00,0x00,0x00,0x00,0x00,0x00,0x00,0x00,0x00,0x00,0x00,0x00,0x00,0xf6,0x54,0xf6,0x54,0xf6,0x54,0xf6,0x54,0xf6,0x54,0xf6,0x54,0xf6,0x54,0xf6,0x54,0xf6,0x54,0xf6,0x54,0xf6,0x54,0xf6,0x54,0xf6,0x54,0xf6,0x54,0xf6,0x54,0xf6,0x54,0xf6,0x54,0xf6,0x54,0xf6,0x54,0xf6,0x54,0xf6,0x54,0xf6,0x54,0xf6,0x54,0xf6,0x54,0xf6,0x54,0xf6,0x54,0xf6,0x54,0xf6,0x54,0xf6,0x54,0xf6,0x54,0xf6,0x54,0xf6,0x54,0xf6,0x54,0xf6,0x54,0xf6,0x54,0xf6,0x54,0xf6,0x54,0xf6,0x54,0xf6,0x54,0xf6,0x54,0xf6,0x54,0xf6,0x54,0xf6,0x54,0xf6,0x54,0xf6,0x54,0xf6,0x54,0xf6,0x54,0xf6,0x54,0x00,0x00,0x00,0x00,0x00,0x00,0x00,0x00,0x00,0x00,0x00,0x00,0x00,0x00,0x00,0x00,0x00,0x00,0x00,0x00,0x00,0x00,0x00,0x00,0x00,0x00,0x00,0x00,0x00,0x00,0x00,0x00,0x00,0x00,0x00,0x00,0x00,0x00,0x00,0x00,0x00,0x00,0x00,0x00,0x00,0x00,0x00,0x00,0x00,0x00,0x00,0x00,0x00,0x00,0xfe,0x94,0xf6,0x54,0xf6,0x54,0xf6,0x54,0xf6,0x54,0xf6,0x54,0xf6,0x54,0xf6,0x54,0xf6,0x54,0xf6,0x54,0xf6,0x54,0xf6,0x54,0xf6,0x54,0xf6,0x54,0xf6,0x54,0xf6,0x54,0xf6,0x54,0xf6,0x54,0xf6,0x54,0xf6,0x54,0xf6,0x54,0xf6,0x54,0xf6,0x54,0xf6,0x54,0xf6,0x54,0xf6,0x54,0xf6,0x54,0xf6,0x54,0xf6,0x54,0xf6,0x54,0xf6,0x54,0xf6,0x54,0xf6,0x54,0xf6,0x54,0xf6,0x54,0xf6,0x54,0xf6,0x54,0xf6,0x54,0xf6,0x54,0xf6,0x54,0xf6,0x54,0xf6,0x54,0xf6,0x54,0xf6,0x54,0xf6,0x54,0xf6,0x74,0xfe,0xb5,0x00,0x00,0x00,0x00,0x00,0x00,0x00,0x00,0x00,0x00,0x00,0x00,0x00,0x00,0x00,0x00,0x00,0x00,0x00,0x00,0x00,0x00,0x00,0x00,0x00,0x00,0x00,0x00,0x00,0x00,0x00,0x00,0x00,0x00,0x00,0x00,0x00,0x00,0x00,0x00,0x00,0x00,0x00,0x00,0x00,0x00,0x00,0x00,0x00,0x00,0x00,0x00,0x00,0x00,0x00,0x00,0xfe,0x73,0xfe,0x54,0xf6,0x54,0xf6,0x54,0xf6,0x54,0xf6,0x54,0xf6,0x54,0xf6,0x54,0xf6,0x54,0xf6,0x54,0xf6,0x54,0xf6,0x54,0xf6,0x54,0xf6,0x54,0xf6,0x54,0xf6,0x54,0xf6,0x54,0xf6,0x54,0xf6,0x54,0xf6,0x54,0xf6,0x54,0xf6,0x54,0xf6,0x54,0xf6,0x54,0xf6,0x54,0xf6,0x54,0xf6,0x54,0xf6,0x54,0xf6,0x54,0xf6,0x54,0xf6,0x54,0xf6,0x54,0xf6,0x54,0xf6,0x54,0xf6,0x54,0xf6,0x54,0xf6,0x54,0xf6,0x54,0xf6,0x54,0xf6,0x54,0xf6,0x54,0xf6,0x54,0xf6,0x54,0xf6,0x54,0x00,0x00,0x00,0x00,0x00,0x00,0x00,0x00,0x00,0x00,0x00,0x00,0x00,0x00,0x00,0x00,0x00,0x00,0x00,0x00,0x00,0x00,0x00,0x00,0x00,0x00,0x00,0x00,0x00,0x00,0x00,0x00,0x00,0x00,0x00,0x00,0x00,0x00,0x00,0x00,0x00,0x00,0x00,0x00,0x00,0x00,0x00,0x00,0x00,0x00,0x00,0x00,0x00,0x00,0x00,0x00,0x00,0x00,0x00,0x00,0x00,0x00,0xf8,0x00,0xfe,0x54,0xf6,0x54,0xf6,0x54,0xf6,0x54,0xf6,0x54,0xf6,0x54,0xf6,0x54,0xf6,0x54,0xf6,0x54,0xf6,0x54,0xf6,0x54,0xf6,0x54,0xf6,0x54,0xf6,0x54,0xf6,0x54,0xf6,0x54,0xf6,0x54,0xf6,0x54,0xf6,0x54,0xf6,0x54,0xf6,0x54,0xf6,0x54,0xf6,0x54,0xf6,0x54,0xf6,0x54,0xf6,0x54,0xf6,0x54,0xf6,0x54,0xf6,0x54,0xf6,0x54,0xf6,0x54,0xf6,0x54,0xf6,0x54,0xf6,0x54,0xf6,0x54,0xf6,0x54,0xf6,0x54,0xf6,0x54,0xf6,0x54,0xf6,0x54,0xf5,0xf4,0x00,0x00,0x00,0x00,0x00,0x00,0x00,0x00,0x00,0x00,0x00,0x00,0x00,0x00,0x00,0x00,0x00,0x00,0x00,0x00,0x00,0x00,0x00,0x00,0x00,0x00,0x00,0x00,0x00,0x00,0x00,0x00,0x00,0x00,0x00,0x00,0x00,0x00,0x00,0x00,0x00,0x00,0x00,0x00,0x00,0x00,0x00,0x00,0x00,0x00,0x00,0x00,0x00,0x00,0x00,0x00,0x00,0x00,0x00,0x00,0x00,0x00,0x00,0x00,0x00,0x00,0x00,0x00,0xee,0x33,0xf6,0x54,0xf6,0x54,0xf6,0x54,0xf6,0x54,0xf6,0x54,0xf6,0x54,0xf6,0x54,0xf6,0x54,0xf6,0x54,0xf6,0x54,0xf6,0x54,0xf6,0x54,0xf6,0x54,0xf6,0x54,0xf6,0x54,0xf6,0x54,0xf6,0x54,0xf6,0x54,0xf6,0x54,0xf6,0x54,0xf6,0x54,0xf6,0x54,0xf6,0x54,0xf6,0x54,0xf6,0x54,0xf6,0x54,0xf6,0x54,0xf6,0x54,0xf6,0x54,0xf6,0x54,0xf6,0x54,0xf6,0x54,0xf6,0x54,0xf6,0x54,0xfe,0x54,0xf6,0x54,0xf6,0x54,0xdd,0xf3,0x00,0x00,0x00,0x00,0x00,0x00,0x00,0x00,0x00,0x00,0x00,0x00,0x00,0x00,0x00,0x00,0x00,0x00,0x00,0x00,0x00,0x00,0x00,0x00,0x00,0x00,0x00,0x00,0x00,0x00,0x00,0x00,0x00,0x00,0x00,0x00,0x00,0x00,0x00,0x00,0x00,0x00,0x00,0x00,0x00,0x00,0x00,0x00,0x00,0x00,0x00,0x00,0x00,0x00,0x00,0x00,0x00,0x00,0x00,0x00,0x00,0x00,0x00,0x00,0x00,0x00,0x00,0x00,0x00,0x00,0x00,0x00,0x84,0x10,0xee,0x73,0xfe,0x74,0xf6,0x54,0xf6,0x54,0xf6,0x54,0xf6,0x54,0xf6,0x54,0xf6,0x54,0xf6,0x54,0xf6,0x54,0xf6,0x54,0xf6,0x54,0xf6,0x54,0xf6,0x54,0xf6,0x54,0xf6,0x54,0xf6,0x54,0xf6,0x54,0xf6,0x54,0xf6,0x54,0xf6,0x54,0xf6,0x54,0xf6,0x54,0xf6,0x54,0xf6,0x54,0xf6,0x54,0xf6,0x54,0xf6,0x54,0xf6,0x54,0xf6,0x54,0xf6,0x54,0xf6,0x54,0xfe,0x54,0xf6,0x54,0xfe,0x35,0x00,0x00,0x00,0x00,0x00,0x00,0x00,0x00,0x00,0x00,0x00,0x00,0x00,0x00,0x00,0x00,0x00,0x00,0x00,0x00,0x00,0x00};
static const lv_img_dsc_t my_anim_f7_s2_img = {
  .header.always_zero = 0,
  .header.w = 74,
  .header.h = 100,
  .data_size = 14800,
  .header.cf = LV_IMG_CF_TRUE_COLOR,
  .data = my_anim_f7_s2_map,
};
static const anim_shape_t my_anim_f7_shapes[] = {
    { SHAPE_PATH, 33.00f, 168.00f, 160.00f, 130.00f, 25.00f, 0x00ffff, 1.00f, 0.00f, 0.00f, NULL, 14, 0.00f, 0xffffff, 0.00f, my_anim_f7_s0_pts, 34, NULL },
    { SHAPE_PATH, 273.00f, 168.00f, 160.00f, 130.00f, -25.00f, 0x00ffff, 1.00f, 0.00f, 0.00f, NULL, 14, 0.00f, 0xffffff, 0.00f, my_anim_f7_s1_pts, 34, NULL },
    { 5, 123.00f, 339.00f, 74.00f, 100.00f, 0.00f, 0xFFFFFF, 1.00f, 0.00f, 0.00f, NULL, 14, 0.00f, 0xFFFFFF, 0.00f, NULL, 0, &my_anim_f7_s2_img }
};

static const lv_point_t my_anim_f8_s0_pts[] = {
    { 0, 39 },
    { 160, 39 },
    { 159, 50 },
    { 158, 60 },
    { 157, 69 },
    { 155, 78 },
    { 152, 86 },
    { 148, 94 },
    { 144, 101 },
    { 140, 107 },
    { 134, 112 },
    { 128, 117 },
    { 122, 121 },
    { 115, 124 },
    { 107, 126 },
    { 98, 128 },
    { 89, 129 },
    { 80, 130 },
    { 70, 129 },
    { 61, 128 },
    { 52, 126 },
    { 45, 124 },
    { 37, 121 },
    { 31, 117 },
    { 25, 112 },
    { 20, 107 },
    { 15, 101 },
    { 11, 94 },
    { 7, 86 },
    { 5, 78 },
    { 2, 69 },
    { 1, 60 },
    { 0, 50 },
    { 0, 39 },
};
static const lv_point_t my_anim_f8_s1_pts[] = {
    { 0, 39 },
    { 160, 39 },
    { 159, 50 },
    { 158, 60 },
    { 157, 69 },
    { 155, 78 },
    { 152, 86 },
    { 148, 94 },
    { 144, 101 },
    { 140, 107 },
    { 134, 112 },
    { 128, 117 },
    { 122, 121 },
    { 115, 124 },
    { 107, 126 },
    { 98, 128 },
    { 89, 129 },
    { 80, 130 },
    { 70, 129 },
    { 61, 128 },
    { 52, 126 },
    { 45, 124 },
    { 37, 121 },
    { 31, 117 },
    { 25, 112 },
    { 20, 107 },
    { 15, 101 },
    { 11, 94 },
    { 7, 86 },
    { 5, 78 },
    { 2, 69 },
    { 1, 60 },
    { 0, 50 },
    { 0, 39 },
};
static const uint8_t my_anim_f8_s2_map[] = {0x00,0x00,0x00,0x00,0x00,0x00,0x00,0x00,0x00,0x00,0x00,0x00,0x00,0x00,0x00,0x00,0x00,0x00,0x00,0x00,0x00,0x00,0x00,0x00,0x00,0x00,0x00,0x00,0x00,0x00,0x00,0x00,0x00,0x00,0x00,0x00,0x00,0x00,0x00,0x00,0x00,0x00,0xfe,0xa5,0xfe,0xe7,0xfe,0xc8,0xfe,0xc8,0xfe,0xc8,0xfe,0xc8,0xfe,0xc8,0xfe,0xc8,0xfe,0xc8,0xfe,0xc8,0xfe,0xc8,0xfe,0xe8,0xfe,0xc8,0xfe,0x66,0x00,0x00,0x00,0x00,0x00,0x00,0x00,0x00,0x00,0x00,0x00,0x00,0x00,0x00,0x00,0x00,0x00,0x00,0x00,0x00,0x00,0x00,0x00,0x00,0x00,0x00,0x00,0x00,0x00,0x00,0x00,0x00,0x00,0x00,0x00,0x00,0x00,0x00,0x00,0x00,0x00,0x00,0x00,0x00,0x00,0x00,0x00,0x00,0x00,0x00,0x00,0x00,0x00,0x00,0x00,0x00,0x00,0x00,0x00,0x00,0x00,0x00,0x00,0x00,0x00,0x00,0x00,0x00,0x00,0x00,0x00,0x00,0x00,0x00,0x00,0x00,0x00,0x00,0x00,0x00,0x00,0x00,0x00,0x00,0x00,0x00,0x00,0x00,0x00,0x00,0x00,0x00,0x00,0x00,0x00,0x00,0x00,0x00,0x00,0x00,0x00,0x00,0x00,0x00,0x00,0x00,0x00,0x00,0x00,0x00,0x00,0x00,0x00,0x00,0x00,0x00,0xff,0xe0,0xfe,0xc8,0xfe,0xc8,0xfe,0xc8,0xfe,0xc8,0xfe,0xc8,0xfe,0xc8,0xfe,0xc8,0xfe,0xc8,0xfe,0xc8,0xfe,0xc8,0xfe,0xc8,0xfe,0xc8,0xfe,0xc8,0xfe,0xc8,0xfe,0xe8,0xfe,0xe8,0xfd,0x40,0x00,0x00,0x00,0x00,0x00,0x00,0x00,0x00,0x00,0x00,0x00,0x00,0x00,0x00,0x00,0x00,0x00,0x00,0x00,0x00,0x00,0x00,0x00,0x00,0x00,0x00,0x00,0x00,0x00,0x00,0x00,0x00,0x00,0x00,0x00,0x00,0x00,0x00,0x00,0x00,0x00,0x00,0x00,0x00,0x00,0x00,0x00,0x00,0x00,0x00,0x00,0x00,0x00,0x00,0x00,0x00,0x00,0x00,0x00,0x00,0x00,0x00,0x00,0x00,0x00,0x00,0x00,0x00,0x00,0x00,0x00,0x00,0x00,0x00,0x00,0x00,0x00,0x00,0x00,0x00,0x00,0x00,0x00,0x00,0x00,0x00,0x00,0x00,0x00,0x00,0x00,0x00,0x00,0x00,0x00,0x00,0x00,0x00,0x00,0x00,0x00,0x00,0x00,0x00,0x00,0x00,0x00,0x00,0x00,0x00,0xff,0x07,0xfe,0xe8,0xfe,0xc8,0xfe,0xc8,0xfe,0xc8,0xfe,0xc8,0xfe,0xc8,0xfe,0xc8,0xfe,0xc8,0xfe,0xc8,0xfe,0xc8,0xfe,0xc8,0xfe,0xc8,0xfe,0xc8,0xfe,0xc8,0xfe,0xc8,0xfe,0xc8,0xfe,0xc8,0xfe,0xe8,0xfc,0x00,0x00,0x00,0x00,0x00,0x00,0x00,0x00,0x00,0x00,0x00,0x00,0x00,0x00,0x00,0x00,0x00,0x00,0x00,0x00,0x00,0x00,0x00,0x00,0x00,0x00,0x00,0x00,0x00,0x00,0x00,0x00,0x00,0x00,0x00,0x00,0x00,0x00,0x00,0x00,0x00,0x00,0x00,0x00,0x00,0x00,0x00,0x00,0x00,0x00,0x00,0x00,0x00,0x00,0x00,0x00,0x00,0x00,0x00,0x00,0x00,0x00,0x00,0x00,0x00,0x00,0x00,0x00,0x00,0x00,0x00,0x00,0x00,0x00,0x00,0x00,0x00,0x00,0x00,0x00,0x00,0x00,0x00,0x00,0x00,0x00,0x00,0x00,0x00,0x00,0x00,0x00,0x00,0x00,0x00,0x00,0x00,0x00,0x00,0x00,0x00,0x00,0x00,0x00,0x00,0x00,0x00,0xfe,0x87,0xfe,0xc8,0xfe,0xc8,0xfe,0xc8,0xfe,0xc8,0xfe,0xc8,0xfe,0xc8,0xfe,0xc8,0xfe,0xc8,0xfe,0xc8,0xfe,0xc8,0xfe,0xe8,0xfe,0xc8,0xfe,0xe8,0xfe,0xc8,0xfe,0xc8,0xfe,0xc8,0xfe,0xc8,0xfe,0xc8,0xfe,0xc8,0xfe,0xe8,0xfe,0x85,0x00,0x00,0x00,0x00,0x00,0x00,0x00,0x00,0x00,0x00,0x00,0x00,0x00,0x00,0x00,0x00,0x00,0x00,0x00,0x00,0x00,0x00,0x00,0x00,0x00,0x00,0x00,0x00,0x00,0x00,0x00,0x00,0x00,0x00,0x00,0x00,0x00,0x00,0x00,0x00,0x00,0x00,0x00,0x00,0x00,0x00,0x00,0x00,0x00,0x00,0x00,0x00,0x00,0x00,0x00,0x00,0x00,0x00,0x00,0x00,0x00,0x00,0x00,0x00,0x00,0x00,0x00,0x00,0x00,0x00,0x00,0x00,0x00,0x00,0x00,0x00,0x00,0x00,0x00,0x00,0x00,0x00,0x00,0x00,0x00,0x00,0x00,0x00,0x00,0x00,0x00,0x00,0x00,0x00,0x00,0x00,0x00,0x00,0x00,0x00,0x00,0x00,0xfe,0xc7,0xfe,0xe8,0xfe,0xe8,0xfe,0xc8,0xfe,0xc8,0xfe,0xc8,0xfe,0xc8,0xfe,0xc8,0xff,0x08,0x00,0x00,0x00,0x00,0x00,0x00,0x00,0x00,0x00,0x00,0xf8,0x00,0xfe,0xa8,0xfe,0xc8,0xfe,0xc8,0xfe,0xc8,0xfe,0xc8,0xfe,0xc8,0xfe,0xc8,0xfe,0xc8,0xfe,0xc7,0x00,0x00,0x00,0x00,0x00,0x00,0x00,0x00,0x00,0x00,0x00,0x00,0x00,0x00,0x00,0x00,0x00,0x00,0x00,0x00,0x00,0x00,0x00,0x00,0x00,0x00,0x00,0x00,0x00,0x00,0x00,0x00,0x00,0x00,0x00,0x00,0x00,0x00,0x00,0x00,0x00,0x00,0x00,0x00,0x00,0x00,0x00,0x00,0x00,0x00,0x00,0x00,0x00,0x00,0x00,0x00,0x00,0x00,0x00,0x00,0x00,0x00,0x00,0x00,0x00,0x00,0x00,0x00,0x00,0x00,0x00,0x00,0x00,0x00,0x00,0x00,0x00,0x00,0x00,0x00,0x00,0x00,0x00,0x00,0x00,0x00,0x00,0x00,0x00,0x00,0x00,0x00,0x00,0x00,0x00,0x00,0x00,0x00,0xfe,0x66,0xfe,0xc8,0xfe,0xc8,0xfe,0xc8,0xfe,0xc8,0xfe,0xc8,0xfe,0xc8,0xfe,0xc8,0x00,0x00,0x00,0x00,0x00,0x00,0x00,0x00,0x00,0x00,0x00,0x00,0x00,0x00,0x00,0x00,0x00,0x00,0x00,0x00,0xfe,0xc8,0xfe,0xc8,0xfe,0xc8,0xfe,0xc8,0xfe,0xc8,0xfe,0xc8,0xfe,0xc8,0xfe,0xc9,0x00,0x00,0x00,0x00,0x00,0x00,0x00,0x00,0x00,0x00,0x00,0x00,0x00,0x00,0x00,0x00,0x00,0x00,0x00,0x00,0x00,0x00,0x00,0x00,0x00,0x00,0x00,0x00,0x00,0x00,0x00,0x00,0x00,0x00,0x00,0x00,0x00,0x00,0x00,0x00,0x00,0x00,0x00,0x00,0x00,0x00,0x00,0x00,0x00,0x00,0x00,0x00,0x00,0x00,0x00,0x00,0x00,0x00,0x00,0x00,0x00,0x00,0x00,0x00,0x00,0x00,0x00,0x00,0x00,0x00,0x00,0x00,0x00,0x00,0x00,0x00,0x00,0x00,0x00,0x00,0x00,0x00,0x00,0x00,0x00,0x00,0x00,0x00,0x00,0x00,0x00,0x00,0x00,0x00,0x00,0x00,0xfe,0xc8,0xfe,0xc8,0xfe,0xc8,0xfe,0xc8,0xfe,0xc8,0xfe,0xc8,0xfe,0x66,0x00,0x00,0x00,0x00,0x00,0x00,0x00,0x00,0x00,0x00,0x00,0x00,0x00,0x00,0x00,0x00,0x00,0x00,0x00,0x00,0x00,0x00,0x00,0x00,0xff,0xe6,0xfe,0xe7,0xfe,0xc8,0xfe,0xc8,0xfe,0xc8,0xfe,0xc8,0xfe,0xc8,0x00,0x00,0x00,0x00,0x00,0x00,0x00,0x00,0x00,0x00,0x00,0x00,0x00,0x00,0x00,0x00,0x00,0x00,0x00,0x00,0x00,0x00,0x00,0x00,0x00,0x00,0x00,0x00,0x00,0x00,0x00,0x00,0x00,0x00,0x00,0x00,0x00,0x00,0x00,0x00,0x00,0x00,0x00,0x00,0x00,0x00,0x00,0x00,0x00,0x00,0x00,0x00,0x00,0x00,0x00,0x00,0x00,0x00,0x00,0x00,0x00,0x00,0x00,0x00,0x00,0x00,0x00,0x00,0x00,0x00,0x00,0x00,0x00,0x00,0x00,0x00,0x00,0x00,0x00,0x00,0x00,0x00,0x00,0x00,0x00,0x00,0x00,0x00,0x00,0x00,0x00,0x00,0x00,0x00,0xfe,0xe8,0xfe,0xc8,0xfe,0xc8,0xfe,0xc8,0xfe,0xc8,0xfe,0xe7,0x00,0x00,0x00,0x00,0x00,0x00,0x00,0x00,0x00,0x00,0x00,0x00,0x00,0x00,0x00,0x00,0x00,0x00,0x00,0x00,0x00,0x00,0x00,0x00,0x00,0x00,0x00,0x00,0x00,0x00,0x00,0x00,0xfe,0xe7,0xfe,0xc8,0xfe,0xc8,0xfe,0xc8,0xfe,0xc8,0xfe,0xe8,0x00,0x00,0x00,0x00,0x00,0x00,0x00,0x00,0x00,0x00,0x00,0x00,0x00,0x00,0x00,0x00,0x00,0x00,0x00,0x00,0x00,0x00,0x00,0x00,0x00,0x00,0x00,0x00,0x00,0x00,0x00,0x00,0x00,0x00,0x00,0x00,0x00,0x00,0x00,0x00,0x00,0x00,0x00,0x00,0x00,0x00,0x00,0x00,0x00,0x00,0x00,0x00,0x00,0x00,0x00,0x00,0x00,0x00,0x00,0x00,0x00,0x00,0x00,0x00,0x00,0x00,0x00,0x00,0x00,0x00,0x00,0x00,0x00,0x00,0x00,0x00,0x00,0x00,0x00,0x00,0x00,0x00,0x00,0x00,0x00,0x00,0x00,0x00,0x00,0x00,0xfe,0xe8,0xfe,0xc8,0xfe,0xe8,0xfe,0xc8,0xfe,0xc8,0xfe,0xc8,0x00,0x00,0x00,0x00,0x00,0x00,0x00,0x00,0x00,0x00,0x00,0x00,0x00,0x00,0x00,0x00,0xf8,0x00,0xff,0xe0,0x00,0x00,0x00,0x00,0x00,0x00,0x00,0x00,0x00,0x00,0x00,0x00,0x00,0x00,0x00,0x00,0xfe,0xc7,0xfe,0xc8,0xfe,0xc8,0xfe,0xc8,0xfe,0xc8,0xfe,0x27,0x00,0x00,0x00,0x00,0x00,0x00,0x00,0x00,0x00,0x00,0x00,0x00,0x00,0x00,0x00,0x00,0x00,0x00,0x00,0x00,0x00,0x00,0x00,0x00,0x00,0x00,0x00,0x00,0x00,0x00,0x00,0x00,0x00,0x00,0x00,0x00,0x00,0x00,0x00,0x00,0x00,0x00,0x00,0x00,0x00,0x00,0x00,0x00,0x00,0x00,0x00,0x00,0x00,0x00,0x00,0x00,0x00,0x00,0x00,0x00,0x00,0x00,0x00,0x00,0x00,0x00,0x00,0x00,0x00,0x00,0x00,0x00,0x00,0x00,0x00,0x00,0x00,0x00,0x00,0x00,0x00,0x00,0x00,0x00,0x00,0x00,0x00,0x00,0xfe,0xc8,0xfe,0xc8,0xfe,0xc8,0xfe,0xe8,0xfe,0xc8,0xff,0x48,0x00,0x00,0x00,0x00,0x00,0x00,0x00,0x00,0x00,0x00,0xff,0xf5,0xfe,0x54,0xfe,0x54,0xf6,0x54,0xf6,0x54,0xf6,0x54,0xf6,0x74,0xff,0xff,0x00,0x00,0x00,0x00,0x00,0x00,0x00,0x00,0x00,0x00,0xfe,0xc6,0xfe,0xe8,0xfe,0xc8,0xfe,0xc8,0xfe,0xc8,0xfe,0xc8,0x00,0x00,0x00,0x00,0x00,0x00,0x00,0x00,0x00,0x00,0x00,0x00,0x00,0x00,0x00,0x00,0x00,0x00,0x00,0x00,0x00,0x00,0x00,0x00,0x00,0x00,0x00,0x00,0x00,0x00,0x00,0x00,0x00,0x00,0x00,0x00,0x00,0x00,0x00,0x00,0x00,0x00,0x00,0x00,0x00,0x00,0x00,0x00,0x00,0x00,0x00,0x00,0x00,0x00,0x00,0x00,0x00,0x00,0x00,0x00,0x00,0x00,0x00,0x00,0x00,0x00,0x00,0x00,0x00,0x00,0x00,0x00,0x00,0x00,0x00,0x00,0x00,0x00,0x00,0x00,0x00,0x00,0x00,0x00,0x00,0x00,0xff,0xe6,0xfe,0xe8,0xfe,0xc8,0xfe,0xc8,0xfe,0xe8,0xfe,0xe8,0x00,0x00,0x00,0x00,0x00,0x00,0x00,0x00,0x00,0x00,0xfe,0x33,0xfe,0x54,0xfe,0x54,0xf6,0x54,0xf6,0x54,0xf6,0x54,0xf6,0x54,0xf6,0x54,0xf6,0x54,0xfe,0x54,0x00,0x00,0x00,0x00,0x00,0x00,0x00,0x00,0x00,0x00,0xfe,0xc7,0xfe,0xc8,0xfe,0xc8,0xfe,0xc8,0xfe,0xc8,0xff,0xe0,0x00,0x00,0x00,0x00,0x00,0x00,0x00,0x00,0x00,0x00,0x00,0x00,0x00,0x00,0x00,0x00,0x00,0x00,0x00,0x00,0x00,0x00,0x00,0x00,0x00,0x00,0x00,0x00,0x00,0x00,0x00,0x00,0x00,0x00,0x00,0x00,0x00,0x00,0x00,0x00,0x00,0x00,0x00,0x00,0x00,0x00,0x00,0x00,0x00,0x00,0x00,0x00,0x00,0x00,0x00,0x00,0x00,0x00,0x00,0x00,0x00,0x00,0x00,0x00,0x00,0x00,0x00,0x00,0x00,0x00,0x00,0x00,0x00,0x00,0x00,0x00,0x00,0x00,0x00,0x00,0x00,0x00,0x00,0x00,0xfe,0xe8,0xfe,0xc8,0xfe,0xc8,0xfe,0xc8,0xfe,0xc8,0xfe,0xe6,0x00,0x00,0x00,0x00,0x00,0x00,0x00,0x00,0xe6,0x31,0xfe,0x54,0xf6,0x54,0xf6,0x54,0xf6,0x54,0xf6,0x54,0xf6,0x54,0xf6,0x54,0xf6,0x54,0xf6,0x54,0xf6,0x54,0xfd,0xf7,0x00,0x00,0x00,0x00,0x00,0x00,0x00,0x00,0xfe,0xe7,0xfe,0xc8,0xfe,0xc8,0xfe,0xc8,0xfe,0xc8,0xfe,0xc6,0x00,0x00,0x00,0x00,0x00,0x00,0x00,0x00,0x00,0x00,0x00,0x00,0x00,0x00,0x00,0x00,0x00,0x00,0x00,0x00,0x00,0x00,0x00,0x00,0x00,0x00,0x00,0x00,0x00,0x00,0x00,0x00,0x00,0x00,0x00,0x00,0x00,0x00,0x00,0x00,0x00,0x00,0x00,0x00,0x00,0x00,0x00,0x00,0x00,0x00,0x00,0x00,0x00,0x00,0x00,0x00,0x00,0x00,0x00,0x00,0x00,0x00,0x00,0x00,0x00,0x00,0x00,0x00,0x00,0x00,0x00,0x00,0x00,0x00,0x00,0x00,0x00,0x00,0x00,0x00,0x00,0x00,0x00,0x00,0xf6,0xc7,0xfe,0xe8,0xfe,0xc8,0xfe,0xc8,0xfe,0xc8,0x00,0x00,0x00,0x00,0x00,0x00,0x00,0x00,0x00,0x00,0xf6,0x54,0xf6,0x54,0xf6,0x54,0xf6,0x54,0xf6,0x54,0xf6,0x54,0xf6,0x54,0xf6,0x54,0xf6,0x54,0xf6,0x54,0xf6,0x54,0xf6,0x54,0x00,0x00,0x00,0x00,0x00,0x00,0x00,0x00,0xfd,0x40,0xfe,0xc8,0xfe,0xc8,0xfe,0xc8,0xfe,0xe8,0xf6,0xc8,0x00,0x00,0x00,0x00,0x00,0x00,0x00,0x00,0x00,0x00,0x00,0x00,0x00,0x00,0x00,0x00,0x00,0x00,0x00,0x00,0x00,0x00,0x00,0x00,0x00,0x00,0x00,0x00,0x00,0x00,0x00,0x00,0x00,0x00,0x00,0x00,0x00,0x00,0x00,0x00,0x00,0x00,0x00,0x00,0x00,0x00,0x00,0x00,0x00,0x00,0x00,0x00,0x00,0x00,0x00,0x00,0x00,0x00,0x00,0x00,0x00,0x00,0x00,0x00,0x00,0x00,0x00,0x00,0x00,0x00,0x00,0x00,0x00,0x00,0x00,0x00,0x00,0x00,0x00,0x00,0x00,0x00,0x00,0x00,0xfe,0xe7,0xfe,0xc8,0xfe,0xc8,0xfe,0xc8,0xfe,0xc8,0x00,0x00,0x00,0x00,0x00,0x00,0x00,0x00,0xf6,0x54,0xf6,0x54,0xf6,0x54,0xf6,0x54,0xf6,0x54,0xf6,0x54,0xf6,0x54,0xf6,0x54,0xf6,0x54,0xf6,0x54,0xf6,0x54,0xf6,0x54,0xf6,0x54,0xfe,0xb5,0x00,0x00,0x00,0x00,0x00,0x00,0x00,0x00,0xfe,0xc8,0xfe,0xc8,0xfe,0xc8,0xfe,0xc8,0xfe,0xe7,0x00,0x00,0x00,0x00,0x00,0x00,0x00,0x00,0x00,0x00,0x00,0x00,0x00,0x00,0x00,0x00,0x00,0x00,0x00,0x00,0x00,0x00,0x00,0x00,0x00,0x00,0x00,0x00,0x00,0x00,0x00,0x00,0x00,0x00,0x00,0x00,0x00,0x00,0x00,0x00,0x00,0x00,0x00,0x00,0x00,0x00,0x00,0x00,0x00,0x00,0x00,0x00,0x00,0x00,0x00,0x00,0x00,0x00,0x00,0x00,0x00,0x00,0x00,0x00,0x00,0x00,0x00,0x00,0x00,0x00,0x00,0x00,0x00,0x00,0x00,0x00,0x00,0x00,0x00,0x00,0x00,0x00,0x00,0x00,0xfe,0xc8,0xfe,0xc8,0xfe,0xc8,0xfe,0xc8,0xfe,0xa7,0x00,0x00,0x00,0x00,0x00,0x00,0x00,0x00,0xf6,0x54,0xf6,0x54,0xf6,0x54,0xf6,0x54,0xf6,0x54,0xf6,0x54,0xf6,0x54,0xf6,0x54,0xf6,0x54,0xf6,0x54,0xf6,0x54,0xf6,0x54,0xf6,0x54,0xf6,0x54,0x00,0x00,0x00,0x00,0x00,0x00,0x00,0x00,0xfe,0xc8,0xfe,0xe8,0xfe,0xc8,0xfe,0xc8,0xfe,0xc7,0x00,0x00,0x00,0x00,0x00,0x00,0x00,0x00,0x00,0x00,0x00,0x00,0x00,0x00,0x00,0x00,0x00,0x00,0x00,0x00,0x00,0x00,0x00,0x00,0x00,0x00,0x00,0x00,0x00,0x00,0x00,0x00,0x00,0x00,0x00,0x00,0x00,0x00,0x00,0x00,0x00,0x00,0x00,0x00,0x00,0x00,0x00,0x00,0x00,0x00,0x00,0x00,0x00,0x00,0x00,0x00,0x00,0x00,0x00,0x00,0x00,0x00,0x00,0x00,0x00,0x00,0x00,0x00,0x00,0x00,0x00,0x00,0x00,0x00,0x00,0x00,0x00,0x00,0x00,0x00,0x00,0x00,0x00,0x00,0xfe,0xe8,0xfe,0xc8,0xfe,0xc8,0xfe,0xc8,0xff,0x28,0x00,0x00,0x00,0x00,0x00,0x00,0x00,0x00,0xf6,0x54,0xf6,0x54,0xf6,0x54,0xf6,0x54,0xf6,0x54,0xf6,0x54,0xf6,0x54,0xf6,0x54,0xf6,0x54,0xf6,0x54,0xf6,0x54,0xf6,0x54,0xf6,0x54,0xf6,0x54,0x00,0x00,0x00,0x00,0x00,0x00,0x00,0x00,0xfe,0xe8,0xfe,0xc8,0xfe,0xc8,0xfe,0xc8,0xfe,0xc8,0x00,0x00,0x00,0x00,0x00,0x00,0x00,0x00,0x00,0x00,0x00,0x00,0x00,0x00,0x00,0x00,0x00,0x00,0x00,0x00,0x00,0x00,0x00,0x00,0x00,0x00,0x00,0x00,0x00,0x00,0x00,0x00,0x00,0x00,0x00,0x00,0x00,0x00,0x00,0x00,0x00,0x00,0x00,0x00,0x00,0x00,0x00,0x00,0x00,0x00,0x00,0x00,0x00,0x00,0x00,0x00,0x00,0x00,0x00,0x00,0x00,0x00,0x00,0x00,0x00,0x00,0x00,0x00,0x00,0x00,0x00,0x00,0x00,0x00,0x00,0x00,0x00,0x00,0x00,0x00,0x00,0x00,0x00,0x00,0xfe,0xe8,0xfe,0xc8,0xfe,0xc8,0xfe,0xc8,0xff,0xe0,0x00,0x00,0x00,0x00,0x00,0x00,0x00,0x00,0xf6,0x54,0xf6,0x54,0xf6,0x54,0xf6,0x54,0xf6,0x54,0xf6,0x54,0xf6,0x54,0xf6,0x54,0xf6,0x54,0xf6,0x54,0xf6,0x54,0xf6,0x54,0xf6,0x54,0xf6,0x54,0x00,0x00,0x00,0x00,0x00,0x00,0x00,0x00,0xfe,0xc7,0xfe,0xc8,0xfe,0xc8,0xfe,0xc7,0xfe,0xe6,0x00,0x00,0x00,0x00,0x00,0x00,0x00,0x00,0x00,0x00,0x00,0x00,0x00,0x00,0x00,0x00,0x00,0x00,0x00,0x00,0x00,0x00,0x00,0x00,0x00,0x00,0x00,0x00,0x00,0x00,0x00,0x00,0x00,0x00,0x00,0x00,0x00,0x00,0x00,0x00,0x00,0x00,0x00,0x00,0x00,0x00,0x00,0x00,0x00,0x00,0x00,0x00,0x00,0x00,0x00,0x00,0x00,0x00,0x00,0x00,0x00,0x00,0x00,0x00,0x00,0x00,0x00,0x00,0x00,0x00,0x00,0x00,0x00,0x00,0x00,0x00,0x00,0x00,0x00,0x00,0x00,0x00,0x00,0x00,0x00,0x00,0xfe,0x66,0xfe,0xc8,0xfe,0xa5,0x00,0x00,0x00,0x00,0x00,0x00,0x00,0x00,0x00,0x00,0xf6,0x54,0xf6,0x54,0xf6,0x54,0xf6,0x54,0xf6,0x54,0xf6,0x54,0xf6,0x54,0xf6,0x54,0xf6,0x54,0xf6,0x54,0xf6,0x54,0xf6,0x54,0xf6,0x54,0xf6,0x54,0x00,0x00,0x00,0x00,0x00,0x00,0x00,0x00,0x00,0x00,0xfe,0xe8,0xfe,0xc8,0xff,0x07,0x00,0x00,0x00,0x00,0x00,0x00,0x00,0x00,0x00,0x00,0x00,0x00,0x00,0x00,0x00,0x00,0x00,0x00,0x00,0x00,0x00,0x00,0x00,0x00,0x00,0x00,0x00,0x00,0x00,0x00,0x00,0x00,0x00,0x00,0x00,0x00,0x00,0x00,0x00,0x00,0x00,0x00,0x00,0x00,0x00,0x00,0x00,0x00,0x00,0x00,0x00,0x00,0x00,0x00,0x00,0x00,0x00,0x00,0x00,0x00,0x00,0x00,0x00,0x00,0x00,0x00,0x00,0x00,0x00,0x00,0x00,0x00,0x00,0x00,0x00,0x00,0x00,0x00,0x00,0x00,0x00,0x00,0x00,0x00,0x00,0x00,0x00,0x00,0x00,0x00,0x00,0x00,0x00,0x00,0x00,0x00,0x00,0x00,0x00,0x00,0x00,0x00,0x00,0x00,0xf6,0x54,0xf6,0x54,0xf6,0x54,0xf6,0x54,0xf6,0x54,0xf6,0x54,0xf6,0x54,0xf6,0x54,0xf6,0x54,0xf6,0x54,0xf6,0x54,0xf6,0x54,0xf6,0x54,0xf6,0x54,0x00,0x00,0x00,0x00,0x00,0x00,0x00,0x00,0x00,0x00,0x00,0x00,0x00,0x00,0x00,0x00,0x00,0x00,0x00,0x00,0x00,0x00,0x00,0x00,0x00,0x00,0x00,0x00,0x00,0x00,0x00,0x00,0x00,0x00,0x00,0x00,0x00,0x00,0x00,0x00,0x00,0x00,0x00,0x00,0x00,0x00,0x00,0x00,0x00,0x00,0x00,0x00,0x00,0x00,0x00,0x00,0x00,0x00,0x00,0x00,0x00,0x00,0x00,0x00,0x00,0x00,0x00,0x00,0x00,0x00,0x00,0x00,0x00,0x00,0x00,0x00,0x00,0x00,0x00,0x00,0x00,0x00,0x00,0x00,0x00,0x00,0x00,0x00,0x00,0x00,0x00,0x00,0x00,0x00,0x00,0x00,0x00,0x00,0x00,0x00,0x00,0x00,0x00,0x00,0x00,0x00,0x00,0x00,0x00,0x00,0x00,0x00,0x00,0x00,0x00,0x00,0x00,0x00,0x00,0x00,0xf6,0x54,0xf6,0x54,0xf6,0x54,0xf6,0x54,0xf6,0x54,0xf6,0x54,0xf6,0x54,0xf6,0x54,0xf6,0x54,0xf6,0x54,0xf6,0x54,0xf6,0x54,0xf6,0x54,0xf6,0x54,0x00,0x00,0x00,0x00,0x00,0x00,0x00,0x00,0x00,0x00,0x00,0x00,0x00,0x00,0x00,0x00,0x00,0x00,0x00,0x00,0x00,0x00,0x00,0x00,0x00,0x00,0x00,0x00,0x00,0x00,0x00,0x00,0x00,0x00,0x00,0x00,0x00,0x00,0x00,0x00,0x00,0x00,0x00,0x00,0x00,0x00,0x00,0x00,0x00,0x00,0x00,0x00,0x00,0x00,0x00,0x00,0x00,0x00,0x00,0x00,0x00,0x00,0x00,0x00,0x00,0x00,0x00,0x00,0x00,0x00,0x00,0x00,0x00,0x00,0x00,0x00,0x00,0x00,0x00,0x00,0x00,0x00,0x00,0x00,0x00,0x00,0x00,0x00,0x00,0x00,0x00,0x00,0x00,0x00,0x00,0x00,0x00,0x00,0x00,0x00,0x00,0x00,0x00,0x00,0x00,0x00,0x00,0x00,0x00,0x00,0x00,0x00,0x00,0x00,0x00,0x00,0x00,0x00,0x00,0x00,0xfe,0x54,0xf6,0x54,0xf6,0x54,0xf6,0x54,0xf6,0x54,0xf6,0x54,0xf6,0x54,0xf6,0x54,0xf6,0x54,0xf6,0x54,0xf6,0x54,0xf6,0x54,0xf6,0x54,0xf6,0x54,0x00,0x00,0x00,0x00,0x00,0x00,0x00,0x00,0x00,0x00,0x00,0x00,0x00,0x00,0x00,0x00,0x00,0x00,0x00,0x00,0x00,0x00,0x00,0x00,0x00,0x00,0x00,0x00,0x00,0x00,0x00,0x00,0x00,0x00,0x00,0x00,0x00,0x00,0x00,0x00,0x00,0x00,0x00,0x00,0x00,0x00,0x00,0x00,0x00,0x00,0x00,0x00,0x00,0x00,0x00,0x00,0x00,0x00,0x00,0x00,0x00,0x00,0x00,0x00,0x00,0x00,0x00,0x00,0x00,0x00,0x00,0x00,0x00,0x00,0x00,0x00,0x00,0x00,0x00,0x00,0x00,0x00,0x00,0x00,0x00,0x00,0x00,0x00,0x00,0x00,0x00,0x00,0x00,0x00,0x00,0x00,0x00,0x00,0x00,0x00,0x00,0x00,0x00,0x00,0x00,0x00,0x00,0x00,0x00,0x00,0x00,0x00,0x00,0x00,0x00,0x00,0x00,0x00,0x00,0x00,0xfe,0x54,0xf6,0x54,0xf6,0x54,0xf6,0x54,0xf6,0x54,0xf6,0x54,0xf6,0x54,0xf6,0x54,0xf6,0x54,0xf6,0x54,0xf6,0x54,0xf6,0x54,0xf6,0x54,0xf6,0x54,0x00,0x00,0x00,0x00,0x00,0x00,0x00,0x00,0x00,0x00,0x00,0x00,0x00,0x00,0x00,0x00,0x00,0x00,0x00,0x00,0x00,0x00,0x00,0x00,0x00,0x00,0x00,0x00,0x00,0x00,0x00,0x00,0x00,0x00,0x00,0x00,0x00,0x00,0x00,0x00,0x00,0x00,0x00,0x00,0x00,0x00,0x00,0x00,0x00,0x00,0x00,0x00,0x00,0x00,0x00,0x00,0x00,0x00,0x00,0x00,0x00,0x00,0x00,0x00,0x00,0x00,0x00,0x00,0x00,0x00,0x00,0x00,0x00,0x00,0x00,0x00,0x00,0x00,0x00,0x00,0x00,0x00,0x00,0x00,0x00,0x00,0x00,0x00,0x00,0x00,0x00,0x00,0x00,0x00,0x00,0x00,0x00,0x00,0x00,0x00,0x00,0x00,0x00,0x00,0x00,0x00,0x00,0x00,0x00,0x00,0x00,0x00,0x00,0x00,0x00,0x00,0x00,0x00,0x00,0x00,0xfe,0x54,0xf6,0x54,0xf6,0x54,0xf6,0x54,0xf6,0x54,0xf6,0x54,0xf6,0x54,0xf6,0x54,0xf6,0x54,0xf6,0x54,0xf6,0x54,0xf6,0x54,0xf6,0x54,0xf6,0x54,0x00,0x00,0x00,0x00,0x00,0x00,0x00,0x00,0x00,0x00,0x00,0x00,0x00,0x00,0x00,0x00,0x00,0x00,0x00,0x00,0x00,0x00,0x00,0x00,0x00,0x00,0x00,0x00,0x00,0x00,0x00,0x00,0x00,0x00,0x00,0x00,0x00,0x00,0x00,0x00,0x00,0x00,0x00,0x00,0x00,0x00,0x00,0x00,0x00,0x00,0x00,0x00,0x00,0x00,0x00,0x00,0x00,0x00,0x00,0x00,0x00,0x00,0x00,0x00,0x00,0x00,0x00,0x00,0x00,0x00,0x00,0x00,0x00,0x00,0x00,0x00,0x00,0x00,0x00,0x00,0x00,0x00,0x00,0x00,0x00,0x00,0x00,0x00,0x00,0x00,0x00,0x00,0x00,0x00,0x00,0x00,0x00,0x00,0x00,0x00,0x00,0x00,0x00,0x00,0x00,0x00,0x00,0x00,0x00,0x00,0x00,0x00,0x00,0x00,0x00,0x00,0x00,0x00,0x00,0x00,0xfe,0x54,0xf6,0x54,0xf6,0x54,0xf6,0x54,0xf6,0x54,0xf6,0x54,0xf6,0x54,0xf6,0x54,0xf6,0x54,0xf6,0x54,0xf6,0x54,0xf6,0x54,0xf6,0x54,0xf6,0x54,0x00,0x00,0x00,0x00,0x00,0x00,0x00,0x00,0x00,0x00,0x00,0x00,0x00,0x00,0x00,0x00,0x00,0x00,0x00,0x00,0x00,0x00,0x00,0x00,0x00,0x00,0x00,0x00,0x00,0x00,0x00,0x00,0x00,0x00,0x00,0x00,0x00,0x00,0x00,0x00,0x00,0x00,0x00,0x00,0x00,0x00,0x00,0x00,0x00,0x00,0x00,0x00,0x00,0x00,0x00,0x00,0x00,0x00,0x00,0x00,0x00,0x00,0x00,0x00,0x00,0x00,0x00,0x00,0x00,0x00,0x00,0x00,0x00,0x00,0x00,0x00,0x00,0x00,0x00,0x00,0x00,0x00,0x00,0x00,0x00,0x00,0x00,0x00,0x00,0x00,0x00,0x00,0x00,0x00,0x00,0x00,0x00,0x00,0x00,0x00,0x00,0x00,0x00,0x00,0x00,0x00,0x00,0x00,0x00,0x00,0x00,0x00,0x00,0x00,0x00,0x00,0x00,0x00,0x00,0x00,0xfe,0x54,0xf6,0x54,0xf6,0x54,0xf6,0x54,0xf6,0x54,0xf6,0x54,0xf6,0x54,0xf6,0x54,0xf6,0x54,0xf6,0x54,0xf6,0x54,0xf6,0x54,0xf6,0x54,0xf6,0x54,0x00,0x00,0x00,0x00,0x00,0x00,0x00,0x00,0x00,0x00,0x00,0x00,0x00,0x00,0x00,0x00,0x00,0x00,0x00,0x00,0x00,0x00,0x00,0x00,0x00,0x00,0x00,0x00,0x00,0x00,0x00,0x00,0x00,0x00,0x00,0x00,0x00,0x00,0x00,0x00,0x00,0x00,0x00,0x00,0x00,0x00,0x00,0x00,0x00,0x00,0x00,0x00,0x00,0x00,0x00,0x00,0x00,0x00,0x00,0x00,0x00,0x00,0x00,0x00,0x00,0x00,0x00,0x00,0x00,0x00,0x00,0x00,0x00,0x00,0x00,0x00,0x00,0x00,0x00,0x00,0x00,0x00,0x00,0x00,0x00,0x00,0x00,0x00,0x00,0x00,0x00,0x00,0x00,0x00,0x00,0x00,0x00,0x00,0x00,0x00,0x00,0x00,0x00,0x00,0x00,0x00,0x00,0x00,0x00,0x00,0x00,0x00,0x00,0x00,0x00,0x00,0x00,0x00,0x00,0x00,0xfe,0x54,0xf6,0x54,0xf6,0x54,0xf6,0x54,0xf6,0x54,0xf6,0x54,0xf6,0x54,0xf6,0x54,0xf6,0x54,0xf6,0x54,0xf6,0x54,0xf6,0x54,0xf6,0x54,0xf6,0x54,0x00,0x00,0x00,0x00,0x00,0x00,0x00,0x00,0x00,0x00,0x00,0x00,0x00,0x00,0x00,0x00,0x00,0x00,0x00,0x00,0x00,0x00,0x00,0x00,0x00,0x00,0x00,0x00,0x00,0x00,0x00,0x00,0x00,0x00,0x00,0x00,0x00,0x00,0x00,0x00,0x00,0x00,0x00,0x00,0x00,0x00,0x00,0x00,0x00,0x00,0x00,0x00,0x00,0x00,0x00,0x00,0x00,0x00,0x00,0x00,0x00,0x00,0x00,0x00,0x00,0x00,0x00,0x00,0x00,0x00,0x00,0x00,0x00,0x00,0x00,0x00,0x00,0x00,0x00,0x00,0x00,0x00,0x00,0x00,0x00,0x00,0x00,0x00,0x00,0x00,0x00,0x00,0x00,0x00,0x00,0x00,0x00,0x00,0x00,0x00,0x00,0x00,0x00,0x00,0x00,0x00,0x00,0x00,0x00,0x00,0x00,0x00,0x00,0x00,0x00,0x00,0x00,0x00,0x00,0x00,0xfe,0x54,0xf6,0x54,0xf6,0x54,0xf6,0x54,0xf6,0x54,0xf6,0x54,0xf6,0x54,0xf6,0x54,0xf6,0x54,0xf6,0x54,0xf6,0x54,0xf6,0x54,0xf6,0x54,0xf6,0x54,0x00,0x00,0x00,0x00,0x00,0x00,0x00,0x00,0x00,0x00,0x00,0x00,0x00,0x00,0x00,0x00,0x00,0x00,0x00,0x00,0x00,0x00,0x00,0x00,0x00,0x00,0x00,0x00,0x00,0x00,0x00,0x00,0x00,0x00,0x00,0x00,0x00,0x00,0x00,0x00,0x00,0x00,0x00,0x00,0x00,0x00,0x00,0x00,0x00,0x00,0x00,0x00,0x00,0x00,0x00,0x00,0x00,0x00,0x00,0x00,0x00,0x00,0x00,0x00,0x00,0x00,0x00,0x00,0x00,0x00,0x00,0x00,0x00,0x00,0x00,0x00,0x00,0x00,0x00,0x00,0x00,0x00,0x00,0x00,0x00,0x00,0x00,0x00,0x00,0x00,0x00,0x00,0x00,0x00,0x00,0x00,0x00,0x00,0x00,0x00,0x00,0x00,0x00,0x00,0x00,0x00,0x00,0x00,0x00,0x00,0x00,0x00,0x00,0x00,0x00,0x00,0x00,0x00,0x00,0x00,0xfe,0x54,0xf6,0x54,0xf6,0x54,0xf6,0x54,0xf6,0x54,0xf6,0x54,0xf6,0x54,0xf6,0x54,0xf6,0x54,0xf6,0x54,0xf6,0x54,0xf6,0x54,0xf6,0x54,0xf6,0x54,0x00,0x00,0x00,0x00,0x00,0x00,0x00,0x00,0x00,0x00,0x00,0x00,0x00,0x00,0x00,0x00,0x00,0x00,0x00,0x00,0x00,0x00,0x00,0x00,0x00,0x00,0x00,0x00,0x00,0x00,0x00,0x00,0x00,0x00,0x00,0x00,0x00,0x00,0x00,0x00,0x00,0x00,0x00,0x00,0x00,0x00,0x00,0x00,0x00,0x00,0x00,0x00,0x00,0x00,0x00,0x00,0x00,0x00,0x00,0x00,0x00,0x00,0x00,0x00,0x00,0x00,0x00,0x00,0x00,0x00,0x00,0x00,0x00,0x00,0x00,0x00,0x00,0x00,0x00,0x00,0x00,0x00,0x00,0x00,0x00,0x00,0x00,0x00,0x00,0x00,0x00,0x00,0x00,0x00,0x00,0x00,0x00,0x00,0x00,0x00,0x00,0x00,0x00,0x00,0x00,0x00,0x00,0x00,0x00,0x00,0x00,0x00,0x00,0x00,0x00,0x00,0x00,0x00,0x00,0x00,0xfe,0x54,0xf6,0x54,0xf6,0x54,0xf6,0x54,0xf6,0x54,0xf6,0x54,0xf6,0x54,0xf6,0x54,0xf6,0x54,0xf6,0x54,0xf6,0x54,0xf6,0x54,0xf6,0x54,0xf6,0x54,0x00,0x00,0x00,0x00,0x00,0x00,0x00,0x00,0x00,0x00,0x00,0x00,0x00,0x00,0x00,0x00,0x00,0x00,0x00,0x00,0x00,0x00,0x00,0x00,0x00,0x00,0x00,0x00,0x00,0x00,0x00,0x00,0x00,0x00,0x00,0x00,0x00,0x00,0x00,0x00,0x00,0x00,0x00,0x00,0x00,0x00,0x00,0x00,0x00,0x00,0x00,0x00,0x00,0x00,0x00,0x00,0x00,0x00,0x00,0x00,0x00,0x00,0x00,0x00,0x00,0x00,0x00,0x00,0x00,0x00,0x00,0x00,0x00,0x00,0x00,0x00,0x00,0x00,0x00,0x00,0x00,0x00,0x00,0x00,0x00,0x00,0x00,0x00,0x00,0x00,0x00,0x00,0x00,0x00,0x00,0x00,0x00,0x00,0x00,0x00,0x00,0x00,0x00,0x00,0x00,0x00,0x00,0x00,0x00,0x00,0x00,0x00,0x00,0x00,0x00,0x00,0x00,0x00,0x00,0x00,0xf6,0x54,0xf6,0x54,0xf6,0x54,0xf6,0x54,0xf6,0x54,0xf6,0x54,0xf6,0x54,0xf6,0x54,0xf6,0x54,0xf6,0x54,0xf6,0x54,0xf6,0x54,0xf6,0x54,0xf6,0x54,0x00,0x00,0x00,0x00,0x00,0x00,0x00,0x00,0x00,0x00,0x00,0x00,0x00,0x00,0x00,0x00,0x00,0x00,0x00,0x00,0x00,0x00,0x00,0x00,0x00,0x00,0x00,0x00,0x00,0x00,0x00,0x00,0x00,0x00,0x00,0x00,0x00,0x00,0x00,0x00,0x00,0x00,0x00,0x00,0x00,0x00,0x00,0x00,0x00,0x00,0x00,0x00,0x00,0x00,0x00,0x00,0x00,0x00,0x00,0x00,0x00,0x00,0x00,0x00,0x00,0x00,0x00,0x00,0x00,0x00,0x00,0x00,0x00,0x00,0x00,0x00,0x00,0x00,0x00,0x00,0x00,0x00,0x00,0x00,0x00,0x00,0x00,0x00,0x00,0x00,0x00,0x00,0x00,0x00,0x00,0x00,0x00,0x00,0x00,0x00,0x00,0x00,0x00,0x00,0x00,0x00,0x00,0x00,0x00,0x00,0x00,0x00,0x00,0x00,0x00,0x00,0x00,0x00,0x00,0x00,0xf6,0x54,0xf6,0x54,0xf6,0x54,0xf6,0x54,0xf6,0x54,0xf6,0x54,0xf6,0x54,0xf6,0x54,0xf6,0x54,0xf6,0x54,0xf6,0x54,0xf6,0x54,0xf6,0x54,0xf6,0x54,0x00,0x00,0x00,0x00,0x00,0x00,0x00,0x00,0x00,0x00,0x00,0x00,0x00,0x00,0x00,0x00,0x00,0x00,0x00,0x00,0x00,0x00,0x00,0x00,0x00,0x00,0x00,0x00,0x00,0x00,0x00,0x00,0x00,0x00,0x00,0x00,0x00,0x00,0x00,0x00,0x00,0x00,0x00,0x00,0x00,0x00,0x00,0x00,0x00,0x00,0x00,0x00,0x00,0x00,0x00,0x00,0x00,0x00,0x00,0x00,0x00,0x00,0x00,0x00,0x00,0x00,0x00,0x00,0x00,0x00,0x00,0x00,0x00,0x00,0x00,0x00,0x00,0x00,0x00,0x00,0x00,0x00,0x00,0x00,0x00,0x00,0x00,0x00,0x00,0x00,0x00,0x00,0x00,0x00,0x00,0x00,0x00,0x00,0x00,0x00,0x00,0x00,0x00,0x00,0x00,0x00,0x00,0x00,0x00,0x00,0x00,0x00,0x00,0x00,0x00,0x00,0x00,0x00,0x00,0x00,0xf6,0x54,0xf6,0x54,0xf6,0x54,0xf6,0x54,0xf6,0x54,0xf6,0x54,0xf6,0x54,0xf6,0x54,0xf6,0x54,0xf6,0x54,0xf6,0x54,0xf6,0x54,0xf6,0x54,0xf6,0x54,0x00,0x00,0x00,0x00,0x00,0x00,0x00,0x00,0x00,0x00,0x00,0x00,0x00,0x00,0x00,0x00,0x00,0x00,0x00,0x00,0x00,0x00,0x00,0x00,0x00,0x00,0x00,0x00,0x00,0x00,0x00,0x00,0x00,0x00,0x00,0x00,0x00,0x00,0x00,0x00,0x00,0x00,0x00,0x00,0x00,0x00,0x00,0x00,0x00,0x00,0x00,0x00,0x00,0x00,0x00,0x00,0x00,0x00,0x00,0x00,0x00,0x00,0x00,0x00,0x00,0x00,0x00,0x00,0x00,0x00,0x00,0x00,0x00,0x00,0x00,0x00,0x00,0x00,0x00,0x00,0x00,0x00,0x00,0x00,0x00,0x00,0x00,0x00,0x00,0x00,0x00,0x00,0x00,0x00,0x00,0x00,0x00,0x00,0x00,0x00,0x00,0x00,0x00,0x00,0x00,0x00,0x00,0x00,0x00,0x00,0x00,0x00,0x00,0x00,0x00,0x00,0x00,0x00,0x00,0x00,0xf6,0x54,0xf6,0x54,0xf6,0x54,0xf6,0x54,0xf6,0x54,0xf6,0x54,0xf6,0x54,0xf6,0x54,0xf6,0x54,0xf6,0x54,0xf6,0x54,0xf6,0x54,0xf6,0x54,0xf6,0x54,0x00,0x00,0x00,0x00,0x00,0x00,0x00,0x00,0x00,0x00,0x00,0x00,0x00,0x00,0x00,0x00,0x00,0x00,0x00,0x00,0x00,0x00,0x00,0x00,0x00,0x00,0x00,0x00,0x00,0x00,0x00,0x00,0x00,0x00,0x00,0x00,0x00,0x00,0x00,0x00,0x00,0x00,0x00,0x00,0x00,0x00,0x00,0x00,0x00,0x00,0x00,0x00,0x00,0x00,0x00,0x00,0x00,0x00,0x00,0x00,0x00,0x00,0x00,0x00,0x00,0x00,0x00,0x00,0x00,0x00,0x00,0x00,0x00,0x00,0x00,0x00,0x00,0x00,0x00,0x00,0x00,0x00,0x00,0x00,0x00,0x00,0x00,0x00,0x00,0x00,0x00,0x00,0x00,0x00,0x00,0x00,0x00,0x00,0x00,0x00,0x00,0x00,0x00,0x00,0x00,0x00,0x00,0x00,0x00,0x00,0x00,0x00,0x00,0x00,0x00,0x00,0x00,0x00,0x00,0x00,0xf6,0x54,0xf6,0x54,0xf6,0x54,0xf6,0x54,0xf6,0x54,0xf6,0x54,0xf6,0x54,0xf6,0x54,0xf6,0x54,0xf6,0x54,0xf6,0x54,0xf6,0x54,0xf6,0x54,0xf6,0x54,0x00,0x00,0x00,0x00,0x00,0x00,0x00,0x00,0x00,0x00,0x00,0x00,0x00,0x00,0x00,0x00,0x00,0x00,0x00,0x00,0x00,0x00,0x00,0x00,0x00,0x00,0x00,0x00,0x00,0x00,0x00,0x00,0x00,0x00,0x00,0x00,0x00,0x00,0x00,0x00,0x00,0x00,0x00,0x00,0x00,0x00,0x00,0x00,0x00,0x00,0x00,0x00,0x00,0x00,0x00,0x00,0x00,0x00,0x00,0x00,0x00,0x00,0x00,0x00,0x00,0x00,0x00,0x00,0x00,0x00,0x00,0x00,0x00,0x00,0x00,0x00,0x00,0x00,0x00,0x00,0x00,0x00,0x00,0x00,0x00,0x00,0x00,0x00,0x00,0x00,0x00,0x00,0x00,0x00,0x00,0x00,0x00,0x00,0x00,0x00,0x00,0x00,0x00,0x00,0x00,0x00,0x00,0x00,0x00,0x00,0x00,0x00,0x00,0x00,0x00,0x00,0x00,0x00,0x00,0x00,0xfe,0x54,0xfe,0x54,0xf6,0x54,0xf6,0x54,0xf6,0x54,0xf6,0x54,0xf6,0x54,0xf6,0x54,0xf6,0x54,0xf6,0x54,0xf6,0x54,0xf6,0x54,0xf6,0x54,0xf6,0x54,0x00,0x00,0x00,0x00,0x00,0x00,0x00,0x00,0x00,0x00,0x00,0x00,0x00,0x00,0x00,0x00,0x00,0x00,0x00,0x00,0x00,0x00,0x00,0x00,0x00,0x00,0x00,0x00,0x00,0x00,0x00,0x00,0x00,0x00,0x00,0x00,0x00,0x00,0x00,0x00,0x00,0x00,0x00,0x00,0x00,0x00,0x00,0x00,0x00,0x00,0x00,0x00,0x00,0x00,0x00,0x00,0x00,0x00,0x00,0x00,0x00,0x00,0x00,0x00,0x00,0x00,0x00,0x00,0x00,0x00,0x00,0x00,0x00,0x00,0x00,0x00,0x00,0x00,0x00,0x00,0x00,0x00,0x00,0x00,0x00,0x00,0x00,0x00,0x00,0x00,0x00,0x00,0x00,0x00,0x00,0x00,0x00,0x00,0x00,0x00,0x00,0x00,0x00,0x00,0x00,0x00,0x00,0x00,0x00,0x00,0x00,0x00,0x00,0x00,0x00,0x00,0x00,0x00,0x00,0x00,0xfe,0x54,0xfe,0x54,0xf6,0x54,0xf6,0x54,0xf6,0x54,0xf6,0x54,0xf6,0x54,0xf6,0x54,0xf6,0x54,0xf6,0x54,0xf6,0x54,0xf6,0x54,0xf6,0x54,0xf6,0x54,0x00,0x00,0x00,0x00,0x00,0x00,0x00,0x00,0x00,0x00,0x00,0x00,0x00,0x00,0x00,0x00,0x00,0x00,0x00,0x00,0x00,0x00,0x00,0x00,0x00,0x00,0x00,0x00,0x00,0x00,0x00,0x00,0x00,0x00,0x00,0x00,0x00,0x00,0x00,0x00,0x00,0x00,0x00,0x00,0x00,0x00,0x00,0x00,0x00,0x00,0x00,0x00,0x00,0x00,0x00,0x00,0x00,0x00,0x00,0x00,0x00,0x00,0x00,0x00,0x00,0x00,0x00,0x00,0x00,0x00,0x00,0x00,0x00,0x00,0x00,0x00,0x00,0x00,0x00,0x00,0x00,0x00,0x00,0x00,0x00,0x00,0x00,0x00,0x00,0x00,0x00,0x00,0x00,0x00,0x00,0x00,0x00,0x00,0x00,0x00,0x00,0x00,0x00,0x00,0x00,0x00,0x00,0x00,0x00,0x00,0x00,0x00,0x00,0x00,0x00,0x00,0x00,0x00,0x00,0x00,0xfe,0x54,0xfe,0x54,0xf6,0x54,0xf6,0x54,0xf6,0x54,0xf6,0x54,0xf6,0x54,0xf6,0x54,0xf6,0x54,0xf6,0x54,0xf6,0x54,0xf6,0x54,0xf6,0x54,0xf6,0x54,0x00,0x00,0x00,0x00,0xfe,0x74,0xf6,0x54,0xfe,0x54,0xf6,0x54,0xf6,0x54,0xf6,0x54,0xf6,0x54,0xfe,0x34,0x00,0x00,0x00,0x00,0x00,0x00,0x00,0x00,0x00,0x00,0x00,0x00,0x00,0x00,0x00,0x00,0x00,0x00,0x00,0x00,0x00,0x00,0x00,0x00,0x00,0x00,0x00,0x00,0x00,0x00,0x00,0x00,0x00,0x00,0x00,0x00,0x00,0x00,0x00,0x00,0x00,0x00,0x00,0x00,0x00,0x00,0x00,0x00,0x00,0x00,0x00,0x00,0x00,0x00,0x00,0x00,0x00,0x00,0x00,0x00,0x00,0x00,0x00,0x00,0x00,0x00,0x00,0x00,0x00,0x00,0x00,0x00,0x00,0x00,0x00,0x00,0x00,0x00,0x00,0x00,0x00,0x00,0x00,0x00,0x00,0x00,0x00,0x00,0x00,0x00,0x00,0x00,0x00,0x00,0x00,0x00,0x00,0x00,0x00,0x00,0xfe,0x54,0xfe,0x54,0xf6,0x54,0xf6,0x54,0xf6,0x54,0xf6,0x54,0xf6,0x54,0xf6,0x54,0xf6,0x54,0xf6,0x54,0xf6,0x54,0xf6,0x54,0xf6,0x54,0xf6,0x54,0x00,0x00,0xf6,0x54,0xf6,0x54,0xf6,0x54,0xf6,0x54,0xf6,0x54,0xf6,0x54,0xf6,0x54,0xf6,0x54,0xf6,0x54,0xfe,0x54,0xff,0xe0,0x00,0x00,0x00,0x00,0x00,0x00,0x00,0x00,0x00,0x00,0x00,0x00,0x00,0x00,0x00,0x00,0x00,0x00,0x00,0x00,0x00,0x00,0x00,0x00,0x00,0x00,0x00,0x00,0x00,0x00,0x00,0x00,0x00,0x00,0x00,0x00,0x00,0x00,0x00,0x00,0x00,0x00,0x00,0x00,0x00,0x00,0x00,0x00,0x00,0x00,0x00,0x00,0x00,0x00,0x00,0x00,0x00,0x00,0x00,0x00,0x00,0x00,0x00,0x00,0x00,0x00,0x00,0x00,0x00,0x00,0x00,0x00,0x00,0x00,0x00,0x00,0x00,0x00,0x00,0x00,0x00,0x00,0x00,0x00,0x00,0x00,0x00,0x00,0x00,0x00,0x00,0x00,0x00,0x00,0x00,0x00,0xfe,0x54,0xfe,0x54,0xf6,0x54,0xf6,0x54,0xf6,0x54,0xf6,0x54,0xf6,0x54,0xf6,0x54,0xf6,0x54,0xf6,0x54,0xf6,0x54,0xf6,0x54,0xf6,0x54,0xf6,0x54,0xf6,0x54,0xf6,0x54,0xf6,0x54,0xf6,0x54,0xf6,0x54,0xf6,0x54,0xf6,0x54,0xf6,0x54,0xf6,0x54,0xf6,0x54,0xf6,0x54,0xfe,0x54,0x00,0x00,0x00,0x00,0x00,0x00,0x00,0x00,0xf6,0x54,0xfe,0x54,0xf6,0x54,0xfe,0x54,0xfe,0x54,0xf6,0x54,0xff,0xf5,0x00,0x00,0x00,0x00,0x00,0x00,0x00,0x00,0x00,0x00,0x00,0x00,0x00,0x00,0x00,0x00,0x00,0x00,0x00,0x00,0x00,0x00,0x00,0x00,0x00,0x00,0x00,0x00,0x00,0x00,0x00,0x00,0x00,0x00,0x00,0x00,0x00,0x00,0x00,0x00,0x00,0x00,0x00,0x00,0x00,0x00,0x00,0x00,0x00,0x00,0x00,0x00,0x00,0x00,0x00,0x00,0x00,0x00,0x00,0x00,0x00,0x00,0x00,0x00,0x00,0x00,0x00,0x00,0x00,0x00,0x00,0x00,0x00,0x00,0xfe,0x54,0xfe,0x54,0xf6,0x54,0xf6,0x54,0xf6,0x54,0xf6,0x54,0xf6,0x54,0xf6,0x54,0xf6,0x54,0xf6,0x54,0xf6,0x54,0xf6,0x54,0xf6,0x54,0xf6,0x54,0xf6,0x54,0xf6,0x54,0xf6,0x54,0xf6,0x54,0xf6,0x54,0xf6,0x54,0xf6,0x54,0xf6,0x54,0xf6,0x54,0xf6,0x54,0xf6,0x54,0xf6,0x54,0xff,0xf5,0x00,0x00,0xed,0xf2,0xf6,0x54,0xf6,0x54,0xf6,0x54,0xf6,0x54,0xf6,0x54,0xf6,0x54,0xf6,0x54,0xf6,0x54,0x00,0x00,0x00,0x00,0x00,0x00,0x00,0x00,0x00,0x00,0x00,0x00,0x00,0x00,0x00,0x00,0x00,0x00,0x00,0x00,0x00,0x00,0x00,0x00,0x00,0x00,0x00,0x00,0x00,0x00,0x00,0x00,0x00,0x00,0x00,0x00,0x00,0x00,0x00,0x00,0x00,0x00,0x00,0x00,0x00,0x00,0x00,0x00,0x00,0x00,0x00,0x00,0x00,0x00,0x00,0x00,0x00,0x00,0x00,0x00,0x00,0x00,0x00,0x00,0x00,0x00,0x00,0x00,0x00,0x00,0x00,0x00,0x00,0x00,0xfe,0x54,0xfe,0x54,0xf6,0x54,0xf6,0x54,0xf6,0x54,0xf6,0x54,0xf6,0x54,0xf6,0x54,0xf6,0x54,0xf6,0x54,0xf6,0x54,0xf6,0x54,0xf6,0x54,0xf6,0x54,0xf6,0x54,0xf6,0x54,0xf6,0x54,0xf6,0x54,0xf6,0x54,0xf6,0x54,0xf6,0x54,0xf6,0x54,0xf6,0x54,0xf6,0x54,0xf6,0x54,0xf6,0x54,0xfe,0x94,0xf6,0x54,0xfe,0x54,0xf6,0x54,0xf6,0x54,0xf6,0x54,0xf6,0x54,0xf6,0x54,0xf6,0x54,0xf6,0x54,0xf6,0x54,0xf6,0x54,0xfe,0x73,0x00,0x00,0x00,0x00,0x00,0x00,0x00,0x00,0x00,0x00,0x00,0x00,0x00,0x00,0x00,0x00,0x00,0x00,0x00,0x00,0x00,0x00,0x00,0x00,0x00,0x00,0x00,0x00,0x00,0x00,0x00,0x00,0x00,0x00,0x00,0x00,0x00,0x00,0x00,0x00,0x00,0x00,0x00,0x00,0x00,0x00,0x00,0x00,0x00,0x00,0x00,0x00,0x00,0x00,0x00,0x00,0x00,0x00,0x00,0x00,0x00,0x00,0x00,0x00,0x00,0x00,0x00,0x00,0x00,0x00,0xfe,0x54,0xf6,0x54,0xf6,0x54,0xf6,0x54,0xf6,0x54,0xf6,0x54,0xf6,0x54,0xf6,0x54,0xf6,0x54,0xf6,0x54,0xf6,0x54,0xf6,0x54,0xf6,0x54,0xf6,0x54,0xf6,0x54,0xf6,0x54,0xf6,0x54,0xf6,0x54,0xf6,0x54,0xf6,0x54,0xf6,0x54,0xf6,0x54,0xf6,0x54,0xf6,0x54,0xf6,0x54,0xf6,0x54,0xf6,0x54,0xfe,0x54,0xfe,0x54,0xf6,0x54,0xf6,0x54,0xf6,0x54,0xf6,0x54,0xf6,0x54,0xf6,0x54,0xf6,0x54,0xf6,0x54,0xf6,0x54,0xfe,0x54,0xf8,0x00,0x00,0x00,0x00,0x00,0x00,0x00,0xfd,0x4a,0xfe,0x54,0xf6,0x34,0xf6,0x34,0xfe,0x54,0x00,0x00,0x00,0x00,0x00,0x00,0x00,0x00,0x00,0x00,0x00,0x00,0x00,0x00,0x00,0x00,0x00,0x00,0x00,0x00,0x00,0x00,0x00,0x00,0x00,0x00,0x00,0x00,0x00,0x00,0x00,0x00,0x00,0x00,0x00,0x00,0x00,0x00,0x00,0x00,0x00,0x00,0x00,0x00,0x00,0x00,0x00,0x00,0x00,0x00,0x00,0x00,0xfe,0x54,0xf6,0x54,0xf6,0x54,0xf6,0x54,0xf6,0x54,0xf6,0x54,0xf6,0x54,0xf6,0x54,0xf6,0x54,0xf6,0x54,0xf6,0x54,0xf6,0x54,0xf6,0x54,0xf6,0x54,0xf6,0x54,0xf6,0x54,0xf6,0x54,0xf6,0x54,0xf6,0x54,0xf6,0x54,0xf6,0x54,0xf6,0x54,0xf6,0x54,0xf6,0x54,0xf6,0x54,0xf6,0x54,0xf6,0x54,0xf6,0x54,0xf6,0x54,0xf6,0x54,0xf6,0x54,0xf6,0x54,0xf6,0x54,0xf6,0x54,0xf6,0x54,0xf6,0x54,0xf6,0x54,0xf6,0x54,0xfe,0x54,0xfe,0x54,0x00,0x00,0xf8,0x00,0xfe,0x54,0xf6,0x54,0xf6,0x54,0xf6,0x54,0xf6,0x54,0xf6,0x54,0xf6,0x54,0xf6,0x54,0x00,0x00,0x00,0x00,0x00,0x00,0x00,0x00,0x00,0x00,0x00,0x00,0x00,0x00,0x00,0x00,0x00,0x00,0x00,0x00,0x00,0x00,0x00,0x00,0x00,0x00,0x00,0x00,0x00,0x00,0x00,0x00,0x00,0x00,0x00,0x00,0x00,0x00,0x00,0x00,0x00,0x00,0x00,0x00,0x00,0x00,0x00,0x00,0xfe,0x54,0xf6,0x54,0xf6,0x54,0xf6,0x54,0xf6,0x54,0xf6,0x54,0xf6,0x54,0xf6,0x54,0xf6,0x54,0xf6,0x54,0xf6,0x54,0xf6,0x54,0xf6,0x54,0xf6,0x54,0xf6,0x54,0xf6,0x54,0xf6,0x54,0xf6,0x54,0xf6,0x54,0xf6,0x54,0xf6,0x54,0xf6,0x54,0xf6,0x54,0xf6,0x54,0xf6,0x54,0xf6,0x54,0xf6,0x54,0xf6,0x54,0xf6,0x54,0xf6,0x54,0xf6,0x54,0xf6,0x54,0xf6,0x54,0xf6,0x54,0xf6,0x54,0xf6,0x54,0xf6,0x54,0xf6,0x54,0xf6,0x54,0xfe,0x54,0xff,0xff,0xfe,0x74,0xf6,0x54,0xf6,0x54,0xf6,0x54,0xf6,0x54,0xf6,0x54,0xf6,0x54,0xf6,0x54,0xf6,0x54,0xf6,0x54,0xff,0xe0,0x00,0x00,0x00,0x00,0x00,0x00,0x00,0x00,0x00,0x00,0x00,0x00,0x00,0x00,0x00,0x00,0x00,0x00,0x00,0x00,0x00,0x00,0x00,0x00,0x00,0x00,0x00,0x00,0x00,0x00,0x00,0x00,0x00,0x00,0x00,0x00,0x00,0x00,0x00,0x00,0x00,0x00,0x00,0x00,0xfe,0x54,0xf6,0x54,0xf6,0x54,0xf6,0x54,0xf6,0x54,0xf6,0x54,0xf6,0x54,0xf6,0x54,0xf6,0x54,0xf6,0x54,0xf6,0x54,0xf6,0x54,0xf6,0x54,0xf6,0x54,0xf6,0x54,0xf6,0x54,0xf6,0x54,0xf6,0x54,0xf6,0x54,0xf6,0x54,0xf6,0x54,0xf6,0x54,0xf6,0x54,0xf6,0x54,0xf6,0x54,0xf6,0x54,0xf6,0x54,0xf6,0x54,0xf6,0x54,0xf6,0x54,0xf6,0x54,0xf6,0x54,0xf6,0x54,0xf6,0x54,0xf6,0x54,0xf6,0x54,0xf6,0x54,0xf6,0x54,0xf6,0x54,0xf6,0x54,0xf6,0x54,0xf6,0x54,0xf6,0x54,0xf6,0x54,0xf6,0x54,0xf6,0x54,0xf6,0x54,0xf6,0x54,0xf6,0x54,0xf6,0x54,0xf6,0x54,0xfe,0x74,0x00,0x00,0x00,0x00,0x00,0x00,0x00,0x00,0x00,0x00,0x00,0x00,0x00,0x00,0x00,0x00,0x00,0x00,0x00,0x00,0x00,0x00,0x00,0x00,0x00,0x00,0x00,0x00,0x00,0x00,0x00,0x00,0x00,0x00,0x00,0x00,0x00,0x00,0x00,0x00,0x00,0x00,0x00,0x00,0xf6,0x54,0xf6,0x54,0xf6,0x54,0xf6,0x54,0xf6,0x54,0xf6,0x54,0xf6,0x54,0xf6,0x54,0xf6,0x54,0xf6,0x54,0xf6,0x54,0xf6,0x54,0xf6,0x54,0xf6,0x54,0xf6,0x54,0xf6,0x54,0xf6,0x54,0xf6,0x54,0xf6,0x54,0xf6,0x54,0xf6,0x54,0xf6,0x54,0xf6,0x54,0xf6,0x54,0xf6,0x54,0xf6,0x54,0xf6,0x54,0xf6,0x54,0xf6,0x54,0xf6,0x54,0xf6,0x54,0xf6,0x54,0xf6,0x54,0xf6,0x54,0xf6,0x54,0xf6,0x54,0xf6,0x54,0xf6,0x54,0xf6,0x54,0xf6,0x54,0xf6,0x54,0xf6,0x54,0xf6,0x54,0xf6,0x54,0xf6,0x54,0xf6,0x54,0xf6,0x54,0xf6,0x54,0xf6,0x54,0xf6,0x54,0xf6,0x54,0xf6,0x54,0xff,0xff,0x00,0x00,0x00,0x00,0x00,0x00,0x00,0x00,0x00,0x00,0x00,0x00,0x00,0x00,0x00,0x00,0x00,0x00,0x00,0x00,0x00,0x00,0x00,0x00,0x00,0x00,0x00,0x00,0x00,0x00,0x00,0x00,0x00,0x00,0x00,0x00,0x00,0x00,0x00,0x00,0x00,0x00,0xf6,0x54,0xf6,0x54,0xf6,0x54,0xf6,0x54,0xf6,0x54,0xf6,0x54,0xf6,0x54,0xf6,0x54,0xf6,0x54,0xf6,0x54,0xf6,0x54,0xf6,0x54,0xf6,0x54,0xf6,0x54,0xf6,0x54,0xf6,0x54,0xf6,0x54,0xf6,0x54,0xf6,0x54,0xf6,0x54,0xf6,0x54,0xf6,0x54,0xf6,0x54,0xf6,0x54,0xf6,0x54,0xf6,0x54,0xf6,0x54,0xf6,0x54,0xf6,0x54,0xf6,0x54,0xf6,0x54,0xf6,0x54,0xf6,0x54,0xf6,0x54,0xf6,0x54,0xf6,0x54,0xf6,0x54,0xf6,0x54,0xf6,0x54,0xfe,0x54,0xf6,0x54,0xf6,0x54,0xf6,0x54,0xf6,0x54,0xf6,0x54,0xf6,0x54,0xf6,0x54,0xf6,0x54,0xf6,0x54,0xf6,0x54,0xf6,0x54,0xf6,0x54,0xfe,0x74,0x00,0x00,0x00,0x00,0x00,0x00,0x00,0x00,0x00,0x00,0x00,0x00,0x00,0x00,0x00,0x00,0x00,0x00,0x00,0x00,0x00,0x00,0x00,0x00,0x00,0x00,0x00,0x00,0x00,0x00,0x00,0x00,0x00,0x00,0x00,0x00,0x00,0x00,0x00,0x00,0x00,0x00,0xf6,0x54,0xf6,0x54,0xf6,0x54,0xf6,0x54,0xf6,0x54,0xf6,0x54,0xf6,0x54,0xf6,0x54,0xf6,0x54,0xf6,0x54,0xf6,0x54,0xf6,0x54,0xf6,0x54,0xf6,0x54,0xf6,0x54,0xf6,0x54,0xf6,0x54,0xf6,0x54,0xf6,0x54,0xf6,0x54,0xf6,0x54,0xf6,0x54,0xf6,0x54,0xf6,0x54,0xf6,0x54,0xf6,0x54,0xf6,0x54,0xf6,0x54,0xf6,0x54,0xf6,0x54,0xf6,0x54,0xf6,0x54,0xf6,0x54,0xf6,0x54,0xf6,0x54,0xf6,0x54,0xf6,0x54,0xf6,0x54,0xf6,0x54,0xf6,0x54,0xf6,0x54,0xf6,0x54,0xf6,0x54,0xf6,0x54,0xf6,0x54,0xf6,0x54,0xf6,0x54,0xf6,0x54,0xf6,0x54,0xf6,0x54,0xf6,0x54,0xf6,0x54,0xf6,0x54,0x00,0x00,0x00,0x00,0x00,0x00,0x00,0x00,0x00,0x00,0x00,0x00,0x00,0x00,0x00,0x00,0x00,0x00,0x00,0x00,0x00,0x00,0x00,0x00,0x00,0x00,0x00,0x00,0x00,0x00,0x00,0x00,0x00,0x00,0x00,0x00,0x00,0x00,0x00,0x00,0x00,0x00,0xf6,0x54,0xf6,0x54,0xf6,0x54,0xf6,0x54,0xf6,0x54,0xf6,0x54,0xf6,0x54,0xf6,0x54,0xf6,0x54,0xf6,0x54,0xf6,0x54,0xf6,0x54,0xf6,0x54,0xf6,0x54,0xf6,0x54,0xf6,0x54,0xf6,0x54,0xf6,0x54,0xf6,0x54,0xf6,0x54,0xf6,0x54,0xf6,0x54,0xf6,0x54,0xf6,0x54,0xf6,0x54,0xf6,0x54,0xf6,0x54,0xf6,0x54,0xf6,0x54,0xf6,0x54,0xf6,0x54,0xf6,0x54,0xf6,0x54,0xf6,0x54,0xf6,0x54,0xf6,0x54,0xf6,0x54,0xf6,0x54,0xf6,0x54,0xf6,0x54,0xf6,0x54,0xf6,0x54,0xf6,0x54,0xf6,0x54,0xf6,0x54,0xf6,0x54,0xf6,0x54,0xf6,0x54,0xf6,0x54,0xf6,0x54,0xf6,0x54,0xf6,0x54,0xf6,0x54,0x00,0x00,0x00,0x00,0x00,0x00,0x00,0x00,0x00,0x00,0x00,0x00,0x00,0x00,0x00,0x00,0x00,0x00,0x00,0x00,0x00,0x00,0x00,0x00,0x00,0x00,0x00,0x00,0x00,0x00,0x00,0x00,0x00,0x00,0x00,0x00,0x00,0x00,0x00,0x00,0x00,0x00,0xfe,0x54,0xf6,0x54,0xf6,0x54,0xf6,0x54,0xf6,0x54,0xf6,0x54,0xf6,0x54,0xf6,0x54,0xf6,0x54,0xf6,0x54,0xf6,0x54,0xf6,0x54,0xf6,0x54,0xf6,0x54,0xf6,0x54,0xf6,0x54,0xf6,0x54,0xf6,0x54,0xf6,0x54,0xf6,0x54,0xf6,0x54,0xf6,0x54,0xf6,0x54,0xf6,0x54,0xf6,0x54,0xf6,0x54,0xf6,0x54,0xf6,0x54,0xf6,0x54,0xf6,0x54,0xf6,0x54,0xf6,0x54,0xf6,0x54,0xf6,0x54,0xf6,0x54,0xf6,0x54,0xf6,0x54,0xf6,0x54,0xf6,0x54,0xf6,0x54,0xf6,0x54,0xf6,0x54,0xf6,0x54,0xf6,0x54,0xf6,0x54,0xf6,0x54,0xf6,0x54,0xf6,0x54,0xf6,0x54,0xf6,0x54,0xf6,0x54,0xf6,0x54,0xf6,0x54,0x00,0x00,0x00,0x00,0x00,0x00,0x00,0x00,0xfe,0x35,0xf6,0x74,0xf6,0x54,0xf6,0x54,0xf6,0x54,0xf6,0x54,0xf6,0x54,0xf6,0x54,0xf6,0x55,0xfe,0xd6,0x00,0x00,0x00,0x00,0x00,0x00,0x00,0x00,0x00,0x00,0x00,0x00,0x00,0x00,0xfe,0x54,0xf6,0x54,0xf6,0x54,0xf6,0x54,0xf6,0x54,0xf6,0x54,0xf6,0x54,0xf6,0x54,0xf6,0x54,0xf6,0x54,0xf6,0x54,0xf6,0x54,0xf6,0x54,0xf6,0x54,0xf6,0x54,0xf6,0x54,0xf6,0x54,0xf6,0x54,0xf6,0x54,0xf6,0x54,0xf6,0x54,0xf6,0x54,0xf6,0x54,0xf6,0x54,0xf6,0x54,0xf6,0x54,0xf6,0x54,0xf6,0x54,0xf6,0x54,0xf6,0x54,0xf6,0x54,0xf6,0x54,0xf6,0x54,0xf6,0x54,0xf6,0x54,0xf6,0x54,0xf6,0x54,0xf6,0x54,0xf6,0x54,0xf6,0x54,0xf6,0x54,0xf6,0x54,0xf6,0x54,0xf6,0x54,0xf6,0x54,0xf6,0x54,0xf6,0x54,0xf6,0x54,0xf6,0x54,0xf6,0x54,0xf6,0x54,0xf6,0x54,0xfe,0x54,0x00,0x00,0x00,0x00,0xfc,0x10,0xfe,0x74,0xfe,0x54,0xf6,0x54,0xf6,0x54,0xf6,0x54,0xf6,0x54,0xf6,0x54,0xf6,0x54,0xf6,0x54,0xf6,0x54,0xf6,0x54,0xf6,0x34,0x00,0x00,0x00,0x00,0x00,0x00,0x00,0x00,0x00,0x00,0x00,0x00,0xfe,0x54,0xf6,0x54,0xf6,0x54,0xf6,0x54,0xf6,0x54,0xf6,0x54,0xf6,0x54,0xf6,0x54,0xf6,0x54,0xf6,0x54,0xf6,0x54,0xf6,0x54,0xf6,0x54,0xf6,0x54,0xf6,0x54,0xf6,0x54,0xf6,0x54,0xf6,0x54,0xf6,0x54,0xf6,0x54,0xf6,0x54,0xf6,0x54,0xf6,0x54,0xf6,0x54,0xf6,0x54,0xf6,0x54,0xf6,0x54,0xf6,0x54,0xf6,0x54,0xf6,0x54,0xf6,0x54,0xf6,0x54,0xf6,0x54,0xf6,0x54,0xf6,0x54,0xf6,0x54,0xf6,0x54,0xf6,0x54,0xf6,0x54,0xf6,0x54,0xf6,0x54,0xf6,0x54,0xf6,0x54,0xf6,0x54,0xf6,0x54,0xf6,0x54,0xf6,0x54,0xf6,0x54,0xf6,0x54,0xf6,0x54,0xf6,0x54,0xf6,0x54,0xfe,0x54,0x00,0x00,0x00,0x00,0xfe,0x54,0xf6,0x54,0xf6,0x54,0xf6,0x54,0xf6,0x54,0xf6,0x54,0xf6,0x54,0xf6,0x54,0xf6,0x54,0xf6,0x54,0xf6,0x54,0xfe,0x54,0xf6,0x54,0xf6,0x55,0x00,0x00,0x00,0x00,0x00,0x00,0x00,0x00,0x00,0x00,0xfe,0x54,0xf6,0x54,0xf6,0x54,0xf6,0x54,0xf6,0x54,0xf6,0x54,0xf6,0x54,0xf6,0x54,0xf6,0x54,0xf6,0x54,0xf6,0x54,0xf6,0x54,0xf6,0x54,0xf6,0x54,0xf6,0x54,0xf6,0x54,0xf6,0x54,0xf6,0x54,0xf6,0x54,0xf6,0x54,0xf6,0x54,0xf6,0x54,0xf6,0x54,0xf6,0x54,0xf6,0x54,0xf6,0x54,0xf6,0x54,0xf6,0x54,0xf6,0x54,0xf6,0x54,0xf6,0x54,0xf6,0x54,0xf6,0x54,0xf6,0x54,0xf6,0x54,0xf6,0x54,0xf6,0x54,0xf6,0x54,0xf6,0x54,0xf6,0x54,0xf6,0x54,0xf6,0x54,0xf6,0x54,0xf6,0x54,0xf6,0x54,0xf6,0x54,0xf6,0x54,0xf6,0x54,0xf6,0x54,0xf6,0x54,0xf6,0x54,0xf6,0x54,0xfe,0x54,0x00,0x00,0xf6,0x54,0xf6,0x54,0xf6,0x54,0xf6,0x54,0xf6,0x54,0xf6,0x54,0xf6,0x54,0xf6,0x54,0xf6,0x54,0xf6,0x54,0xf6,0x54,0xf6,0x54,0xf6,0x54,0xf6,0x54,0xf6,0x54,0xfe,0x75,0x00,0x00,0x00,0x00,0x00,0x00,0x00,0x00,0xf6,0x54,0xf6,0x54,0xf6,0x54,0xf6,0x54,0xf6,0x54,0xf6,0x54,0xf6,0x54,0xf6,0x54,0xf6,0x54,0xf6,0x54,0xf6,0x54,0xf6,0x54,0xf6,0x54,0xf6,0x54,0xf6,0x54,0xf6,0x54,0xf6,0x54,0xf6,0x54,0xf6,0x54,0xf6,0x54,0xf6,0x54,0xf6,0x54,0xf6,0x54,0xf6,0x54,0xf6,0x54,0xf6,0x54,0xf6,0x54,0xf6,0x54,0xf6,0x54,0xf6,0x54,0xf6,0x54,0xf6,0x54,0xf6,0x54,0xf6,0x54,0xf6,0x54,0xf6,0x54,0xf6,0x54,0xf6,0x54,0xf6,0x54,0xf6,0x54,0xf6,0x54,0xf6,0x54,0xf6,0x54,0xf6,0x54,0xf6,0x54,0xf6,0x54,0xf6,0x54,0xf6,0x54,0xf6,0x54,0xf6,0x54,0xf6,0x54,0xf6,0x54,0xfe,0x54,0xf6,0x34,0xf6,0x54,0xf6,0x54,0xf6,0x54,0xf6,0x54,0xf6,0x54,0xf6,0x54,0xf6,0x54,0xf6,0x54,0xf6,0x54,0xf6,0x54,0xf6,0x54,0xf6,0x54,0xf6,0x54,0xf6,0x54,0xf6,0x54,0xf6,0x54,0xfe,0x53,0x00,0x00,0x00,0x00,0x00,0x00,0xf6,0x54,0xf6,0x54,0xf6,0x54,0xf6,0x54,0xf6,0x54,0xf6,0x54,0xf6,0x54,0xf6,0x54,0xf6,0x54,0xf6,0x54,0xf6,0x54,0xf6,0x54,0xf6,0x54,0xf6,0x54,0xf6,0x54,0xf6,0x54,0xf6,0x54,0xf6,0x54,0xf6,0x54,0xf6,0x54,0xf6,0x54,0xf6,0x54,0xf6,0x54,0xf6,0x54,0xf6,0x54,0xf6,0x54,0xf6,0x54,0xf6,0x54,0xf6,0x54,0xf6,0x54,0xf6,0x54,0xf6,0x54,0xf6,0x54,0xf6,0x54,0xf6,0x54,0xf6,0x54,0xf6,0x54,0xf6,0x54,0xf6,0x54,0xf6,0x54,0xf6,0x54,0xf6,0x54,0xf6,0x54,0xf6,0x54,0xf6,0x54,0xf6,0x54,0xf6,0x54,0xf6,0x54,0xf6,0x54,0xf6,0x54,0xf6,0x54,0xf6,0x54,0xf6,0x54,0xfe,0x35,0xf6,0x54,0xf6,0x54,0xf6,0x54,0xf6,0x54,0xf6,0x54,0xf6,0x54,0xf6,0x54,0xf6,0x54,0xf6,0x54,0xf6,0x54,0xf6,0x54,0xf6,0x54,0xf6,0x54,0xf6,0x54,0xf6,0x54,0xfe,0x54,0xf6,0x54,0xf6,0x14,0x00,0x00,0x00,0x00,0xfe,0x54,0xf6,0x54,0xf6,0x54,0xf6,0x54,0xf6,0x54,0xf6,0x54,0xf6,0x54,0xf6,0x54,0xf6,0x54,0xf6,0x54,0xf6,0x54,0xf6,0x54,0xf6,0x54,0xf6,0x54,0xf6,0x54,0xf6,0x54,0xf6,0x54,0xf6,0x54,0xf6,0x54,0xf6,0x54,0xf6,0x54,0xf6,0x54,0xf6,0x54,0xf6,0x54,0xf6,0x54,0xf6,0x54,0xf6,0x54,0xf6,0x54,0xf6,0x54,0xf6,0x54,0xf6,0x54,0xf6,0x54,0xf6,0x54,0xf6,0x54,0xf6,0x54,0xf6,0x54,0xf6,0x54,0xf6,0x54,0xf6,0x54,0xf6,0x54,0xf6,0x54,0xf6,0x54,0xf6,0x54,0xf6,0x54,0xf6,0x54,0xf6,0x54,0xf6,0x54,0xf6,0x54,0xf6,0x54,0xf6,0x54,0xf6,0x54,0xf6,0x54,0xf6,0x54,0x00,0x00,0xfe,0x74,0xf6,0x54,0xf6,0x54,0xf6,0x54,0xf6,0x54,0xf6,0x54,0xf6,0x54,0xf6,0x54,0xf6,0x54,0xf6,0x54,0xf6,0x54,0xf6,0x54,0xf6,0x54,0xf6,0x54,0xf6,0x54,0xf6,0x54,0xf6,0x54,0xf6,0x74,0x00,0x00,0x00,0x00,0xfe,0x54,0xf6,0x54,0xf6,0x54,0xf6,0x54,0xf6,0x54,0xf6,0x54,0xf6,0x54,0xf6,0x54,0xf6,0x54,0xf6,0x54,0xf6,0x54,0xf6,0x54,0xf6,0x54,0xf6,0x54,0xf6,0x54,0xf6,0x54,0xf6,0x54,0xf6,0x54,0xf6,0x54,0xf6,0x54,0xf6,0x54,0xf6,0x54,0xf6,0x54,0xf6,0x54,0xf6,0x54,0xf6,0x54,0xf6,0x54,0xf6,0x54,0xf6,0x54,0xf6,0x54,0xf6,0x54,0xf6,0x54,0xf6,0x54,0xf6,0x54,0xf6,0x54,0xf6,0x54,0xf6,0x54,0xf6,0x54,0xf6,0x54,0xf6,0x54,0xf6,0x54,0xf6,0x54,0xf6,0x54,0xf6,0x54,0xf6,0x54,0xf6,0x54,0xf6,0x54,0xf6,0x54,0xf6,0x54,0xf6,0x54,0xf6,0x54,0xf6,0x54,0xf6,0x54,0x00,0x00,0x00,0x00,0xf6,0x54,0xf6,0x54,0xf6,0x54,0xf6,0x54,0xf6,0x54,0xf6,0x54,0xf6,0x54,0xf6,0x54,0xf6,0x54,0xf6,0x54,0xf6,0x54,0xf6,0x54,0xf6,0x54,0xf6,0x54,0xf6,0x54,0xf6,0x54,0xf6,0x54,0xfe,0x54,0xff,0xff,0xfe,0x54,0xf6,0x54,0xf6,0x54,0xf6,0x54,0xf6,0x54,0xf6,0x54,0xf6,0x54,0xf6,0x54,0xf6,0x54,0xf6,0x54,0xf6,0x54,0xf6,0x54,0xf6,0x54,0xf6,0x54,0xf6,0x54,0xf6,0x54,0xf6,0x54,0xf6,0x54,0xf6,0x54,0xf6,0x54,0xf6,0x54,0xf6,0x54,0xf6,0x54,0xf6,0x54,0xf6,0x54,0xf6,0x54,0xf6,0x54,0xf6,0x54,0xf6,0x54,0xf6,0x54,0xf6,0x54,0xf6,0x54,0xf6,0x54,0xf6,0x54,0xf6,0x54,0xf6,0x54,0xf6,0x54,0xf6,0x54,0xf6,0x54,0xf6,0x54,0xf6,0x54,0xf6,0x54,0xf6,0x54,0xf6,0x54,0xf6,0x54,0xf6,0x54,0xf6,0x54,0xf6,0x54,0xf6,0x54,0xf6,0x54,0xf6,0x54,0xf6,0x54,0xf6,0x54,0x00,0x00,0x00,0x00,0xf6,0x74,0xf6,0x54,0xf6,0x54,0xf6,0x54,0xf6,0x54,0xf6,0x54,0xf6,0x54,0xf6,0x54,0xf6,0x54,0xf6,0x54,0xf6,0x54,0xf6,0x54,0xf6,0x54,0xf6,0x54,0xf6,0x54,0xf6,0x54,0xf6,0x54,0xf6,0x54,0xfe,0x54,0xfe,0x54,0xf6,0x54,0xf6,0x54,0xf6,0x54,0xf6,0x54,0xf6,0x54,0xf6,0x54,0xf6,0x54,0xf6,0x54,0xf6,0x54,0xf6,0x54,0xf6,0x54,0xf6,0x54,0xf6,0x54,0xf6,0x54,0xf6,0x54,0xf6,0x54,0xf6,0x54,0xf6,0x54,0xf6,0x54,0xf6,0x54,0xf6,0x54,0xf6,0x54,0xf6,0x54,0xf6,0x54,0xf6,0x54,0xf6,0x54,0xf6,0x54,0xf6,0x54,0xf6,0x54,0xf6,0x54,0xf6,0x54,0xf6,0x54,0xf6,0x54,0xf6,0x54,0xf6,0x54,0xf6,0x54,0xf6,0x54,0xf6,0x54,0xf6,0x54,0xf6,0x54,0xf6,0x54,0xf6,0x54,0xf6,0x54,0xf6,0x54,0xf6,0x54,0xf6,0x54,0xf6,0x54,0xf6,0x54,0xf6,0x54,0xf6,0x54,0xf6,0x54,0xf6,0x54,0x00,0x00,0x00,0x00,0xed,0xf3,0xf6,0x54,0xf6,0x54,0xf6,0x54,0xf6,0x54,0xf6,0x54,0xf6,0x54,0xf6,0x54,0xf6,0x54,0xf6,0x54,0xf6,0x54,0xf6,0x54,0xf6,0x54,0xf6,0x54,0xf6,0x54,0xf6,0x54,0xf6,0x54,0xf6,0x54,0xf6,0x54,0xf6,0x54,0xf6,0x54,0xf6,0x54,0xf6,0x54,0xf6,0x54,0xf6,0x54,0xf6,0x54,0xf6,0x54,0xf6,0x54,0xf6,0x54,0xf6,0x54,0xf6,0x54,0xf6,0x54,0xf6,0x54,0xf6,0x54,0xf6,0x54,0xf6,0x54,0xf6,0x54,0xf6,0x54,0xf6,0x54,0xf6,0x54,0xf6,0x54,0xf6,0x54,0xf6,0x54,0xf6,0x54,0xf6,0x54,0xf6,0x54,0xf6,0x54,0xf6,0x54,0xf6,0x54,0xf6,0x54,0xf6,0x54,0xf6,0x54,0xf6,0x54,0xf6,0x54,0xf6,0x54,0xf6,0x54,0xf6,0x54,0xf6,0x54,0xf6,0x54,0xf6,0x54,0xf6,0x54,0xf6,0x54,0xf6,0x54,0xf6,0x54,0xf6,0x54,0xf6,0x54,0xf6,0x54,0xf6,0x54,0xf6,0x54,0xf6,0x54,0xf6,0x54,0xf6,0x54,0x00,0x00,0x00,0x00,0x00,0x00,0xf6,0x54,0xf6,0x54,0xf6,0x54,0xf6,0x54,0xf6,0x54,0xf6,0x54,0xf6,0x54,0xf6,0x54,0xf6,0x54,0xf6,0x54,0xf6,0x54,0xf6,0x54,0xf6,0x54,0xf6,0x54,0xf6,0x54,0xf6,0x54,0xf6,0x54,0xf6,0x54,0xf6,0x54,0xf6,0x54,0xf6,0x54,0xf6,0x54,0xf6,0x54,0xf6,0x54,0xf6,0x54,0xf6,0x54,0xf6,0x54,0xf6,0x54,0xf6,0x54,0xf6,0x54,0xf6,0x54,0xf6,0x54,0xf6,0x54,0xf6,0x54,0xf6,0x54,0xf6,0x54,0xf6,0x54,0xf6,0x54,0xf6,0x54,0xf6,0x54,0xf6,0x54,0xf6,0x54,0xf6,0x54,0xf6,0x54,0xf6,0x54,0xf6,0x54,0xf6,0x54,0xf6,0x54,0xf6,0x54,0xf6,0x54,0xf6,0x54,0xf6,0x54,0xf6,0x54,0xf6,0x54,0xf6,0x54,0xf6,0x54,0xf6,0x54,0xf6,0x54,0xf6,0x54,0xf6,0x54,0xf6,0x54,0xf6,0x54,0xf6,0x54,0xf6,0x54,0xf6,0x54,0xf6,0x54,0xf6,0x54,0xf6,0x54,0xf6,0x54,0xf6,0x54,0xf6,0x54,0x00,0x00,0x00,0x00,0x00,0x00,0xff,0xf0,0xfe,0x54,0xf6,0x54,0xf6,0x54,0xf6,0x54,0xf6,0x54,0xf6,0x54,0xf6,0x54,0xf6,0x54,0xf6,0x54,0xf6,0x54,0xf6,0x54,0xf6,0x54,0xf6,0x54,0xf6,0x54,0xf6,0x54,0xf6,0x54,0xf6,0x54,0xf6,0x54,0xf6,0x54,0xf6,0x54,0xf6,0x54,0xf6,0x54,0xf6,0x54,0xf6,0x54,0xf6,0x54,0xf6,0x54,0xf6,0x54,0xf6,0x54,0xf6,0x54,0xf6,0x54,0xf6,0x54,0xf6,0x54,0xf6,0x54,0xf6,0x54,0xf6,0x54,0xf6,0x54,0xf6,0x54,0xf6,0x54,0xf6,0x54,0xf6,0x54,0xf6,0x54,0xf6,0x54,0xf6,0x54,0xf6,0x54,0xf6,0x54,0xf6,0x54,0xf6,0x54,0xf6,0x54,0xf6,0x54,0xf6,0x54,0xf6,0x54,0xf6,0x54,0xf6,0x54,0xf6,0x54,0xf6,0x54,0xf6,0x54,0xf6,0x54,0xf6,0x54,0xf6,0x54,0xf6,0x54,0xf6,0x54,0xf6,0x54,0xf6,0x54,0xf6,0x54,0xf6,0x54,0xf6,0x54,0xf6,0x54,0xf6,0x54,0xf6,0x54,0xf6,0x54,0x00,0x00,0x00,0x00,0x00,0x00,0x00,0x00,0xfe,0x54,0xf6,0x54,0xf6,0x54,0xf6,0x54,0xf6,0x54,0xf6,0x54,0xf6,0x54,0xf6,0x54,0xf6,0x54,0xf6,0x54,0xf6,0x54,0xf6,0x54,0xf6,0x54,0xf6,0x54,0xf6,0x54,0xf6,0x54,0xf6,0x54,0xf6,0x54,0xf6,0x54,0xf6,0x54,0xf6,0x54,0xf6,0x54,0xf6,0x54,0xf6,0x54,0xf6,0x54,0xf6,0x54,0xf6,0x54,0xf6,0x54,0xf6,0x54,0xf6,0x54,0xf6,0x54,0xf6,0x54,0xf6,0x54,0xf6,0x54,0xf6,0x54,0xf6,0x54,0xf6,0x54,0xf6,0x54,0xf6,0x54,0xf6,0x54,0xf6,0x54,0xf6,0x54,0xf6,0x54,0xf6,0x54,0xf6,0x54,0xf6,0x54,0xf6,0x54,0xf6,0x54,0xf6,0x54,0xf6,0x54,0xf6,0x54,0xf6,0x54,0xf6,0x54,0xf6,0x54,0xf6,0x54,0xf6,0x54,0xf6,0x54,0xf6,0x54,0xf6,0x54,0xf6,0x54,0xf6,0x54,0xf6,0x54,0xf6,0x54,0xf6,0x54,0xf6,0x54,0xf6,0x54,0xf6,0x54,0xf6,0x54,0xf6,0x54,0xf6,0x54,0x00,0x00,0x00,0x00,0x00,0x00,0x00,0x00,0x00,0x00,0xf6,0x54,0xf6,0x54,0xf6,0x54,0xf6,0x54,0xf6,0x54,0xf6,0x54,0xf6,0x54,0xf6,0x54,0xf6,0x54,0xf6,0x54,0xf6,0x54,0xf6,0x54,0xf6,0x54,0xf6,0x54,0xf6,0x54,0xf6,0x54,0xf6,0x54,0xf6,0x54,0xf6,0x54,0xf6,0x54,0xf6,0x54,0xf6,0x54,0xf6,0x54,0xf6,0x54,0xf6,0x54,0xf6,0x54,0xf6,0x54,0xf6,0x54,0xf6,0x54,0xf6,0x54,0xf6,0x54,0xf6,0x54,0xf6,0x54,0xf6,0x54,0xf6,0x54,0xf6,0x54,0xf6,0x54,0xf6,0x54,0xf6,0x54,0xf6,0x54,0xf6,0x54,0xf6,0x54,0xf6,0x54,0xf6,0x54,0xf6,0x54,0xf6,0x54,0xf6,0x54,0xf6,0x54,0xf6,0x54,0xf6,0x54,0xf6,0x54,0xf6,0x54,0xf6,0x54,0xf6,0x54,0xf6,0x54,0xf6,0x54,0xf6,0x54,0xf6,0x54,0xf6,0x54,0xf6,0x54,0xf6,0x54,0xf6,0x54,0xf6,0x54,0xf6,0x54,0xf6,0x54,0xf6,0x54,0xf6,0x54,0xf6,0x54,0xf6,0x54,0x00,0x00,0x00,0x00,0x00,0x00,0x00,0x00,0x00,0x00,0xf6,0x94,0xf6,0x54,0xf6,0x54,0xf6,0x54,0xf6,0x54,0xf6,0x54,0xf6,0x54,0xf6,0x54,0xf6,0x54,0xf6,0x54,0xf6,0x54,0xf6,0x54,0xf6,0x54,0xf6,0x54,0xf6,0x54,0xf6,0x54,0xf6,0x54,0xf6,0x54,0xf6,0x54,0xf6,0x54,0xf6,0x54,0xf6,0x54,0xf6,0x54,0xf6,0x54,0xf6,0x54,0xf6,0x54,0xf6,0x54,0xf6,0x54,0xf6,0x54,0xf6,0x54,0xf6,0x54,0xf6,0x54,0xf6,0x54,0xf6,0x54,0xf6,0x54,0xf6,0x54,0xf6,0x54,0xf6,0x54,0xf6,0x54,0xf6,0x54,0xf6,0x54,0xf6,0x54,0xf6,0x54,0xf6,0x54,0xf6,0x54,0xf6,0x54,0xf6,0x54,0xf6,0x54,0xf6,0x54,0xf6,0x54,0xf6,0x54,0xf6,0x54,0xf6,0x54,0xf6,0x54,0xf6,0x54,0xf6,0x54,0xf6,0x54,0xf6,0x54,0xf6,0x54,0xf6,0x54,0xf6,0x54,0xf6,0x54,0xf6,0x54,0xf6,0x54,0xf6,0x54,0xf6,0x54,0xf6,0x54,0xf6,0x54,0xf6,0x54,0x00,0x00,0x00,0x00,0x00,0x00,0x00,0x00,0x00,0x00,0xfe,0xb5,0xf6,0x54,0xf6,0x54,0xf6,0x54,0xf6,0x54,0xf6,0x54,0xf6,0x54,0xf6,0x54,0xf6,0x54,0xf6,0x54,0xf6,0x54,0xf6,0x54,0xf6,0x54,0xf6,0x54,0xf6,0x54,0xf6,0x54,0xf6,0x54,0xf6,0x54,0xf6,0x54,0xf6,0x54,0xf6,0x54,0xf6,0x54,0xf6,0x54,0xf6,0x54,0xf6,0x54,0xf6,0x54,0xf6,0x54,0xf6,0x54,0xf6,0x54,0xf6,0x54,0xf6,0x54,0xf6,0x54,0xf6,0x54,0xf6,0x54,0xf6,0x54,0xf6,0x54,0xf6,0x54,0xf6,0x54,0xf6,0x54,0xf6,0x54,0xf6,0x54,0xf6,0x54,0xf6,0x54,0xf6,0x54,0xf6,0x54,0xf6,0x54,0xf6,0x54,0xf6,0x54,0xf6,0x54,0xf6,0x54,0xf6,0x54,0xf6,0x54,0xf6,0x54,0xf6,0x54,0xf6,0x54,0xf6,0x54,0xf6,0x54,0xf6,0x54,0xf6,0x54,0xf6,0x54,0xf6,0x54,0xf6,0x54,0xf6,0x54,0xf6,0x54,0xf6,0x54,0xf6,0x54,0xf6,0x54,0xf6,0x54,0xf6,0x54,0x00,0x00,0x00,0x00,0x00,0x00,0x00,0x00,0x00,0x00,0x00,0x00,0xfe,0x54,0xf6,0x54,0xf6,0x54,0xf6,0x54,0xf6,0x54,0xf6,0x54,0xf6,0x54,0xf6,0x54,0xf6,0x54,0xf6,0x54,0xf6,0x54,0xf6,0x54,0xf6,0x54,0xf6,0x54,0xf6,0x54,0xf6,0x54,0xf6,0x54,0xf6,0x54,0xf6,0x54,0xf6,0x54,0xf6,0x54,0xf6,0x54,0xf6,0x54,0xf6,0x54,0xf6,0x54,0xf6,0x54,0xf6,0x54,0xf6,0x54,0xf6,0x54,0xf6,0x54,0xf6,0x54,0xf6,0x54,0xf6,0x54,0xf6,0x54,0xf6,0x54,0xf6,0x54,0xf6,0x54,0xf6,0x54,0xf6,0x54,0xf6,0x54,0xf6,0x54,0xf6,0x54,0xf6,0x54,0xf6,0x54,0xf6,0x54,0xf6,0x54,0xf6,0x54,0xf6,0x54,0xf6,0x54,0xf6,0x54,0xf6,0x54,0xf6,0x54,0xf6,0x54,0xf6,0x54,0xf6,0x54,0xf6,0x54,0xf6,0x54,0xf6,0x54,0xf6,0x54,0xf6,0x54,0xf6,0x54,0xf6,0x54,0xf6,0x54,0xf6,0x54,0xf6,0x54,0xf6,0x54,0xf6,0x54,0xf6,0x54,0x00,0x00,0x00,0x00,0x00,0x00,0x00,0x00,0x00,0x00,0x00,0x00,0xfd,0x55,0xf6,0x54,0xf6,0x54,0xf6,0x54,0xf6,0x54,0xf6,0x54,0xf6,0x54,0xf6,0x54,0xf6,0x54,0xf6,0x54,0xf6,0x54,0xf6,0x54,0xf6,0x54,0xf6,0x54,0xf6,0x54,0xf6,0x54,0xf6,0x54,0xf6,0x54,0xf6,0x54,0xf6,0x54,0xf6,0x54,0xf6,0x54,0xf6,0x54,0xf6,0x54,0xf6,0x54,0xf6,0x54,0xf6,0x54,0xf6,0x54,0xf6,0x54,0xf6,0x54,0xf6,0x54,0xf6,0x54,0xf6,0x54,0xf6,0x54,0xf6,0x54,0xf6,0x54,0xf6,0x54,0xf6,0x54,0xf6,0x54,0xf6,0x54,0xf6,0x54,0xf6,0x54,0xf6,0x54,0xf6,0x54,0xf6,0x54,0xf6,0x54,0xf6,0x54,0xf6,0x54,0xf6,0x54,0xf6,0x54,0xf6,0x54,0xf6,0x54,0xf6,0x54,0xf6,0x54,0xf6,0x54,0xf6,0x54,0xf6,0x54,0xf6,0x54,0xf6,0x54,0xf6,0x54,0xf6,0x54,0xf6,0x54,0xf6,0x54,0xf6,0x54,0xf6,0x54,0xf6,0x54,0xf6,0x54,0xf6,0x54,0x00,0x00,0x00,0x00,0x00,0x00,0x00,0x00,0x00,0x00,0x00,0x00,0x00,0x00,0xf6,0x34,0xfe,0x54,0xf6,0x54,0xf6,0x54,0xf6,0x54,0xf6,0x54,0xf6,0x54,0xf6,0x54,0xf6,0x54,0xf6,0x54,0xf6,0x54,0xf6,0x54,0xf6,0x54,0xf6,0x54,0xf6,0x54,0xf6,0x54,0xf6,0x54,0xf6,0x54,0xf6,0x54,0xf6,0x54,0xf6,0x54,0xf6,0x54,0xf6,0x54,0xf6,0x54,0xf6,0x54,0xf6,0x54,0xf6,0x54,0xf6,0x54,0xf6,0x54,0xf6,0x54,0xf6,0x54,0xf6,0x54,0xf6,0x54,0xf6,0x54,0xf6,0x54,0xf6,0x54,0xf6,0x54,0xf6,0x54,0xf6,0x54,0xf6,0x54,0xf6,0x54,0xf6,0x54,0xf6,0x54,0xf6,0x54,0xf6,0x54,0xf6,0x54,0xf6,0x54,0xf6,0x54,0xf6,0x54,0xf6,0x54,0xf6,0x54,0xf6,0x54,0xf6,0x54,0xf6,0x54,0xf6,0x54,0xf6,0x54,0xf6,0x54,0xf6,0x54,0xf6,0x54,0xf6,0x54,0xf6,0x54,0xf6,0x54,0xf6,0x54,0xf6,0x54,0xf6,0x54,0xf6,0x54,0xf6,0x54,0x00,0x00,0x00,0x00,0x00,0x00,0x00,0x00,0x00,0x00,0x00,0x00,0x00,0x00,0x00,0x00,0xfe,0x74,0xf6,0x54,0xf6,0x54,0xf6,0x54,0xf6,0x54,0xf6,0x54,0xf6,0x54,0xf6,0x54,0xf6,0x54,0xf6,0x54,0xf6,0x54,0xf6,0x54,0xf6,0x54,0xf6,0x54,0xf6,0x54,0xf6,0x54,0xf6,0x54,0xf6,0x54,0xf6,0x54,0xf6,0x54,0xf6,0x54,0xf6,0x54,0xf6,0x54,0xf6,0x54,0xf6,0x54,0xf6,0x54,0xf6,0x54,0xf6,0x54,0xf6,0x54,0xf6,0x54,0xf6,0x54,0xf6,0x54,0xf6,0x54,0xf6,0x54,0xf6,0x54,0xf6,0x54,0xf6,0x54,0xf6,0x54,0xf6,0x54,0xf6,0x54,0xf6,0x54,0xf6,0x54,0xf6,0x54,0xf6,0x54,0xf6,0x54,0xf6,0x54,0xf6,0x54,0xf6,0x54,0xf6,0x54,0xf6,0x54,0xf6,0x54,0xf6,0x54,0xf6,0x54,0xf6,0x54,0xf6,0x54,0xf6,0x54,0xf6,0x54,0xf6,0x54,0xf6,0x54,0xf6,0x54,0xf6,0x54,0xf6,0x54,0xf6,0x54,0xf6,0x54,0xf6,0x54,0xf6,0x54,0x00,0x00,0x00,0x00,0x00,0x00,0x00,0x00,0x00,0x00,0x00,0x00,0x00,0x00,0x00,0x00,0xee,0x54,0xfe,0x54,0xf6,0x54,0xf6,0x54,0xf6,0x54,0xf6,0x54,0xf6,0x54,0xf6,0x54,0xf6,0x54,0xf6,0x54,0xf6,0x54,0xf6,0x54,0xf6,0x54,0xf6,0x54,0xf6,0x54,0xf6,0x54,0xf6,0x54,0xf6,0x54,0xf6,0x54,0xf6,0x54,0xf6,0x54,0xf6,0x54,0xf6,0x54,0xf6,0x54,0xf6,0x54,0xf6,0x54,0xf6,0x54,0xf6,0x54,0xf6,0x54,0xf6,0x54,0xf6,0x54,0xf6,0x54,0xf6,0x54,0xf6,0x54,0xf6,0x54,0xf6,0x54,0xf6,0x54,0xf6,0x54,0xf6,0x54,0xf6,0x54,0xf6,0x54,0xf6,0x54,0xf6,0x54,0xf6,0x54,0xf6,0x54,0xf6,0x54,0xf6,0x54,0xf6,0x54,0xf6,0x54,0xf6,0x54,0xf6,0x54,0xf6,0x54,0xf6,0x54,0xf6,0x54,0xf6,0x54,0xf6,0x54,0xf6,0x54,0xf6,0x54,0xf6,0x54,0xf6,0x54,0xf6,0x54,0xf6,0x54,0xf6,0x54,0xf6,0x54,0xf6,0x54,0xf6,0x54,0x00,0x00,0x00,0x00,0x00,0x00,0x00,0x00,0x00,0x00,0x00,0x00,0x00,0x00,0x00,0x00,0x00,0x00,0xf6,0x54,0xf6,0x54,0xf6,0x54,0xf6,0x54,0xf6,0x54,0xf6,0x54,0xf6,0x54,0xf6,0x54,0xf6,0x54,0xf6,0x54,0xf6,0x54,0xf6,0x54,0xf6,0x54,0xf6,0x54,0xf6,0x54,0xf6,0x54,0xf6,0x54,0xf6,0x54,0xf6,0x54,0xf6,0x54,0xf6,0x54,0xf6,0x54,0xf6,0x54,0xf6,0x54,0xf6,0x54,0xf6,0x54,0xf6,0x54,0xf6,0x54,0xf6,0x54,0xf6,0x54,0xf6,0x54,0xf6,0x54,0xf6,0x54,0xf6,0x54,0xf6,0x54,0xf6,0x54,0xf6,0x54,0xf6,0x54,0xf6,0x54,0xf6,0x54,0xf6,0x54,0xf6,0x54,0xf6,0x54,0xf6,0x54,0xf6,0x54,0xf6,0x54,0xf6,0x54,0xf6,0x54,0xf6,0x54,0xf6,0x54,0xf6,0x54,0xf6,0x54,0xf6,0x54,0xf6,0x54,0xf6,0x54,0xf6,0x54,0xf6,0x54,0xf6,0x54,0xf6,0x54,0xf6,0x54,0xf6,0x54,0xf6,0x54,0xf6,0x54,0xf6,0x54,0xf6,0x54,0x00,0x00,0x00,0x00,0x00,0x00,0x00,0x00,0x00,0x00,0x00,0x00,0x00,0x00,0x00,0x00,0x00,0x00,0xf6,0x74,0xf6,0x54,0xf6,0x54,0xf6,0x54,0xf6,0x54,0xf6,0x54,0xf6,0x54,0xf6,0x54,0xf6,0x54,0xf6,0x54,0xf6,0x54,0xf6,0x54,0xf6,0x54,0xf6,0x54,0xf6,0x54,0xf6,0x54,0xf6,0x54,0xf6,0x54,0xf6,0x54,0xf6,0x54,0xf6,0x54,0xf6,0x54,0xf6,0x54,0xf6,0x54,0xf6,0x54,0xf6,0x54,0xf6,0x54,0xf6,0x54,0xf6,0x54,0xf6,0x54,0xf6,0x54,0xf6,0x54,0xf6,0x54,0xf6,0x54,0xf6,0x54,0xf6,0x54,0xf6,0x54,0xf6,0x54,0xf6,0x54,0xf6,0x54,0xf6,0x54,0xf6,0x54,0xf6,0x54,0xf6,0x54,0xf6,0x54,0xf6,0x54,0xf6,0x54,0xf6,0x54,0xf6,0x54,0xf6,0x54,0xf6,0x54,0xf6,0x54,0xf6,0x54,0xf6,0x54,0xf6,0x54,0xf6,0x54,0xf6,0x54,0xf6,0x54,0xf6,0x54,0xf6,0x54,0xf6,0x54,0xf6,0x54,0xf6,0x54,0xf6,0x54,0xf6,0x54,0x00,0x00,0x00,0x00,0x00,0x00,0x00,0x00,0x00,0x00,0x00,0x00,0x00,0x00,0x00,0x00,0x00,0x00,0xfd,0x55,0xf6,0x54,0xf6,0x54,0xf6,0x54,0xf6,0x54,0xf6,0x54,0xf6,0x54,0xf6,0x54,0xf6,0x54,0xf6,0x54,0xf6,0x54,0xf6,0x54,0xf6,0x54,0xf6,0x54,0xf6,0x54,0xf6,0x54,0xf6,0x54,0xf6,0x54,0xf6,0x54,0xf6,0x54,0xf6,0x54,0xf6,0x54,0xf6,0x54,0xf6,0x54,0xf6,0x54,0xf6,0x54,0xf6,0x54,0xf6,0x54,0xf6,0x54,0xf6,0x54,0xf6,0x54,0xf6,0x54,0xf6,0x54,0xf6,0x54,0xf6,0x54,0xf6,0x54,0xf6,0x54,0xf6,0x54,0xf6,0x54,0xf6,0x54,0xf6,0x54,0xf6,0x54,0xf6,0x54,0xf6,0x54,0xf6,0x54,0xf6,0x54,0xf6,0x54,0xf6,0x54,0xf6,0x54,0xf6,0x54,0xf6,0x54,0xf6,0x54,0xf6,0x54,0xf6,0x54,0xf6,0x54,0xf6,0x54,0xf6,0x54,0xf6,0x54,0xf6,0x54,0xf6,0x54,0xf6,0x54,0xf6,0x54,0xf6,0x54,0xf6,0x54,0xf6,0x54,0x00,0x00,0x00,0x00,0x00,0x00,0x00,0x00,0x00,0x00,0x00,0x00,0x00,0x00,0x00,0x00,0x00,0x00,0x00,0x00,0xf6,0x34,0xf6,0x54,0xf6,0x54,0xf6,0x54,0xf6,0x54,0xf6,0x54,0xf6,0x54,0xf6,0x54,0xf6,0x54,0xf6,0x54,0xf6,0x54,0xf6,0x54,0xf6,0x54,0xf6,0x54,0xf6,0x54,0xf6,0x54,0xf6,0x54,0xf6,0x54,0xf6,0x54,0xf6,0x54,0xf6,0x54,0xf6,0x54,0xf6,0x54,0xf6,0x54,0xf6,0x54,0xf6,0x54,0xf6,0x54,0xf6,0x54,0xf6,0x54,0xf6,0x54,0xf6,0x54,0xf6,0x54,0xf6,0x54,0xf6,0x54,0xf6,0x54,0xf6,0x54,0xf6,0x54,0xf6,0x54,0xf6,0x54,0xf6,0x54,0xf6,0x54,0xf6,0x54,0xf6,0x54,0xf6,0x54,0xf6,0x54,0xf6,0x54,0xf6,0x54,0xf6,0x54,0xf6,0x54,0xf6,0x54,0xf6,0x54,0xf6,0x54,0xf6,0x54,0xf6,0x54,0xf6,0x54,0xf6,0x54,0xf6,0x54,0xf6,0x54,0xf6,0x54,0xf6,0x54,0xf6,0x54,0xf6,0x54,0xf6,0x54,0xf6,0x54,0x00,0x00,0x00,0x00,0x00,0x00,0x00,0x00,0x00,0x00,0x00,0x00,0x00,0x00,0x00,0x00,0x00,0x00,0x00,0x00,0x00,0x00,0xf6,0x54,0xf6,0x54,0xf6,0x54,0xf6,0x54,0xf6,0x54,0xf6,0x54,0xf6,0x54,0xf6,0x54,0xf6,0x54,0xf6,0x54,0xf6,0x54,0xf6,0x54,0xf6,0x54,0xf6,0x54,0xf6,0x54,0xf6,0x54,0xf6,0x54,0xf6,0x54,0xf6,0x54,0xf6,0x54,0xf6,0x54,0xf6,0x54,0xf6,0x54,0xf6,0x54,0xf6,0x54,0xf6,0x54,0xf6,0x54,0xf6,0x54,0xf6,0x54,0xf6,0x54,0xf6,0x54,0xf6,0x54,0xf6,0x54,0xf6,0x54,0xf6,0x54,0xf6,0x54,0xf6,0x54,0xf6,0x54,0xf6,0x54,0xf6,0x54,0xf6,0x54,0xf6,0x54,0xf6,0x54,0xf6,0x54,0xf6,0x54,0xf6,0x54,0xf6,0x54,0xf6,0x54,0xf6,0x54,0xf6,0x54,0xf6,0x54,0xf6,0x54,0xf6,0x54,0xf6,0x54,0xf6,0x54,0xf6,0x54,0xf6,0x54,0xf6,0x54,0xf6,0x54,0xf6,0x54,0xf6,0x54,0xf6,0x54,0xf6,0x54,0x00,0x00,0x00,0x00,0x00,0x00,0x00,0x00,0x00,0x00,0x00,0x00,0x00,0x00,0x00,0x00,0x00,0x00,0x00,0x00,0x00,0x00,0xfe,0x35,0xf6,0x54,0xf6,0x54,0xf6,0x54,0xf6,0x54,0xf6,0x54,0xf6,0x54,0xf6,0x54,0xf6,0x54,0xf6,0x54,0xf6,0x54,0xf6,0x54,0xf6,0x54,0xf6,0x54,0xf6,0x54,0xf6,0x54,0xf6,0x54,0xf6,0x54,0xf6,0x54,0xf6,0x54,0xf6,0x54,0xf6,0x54,0xf6,0x54,0xf6,0x54,0xf6,0x54,0xf6,0x54,0xf6,0x54,0xf6,0x54,0xf6,0x54,0xf6,0x54,0xf6,0x54,0xf6,0x54,0xf6,0x54,0xf6,0x54,0xf6,0x54,0xf6,0x54,0xf6,0x54,0xf6,0x54,0xf6,0x54,0xf6,0x54,0xf6,0x54,0xf6,0x54,0xf6,0x54,0xf6,0x54,0xf6,0x54,0xf6,0x54,0xf6,0x54,0xf6,0x54,0xf6,0x54,0xf6,0x54,0xf6,0x54,0xf6,0x54,0xf6,0x54,0xf6,0x54,0xf6,0x54,0xf6,0x54,0xf6,0x54,0xf6,0x54,0xf6,0x54,0xf6,0x54,0xf6,0x54,0xf6,0x54,0xf6,0x54,0x00,0x00,0x00,0x00,0x00,0x00,0x00,0x00,0x00,0x00,0x00,0x00,0x00,0x00,0x00,0x00,0x00,0x00,0x00,0x00,0x00,0x00,0x00,0x00,0xfe,0x54,0xf6,0x54,0xf6,0x54,0xf6,0x54,0xf6,0x54,0xf6,0x54,0xf6,0x54,0xf6,0x54,0xf6,0x54,0xf6,0x54,0xf6,0x54,0xf6,0x54,0xf6,0x54,0xf6,0x54,0xf6,0x54,0xf6,0x54,0xf6,0x54,0xf6,0x54,0xf6,0x54,0xf6,0x54,0xf6,0x54,0xf6,0x54,0xf6,0x54,0xf6,0x54,0xf6,0x54,0xf6,0x54,0xf6,0x54,0xf6,0x54,0xf6,0x54,0xf6,0x54,0xf6,0x54,0xf6,0x54,0xf6,0x54,0xf6,0x54,0xf6,0x54,0xf6,0x54,0xf6,0x54,0xf6,0x54,0xf6,0x54,0xf6,0x54,0xf6,0x54,0xf6,0x54,0xf6,0x54,0xf6,0x54,0xf6,0x54,0xf6,0x54,0xf6,0x54,0xf6,0x54,0xf6,0x54,0xf6,0x54,0xf6,0x54,0xf6,0x54,0xf6,0x54,0xf6,0x54,0xf6,0x54,0xf6,0x54,0xf6,0x54,0xf6,0x54,0xf6,0x54,0xf6,0x54,0xf6,0x54,0xf6,0x54,0x00,0x00,0x00,0x00,0x00,0x00,0x00,0x00,0x00,0x00,0x00,0x00,0x00,0x00,0x00,0x00,0x00,0x00,0x00,0x00,0x00,0x00,0x00,0x00,0xed,0xf3,0xf6,0x54,0xf6,0x54,0xf6,0x54,0xf6,0x54,0xf6,0x54,0xf6,0x54,0xf6,0x54,0xf6,0x54,0xf6,0x54,0xf6,0x54,0xf6,0x54,0xf6,0x54,0xf6,0x54,0xf6,0x54,0xf6,0x54,0xf6,0x54,0xf6,0x54,0xf6,0x54,0xf6,0x54,0xf6,0x54,0xf6,0x54,0xf6,0x54,0xf6,0x54,0xf6,0x54,0xf6,0x54,0xf6,0x54,0xf6,0x54,0xf6,0x54,0xf6,0x54,0xf6,0x54,0xf6,0x54,0xf6,0x54,0xf6,0x54,0xf6,0x54,0xf6,0x54,0xf6,0x54,0xf6,0x54,0xf6,0x54,0xf6,0x54,0xf6,0x54,0xf6,0x54,0xf6,0x54,0xf6,0x54,0xf6,0x54,0xf6,0x54,0xf6,0x54,0xf6,0x54,0xf6,0x54,0xf6,0x54,0xf6,0x54,0xf6,0x54,0xf6,0x54,0xf6,0x54,0xf6,0x54,0xf6,0x54,0xf6,0x54,0xf6,0x54,0xf6,0x54,0xf6,0x54,0xf6,0x54,0xf6,0x54,0x00,0x00,0x00,0x00,0x00,0x00,0x00,0x00,0x00,0x00,0x00,0x00,0x00,0x00,0x00,0x00,0x00,0x00,0x00,0x00,0x00,0x00,0x00,0x00,0x00,0x00,0xfe,0x54,0xf6,0x54,0xf6,0x54,0xf6,0x54,0xf6,0x54,0xf6,0x54,0xf6,0x54,0xf6,0x54,0xf6,0x54,0xf6,0x54,0xf6,0x54,0xf6,0x54,0xf6,0x54,0xf6,0x54,0xf6,0x54,0xf6,0x54,0xf6,0x54,0xf6,0x54,0xf6,0x54,0xf6,0x54,0xf6,0x54,0xf6,0x54,0xf6,0x54,0xf6,0x54,0xf6,0x54,0xf6,0x54,0xf6,0x54,0xf6,0x54,0xf6,0x54,0xf6,0x54,0xf6,0x54,0xf6,0x54,0xf6,0x54,0xf6,0x54,0xf6,0x54,0xf6,0x54,0xf6,0x54,0xf6,0x54,0xf6,0x54,0xf6,0x54,0xf6,0x54,0xf6,0x54,0xf6,0x54,0xf6,0x54,0xf6,0x54,0xf6,0x54,0xf6,0x54,0xf6,0x54,0xf6,0x54,0xf6,0x54,0xf6,0x54,0xf6,0x54,0xf6,0x54,0xf6,0x54,0xf6,0x54,0xf6,0x54,0xf6,0x54,0xf6,0x54,0xf6,0x54,0xf6,0x54,0xf6,0x54,0x00,0x00,0x00,0x00,0x00,0x00,0x00,0x00,0x00,0x00,0x00,0x00,0x00,0x00,0x00,0x00,0x00,0x00,0x00,0x00,0x00,0x00,0x00,0x00,0x00,0x00,0xf6,0x13,0xfe,0x54,0xf6,0x54,0xf6,0x54,0xf6,0x54,0xf6,0x54,0xf6,0x54,0xf6,0x54,0xf6,0x54,0xf6,0x54,0xf6,0x54,0xf6,0x54,0xf6,0x54,0xf6,0x54,0xf6,0x54,0xf6,0x54,0xf6,0x54,0xf6,0x54,0xf6,0x54,0xf6,0x54,0xf6,0x54,0xf6,0x54,0xf6,0x54,0xf6,0x54,0xf6,0x54,0xf6,0x54,0xf6,0x54,0xf6,0x54,0xf6,0x54,0xf6,0x54,0xf6,0x54,0xf6,0x54,0xf6,0x54,0xf6,0x54,0xf6,0x54,0xf6,0x54,0xf6,0x54,0xf6,0x54,0xf6,0x54,0xf6,0x54,0xf6,0x54,0xf6,0x54,0xf6,0x54,0xf6,0x54,0xf6,0x54,0xf6,0x54,0xf6,0x54,0xf6,0x54,0xf6,0x54,0xf6,0x54,0xf6,0x54,0xf6,0x54,0xf6,0x54,0xf6,0x54,0xf6,0x54,0xf6,0x54,0xf6,0x54,0xf6,0x54,0xf6,0x54,0xf6,0x54,0xf6,0x54,0x00,0x00,0x00,0x00,0x00,0x00,0x00,0x00,0x00,0x00,0x00,0x00,0x00,0x00,0x00,0x00,0x00,0x00,0x00,0x00,0x00,0x00,0x00,0x00,0x00,0x00,0x00,0x00,0xfe,0x54,0xf6,0x54,0xf6,0x54,0xf6,0x54,0xf6,0x54,0xf6,0x54,0xf6,0x54,0xf6,0x54,0xf6,0x54,0xf6,0x54,0xf6,0x54,0xf6,0x54,0xf6,0x54,0xf6,0x54,0xf6,0x54,0xf6,0x54,0xf6,0x54,0xf6,0x54,0xf6,0x54,0xf6,0x54,0xf6,0x54,0xf6,0x54,0xf6,0x54,0xf6,0x54,0xf6,0x54,0xf6,0x54,0xf6,0x54,0xf6,0x54,0xf6,0x54,0xf6,0x54,0xf6,0x54,0xf6,0x54,0xf6,0x54,0xf6,0x54,0xf6,0x54,0xf6,0x54,0xf6,0x54,0xf6,0x54,0xf6,0x54,0xf6,0x54,0xf6,0x54,0xf6,0x54,0xf6,0x54,0xf6,0x54,0xf6,0x54,0xf6,0x54,0xf6,0x54,0xf6,0x54,0xf6,0x54,0xf6,0x54,0xf6,0x54,0xf6,0x54,0xf6,0x54,0xf6,0x54,0xf6,0x54,0xf6,0x54,0xf6,0x54,0xf6,0x54,0xf6,0x54,0xfe,0x54,0x00,0x00,0x00,0x00,0x00,0x00,0x00,0x00,0x00,0x00,0x00,0x00,0x00,0x00,0x00,0x00,0x00,0x00,0x00,0x00,0x00,0x00,0x00,0x00,0x00,0x00,0x00,0x00,0xff,0xff,0xf6,0x54,0xf6,0x54,0xf6,0x54,0xf6,0x54,0xf6,0x54,0xf6,0x54,0xf6,0x54,0xf6,0x54,0xf6,0x54,0xf6,0x54,0xf6,0x54,0xf6,0x54,0xf6,0x54,0xf6,0x54,0xf6,0x54,0xf6,0x54,0xf6,0x54,0xf6,0x54,0xf6,0x54,0xf6,0x54,0xf6,0x54,0xf6,0x54,0xf6,0x54,0xf6,0x54,0xf6,0x54,0xf6,0x54,0xf6,0x54,0xf6,0x54,0xf6,0x54,0xf6,0x54,0xf6,0x54,0xf6,0x54,0xf6,0x54,0xf6,0x54,0xf6,0x54,0xf6,0x54,0xf6,0x54,0xf6,0x54,0xf6,0x54,0xf6,0x54,0xf6,0x54,0xf6,0x54,0xf6,0x54,0xf6,0x54,0xf6,0x54,0xf6,0x54,0xf6,0x54,0xf6,0x54,0xf6,0x54,0xf6,0x54,0xf6,0x54,0xf6,0x54,0xf6,0x54,0xf6,0x54,0xf6,0x54,0xf6,0x54,0xf6,0x54,0xf6,0x54,0xf6,0x54,0x00,0x00,0x00,0x00,0x00,0x00,0x00,0x00,0x00,0x00,0x00,0x00,0x00,0x00,0x00,0x00,0x00,0x00,0x00,0x00,0x00,0x00,0x00,0x00,0x00,0x00,0x00,0x00,0x00,0x00,0xf6,0x75,0xf6,0x54,0xf6,0x54,0xf6,0x54,0xf6,0x54,0xf6,0x54,0xf6,0x54,0xf6,0x54,0xf6,0x54,0xf6,0x54,0xf6,0x54,0xf6,0x54,0xf6,0x54,0xf6,0x54,0xf6,0x54,0xf6,0x54,0xf6,0x54,0xf6,0x54,0xf6,0x54,0xf6,0x54,0xf6,0x54,0xf6,0x54,0xf6,0x54,0xf6,0x54,0xf6,0x54,0xf6,0x54,0xf6,0x54,0xf6,0x54,0xf6,0x54,0xf6,0x54,0xf6,0x54,0xf6,0x54,0xf6,0x54,0xf6,0x54,0xf6,0x54,0xf6,0x54,0xf6,0x54,0xf6,0x54,0xf6,0x54,0xf6,0x54,0xf6,0x54,0xf6,0x54,0xf6,0x54,0xf6,0x54,0xf6,0x54,0xf6,0x54,0xf6,0x54,0xf6,0x54,0xf6,0x54,0xf6,0x54,0xf6,0x54,0xf6,0x54,0xf6,0x54,0xf6,0x54,0xf6,0x54,0xf6,0x54,0xf6,0x54,0xf6,0x54,0xf6,0x54,0x00,0x00,0x00,0x00,0x00,0x00,0x00,0x00,0x00,0x00,0x00,0x00,0x00,0x00,0x00,0x00,0x00,0x00,0x00,0x00,0x00,0x00,0x00,0x00,0x00,0x00,0x00,0x00,0x00,0x00,0x00,0x00,0xfe,0x54,0xf6,0x54,0xf6,0x54,0xf6,0x54,0xf6,0x54,0xf6,0x54,0xf6,0x54,0xf6,0x54,0xf6,0x54,0xf6,0x54,0xf6,0x54,0xf6,0x54,0xf6,0x54,0xf6,0x54,0xf6,0x54,0xf6,0x54,0xf6,0x54,0xf6,0x54,0xf6,0x54,0xf6,0x54,0xf6,0x54,0xf6,0x54,0xf6,0x54,0xf6,0x54,0xf6,0x54,0xf6,0x54,0xf6,0x54,0xf6,0x54,0xf6,0x54,0xf6,0x54,0xf6,0x54,0xf6,0x54,0xf6,0x54,0xf6,0x54,0xf6,0x54,0xf6,0x54,0xf6,0x54,0xf6,0x54,0xf6,0x54,0xf6,0x54,0xf6,0x54,0xf6,0x54,0xf6,0x54,0xf6,0x54,0xf6,0x54,0xf6,0x54,0xf6,0x54,0xf6,0x54,0xf6,0x54,0xf6,0x54,0xf6,0x54,0xf6,0x54,0xf6,0x54,0xf6,0x54,0xf6,0x54,0xf6,0x54,0xf6,0x54,0xf6,0x54,0x00,0x00,0x00,0x00,0x00,0x00,0x00,0x00,0x00,0x00,0x00,0x00,0x00,0x00,0x00,0x00,0x00,0x00,0x00,0x00,0x00,0x00,0x00,0x00,0x00,0x00,0x00,0x00,0x00,0x00,0x00,0x00,0xfe,0x54,0xf6,0x54,0xf6,0x54,0xf6,0x54,0xf6,0x54,0xf6,0x54,0xf6,0x54,0xf6,0x54,0xf6,0x54,0xf6,0x54,0xf6,0x54,0xf6,0x54,0xf6,0x54,0xf6,0x54,0xf6,0x54,0xf6,0x54,0xf6,0x54,0xf6,0x54,0xf6,0x54,0xf6,0x54,0xf6,0x54,0xf6,0x54,0xf6,0x54,0xf6,0x54,0xf6,0x54,0xf6,0x54,0xf6,0x54,0xf6,0x54,0xf6,0x54,0xf6,0x54,0xf6,0x54,0xf6,0x54,0xf6,0x54,0xf6,0x54,0xf6,0x54,0xf6,0x54,0xf6,0x54,0xf6,0x54,0xf6,0x54,0xf6,0x54,0xf6,0x54,0xf6,0x54,0xf6,0x54,0xf6,0x54,0xf6,0x54,0xf6,0x54,0xf6,0x54,0xf6,0x54,0xf6,0x54,0xf6,0x54,0xf6,0x54,0xf6,0x54,0xf6,0x54,0xf6,0x54,0xf6,0x54,0xf6,0x54,0xf6,0x54,0xfe,0xb5,0x00,0x00,0x00,0x00,0x00,0x00,0x00,0x00,0x00,0x00,0x00,0x00,0x00,0x00,0x00,0x00,0x00,0x00,0x00,0x00,0x00,0x00,0x00,0x00,0x00,0x00,0x00,0x00,0x00,0x00,0x00,0x00,0xee,0x33,0xfe,0x54,0xf6,0x54,0xf6,0x54,0xf6,0x54,0xf6,0x54,0xf6,0x54,0xf6,0x54,0xf6,0x54,0xf6,0x54,0xf6,0x54,0xf6,0x54,0xf6,0x54,0xf6,0x54,0xf6,0x54,0xf6,0x54,0xf6,0x54,0xf6,0x54,0xf6,0x54,0xf6,0x54,0xf6,0x54,0xf6,0x54,0xf6,0x54,0xf6,0x54,0xf6,0x54,0xf6,0x54,0xf6,0x54,0xf6,0x54,0xf6,0x54,0xf6,0x54,0xf6,0x54,0xf6,0x54,0xf6,0x54,0xf6,0x54,0xf6,0x54,0xf6,0x54,0xf6,0x54,0xf6,0x54,0xf6,0x54,0xf6,0x54,0xf6,0x54,0xf6,0x54,0xf6,0x54,0xf6,0x54,0xf6,0x54,0xf6,0x54,0xf6,0x54,0xf6,0x54,0xf6,0x54,0xf6,0x54,0xf6,0x54,0xf6,0x54,0xf6,0x54,0xf6,0x54,0xf6,0x54,0xf6,0x54,0xf6,0x54,0x00,0x00,0x00,0x00,0x00,0x00,0x00,0x00,0x00,0x00,0x00,0x00,0x00,0x00,0x00,0x00,0x00,0x00,0x00,0x00,0x00,0x00,0x00,0x00,0x00,0x00,0x00,0x00,0x00,0x00,0x00,0x00,0x00,0x00,0x00,0x00,0xf6,0x54,0xf6,0x54,0xf6,0x54,0xf6,0x54,0xf6,0x54,0xf6,0x54,0xf6,0x54,0xf6,0x54,0xf6,0x54,0xf6,0x54,0xf6,0x54,0xf6,0x54,0xf6,0x54,0xf6,0x54,0xf6,0x54,0xf6,0x54,0xf6,0x54,0xf6,0x54,0xf6,0x54,0xf6,0x54,0xf6,0x54,0xf6,0x54,0xf6,0x54,0xf6,0x54,0xf6,0x54,0xf6,0x54,0xf6,0x54,0xf6,0x54,0xf6,0x54,0xf6,0x54,0xf6,0x54,0xf6,0x54,0xf6,0x54,0xf6,0x54,0xf6,0x54,0xf6,0x54,0xf6,0x54,0xf6,0x54,0xf6,0x54,0xf6,0x54,0xf6,0x54,0xf6,0x54,0xf6,0x54,0xf6,0x54,0xf6,0x54,0xf6,0x54,0xf6,0x54,0xf6,0x54,0xf6,0x54,0xf6,0x54,0xf6,0x54,0xf6,0x54,0xf6,0x54,0xf6,0x54,0xf6,0x54,0xf6,0x54,0x00,0x00,0x00,0x00,0x00,0x00,0x00,0x00,0x00,0x00,0x00,0x00,0x00,0x00,0x00,0x00,0x00,0x00,0x00,0x00,0x00,0x00,0x00,0x00,0x00,0x00,0x00,0x00,0x00,0x00,0x00,0x00,0x00,0x00,0x00,0x00,0xfe,0xb5,0xf6,0x54,0xf6,0x54,0xf6,0x54,0xf6,0x54,0xf6,0x54,0xf6,0x54,0xf6,0x54,0xf6,0x54,0xf6,0x54,0xf6,0x54,0xf6,0x54,0xf6,0x54,0xf6,0x54,0xf6,0x54,0xf6,0x54,0xf6,0x54,0xf6,0x54,0xf6,0x54,0xf6,0x54,0xf6,0x54,0xf6,0x54,0xf6,0x54,0xf6,0x54,0xf6,0x54,0xf6,0x54,0xf6,0x54,0xf6,0x54,0xf6,0x54,0xf6,0x54,0xf6,0x54,0xf6,0x54,0xf6,0x54,0xf6,0x54,0xf6,0x54,0xf6,0x54,0xf6,0x54,0xf6,0x54,0xf6,0x54,0xf6,0x54,0xf6,0x54,0xf6,0x54,0xf6,0x54,0xf6,0x54,0xf6,0x54,0xf6,0x54,0xf6,0x54,0xf6,0x54,0xf6,0x54,0xf6,0x54,0xf6,0x54,0xf6,0x54,0xf6,0x54,0xf6,0x54,0xf6,0x54,0xfe,0x75,0x00,0x00,0x00,0x00,0x00,0x00,0x00,0x00,0x00,0x00,0x00,0x00,0x00,0x00,0x00,0x00,0x00,0x00,0x00,0x00,0x00,0x00,0x00,0x00,0x00,0x00,0x00,0x00,0x00,0x00,0x00,0x00,0x00,0x00,0x00,0x00,0x00,0x00,0xfe,0x74,0xf6,0x54,0xf6,0x54,0xf6,0x54,0xf6,0x54,0xf6,0x54,0xf6,0x54,0xf6,0x54,0xf6,0x54,0xf6,0x54,0xf6,0x54,0xf6,0x54,0xf6,0x54,0xf6,0x54,0xf6,0x54,0xf6,0x54,0xf6,0x54,0xf6,0x54,0xf6,0x54,0xf6,0x54,0xf6,0x54,0xf6,0x54,0xf6,0x54,0xf6,0x54,0xf6,0x54,0xf6,0x54,0xf6,0x54,0xf6,0x54,0xf6,0x54,0xf6,0x54,0xf6,0x54,0xf6,0x54,0xf6,0x54,0xf6,0x54,0xf6,0x54,0xf6,0x54,0xf6,0x54,0xf6,0x54,0xf6,0x54,0xf6,0x54,0xf6,0x54,0xf6,0x54,0xf6,0x54,0xf6,0x54,0xf6,0x54,0xf6,0x54,0xf6,0x54,0xf6,0x54,0xf6,0x54,0xf6,0x54,0xf6,0x54,0xf6,0x54,0xf6,0x54,0xf6,0x54,0xcc,0xd3,0x00,0x00,0x00,0x00,0x00,0x00,0x00,0x00,0x00,0x00,0x00,0x00,0x00,0x00,0x00,0x00,0x00,0x00,0x00,0x00,0x00,0x00,0x00,0x00,0x00,0x00,0x00,0x00,0x00,0x00,0x00,0x00,0x00,0x00,0x00,0x00,0x00,0x00,0x00,0x00,0xf6,0x54,0xf6,0x54,0xf6,0x54,0xf6,0x54,0xf6,0x54,0xf6,0x54,0xf6,0x54,0xf6,0x54,0xf6,0x54,0xf6,0x54,0xf6,0x54,0xf6,0x54,0xf6,0x54,0xf6,0x54,0xf6,0x54,0xf6,0x54,0xf6,0x54,0xf6,0x54,0xf6,0x54,0xf6,0x54,0xf6,0x54,0xf6,0x54,0xf6,0x54,0xf6,0x54,0xf6,0x54,0xf6,0x54,0xf6,0x54,0xf6,0x54,0xf6,0x54,0xf6,0x54,0xf6,0x54,0xf6,0x54,0xf6,0x54,0xf6,0x54,0xf6,0x54,0xf6,0x54,0xf6,0x54,0xf6,0x54,0xf6,0x54,0xf6,0x54,0xf6,0x54,0xf6,0x54,0xf6,0x54,0xf6,0x54,0xf6,0x54,0xf6,0x54,0xf6,0x54,0xf6,0x54,0xf6,0x54,0xf6,0x54,0xf6,0x54,0xf6,0x54,0xf6,0x54,0x00,0x00,0x00,0x00,0x00,0x00,0x00,0x00,0x00,0x00,0x00,0x00,0x00,0x00,0x00,0x00,0x00,0x00,0x00,0x00,0x00,0x00,0x00,0x00,0x00,0x00,0x00,0x00,0x00,0x00,0x00,0x00,0x00,0x00,0x00,0x00,0x00,0x00,0x00,0x00,0x00,0x00,0xf6,0x74,0xf6,0x54,0xf6,0x54,0xf6,0x54,0xf6,0x54,0xf6,0x54,0xf6,0x54,0xf6,0x54,0xf6,0x54,0xf6,0x54,0xf6,0x54,0xf6,0x54,0xf6,0x54,0xf6,0x54,0xf6,0x54,0xf6,0x54,0xf6,0x54,0xf6,0x54,0xf6,0x54,0xf6,0x54,0xf6,0x54,0xf6,0x54,0xf6,0x54,0xf6,0x54,0xf6,0x54,0xf6,0x54,0xf6,0x54,0xf6,0x54,0xf6,0x54,0xf6,0x54,0xf6,0x54,0xf6,0x54,0xf6,0x54,0xf6,0x54,0xf6,0x54,0xf6,0x54,0xf6,0x54,0xf6,0x54,0xf6,0x54,0xf6,0x54,0xf6,0x54,0xf6,0x54,0xf6,0x54,0xf6,0x54,0xf6,0x54,0xf6,0x54,0xf6,0x54,0xf6,0x54,0xf6,0x54,0xf6,0x54,0xf6,0x54,0xfe,0x54,0xfe,0x94,0x00,0x00,0x00,0x00,0x00,0x00,0x00,0x00,0x00,0x00,0x00,0x00,0x00,0x00,0x00,0x00,0x00,0x00,0x00,0x00,0x00,0x00,0x00,0x00,0x00,0x00,0x00,0x00,0x00,0x00,0x00,0x00,0x00,0x00,0x00,0x00,0x00,0x00,0x00,0x00,0x00,0x00,0xf8,0x00,0xf6,0x54,0xf6,0x54,0xf6,0x54,0xf6,0x54,0xf6,0x54,0xf6,0x54,0xf6,0x54,0xf6,0x54,0xf6,0x54,0xf6,0x54,0xf6,0x54,0xf6,0x54,0xf6,0x54,0xf6,0x54,0xf6,0x54,0xf6,0x54,0xf6,0x54,0xf6,0x54,0xf6,0x54,0xf6,0x54,0xf6,0x54,0xf6,0x54,0xf6,0x54,0xf6,0x54,0xf6,0x54,0xf6,0x54,0xf6,0x54,0xf6,0x54,0xf6,0x54,0xf6,0x54,0xf6,0x54,0xf6,0x54,0xf6,0x54,0xf6,0x54,0xf6,0x54,0xf6,0x54,0xf6,0x54,0xf6,0x54,0xf6,0x54,0xf6,0x54,0xf6,0x54,0xf6,0x54,0xf6,0x54,0xf6,0x54,0xf6,0x54,0xf6,0x54,0xf6,0x54,0xf6,0x54,0xf6,0x54,0xfe,0x54,0xf6,0x53,0x00,0x00,0x00,0x00,0x00,0x00,0x00,0x00,0x00,0x00,0x00,0x00,0x00,0x00,0x00,0x00,0x00,0x00,0x00,0x00,0x00,0x00,0x00,0x00,0x00,0x00,0x00,0x00,0x00,0x00,0x00,0x00,0x00,0x00,0x00,0x00,0x00,0x00,0x00,0x00,0x00,0x00,0x00,0x00,0x00,0x00,0xfe,0xd6,0xfe,0x54,0xfe,0x54,0xf6,0x54,0xf6,0x54,0xf6,0x54,0xf6,0x54,0xf6,0x54,0xf6,0x54,0xf6,0x54,0xf6,0x54,0xf6,0x54,0xf6,0x54,0xf6,0x54,0xf6,0x54,0xf6,0x54,0xf6,0x54,0xf6,0x54,0xf6,0x54,0xf6,0x54,0xf6,0x54,0xf6,0x54,0xf6,0x54,0xf6,0x54,0xf6,0x54,0xf6,0x54,0xf6,0x54,0xf6,0x54,0xf6,0x54,0xf6,0x54,0xf6,0x54,0xf6,0x54,0xf6,0x54,0xf6,0x54,0xf6,0x54,0xf6,0x54,0xf6,0x54,0xf6,0x54,0xf6,0x54,0xf6,0x54,0xf6,0x54,0xf6,0x54,0xf6,0x54,0xf6,0x54,0xf6,0x54,0xf6,0x54,0xf6,0x54,0xf6,0x54,0xf6,0x54,0xf6,0x54,0x00,0x00,0x00,0x00,0x00,0x00,0x00,0x00,0x00,0x00,0x00,0x00,0x00,0x00,0x00,0x00,0x00,0x00,0x00,0x00,0x00,0x00,0x00,0x00,0x00,0x00,0x00,0x00,0x00,0x00,0x00,0x00,0x00,0x00,0x00,0x00,0x00,0x00,0x00,0x00,0x00,0x00,0x00,0x00,0x00,0x00,0x00,0x00,0x00,0x00,0xf6,0x54,0xf6,0x54,0xf6,0x54,0xf6,0x54,0xf6,0x54,0xf6,0x54,0xf6,0x54,0xf6,0x54,0xf6,0x54,0xf6,0x54,0xf6,0x54,0xf6,0x54,0xf6,0x54,0xf6,0x54,0xf6,0x54,0xf6,0x54,0xf6,0x54,0xf6,0x54,0xf6,0x54,0xf6,0x54,0xf6,0x54,0xf6,0x54,0xf6,0x54,0xf6,0x54,0xf6,0x54,0xf6,0x54,0xf6,0x54,0xf6,0x54,0xf6,0x54,0xf6,0x54,0xf6,0x54,0xf6,0x54,0xf6,0x54,0xf6,0x54,0xf6,0x54,0xf6,0x54,0xf6,0x54,0xf6,0x54,0xf6,0x54,0xf6,0x54,0xf6,0x54,0xf6,0x54,0xf6,0x54,0xf6,0x54,0xf6,0x54,0xf6,0x54,0xf6,0x54,0xf6,0x54,0x00,0x00,0x00,0x00,0x00,0x00,0x00,0x00,0x00,0x00,0x00,0x00,0x00,0x00,0x00,0x00,0x00,0x00,0x00,0x00,0x00,0x00,0x00,0x00,0x00,0x00,0x00,0x00,0x00,0x00,0x00,0x00,0x00,0x00,0x00,0x00,0x00,0x00,0x00,0x00,0x00,0x00,0x00,0x00,0x00,0x00,0x00,0x00,0x00,0x00,0x00,0x00,0x00,0x00,0xfe,0x94,0xf6,0x54,0xf6,0x54,0xf6,0x54,0xf6,0x54,0xf6,0x54,0xf6,0x54,0xf6,0x54,0xf6,0x54,0xf6,0x54,0xf6,0x54,0xf6,0x54,0xf6,0x54,0xf6,0x54,0xf6,0x54,0xf6,0x54,0xf6,0x54,0xf6,0x54,0xf6,0x54,0xf6,0x54,0xf6,0x54,0xf6,0x54,0xf6,0x54,0xf6,0x54,0xf6,0x54,0xf6,0x54,0xf6,0x54,0xf6,0x54,0xf6,0x54,0xf6,0x54,0xf6,0x54,0xf6,0x54,0xf6,0x54,0xf6,0x54,0xf6,0x54,0xf6,0x54,0xf6,0x54,0xf6,0x54,0xf6,0x54,0xf6,0x54,0xf6,0x54,0xf6,0x54,0xf6,0x54,0xf6,0x54,0xf6,0x54,0xf6,0x74,0xfe,0xb5,0x00,0x00,0x00,0x00,0x00,0x00,0x00,0x00,0x00,0x00,0x00,0x00,0x00,0x00,0x00,0x00,0x00,0x00,0x00,0x00,0x00,0x00,0x00,0x00,0x00,0x00,0x00,0x00,0x00,0x00,0x00,0x00,0x00,0x00,0x00,0x00,0x00,0x00,0x00,0x00,0x00,0x00,0x00,0x00,0x00,0x00,0x00,0x00,0x00,0x00,0x00,0x00,0x00,0x00,0x00,0x00,0xfe,0x73,0xfe,0x54,0xf6,0x54,0xf6,0x54,0xf6,0x54,0xf6,0x54,0xf6,0x54,0xf6,0x54,0xf6,0x54,0xf6,0x54,0xf6,0x54,0xf6,0x54,0xf6,0x54,0xf6,0x54,0xf6,0x54,0xf6,0x54,0xf6,0x54,0xf6,0x54,0xf6,0x54,0xf6,0x54,0xf6,0x54,0xf6,0x54,0xf6,0x54,0xf6,0x54,0xf6,0x54,0xf6,0x54,0xf6,0x54,0xf6,0x54,0xf6,0x54,0xf6,0x54,0xf6,0x54,0xf6,0x54,0xf6,0x54,0xf6,0x54,0xf6,0x54,0xf6,0x54,0xf6,0x54,0xf6,0x54,0xf6,0x54,0xf6,0x54,0xf6,0x54,0xf6,0x54,0xf6,0x54,0xf6,0x54,0x00,0x00,0x00,0x00,0x00,0x00,0x00,0x00,0x00,0x00,0x00,0x00,0x00,0x00,0x00,0x00,0x00,0x00,0x00,0x00,0x00,0x00,0x00,0x00,0x00,0x00,0x00,0x00,0x00,0x00,0x00,0x00,0x00,0x00,0x00,0x00,0x00,0x00,0x00,0x00,0x00,0x00,0x00,0x00,0x00,0x00,0x00,0x00,0x00,0x00,0x00,0x00,0x00,0x00,0x00,0x00,0x00,0x00,0x00,0x00,0x00,0x00,0xf8,0x00,0xfe,0x54,0xf6,0x54,0xf6,0x54,0xf6,0x54,0xf6,0x54,0xf6,0x54,0xf6,0x54,0xf6,0x54,0xf6,0x54,0xf6,0x54,0xf6,0x54,0xf6,0x54,0xf6,0x54,0xf6,0x54,0xf6,0x54,0xf6,0x54,0xf6,0x54,0xf6,0x54,0xf6,0x54,0xf6,0x54,0xf6,0x54,0xf6,0x54,0xf6,0x54,0xf6,0x54,0xf6,0x54,0xf6,0x54,0xf6,0x54,0xf6,0x54,0xf6,0x54,0xf6,0x54,0xf6,0x54,0xf6,0x54,0xf6,0x54,0xf6,0x54,0xf6,0x54,0xf6,0x54,0xf6,0x54,0xf6,0x54,0xf6,0x54,0xf6,0x54,0xf5,0xf4,0x00,0x00,0x00,0x00,0x00,0x00,0x00,0x00,0x00,0x00,0x00,0x00,0x00,0x00,0x00,0x00,0x00,0x00,0x00,0x00,0x00,0x00,0x00,0x00,0x00,0x00,0x00,0x00,0x00,0x00,0x00,0x00,0x00,0x00,0x00,0x00,0x00,0x00,0x00,0x00,0x00,0x00,0x00,0x00,0x00,0x00,0x00,0x00,0x00,0x00,0x00,0x00,0x00,0x00,0x00,0x00,0x00,0x00,0x00,0x00,0x00,0x00,0x00,0x00,0x00,0x00,0x00,0x00,0xee,0x33,0xf6,0x54,0xf6,0x54,0xf6,0x54,0xf6,0x54,0xf6,0x54,0xf6,0x54,0xf6,0x54,0xf6,0x54,0xf6,0x54,0xf6,0x54,0xf6,0x54,0xf6,0x54,0xf6,0x54,0xf6,0x54,0xf6,0x54,0xf6,0x54,0xf6,0x54,0xf6,0x54,0xf6,0x54,0xf6,0x54,0xf6,0x54,0xf6,0x54,0xf6,0x54,0xf6,0x54,0xf6,0x54,0xf6,0x54,0xf6,0x54,0xf6,0x54,0xf6,0x54,0xf6,0x54,0xf6,0x54,0xf6,0x54,0xf6,0x54,0xf6,0x54,0xfe,0x54,0xf6,0x54,0xf6,0x54,0xdd,0xf3,0x00,0x00,0x00,0x00,0x00,0x00,0x00,0x00,0x00,0x00,0x00,0x00,0x00,0x00,0x00,0x00,0x00,0x00,0x00,0x00,0x00,0x00,0x00,0x00,0x00,0x00,0x00,0x00,0x00,0x00,0x00,0x00,0x00,0x00,0x00,0x00,0x00,0x00,0x00,0x00,0x00,0x00,0x00,0x00,0x00,0x00,0x00,0x00,0x00,0x00,0x00,0x00,0x00,0x00,0x00,0x00,0x00,0x00,0x00,0x00,0x00,0x00,0x00,0x00,0x00,0x00,0x00,0x00,0x00,0x00,0x00,0x00,0x84,0x10,0xee,0x73,0xfe,0x74,0xf6,0x54,0xf6,0x54,0xf6,0x54,0xf6,0x54,0xf6,0x54,0xf6,0x54,0xf6,0x54,0xf6,0x54,0xf6,0x54,0xf6,0x54,0xf6,0x54,0xf6,0x54,0xf6,0x54,0xf6,0x54,0xf6,0x54,0xf6,0x54,0xf6,0x54,0xf6,0x54,0xf6,0x54,0xf6,0x54,0xf6,0x54,0xf6,0x54,0xf6,0x54,0xf6,0x54,0xf6,0x54,0xf6,0x54,0xf6,0x54,0xf6,0x54,0xf6,0x54,0xf6,0x54,0xfe,0x54,0xf6,0x54,0xfe,0x35,0x00,0x00,0x00,0x00,0x00,0x00,0x00,0x00,0x00,0x00,0x00,0x00,0x00,0x00,0x00,0x00,0x00,0x00,0x00,0x00,0x00,0x00};
static const lv_img_dsc_t my_anim_f8_s2_img = {
  .header.always_zero = 0,
  .header.w = 74,
  .header.h = 100,
  .data_size = 14800,
  .header.cf = LV_IMG_CF_TRUE_COLOR,
  .data = my_anim_f8_s2_map,
};
static const anim_shape_t my_anim_f8_shapes[] = {
    { SHAPE_PATH, 33.00f, 168.00f, 160.00f, 130.00f, 25.00f, 0x00ffff, 1.00f, 0.00f, 0.00f, NULL, 14, 0.00f, 0xffffff, 0.00f, my_anim_f8_s0_pts, 34, NULL },
    { SHAPE_PATH, 273.00f, 168.00f, 160.00f, 130.00f, -25.00f, 0x00ffff, 1.00f, 0.00f, 0.00f, NULL, 14, 0.00f, 0xffffff, 0.00f, my_anim_f8_s1_pts, 34, NULL },
    { 5, 123.00f, 339.00f, 74.00f, 100.00f, 0.00f, 0xFFFFFF, 1.00f, 0.00f, 0.00f, NULL, 14, 0.00f, 0xFFFFFF, 0.00f, NULL, 0, &my_anim_f8_s2_img }
};

static const lv_point_t my_anim_f9_s0_pts[] = {
    { 0, 39 },
    { 160, 39 },
    { 159, 50 },
    { 158, 60 },
    { 157, 69 },
    { 155, 78 },
    { 152, 86 },
    { 148, 94 },
    { 144, 101 },
    { 140, 107 },
    { 134, 112 },
    { 128, 117 },
    { 122, 121 },
    { 115, 124 },
    { 107, 126 },
    { 98, 128 },
    { 89, 129 },
    { 80, 130 },
    { 70, 129 },
    { 61, 128 },
    { 52, 126 },
    { 45, 124 },
    { 37, 121 },
    { 31, 117 },
    { 25, 112 },
    { 20, 107 },
    { 15, 101 },
    { 11, 94 },
    { 7, 86 },
    { 5, 78 },
    { 2, 69 },
    { 1, 60 },
    { 0, 50 },
    { 0, 39 },
};
static const lv_point_t my_anim_f9_s1_pts[] = {
    { 0, 39 },
    { 160, 39 },
    { 159, 50 },
    { 158, 60 },
    { 157, 69 },
    { 155, 78 },
    { 152, 86 },
    { 148, 94 },
    { 144, 101 },
    { 140, 107 },
    { 134, 112 },
    { 128, 117 },
    { 122, 121 },
    { 115, 124 },
    { 107, 126 },
    { 98, 128 },
    { 89, 129 },
    { 80, 130 },
    { 70, 129 },
    { 61, 128 },
    { 52, 126 },
    { 45, 124 },
    { 37, 121 },
    { 31, 117 },
    { 25, 112 },
    { 20, 107 },
    { 15, 101 },
    { 11, 94 },
    { 7, 86 },
    { 5, 78 },
    { 2, 69 },
    { 1, 60 },
    { 0, 50 },
    { 0, 39 },
};
static const uint8_t my_anim_f9_s2_map[] = {0x00,0x00,0x00,0x00,0x00,0x00,0x00,0x00,0x00,0x00,0x00,0x00,0x00,0x00,0x00,0x00,0x00,0x00,0x00,0x00,0x00,0x00,0x00,0x00,0x00,0x00,0x00,0x00,0x00,0x00,0x00,0x00,0x00,0x00,0x00,0x00,0x00,0x00,0x00,0x00,0x00,0x00,0xfe,0xa5,0xfe,0xe7,0xfe,0xc8,0xfe,0xc8,0xfe,0xc8,0xfe,0xc8,0xfe,0xc8,0xfe,0xc8,0xfe,0xc8,0xfe,0xc8,0xfe,0xc8,0xfe,0xe8,0xfe,0xc8,0xfe,0x66,0x00,0x00,0x00,0x00,0x00,0x00,0x00,0x00,0x00,0x00,0x00,0x00,0x00,0x00,0x00,0x00,0x00,0x00,0x00,0x00,0x00,0x00,0x00,0x00,0x00,0x00,0x00,0x00,0x00,0x00,0x00,0x00,0x00,0x00,0x00,0x00,0x00,0x00,0x00,0x00,0x00,0x00,0x00,0x00,0x00,0x00,0x00,0x00,0x00,0x00,0x00,0x00,0x00,0x00,0x00,0x00,0x00,0x00,0x00,0x00,0x00,0x00,0x00,0x00,0x00,0x00,0x00,0x00,0x00,0x00,0x00,0x00,0x00,0x00,0x00,0x00,0x00,0x00,0x00,0x00,0x00,0x00,0x00,0x00,0x00,0x00,0x00,0x00,0x00,0x00,0x00,0x00,0x00,0x00,0x00,0x00,0x00,0x00,0x00,0x00,0x00,0x00,0x00,0x00,0x00,0x00,0x00,0x00,0x00,0x00,0x00,0x00,0x00,0x00,0x00,0x00,0xff,0xe0,0xfe,0xc8,0xfe,0xc8,0xfe,0xc8,0xfe,0xc8,0xfe,0xc8,0xfe,0xc8,0xfe,0xc8,0xfe,0xc8,0xfe,0xc8,0xfe,0xc8,0xfe,0xc8,0xfe,0xc8,0xfe,0xc8,0xfe,0xc8,0xfe,0xe8,0xfe,0xe8,0xfd,0x40,0x00,0x00,0x00,0x00,0x00,0x00,0x00,0x00,0x00,0x00,0x00,0x00,0x00,0x00,0x00,0x00,0x00,0x00,0x00,0x00,0x00,0x00,0x00,0x00,0x00,0x00,0x00,0x00,0x00,0x00,0x00,0x00,0x00,0x00,0x00,0x00,0x00,0x00,0x00,0x00,0x00,0x00,0x00,0x00,0x00,0x00,0x00,0x00,0x00,0x00,0x00,0x00,0x00,0x00,0x00,0x00,0x00,0x00,0x00,0x00,0x00,0x00,0x00,0x00,0x00,0x00,0x00,0x00,0x00,0x00,0x00,0x00,0x00,0x00,0x00,0x00,0x00,0x00,0x00,0x00,0x00,0x00,0x00,0x00,0x00,0x00,0x00,0x00,0x00,0x00,0x00,0x00,0x00,0x00,0x00,0x00,0x00,0x00,0x00,0x00,0x00,0x00,0x00,0x00,0x00,0x00,0x00,0x00,0x00,0x00,0xff,0x07,0xfe,0xe8,0xfe,0xc8,0xfe,0xc8,0xfe,0xc8,0xfe,0xc8,0xfe,0xc8,0xfe,0xc8,0xfe,0xc8,0xfe,0xc8,0xfe,0xc8,0xfe,0xc8,0xfe,0xc8,0xfe,0xc8,0xfe,0xc8,0xfe,0xc8,0xfe,0xc8,0xfe,0xc8,0xfe,0xe8,0xfc,0x00,0x00,0x00,0x00,0x00,0x00,0x00,0x00,0x00,0x00,0x00,0x00,0x00,0x00,0x00,0x00,0x00,0x00,0x00,0x00,0x00,0x00,0x00,0x00,0x00,0x00,0x00,0x00,0x00,0x00,0x00,0x00,0x00,0x00,0x00,0x00,0x00,0x00,0x00,0x00,0x00,0x00,0x00,0x00,0x00,0x00,0x00,0x00,0x00,0x00,0x00,0x00,0x00,0x00,0x00,0x00,0x00,0x00,0x00,0x00,0x00,0x00,0x00,0x00,0x00,0x00,0x00,0x00,0x00,0x00,0x00,0x00,0x00,0x00,0x00,0x00,0x00,0x00,0x00,0x00,0x00,0x00,0x00,0x00,0x00,0x00,0x00,0x00,0x00,0x00,0x00,0x00,0x00,0x00,0x00,0x00,0x00,0x00,0x00,0x00,0x00,0x00,0x00,0x00,0x00,0x00,0x00,0xfe,0x87,0xfe,0xc8,0xfe,0xc8,0xfe,0xc8,0xfe,0xc8,0xfe,0xc8,0xfe,0xc8,0xfe,0xc8,0xfe,0xc8,0xfe,0xc8,0xfe,0xc8,0xfe,0xe8,0xfe,0xc8,0xfe,0xe8,0xfe,0xc8,0xfe,0xc8,0xfe,0xc8,0xfe,0xc8,0xfe,0xc8,0xfe,0xc8,0xfe,0xe8,0xfe,0x85,0x00,0x00,0x00,0x00,0x00,0x00,0x00,0x00,0x00,0x00,0x00,0x00,0x00,0x00,0x00,0x00,0x00,0x00,0x00,0x00,0x00,0x00,0x00,0x00,0x00,0x00,0x00,0x00,0x00,0x00,0x00,0x00,0x00,0x00,0x00,0x00,0x00,0x00,0x00,0x00,0x00,0x00,0x00,0x00,0x00,0x00,0x00,0x00,0x00,0x00,0x00,0x00,0x00,0x00,0x00,0x00,0x00,0x00,0x00,0x00,0x00,0x00,0x00,0x00,0x00,0x00,0x00,0x00,0x00,0x00,0x00,0x00,0x00,0x00,0x00,0x00,0x00,0x00,0x00,0x00,0x00,0x00,0x00,0x00,0x00,0x00,0x00,0x00,0x00,0x00,0x00,0x00,0x00,0x00,0x00,0x00,0x00,0x00,0x00,0x00,0x00,0x00,0xfe,0xc7,0xfe,0xe8,0xfe,0xe8,0xfe,0xc8,0xfe,0xc8,0xfe,0xc8,0xfe,0xc8,0xfe,0xc8,0xff,0x08,0x00,0x00,0x00,0x00,0x00,0x00,0x00,0x00,0x00,0x00,0xf8,0x00,0xfe,0xa8,0xfe,0xc8,0xfe,0xc8,0xfe,0xc8,0xfe,0xc8,0xfe,0xc8,0xfe,0xc8,0xfe,0xc8,0xfe,0xc7,0x00,0x00,0x00,0x00,0x00,0x00,0x00,0x00,0x00,0x00,0x00,0x00,0x00,0x00,0x00,0x00,0x00,0x00,0x00,0x00,0x00,0x00,0x00,0x00,0x00,0x00,0x00,0x00,0x00,0x00,0x00,0x00,0x00,0x00,0x00,0x00,0x00,0x00,0x00,0x00,0x00,0x00,0x00,0x00,0x00,0x00,0x00,0x00,0x00,0x00,0x00,0x00,0x00,0x00,0x00,0x00,0x00,0x00,0x00,0x00,0x00,0x00,0x00,0x00,0x00,0x00,0x00,0x00,0x00,0x00,0x00,0x00,0x00,0x00,0x00,0x00,0x00,0x00,0x00,0x00,0x00,0x00,0x00,0x00,0x00,0x00,0x00,0x00,0x00,0x00,0x00,0x00,0x00,0x00,0x00,0x00,0x00,0x00,0xfe,0x66,0xfe,0xc8,0xfe,0xc8,0xfe,0xc8,0xfe,0xc8,0xfe,0xc8,0xfe,0xc8,0xfe,0xc8,0x00,0x00,0x00,0x00,0x00,0x00,0x00,0x00,0x00,0x00,0x00,0x00,0x00,0x00,0x00,0x00,0x00,0x00,0x00,0x00,0xfe,0xc8,0xfe,0xc8,0xfe,0xc8,0xfe,0xc8,0xfe,0xc8,0xfe,0xc8,0xfe,0xc8,0xfe,0xc9,0x00,0x00,0x00,0x00,0x00,0x00,0x00,0x00,0x00,0x00,0x00,0x00,0x00,0x00,0x00,0x00,0x00,0x00,0x00,0x00,0x00,0x00,0x00,0x00,0x00,0x00,0x00,0x00,0x00,0x00,0x00,0x00,0x00,0x00,0x00,0x00,0x00,0x00,0x00,0x00,0x00,0x00,0x00,0x00,0x00,0x00,0x00,0x00,0x00,0x00,0x00,0x00,0x00,0x00,0x00,0x00,0x00,0x00,0x00,0x00,0x00,0x00,0x00,0x00,0x00,0x00,0x00,0x00,0x00,0x00,0x00,0x00,0x00,0x00,0x00,0x00,0x00,0x00,0x00,0x00,0x00,0x00,0x00,0x00,0x00,0x00,0x00,0x00,0x00,0x00,0x00,0x00,0x00,0x00,0x00,0x00,0xfe,0xc8,0xfe,0xc8,0xfe,0xc8,0xfe,0xc8,0xfe,0xc8,0xfe,0xc8,0xfe,0x66,0x00,0x00,0x00,0x00,0x00,0x00,0x00,0x00,0x00,0x00,0x00,0x00,0x00,0x00,0x00,0x00,0x00,0x00,0x00,0x00,0x00,0x00,0x00,0x00,0xff,0xe6,0xfe,0xe7,0xfe,0xc8,0xfe,0xc8,0xfe,0xc8,0xfe,0xc8,0xfe,0xc8,0x00,0x00,0x00,0x00,0x00,0x00,0x00,0x00,0x00,0x00,0x00,0x00,0x00,0x00,0x00,0x00,0x00,0x00,0x00,0x00,0x00,0x00,0x00,0x00,0x00,0x00,0x00,0x00,0x00,0x00,0x00,0x00,0x00,0x00,0x00,0x00,0x00,0x00,0x00,0x00,0x00,0x00,0x00,0x00,0x00,0x00,0x00,0x00,0x00,0x00,0x00,0x00,0x00,0x00,0x00,0x00,0x00,0x00,0x00,0x00,0x00,0x00,0x00,0x00,0x00,0x00,0x00,0x00,0x00,0x00,0x00,0x00,0x00,0x00,0x00,0x00,0x00,0x00,0x00,0x00,0x00,0x00,0x00,0x00,0x00,0x00,0x00,0x00,0x00,0x00,0x00,0x00,0x00,0x00,0xfe,0xe8,0xfe,0xc8,0xfe,0xc8,0xfe,0xc8,0xfe,0xc8,0xfe,0xe7,0x00,0x00,0x00,0x00,0x00,0x00,0x00,0x00,0x00,0x00,0x00,0x00,0x00,0x00,0x00,0x00,0x00,0x00,0x00,0x00,0x00,0x00,0x00,0x00,0x00,0x00,0x00,0x00,0x00,0x00,0x00,0x00,0xfe,0xe7,0xfe,0xc8,0xfe,0xc8,0xfe,0xc8,0xfe,0xc8,0xfe,0xe8,0x00,0x00,0x00,0x00,0x00,0x00,0x00,0x00,0x00,0x00,0x00,0x00,0x00,0x00,0x00,0x00,0x00,0x00,0x00,0x00,0x00,0x00,0x00,0x00,0x00,0x00,0x00,0x00,0x00,0x00,0x00,0x00,0x00,0x00,0x00,0x00,0x00,0x00,0x00,0x00,0x00,0x00,0x00,0x00,0x00,0x00,0x00,0x00,0x00,0x00,0x00,0x00,0x00,0x00,0x00,0x00,0x00,0x00,0x00,0x00,0x00,0x00,0x00,0x00,0x00,0x00,0x00,0x00,0x00,0x00,0x00,0x00,0x00,0x00,0x00,0x00,0x00,0x00,0x00,0x00,0x00,0x00,0x00,0x00,0x00,0x00,0x00,0x00,0x00,0x00,0xfe,0xe8,0xfe,0xc8,0xfe,0xe8,0xfe,0xc8,0xfe,0xc8,0xfe,0xc8,0x00,0x00,0x00,0x00,0x00,0x00,0x00,0x00,0x00,0x00,0x00,0x00,0x00,0x00,0x00,0x00,0xf8,0x00,0xff,0xe0,0x00,0x00,0x00,0x00,0x00,0x00,0x00,0x00,0x00,0x00,0x00,0x00,0x00,0x00,0x00,0x00,0xfe,0xc7,0xfe,0xc8,0xfe,0xc8,0xfe,0xc8,0xfe,0xc8,0xfe,0x27,0x00,0x00,0x00,0x00,0x00,0x00,0x00,0x00,0x00,0x00,0x00,0x00,0x00,0x00,0x00,0x00,0x00,0x00,0x00,0x00,0x00,0x00,0x00,0x00,0x00,0x00,0x00,0x00,0x00,0x00,0x00,0x00,0x00,0x00,0x00,0x00,0x00,0x00,0x00,0x00,0x00,0x00,0x00,0x00,0x00,0x00,0x00,0x00,0x00,0x00,0x00,0x00,0x00,0x00,0x00,0x00,0x00,0x00,0x00,0x00,0x00,0x00,0x00,0x00,0x00,0x00,0x00,0x00,0x00,0x00,0x00,0x00,0x00,0x00,0x00,0x00,0x00,0x00,0x00,0x00,0x00,0x00,0x00,0x00,0x00,0x00,0x00,0x00,0xfe,0xc8,0xfe,0xc8,0xfe,0xc8,0xfe,0xe8,0xfe,0xc8,0xff,0x48,0x00,0x00,0x00,0x00,0x00,0x00,0x00,0x00,0x00,0x00,0xff,0xf5,0xfe,0x54,0xfe,0x54,0xf6,0x54,0xf6,0x54,0xf6,0x54,0xf6,0x74,0xff,0xff,0x00,0x00,0x00,0x00,0x00,0x00,0x00,0x00,0x00,0x00,0xfe,0xc6,0xfe,0xe8,0xfe,0xc8,0xfe,0xc8,0xfe,0xc8,0xfe,0xc8,0x00,0x00,0x00,0x00,0x00,0x00,0x00,0x00,0x00,0x00,0x00,0x00,0x00,0x00,0x00,0x00,0x00,0x00,0x00,0x00,0x00,0x00,0x00,0x00,0x00,0x00,0x00,0x00,0x00,0x00,0x00,0x00,0x00,0x00,0x00,0x00,0x00,0x00,0x00,0x00,0x00,0x00,0x00,0x00,0x00,0x00,0x00,0x00,0x00,0x00,0x00,0x00,0x00,0x00,0x00,0x00,0x00,0x00,0x00,0x00,0x00,0x00,0x00,0x00,0x00,0x00,0x00,0x00,0x00,0x00,0x00,0x00,0x00,0x00,0x00,0x00,0x00,0x00,0x00,0x00,0x00,0x00,0x00,0x00,0x00,0x00,0xff,0xe6,0xfe,0xe8,0xfe,0xc8,0xfe,0xc8,0xfe,0xe8,0xfe,0xe8,0x00,0x00,0x00,0x00,0x00,0x00,0x00,0x00,0x00,0x00,0xfe,0x33,0xfe,0x54,0xfe,0x54,0xf6,0x54,0xf6,0x54,0xf6,0x54,0xf6,0x54,0xf6,0x54,0xf6,0x54,0xfe,0x54,0x00,0x00,0x00,0x00,0x00,0x00,0x00,0x00,0x00,0x00,0xfe,0xc7,0xfe,0xc8,0xfe,0xc8,0xfe,0xc8,0xfe,0xc8,0xff,0xe0,0x00,0x00,0x00,0x00,0x00,0x00,0x00,0x00,0x00,0x00,0x00,0x00,0x00,0x00,0x00,0x00,0x00,0x00,0x00,0x00,0x00,0x00,0x00,0x00,0x00,0x00,0x00,0x00,0x00,0x00,0x00,0x00,0x00,0x00,0x00,0x00,0x00,0x00,0x00,0x00,0x00,0x00,0x00,0x00,0x00,0x00,0x00,0x00,0x00,0x00,0x00,0x00,0x00,0x00,0x00,0x00,0x00,0x00,0x00,0x00,0x00,0x00,0x00,0x00,0x00,0x00,0x00,0x00,0x00,0x00,0x00,0x00,0x00,0x00,0x00,0x00,0x00,0x00,0x00,0x00,0x00,0x00,0x00,0x00,0xfe,0xe8,0xfe,0xc8,0xfe,0xc8,0xfe,0xc8,0xfe,0xc8,0xfe,0xe6,0x00,0x00,0x00,0x00,0x00,0x00,0x00,0x00,0xe6,0x31,0xfe,0x54,0xf6,0x54,0xf6,0x54,0xf6,0x54,0xf6,0x54,0xf6,0x54,0xf6,0x54,0xf6,0x54,0xf6,0x54,0xf6,0x54,0xfd,0xf7,0x00,0x00,0x00,0x00,0x00,0x00,0x00,0x00,0xfe,0xe7,0xfe,0xc8,0xfe,0xc8,0xfe,0xc8,0xfe,0xc8,0xfe,0xc6,0x00,0x00,0x00,0x00,0x00,0x00,0x00,0x00,0x00,0x00,0x00,0x00,0x00,0x00,0x00,0x00,0x00,0x00,0x00,0x00,0x00,0x00,0x00,0x00,0x00,0x00,0x00,0x00,0x00,0x00,0x00,0x00,0x00,0x00,0x00,0x00,0x00,0x00,0x00,0x00,0x00,0x00,0x00,0x00,0x00,0x00,0x00,0x00,0x00,0x00,0x00,0x00,0x00,0x00,0x00,0x00,0x00,0x00,0x00,0x00,0x00,0x00,0x00,0x00,0x00,0x00,0x00,0x00,0x00,0x00,0x00,0x00,0x00,0x00,0x00,0x00,0x00,0x00,0x00,0x00,0x00,0x00,0x00,0x00,0xf6,0xc7,0xfe,0xe8,0xfe,0xc8,0xfe,0xc8,0xfe,0xc8,0x00,0x00,0x00,0x00,0x00,0x00,0x00,0x00,0x00,0x00,0xf6,0x54,0xf6,0x54,0xf6,0x54,0xf6,0x54,0xf6,0x54,0xf6,0x54,0xf6,0x54,0xf6,0x54,0xf6,0x54,0xf6,0x54,0xf6,0x54,0xf6,0x54,0x00,0x00,0x00,0x00,0x00,0x00,0x00,0x00,0xfd,0x40,0xfe,0xc8,0xfe,0xc8,0xfe,0xc8,0xfe,0xe8,0xf6,0xc8,0x00,0x00,0x00,0x00,0x00,0x00,0x00,0x00,0x00,0x00,0x00,0x00,0x00,0x00,0x00,0x00,0x00,0x00,0x00,0x00,0x00,0x00,0x00,0x00,0x00,0x00,0x00,0x00,0x00,0x00,0x00,0x00,0x00,0x00,0x00,0x00,0x00,0x00,0x00,0x00,0x00,0x00,0x00,0x00,0x00,0x00,0x00,0x00,0x00,0x00,0x00,0x00,0x00,0x00,0x00,0x00,0x00,0x00,0x00,0x00,0x00,0x00,0x00,0x00,0x00,0x00,0x00,0x00,0x00,0x00,0x00,0x00,0x00,0x00,0x00,0x00,0x00,0x00,0x00,0x00,0x00,0x00,0x00,0x00,0xfe,0xe7,0xfe,0xc8,0xfe,0xc8,0xfe,0xc8,0xfe,0xc8,0x00,0x00,0x00,0x00,0x00,0x00,0x00,0x00,0xf6,0x54,0xf6,0x54,0xf6,0x54,0xf6,0x54,0xf6,0x54,0xf6,0x54,0xf6,0x54,0xf6,0x54,0xf6,0x54,0xf6,0x54,0xf6,0x54,0xf6,0x54,0xf6,0x54,0xfe,0xb5,0x00,0x00,0x00,0x00,0x00,0x00,0x00,0x00,0xfe,0xc8,0xfe,0xc8,0xfe,0xc8,0xfe,0xc8,0xfe,0xe7,0x00,0x00,0x00,0x00,0x00,0x00,0x00,0x00,0x00,0x00,0x00,0x00,0x00,0x00,0x00,0x00,0x00,0x00,0x00,0x00,0x00,0x00,0x00,0x00,0x00,0x00,0x00,0x00,0x00,0x00,0x00,0x00,0x00,0x00,0x00,0x00,0x00,0x00,0x00,0x00,0x00,0x00,0x00,0x00,0x00,0x00,0x00,0x00,0x00,0x00,0x00,0x00,0x00,0x00,0x00,0x00,0x00,0x00,0x00,0x00,0x00,0x00,0x00,0x00,0x00,0x00,0x00,0x00,0x00,0x00,0x00,0x00,0x00,0x00,0x00,0x00,0x00,0x00,0x00,0x00,0x00,0x00,0x00,0x00,0xfe,0xc8,0xfe,0xc8,0xfe,0xc8,0xfe,0xc8,0xfe,0xa7,0x00,0x00,0x00,0x00,0x00,0x00,0x00,0x00,0xf6,0x54,0xf6,0x54,0xf6,0x54,0xf6,0x54,0xf6,0x54,0xf6,0x54,0xf6,0x54,0xf6,0x54,0xf6,0x54,0xf6,0x54,0xf6,0x54,0xf6,0x54,0xf6,0x54,0xf6,0x54,0x00,0x00,0x00,0x00,0x00,0x00,0x00,0x00,0xfe,0xc8,0xfe,0xe8,0xfe,0xc8,0xfe,0xc8,0xfe,0xc7,0x00,0x00,0x00,0x00,0x00,0x00,0x00,0x00,0x00,0x00,0x00,0x00,0x00,0x00,0x00,0x00,0x00,0x00,0x00,0x00,0x00,0x00,0x00,0x00,0x00,0x00,0x00,0x00,0x00,0x00,0x00,0x00,0x00,0x00,0x00,0x00,0x00,0x00,0x00,0x00,0x00,0x00,0x00,0x00,0x00,0x00,0x00,0x00,0x00,0x00,0x00,0x00,0x00,0x00,0x00,0x00,0x00,0x00,0x00,0x00,0x00,0x00,0x00,0x00,0x00,0x00,0x00,0x00,0x00,0x00,0x00,0x00,0x00,0x00,0x00,0x00,0x00,0x00,0x00,0x00,0x00,0x00,0x00,0x00,0xfe,0xe8,0xfe,0xc8,0xfe,0xc8,0xfe,0xc8,0xff,0x28,0x00,0x00,0x00,0x00,0x00,0x00,0x00,0x00,0xf6,0x54,0xf6,0x54,0xf6,0x54,0xf6,0x54,0xf6,0x54,0xf6,0x54,0xf6,0x54,0xf6,0x54,0xf6,0x54,0xf6,0x54,0xf6,0x54,0xf6,0x54,0xf6,0x54,0xf6,0x54,0x00,0x00,0x00,0x00,0x00,0x00,0x00,0x00,0xfe,0xe8,0xfe,0xc8,0xfe,0xc8,0xfe,0xc8,0xfe,0xc8,0x00,0x00,0x00,0x00,0x00,0x00,0x00,0x00,0x00,0x00,0x00,0x00,0x00,0x00,0x00,0x00,0x00,0x00,0x00,0x00,0x00,0x00,0x00,0x00,0x00,0x00,0x00,0x00,0x00,0x00,0x00,0x00,0x00,0x00,0x00,0x00,0x00,0x00,0x00,0x00,0x00,0x00,0x00,0x00,0x00,0x00,0x00,0x00,0x00,0x00,0x00,0x00,0x00,0x00,0x00,0x00,0x00,0x00,0x00,0x00,0x00,0x00,0x00,0x00,0x00,0x00,0x00,0x00,0x00,0x00,0x00,0x00,0x00,0x00,0x00,0x00,0x00,0x00,0x00,0x00,0x00,0x00,0x00,0x00,0xfe,0xe8,0xfe,0xc8,0xfe,0xc8,0xfe,0xc8,0xff,0xe0,0x00,0x00,0x00,0x00,0x00,0x00,0x00,0x00,0xf6,0x54,0xf6,0x54,0xf6,0x54,0xf6,0x54,0xf6,0x54,0xf6,0x54,0xf6,0x54,0xf6,0x54,0xf6,0x54,0xf6,0x54,0xf6,0x54,0xf6,0x54,0xf6,0x54,0xf6,0x54,0x00,0x00,0x00,0x00,0x00,0x00,0x00,0x00,0xfe,0xc7,0xfe,0xc8,0xfe,0xc8,0xfe,0xc7,0xfe,0xe6,0x00,0x00,0x00,0x00,0x00,0x00,0x00,0x00,0x00,0x00,0x00,0x00,0x00,0x00,0x00,0x00,0x00,0x00,0x00,0x00,0x00,0x00,0x00,0x00,0x00,0x00,0x00,0x00,0x00,0x00,0x00,0x00,0x00,0x00,0x00,0x00,0x00,0x00,0x00,0x00,0x00,0x00,0x00,0x00,0x00,0x00,0x00,0x00,0x00,0x00,0x00,0x00,0x00,0x00,0x00,0x00,0x00,0x00,0x00,0x00,0x00,0x00,0x00,0x00,0x00,0x00,0x00,0x00,0x00,0x00,0x00,0x00,0x00,0x00,0x00,0x00,0x00,0x00,0x00,0x00,0x00,0x00,0x00,0x00,0x00,0x00,0xfe,0x66,0xfe,0xc8,0xfe,0xa5,0x00,0x00,0x00,0x00,0x00,0x00,0x00,0x00,0x00,0x00,0xf6,0x54,0xf6,0x54,0xf6,0x54,0xf6,0x54,0xf6,0x54,0xf6,0x54,0xf6,0x54,0xf6,0x54,0xf6,0x54,0xf6,0x54,0xf6,0x54,0xf6,0x54,0xf6,0x54,0xf6,0x54,0x00,0x00,0x00,0x00,0x00,0x00,0x00,0x00,0x00,0x00,0xfe,0xe8,0xfe,0xc8,0xff,0x07,0x00,0x00,0x00,0x00,0x00,0x00,0x00,0x00,0x00,0x00,0x00,0x00,0x00,0x00,0x00,0x00,0x00,0x00,0x00,0x00,0x00,0x00,0x00,0x00,0x00,0x00,0x00,0x00,0x00,0x00,0x00,0x00,0x00,0x00,0x00,0x00,0x00,0x00,0x00,0x00,0x00,0x00,0x00,0x00,0x00,0x00,0x00,0x00,0x00,0x00,0x00,0x00,0x00,0x00,0x00,0x00,0x00,0x00,0x00,0x00,0x00,0x00,0x00,0x00,0x00,0x00,0x00,0x00,0x00,0x00,0x00,0x00,0x00,0x00,0x00,0x00,0x00,0x00,0x00,0x00,0x00,0x00,0x00,0x00,0x00,0x00,0x00,0x00,0x00,0x00,0x00,0x00,0x00,0x00,0x00,0x00,0x00,0x00,0x00,0x00,0x00,0x00,0x00,0x00,0xf6,0x54,0xf6,0x54,0xf6,0x54,0xf6,0x54,0xf6,0x54,0xf6,0x54,0xf6,0x54,0xf6,0x54,0xf6,0x54,0xf6,0x54,0xf6,0x54,0xf6,0x54,0xf6,0x54,0xf6,0x54,0x00,0x00,0x00,0x00,0x00,0x00,0x00,0x00,0x00,0x00,0x00,0x00,0x00,0x00,0x00,0x00,0x00,0x00,0x00,0x00,0x00,0x00,0x00,0x00,0x00,0x00,0x00,0x00,0x00,0x00,0x00,0x00,0x00,0x00,0x00,0x00,0x00,0x00,0x00,0x00,0x00,0x00,0x00,0x00,0x00,0x00,0x00,0x00,0x00,0x00,0x00,0x00,0x00,0x00,0x00,0x00,0x00,0x00,0x00,0x00,0x00,0x00,0x00,0x00,0x00,0x00,0x00,0x00,0x00,0x00,0x00,0x00,0x00,0x00,0x00,0x00,0x00,0x00,0x00,0x00,0x00,0x00,0x00,0x00,0x00,0x00,0x00,0x00,0x00,0x00,0x00,0x00,0x00,0x00,0x00,0x00,0x00,0x00,0x00,0x00,0x00,0x00,0x00,0x00,0x00,0x00,0x00,0x00,0x00,0x00,0x00,0x00,0x00,0x00,0x00,0x00,0x00,0x00,0x00,0x00,0xf6,0x54,0xf6,0x54,0xf6,0x54,0xf6,0x54,0xf6,0x54,0xf6,0x54,0xf6,0x54,0xf6,0x54,0xf6,0x54,0xf6,0x54,0xf6,0x54,0xf6,0x54,0xf6,0x54,0xf6,0x54,0x00,0x00,0x00,0x00,0x00,0x00,0x00,0x00,0x00,0x00,0x00,0x00,0x00,0x00,0x00,0x00,0x00,0x00,0x00,0x00,0x00,0x00,0x00,0x00,0x00,0x00,0x00,0x00,0x00,0x00,0x00,0x00,0x00,0x00,0x00,0x00,0x00,0x00,0x00,0x00,0x00,0x00,0x00,0x00,0x00,0x00,0x00,0x00,0x00,0x00,0x00,0x00,0x00,0x00,0x00,0x00,0x00,0x00,0x00,0x00,0x00,0x00,0x00,0x00,0x00,0x00,0x00,0x00,0x00,0x00,0x00,0x00,0x00,0x00,0x00,0x00,0x00,0x00,0x00,0x00,0x00,0x00,0x00,0x00,0x00,0x00,0x00,0x00,0x00,0x00,0x00,0x00,0x00,0x00,0x00,0x00,0x00,0x00,0x00,0x00,0x00,0x00,0x00,0x00,0x00,0x00,0x00,0x00,0x00,0x00,0x00,0x00,0x00,0x00,0x00,0x00,0x00,0x00,0x00,0x00,0xfe,0x54,0xf6,0x54,0xf6,0x54,0xf6,0x54,0xf6,0x54,0xf6,0x54,0xf6,0x54,0xf6,0x54,0xf6,0x54,0xf6,0x54,0xf6,0x54,0xf6,0x54,0xf6,0x54,0xf6,0x54,0x00,0x00,0x00,0x00,0x00,0x00,0x00,0x00,0x00,0x00,0x00,0x00,0x00,0x00,0x00,0x00,0x00,0x00,0x00,0x00,0x00,0x00,0x00,0x00,0x00,0x00,0x00,0x00,0x00,0x00,0x00,0x00,0x00,0x00,0x00,0x00,0x00,0x00,0x00,0x00,0x00,0x00,0x00,0x00,0x00,0x00,0x00,0x00,0x00,0x00,0x00,0x00,0x00,0x00,0x00,0x00,0x00,0x00,0x00,0x00,0x00,0x00,0x00,0x00,0x00,0x00,0x00,0x00,0x00,0x00,0x00,0x00,0x00,0x00,0x00,0x00,0x00,0x00,0x00,0x00,0x00,0x00,0x00,0x00,0x00,0x00,0x00,0x00,0x00,0x00,0x00,0x00,0x00,0x00,0x00,0x00,0x00,0x00,0x00,0x00,0x00,0x00,0x00,0x00,0x00,0x00,0x00,0x00,0x00,0x00,0x00,0x00,0x00,0x00,0x00,0x00,0x00,0x00,0x00,0x00,0xfe,0x54,0xf6,0x54,0xf6,0x54,0xf6,0x54,0xf6,0x54,0xf6,0x54,0xf6,0x54,0xf6,0x54,0xf6,0x54,0xf6,0x54,0xf6,0x54,0xf6,0x54,0xf6,0x54,0xf6,0x54,0x00,0x00,0x00,0x00,0x00,0x00,0x00,0x00,0x00,0x00,0x00,0x00,0x00,0x00,0x00,0x00,0x00,0x00,0x00,0x00,0x00,0x00,0x00,0x00,0x00,0x00,0x00,0x00,0x00,0x00,0x00,0x00,0x00,0x00,0x00,0x00,0x00,0x00,0x00,0x00,0x00,0x00,0x00,0x00,0x00,0x00,0x00,0x00,0x00,0x00,0x00,0x00,0x00,0x00,0x00,0x00,0x00,0x00,0x00,0x00,0x00,0x00,0x00,0x00,0x00,0x00,0x00,0x00,0x00,0x00,0x00,0x00,0x00,0x00,0x00,0x00,0x00,0x00,0x00,0x00,0x00,0x00,0x00,0x00,0x00,0x00,0x00,0x00,0x00,0x00,0x00,0x00,0x00,0x00,0x00,0x00,0x00,0x00,0x00,0x00,0x00,0x00,0x00,0x00,0x00,0x00,0x00,0x00,0x00,0x00,0x00,0x00,0x00,0x00,0x00,0x00,0x00,0x00,0x00,0x00,0xfe,0x54,0xf6,0x54,0xf6,0x54,0xf6,0x54,0xf6,0x54,0xf6,0x54,0xf6,0x54,0xf6,0x54,0xf6,0x54,0xf6,0x54,0xf6,0x54,0xf6,0x54,0xf6,0x54,0xf6,0x54,0x00,0x00,0x00,0x00,0x00,0x00,0x00,0x00,0x00,0x00,0x00,0x00,0x00,0x00,0x00,0x00,0x00,0x00,0x00,0x00,0x00,0x00,0x00,0x00,0x00,0x00,0x00,0x00,0x00,0x00,0x00,0x00,0x00,0x00,0x00,0x00,0x00,0x00,0x00,0x00,0x00,0x00,0x00,0x00,0x00,0x00,0x00,0x00,0x00,0x00,0x00,0x00,0x00,0x00,0x00,0x00,0x00,0x00,0x00,0x00,0x00,0x00,0x00,0x00,0x00,0x00,0x00,0x00,0x00,0x00,0x00,0x00,0x00,0x00,0x00,0x00,0x00,0x00,0x00,0x00,0x00,0x00,0x00,0x00,0x00,0x00,0x00,0x00,0x00,0x00,0x00,0x00,0x00,0x00,0x00,0x00,0x00,0x00,0x00,0x00,0x00,0x00,0x00,0x00,0x00,0x00,0x00,0x00,0x00,0x00,0x00,0x00,0x00,0x00,0x00,0x00,0x00,0x00,0x00,0x00,0xfe,0x54,0xf6,0x54,0xf6,0x54,0xf6,0x54,0xf6,0x54,0xf6,0x54,0xf6,0x54,0xf6,0x54,0xf6,0x54,0xf6,0x54,0xf6,0x54,0xf6,0x54,0xf6,0x54,0xf6,0x54,0x00,0x00,0x00,0x00,0x00,0x00,0x00,0x00,0x00,0x00,0x00,0x00,0x00,0x00,0x00,0x00,0x00,0x00,0x00,0x00,0x00,0x00,0x00,0x00,0x00,0x00,0x00,0x00,0x00,0x00,0x00,0x00,0x00,0x00,0x00,0x00,0x00,0x00,0x00,0x00,0x00,0x00,0x00,0x00,0x00,0x00,0x00,0x00,0x00,0x00,0x00,0x00,0x00,0x00,0x00,0x00,0x00,0x00,0x00,0x00,0x00,0x00,0x00,0x00,0x00,0x00,0x00,0x00,0x00,0x00,0x00,0x00,0x00,0x00,0x00,0x00,0x00,0x00,0x00,0x00,0x00,0x00,0x00,0x00,0x00,0x00,0x00,0x00,0x00,0x00,0x00,0x00,0x00,0x00,0x00,0x00,0x00,0x00,0x00,0x00,0x00,0x00,0x00,0x00,0x00,0x00,0x00,0x00,0x00,0x00,0x00,0x00,0x00,0x00,0x00,0x00,0x00,0x00,0x00,0x00,0xfe,0x54,0xf6,0x54,0xf6,0x54,0xf6,0x54,0xf6,0x54,0xf6,0x54,0xf6,0x54,0xf6,0x54,0xf6,0x54,0xf6,0x54,0xf6,0x54,0xf6,0x54,0xf6,0x54,0xf6,0x54,0x00,0x00,0x00,0x00,0x00,0x00,0x00,0x00,0x00,0x00,0x00,0x00,0x00,0x00,0x00,0x00,0x00,0x00,0x00,0x00,0x00,0x00,0x00,0x00,0x00,0x00,0x00,0x00,0x00,0x00,0x00,0x00,0x00,0x00,0x00,0x00,0x00,0x00,0x00,0x00,0x00,0x00,0x00,0x00,0x00,0x00,0x00,0x00,0x00,0x00,0x00,0x00,0x00,0x00,0x00,0x00,0x00,0x00,0x00,0x00,0x00,0x00,0x00,0x00,0x00,0x00,0x00,0x00,0x00,0x00,0x00,0x00,0x00,0x00,0x00,0x00,0x00,0x00,0x00,0x00,0x00,0x00,0x00,0x00,0x00,0x00,0x00,0x00,0x00,0x00,0x00,0x00,0x00,0x00,0x00,0x00,0x00,0x00,0x00,0x00,0x00,0x00,0x00,0x00,0x00,0x00,0x00,0x00,0x00,0x00,0x00,0x00,0x00,0x00,0x00,0x00,0x00,0x00,0x00,0x00,0xfe,0x54,0xf6,0x54,0xf6,0x54,0xf6,0x54,0xf6,0x54,0xf6,0x54,0xf6,0x54,0xf6,0x54,0xf6,0x54,0xf6,0x54,0xf6,0x54,0xf6,0x54,0xf6,0x54,0xf6,0x54,0x00,0x00,0x00,0x00,0x00,0x00,0x00,0x00,0x00,0x00,0x00,0x00,0x00,0x00,0x00,0x00,0x00,0x00,0x00,0x00,0x00,0x00,0x00,0x00,0x00,0x00,0x00,0x00,0x00,0x00,0x00,0x00,0x00,0x00,0x00,0x00,0x00,0x00,0x00,0x00,0x00,0x00,0x00,0x00,0x00,0x00,0x00,0x00,0x00,0x00,0x00,0x00,0x00,0x00,0x00,0x00,0x00,0x00,0x00,0x00,0x00,0x00,0x00,0x00,0x00,0x00,0x00,0x00,0x00,0x00,0x00,0x00,0x00,0x00,0x00,0x00,0x00,0x00,0x00,0x00,0x00,0x00,0x00,0x00,0x00,0x00,0x00,0x00,0x00,0x00,0x00,0x00,0x00,0x00,0x00,0x00,0x00,0x00,0x00,0x00,0x00,0x00,0x00,0x00,0x00,0x00,0x00,0x00,0x00,0x00,0x00,0x00,0x00,0x00,0x00,0x00,0x00,0x00,0x00,0x00,0xfe,0x54,0xf6,0x54,0xf6,0x54,0xf6,0x54,0xf6,0x54,0xf6,0x54,0xf6,0x54,0xf6,0x54,0xf6,0x54,0xf6,0x54,0xf6,0x54,0xf6,0x54,0xf6,0x54,0xf6,0x54,0x00,0x00,0x00,0x00,0x00,0x00,0x00,0x00,0x00,0x00,0x00,0x00,0x00,0x00,0x00,0x00,0x00,0x00,0x00,0x00,0x00,0x00,0x00,0x00,0x00,0x00,0x00,0x00,0x00,0x00,0x00,0x00,0x00,0x00,0x00,0x00,0x00,0x00,0x00,0x00,0x00,0x00,0x00,0x00,0x00,0x00,0x00,0x00,0x00,0x00,0x00,0x00,0x00,0x00,0x00,0x00,0x00,0x00,0x00,0x00,0x00,0x00,0x00,0x00,0x00,0x00,0x00,0x00,0x00,0x00,0x00,0x00,0x00,0x00,0x00,0x00,0x00,0x00,0x00,0x00,0x00,0x00,0x00,0x00,0x00,0x00,0x00,0x00,0x00,0x00,0x00,0x00,0x00,0x00,0x00,0x00,0x00,0x00,0x00,0x00,0x00,0x00,0x00,0x00,0x00,0x00,0x00,0x00,0x00,0x00,0x00,0x00,0x00,0x00,0x00,0x00,0x00,0x00,0x00,0x00,0xfe,0x54,0xf6,0x54,0xf6,0x54,0xf6,0x54,0xf6,0x54,0xf6,0x54,0xf6,0x54,0xf6,0x54,0xf6,0x54,0xf6,0x54,0xf6,0x54,0xf6,0x54,0xf6,0x54,0xf6,0x54,0x00,0x00,0x00,0x00,0x00,0x00,0x00,0x00,0x00,0x00,0x00,0x00,0x00,0x00,0x00,0x00,0x00,0x00,0x00,0x00,0x00,0x00,0x00,0x00,0x00,0x00,0x00,0x00,0x00,0x00,0x00,0x00,0x00,0x00,0x00,0x00,0x00,0x00,0x00,0x00,0x00,0x00,0x00,0x00,0x00,0x00,0x00,0x00,0x00,0x00,0x00,0x00,0x00,0x00,0x00,0x00,0x00,0x00,0x00,0x00,0x00,0x00,0x00,0x00,0x00,0x00,0x00,0x00,0x00,0x00,0x00,0x00,0x00,0x00,0x00,0x00,0x00,0x00,0x00,0x00,0x00,0x00,0x00,0x00,0x00,0x00,0x00,0x00,0x00,0x00,0x00,0x00,0x00,0x00,0x00,0x00,0x00,0x00,0x00,0x00,0x00,0x00,0x00,0x00,0x00,0x00,0x00,0x00,0x00,0x00,0x00,0x00,0x00,0x00,0x00,0x00,0x00,0x00,0x00,0x00,0xfe,0x54,0xf6,0x54,0xf6,0x54,0xf6,0x54,0xf6,0x54,0xf6,0x54,0xf6,0x54,0xf6,0x54,0xf6,0x54,0xf6,0x54,0xf6,0x54,0xf6,0x54,0xf6,0x54,0xf6,0x54,0x00,0x00,0x00,0x00,0x00,0x00,0x00,0x00,0x00,0x00,0x00,0x00,0x00,0x00,0x00,0x00,0x00,0x00,0x00,0x00,0x00,0x00,0x00,0x00,0x00,0x00,0x00,0x00,0x00,0x00,0x00,0x00,0x00,0x00,0x00,0x00,0x00,0x00,0x00,0x00,0x00,0x00,0x00,0x00,0x00,0x00,0x00,0x00,0x00,0x00,0x00,0x00,0x00,0x00,0x00,0x00,0x00,0x00,0x00,0x00,0x00,0x00,0x00,0x00,0x00,0x00,0x00,0x00,0x00,0x00,0x00,0x00,0x00,0x00,0x00,0x00,0x00,0x00,0x00,0x00,0x00,0x00,0x00,0x00,0x00,0x00,0x00,0x00,0x00,0x00,0x00,0x00,0x00,0x00,0x00,0x00,0x00,0x00,0x00,0x00,0x00,0x00,0x00,0x00,0x00,0x00,0x00,0x00,0x00,0x00,0x00,0x00,0x00,0x00,0x00,0x00,0x00,0x00,0x00,0x00,0xf6,0x54,0xf6,0x54,0xf6,0x54,0xf6,0x54,0xf6,0x54,0xf6,0x54,0xf6,0x54,0xf6,0x54,0xf6,0x54,0xf6,0x54,0xf6,0x54,0xf6,0x54,0xf6,0x54,0xf6,0x54,0x00,0x00,0x00,0x00,0x00,0x00,0x00,0x00,0x00,0x00,0x00,0x00,0x00,0x00,0x00,0x00,0x00,0x00,0x00,0x00,0x00,0x00,0x00,0x00,0x00,0x00,0x00,0x00,0x00,0x00,0x00,0x00,0x00,0x00,0x00,0x00,0x00,0x00,0x00,0x00,0x00,0x00,0x00,0x00,0x00,0x00,0x00,0x00,0x00,0x00,0x00,0x00,0x00,0x00,0x00,0x00,0x00,0x00,0x00,0x00,0x00,0x00,0x00,0x00,0x00,0x00,0x00,0x00,0x00,0x00,0x00,0x00,0x00,0x00,0x00,0x00,0x00,0x00,0x00,0x00,0x00,0x00,0x00,0x00,0x00,0x00,0x00,0x00,0x00,0x00,0x00,0x00,0x00,0x00,0x00,0x00,0x00,0x00,0x00,0x00,0x00,0x00,0x00,0x00,0x00,0x00,0x00,0x00,0x00,0x00,0x00,0x00,0x00,0x00,0x00,0x00,0x00,0x00,0x00,0x00,0xf6,0x54,0xf6,0x54,0xf6,0x54,0xf6,0x54,0xf6,0x54,0xf6,0x54,0xf6,0x54,0xf6,0x54,0xf6,0x54,0xf6,0x54,0xf6,0x54,0xf6,0x54,0xf6,0x54,0xf6,0x54,0x00,0x00,0x00,0x00,0x00,0x00,0x00,0x00,0x00,0x00,0x00,0x00,0x00,0x00,0x00,0x00,0x00,0x00,0x00,0x00,0x00,0x00,0x00,0x00,0x00,0x00,0x00,0x00,0x00,0x00,0x00,0x00,0x00,0x00,0x00,0x00,0x00,0x00,0x00,0x00,0x00,0x00,0x00,0x00,0x00,0x00,0x00,0x00,0x00,0x00,0x00,0x00,0x00,0x00,0x00,0x00,0x00,0x00,0x00,0x00,0x00,0x00,0x00,0x00,0x00,0x00,0x00,0x00,0x00,0x00,0x00,0x00,0x00,0x00,0x00,0x00,0x00,0x00,0x00,0x00,0x00,0x00,0x00,0x00,0x00,0x00,0x00,0x00,0x00,0x00,0x00,0x00,0x00,0x00,0x00,0x00,0x00,0x00,0x00,0x00,0x00,0x00,0x00,0x00,0x00,0x00,0x00,0x00,0x00,0x00,0x00,0x00,0x00,0x00,0x00,0x00,0x00,0x00,0x00,0x00,0xf6,0x54,0xf6,0x54,0xf6,0x54,0xf6,0x54,0xf6,0x54,0xf6,0x54,0xf6,0x54,0xf6,0x54,0xf6,0x54,0xf6,0x54,0xf6,0x54,0xf6,0x54,0xf6,0x54,0xf6,0x54,0x00,0x00,0x00,0x00,0x00,0x00,0x00,0x00,0x00,0x00,0x00,0x00,0x00,0x00,0x00,0x00,0x00,0x00,0x00,0x00,0x00,0x00,0x00,0x00,0x00,0x00,0x00,0x00,0x00,0x00,0x00,0x00,0x00,0x00,0x00,0x00,0x00,0x00,0x00,0x00,0x00,0x00,0x00,0x00,0x00,0x00,0x00,0x00,0x00,0x00,0x00,0x00,0x00,0x00,0x00,0x00,0x00,0x00,0x00,0x00,0x00,0x00,0x00,0x00,0x00,0x00,0x00,0x00,0x00,0x00,0x00,0x00,0x00,0x00,0x00,0x00,0x00,0x00,0x00,0x00,0x00,0x00,0x00,0x00,0x00,0x00,0x00,0x00,0x00,0x00,0x00,0x00,0x00,0x00,0x00,0x00,0x00,0x00,0x00,0x00,0x00,0x00,0x00,0x00,0x00,0x00,0x00,0x00,0x00,0x00,0x00,0x00,0x00,0x00,0x00,0x00,0x00,0x00,0x00,0x00,0xf6,0x54,0xf6,0x54,0xf6,0x54,0xf6,0x54,0xf6,0x54,0xf6,0x54,0xf6,0x54,0xf6,0x54,0xf6,0x54,0xf6,0x54,0xf6,0x54,0xf6,0x54,0xf6,0x54,0xf6,0x54,0x00,0x00,0x00,0x00,0x00,0x00,0x00,0x00,0x00,0x00,0x00,0x00,0x00,0x00,0x00,0x00,0x00,0x00,0x00,0x00,0x00,0x00,0x00,0x00,0x00,0x00,0x00,0x00,0x00,0x00,0x00,0x00,0x00,0x00,0x00,0x00,0x00,0x00,0x00,0x00,0x00,0x00,0x00,0x00,0x00,0x00,0x00,0x00,0x00,0x00,0x00,0x00,0x00,0x00,0x00,0x00,0x00,0x00,0x00,0x00,0x00,0x00,0x00,0x00,0x00,0x00,0x00,0x00,0x00,0x00,0x00,0x00,0x00,0x00,0x00,0x00,0x00,0x00,0x00,0x00,0x00,0x00,0x00,0x00,0x00,0x00,0x00,0x00,0x00,0x00,0x00,0x00,0x00,0x00,0x00,0x00,0x00,0x00,0x00,0x00,0x00,0x00,0x00,0x00,0x00,0x00,0x00,0x00,0x00,0x00,0x00,0x00,0x00,0x00,0x00,0x00,0x00,0x00,0x00,0x00,0xf6,0x54,0xf6,0x54,0xf6,0x54,0xf6,0x54,0xf6,0x54,0xf6,0x54,0xf6,0x54,0xf6,0x54,0xf6,0x54,0xf6,0x54,0xf6,0x54,0xf6,0x54,0xf6,0x54,0xf6,0x54,0x00,0x00,0x00,0x00,0x00,0x00,0x00,0x00,0x00,0x00,0x00,0x00,0x00,0x00,0x00,0x00,0x00,0x00,0x00,0x00,0x00,0x00,0x00,0x00,0x00,0x00,0x00,0x00,0x00,0x00,0x00,0x00,0x00,0x00,0x00,0x00,0x00,0x00,0x00,0x00,0x00,0x00,0x00,0x00,0x00,0x00,0x00,0x00,0x00,0x00,0x00,0x00,0x00,0x00,0x00,0x00,0x00,0x00,0x00,0x00,0x00,0x00,0x00,0x00,0x00,0x00,0x00,0x00,0x00,0x00,0x00,0x00,0x00,0x00,0x00,0x00,0x00,0x00,0x00,0x00,0x00,0x00,0x00,0x00,0x00,0x00,0x00,0x00,0x00,0x00,0x00,0x00,0x00,0x00,0x00,0x00,0x00,0x00,0x00,0x00,0x00,0x00,0x00,0x00,0x00,0x00,0x00,0x00,0x00,0x00,0x00,0x00,0x00,0x00,0x00,0x00,0x00,0x00,0x00,0x00,0xfe,0x54,0xfe,0x54,0xf6,0x54,0xf6,0x54,0xf6,0x54,0xf6,0x54,0xf6,0x54,0xf6,0x54,0xf6,0x54,0xf6,0x54,0xf6,0x54,0xf6,0x54,0xf6,0x54,0xf6,0x54,0x00,0x00,0x00,0x00,0x00,0x00,0x00,0x00,0x00,0x00,0x00,0x00,0x00,0x00,0x00,0x00,0x00,0x00,0x00,0x00,0x00,0x00,0x00,0x00,0x00,0x00,0x00,0x00,0x00,0x00,0x00,0x00,0x00,0x00,0x00,0x00,0x00,0x00,0x00,0x00,0x00,0x00,0x00,0x00,0x00,0x00,0x00,0x00,0x00,0x00,0x00,0x00,0x00,0x00,0x00,0x00,0x00,0x00,0x00,0x00,0x00,0x00,0x00,0x00,0x00,0x00,0x00,0x00,0x00,0x00,0x00,0x00,0x00,0x00,0x00,0x00,0x00,0x00,0x00,0x00,0x00,0x00,0x00,0x00,0x00,0x00,0x00,0x00,0x00,0x00,0x00,0x00,0x00,0x00,0x00,0x00,0x00,0x00,0x00,0x00,0x00,0x00,0x00,0x00,0x00,0x00,0x00,0x00,0x00,0x00,0x00,0x00,0x00,0x00,0x00,0x00,0x00,0x00,0x00,0x00,0xfe,0x54,0xfe,0x54,0xf6,0x54,0xf6,0x54,0xf6,0x54,0xf6,0x54,0xf6,0x54,0xf6,0x54,0xf6,0x54,0xf6,0x54,0xf6,0x54,0xf6,0x54,0xf6,0x54,0xf6,0x54,0x00,0x00,0x00,0x00,0x00,0x00,0x00,0x00,0x00,0x00,0x00,0x00,0x00,0x00,0x00,0x00,0x00,0x00,0x00,0x00,0x00,0x00,0x00,0x00,0x00,0x00,0x00,0x00,0x00,0x00,0x00,0x00,0x00,0x00,0x00,0x00,0x00,0x00,0x00,0x00,0x00,0x00,0x00,0x00,0x00,0x00,0x00,0x00,0x00,0x00,0x00,0x00,0x00,0x00,0x00,0x00,0x00,0x00,0x00,0x00,0x00,0x00,0x00,0x00,0x00,0x00,0x00,0x00,0x00,0x00,0x00,0x00,0x00,0x00,0x00,0x00,0x00,0x00,0x00,0x00,0x00,0x00,0x00,0x00,0x00,0x00,0x00,0x00,0x00,0x00,0x00,0x00,0x00,0x00,0x00,0x00,0x00,0x00,0x00,0x00,0x00,0x00,0x00,0x00,0x00,0x00,0x00,0x00,0x00,0x00,0x00,0x00,0x00,0x00,0x00,0x00,0x00,0x00,0x00,0x00,0xfe,0x54,0xfe,0x54,0xf6,0x54,0xf6,0x54,0xf6,0x54,0xf6,0x54,0xf6,0x54,0xf6,0x54,0xf6,0x54,0xf6,0x54,0xf6,0x54,0xf6,0x54,0xf6,0x54,0xf6,0x54,0x00,0x00,0x00,0x00,0xfe,0x74,0xf6,0x54,0xfe,0x54,0xf6,0x54,0xf6,0x54,0xf6,0x54,0xf6,0x54,0xfe,0x34,0x00,0x00,0x00,0x00,0x00,0x00,0x00,0x00,0x00,0x00,0x00,0x00,0x00,0x00,0x00,0x00,0x00,0x00,0x00,0x00,0x00,0x00,0x00,0x00,0x00,0x00,0x00,0x00,0x00,0x00,0x00,0x00,0x00,0x00,0x00,0x00,0x00,0x00,0x00,0x00,0x00,0x00,0x00,0x00,0x00,0x00,0x00,0x00,0x00,0x00,0x00,0x00,0x00,0x00,0x00,0x00,0x00,0x00,0x00,0x00,0x00,0x00,0x00,0x00,0x00,0x00,0x00,0x00,0x00,0x00,0x00,0x00,0x00,0x00,0x00,0x00,0x00,0x00,0x00,0x00,0x00,0x00,0x00,0x00,0x00,0x00,0x00,0x00,0x00,0x00,0x00,0x00,0x00,0x00,0x00,0x00,0x00,0x00,0x00,0x00,0xfe,0x54,0xfe,0x54,0xf6,0x54,0xf6,0x54,0xf6,0x54,0xf6,0x54,0xf6,0x54,0xf6,0x54,0xf6,0x54,0xf6,0x54,0xf6,0x54,0xf6,0x54,0xf6,0x54,0xf6,0x54,0x00,0x00,0xf6,0x54,0xf6,0x54,0xf6,0x54,0xf6,0x54,0xf6,0x54,0xf6,0x54,0xf6,0x54,0xf6,0x54,0xf6,0x54,0xfe,0x54,0xff,0xe0,0x00,0x00,0x00,0x00,0x00,0x00,0x00,0x00,0x00,0x00,0x00,0x00,0x00,0x00,0x00,0x00,0x00,0x00,0x00,0x00,0x00,0x00,0x00,0x00,0x00,0x00,0x00,0x00,0x00,0x00,0x00,0x00,0x00,0x00,0x00,0x00,0x00,0x00,0x00,0x00,0x00,0x00,0x00,0x00,0x00,0x00,0x00,0x00,0x00,0x00,0x00,0x00,0x00,0x00,0x00,0x00,0x00,0x00,0x00,0x00,0x00,0x00,0x00,0x00,0x00,0x00,0x00,0x00,0x00,0x00,0x00,0x00,0x00,0x00,0x00,0x00,0x00,0x00,0x00,0x00,0x00,0x00,0x00,0x00,0x00,0x00,0x00,0x00,0x00,0x00,0x00,0x00,0x00,0x00,0x00,0x00,0xfe,0x54,0xfe,0x54,0xf6,0x54,0xf6,0x54,0xf6,0x54,0xf6,0x54,0xf6,0x54,0xf6,0x54,0xf6,0x54,0xf6,0x54,0xf6,0x54,0xf6,0x54,0xf6,0x54,0xf6,0x54,0xf6,0x54,0xf6,0x54,0xf6,0x54,0xf6,0x54,0xf6,0x54,0xf6,0x54,0xf6,0x54,0xf6,0x54,0xf6,0x54,0xf6,0x54,0xf6,0x54,0xfe,0x54,0x00,0x00,0x00,0x00,0x00,0x00,0x00,0x00,0xf6,0x54,0xfe,0x54,0xf6,0x54,0xfe,0x54,0xfe,0x54,0xf6,0x54,0xff,0xf5,0x00,0x00,0x00,0x00,0x00,0x00,0x00,0x00,0x00,0x00,0x00,0x00,0x00,0x00,0x00,0x00,0x00,0x00,0x00,0x00,0x00,0x00,0x00,0x00,0x00,0x00,0x00,0x00,0x00,0x00,0x00,0x00,0x00,0x00,0x00,0x00,0x00,0x00,0x00,0x00,0x00,0x00,0x00,0x00,0x00,0x00,0x00,0x00,0x00,0x00,0x00,0x00,0x00,0x00,0x00,0x00,0x00,0x00,0x00,0x00,0x00,0x00,0x00,0x00,0x00,0x00,0x00,0x00,0x00,0x00,0x00,0x00,0x00,0x00,0xfe,0x54,0xfe,0x54,0xf6,0x54,0xf6,0x54,0xf6,0x54,0xf6,0x54,0xf6,0x54,0xf6,0x54,0xf6,0x54,0xf6,0x54,0xf6,0x54,0xf6,0x54,0xf6,0x54,0xf6,0x54,0xf6,0x54,0xf6,0x54,0xf6,0x54,0xf6,0x54,0xf6,0x54,0xf6,0x54,0xf6,0x54,0xf6,0x54,0xf6,0x54,0xf6,0x54,0xf6,0x54,0xf6,0x54,0xff,0xf5,0x00,0x00,0xed,0xf2,0xf6,0x54,0xf6,0x54,0xf6,0x54,0xf6,0x54,0xf6,0x54,0xf6,0x54,0xf6,0x54,0xf6,0x54,0x00,0x00,0x00,0x00,0x00,0x00,0x00,0x00,0x00,0x00,0x00,0x00,0x00,0x00,0x00,0x00,0x00,0x00,0x00,0x00,0x00,0x00,0x00,0x00,0x00,0x00,0x00,0x00,0x00,0x00,0x00,0x00,0x00,0x00,0x00,0x00,0x00,0x00,0x00,0x00,0x00,0x00,0x00,0x00,0x00,0x00,0x00,0x00,0x00,0x00,0x00,0x00,0x00,0x00,0x00,0x00,0x00,0x00,0x00,0x00,0x00,0x00,0x00,0x00,0x00,0x00,0x00,0x00,0x00,0x00,0x00,0x00,0x00,0x00,0xfe,0x54,0xfe,0x54,0xf6,0x54,0xf6,0x54,0xf6,0x54,0xf6,0x54,0xf6,0x54,0xf6,0x54,0xf6,0x54,0xf6,0x54,0xf6,0x54,0xf6,0x54,0xf6,0x54,0xf6,0x54,0xf6,0x54,0xf6,0x54,0xf6,0x54,0xf6,0x54,0xf6,0x54,0xf6,0x54,0xf6,0x54,0xf6,0x54,0xf6,0x54,0xf6,0x54,0xf6,0x54,0xf6,0x54,0xfe,0x94,0xf6,0x54,0xfe,0x54,0xf6,0x54,0xf6,0x54,0xf6,0x54,0xf6,0x54,0xf6,0x54,0xf6,0x54,0xf6,0x54,0xf6,0x54,0xf6,0x54,0xfe,0x73,0x00,0x00,0x00,0x00,0x00,0x00,0x00,0x00,0x00,0x00,0x00,0x00,0x00,0x00,0x00,0x00,0x00,0x00,0x00,0x00,0x00,0x00,0x00,0x00,0x00,0x00,0x00,0x00,0x00,0x00,0x00,0x00,0x00,0x00,0x00,0x00,0x00,0x00,0x00,0x00,0x00,0x00,0x00,0x00,0x00,0x00,0x00,0x00,0x00,0x00,0x00,0x00,0x00,0x00,0x00,0x00,0x00,0x00,0x00,0x00,0x00,0x00,0x00,0x00,0x00,0x00,0x00,0x00,0x00,0x00,0xfe,0x54,0xf6,0x54,0xf6,0x54,0xf6,0x54,0xf6,0x54,0xf6,0x54,0xf6,0x54,0xf6,0x54,0xf6,0x54,0xf6,0x54,0xf6,0x54,0xf6,0x54,0xf6,0x54,0xf6,0x54,0xf6,0x54,0xf6,0x54,0xf6,0x54,0xf6,0x54,0xf6,0x54,0xf6,0x54,0xf6,0x54,0xf6,0x54,0xf6,0x54,0xf6,0x54,0xf6,0x54,0xf6,0x54,0xf6,0x54,0xfe,0x54,0xfe,0x54,0xf6,0x54,0xf6,0x54,0xf6,0x54,0xf6,0x54,0xf6,0x54,0xf6,0x54,0xf6,0x54,0xf6,0x54,0xf6,0x54,0xfe,0x54,0xf8,0x00,0x00,0x00,0x00,0x00,0x00,0x00,0xfd,0x4a,0xfe,0x54,0xf6,0x34,0xf6,0x34,0xfe,0x54,0x00,0x00,0x00,0x00,0x00,0x00,0x00,0x00,0x00,0x00,0x00,0x00,0x00,0x00,0x00,0x00,0x00,0x00,0x00,0x00,0x00,0x00,0x00,0x00,0x00,0x00,0x00,0x00,0x00,0x00,0x00,0x00,0x00,0x00,0x00,0x00,0x00,0x00,0x00,0x00,0x00,0x00,0x00,0x00,0x00,0x00,0x00,0x00,0x00,0x00,0x00,0x00,0xfe,0x54,0xf6,0x54,0xf6,0x54,0xf6,0x54,0xf6,0x54,0xf6,0x54,0xf6,0x54,0xf6,0x54,0xf6,0x54,0xf6,0x54,0xf6,0x54,0xf6,0x54,0xf6,0x54,0xf6,0x54,0xf6,0x54,0xf6,0x54,0xf6,0x54,0xf6,0x54,0xf6,0x54,0xf6,0x54,0xf6,0x54,0xf6,0x54,0xf6,0x54,0xf6,0x54,0xf6,0x54,0xf6,0x54,0xf6,0x54,0xf6,0x54,0xf6,0x54,0xf6,0x54,0xf6,0x54,0xf6,0x54,0xf6,0x54,0xf6,0x54,0xf6,0x54,0xf6,0x54,0xf6,0x54,0xf6,0x54,0xfe,0x54,0xfe,0x54,0x00,0x00,0xf8,0x00,0xfe,0x54,0xf6,0x54,0xf6,0x54,0xf6,0x54,0xf6,0x54,0xf6,0x54,0xf6,0x54,0xf6,0x54,0x00,0x00,0x00,0x00,0x00,0x00,0x00,0x00,0x00,0x00,0x00,0x00,0x00,0x00,0x00,0x00,0x00,0x00,0x00,0x00,0x00,0x00,0x00,0x00,0x00,0x00,0x00,0x00,0x00,0x00,0x00,0x00,0x00,0x00,0x00,0x00,0x00,0x00,0x00,0x00,0x00,0x00,0x00,0x00,0x00,0x00,0x00,0x00,0xfe,0x54,0xf6,0x54,0xf6,0x54,0xf6,0x54,0xf6,0x54,0xf6,0x54,0xf6,0x54,0xf6,0x54,0xf6,0x54,0xf6,0x54,0xf6,0x54,0xf6,0x54,0xf6,0x54,0xf6,0x54,0xf6,0x54,0xf6,0x54,0xf6,0x54,0xf6,0x54,0xf6,0x54,0xf6,0x54,0xf6,0x54,0xf6,0x54,0xf6,0x54,0xf6,0x54,0xf6,0x54,0xf6,0x54,0xf6,0x54,0xf6,0x54,0xf6,0x54,0xf6,0x54,0xf6,0x54,0xf6,0x54,0xf6,0x54,0xf6,0x54,0xf6,0x54,0xf6,0x54,0xf6,0x54,0xf6,0x54,0xf6,0x54,0xfe,0x54,0xff,0xff,0xfe,0x74,0xf6,0x54,0xf6,0x54,0xf6,0x54,0xf6,0x54,0xf6,0x54,0xf6,0x54,0xf6,0x54,0xf6,0x54,0xf6,0x54,0xff,0xe0,0x00,0x00,0x00,0x00,0x00,0x00,0x00,0x00,0x00,0x00,0x00,0x00,0x00,0x00,0x00,0x00,0x00,0x00,0x00,0x00,0x00,0x00,0x00,0x00,0x00,0x00,0x00,0x00,0x00,0x00,0x00,0x00,0x00,0x00,0x00,0x00,0x00,0x00,0x00,0x00,0x00,0x00,0x00,0x00,0xfe,0x54,0xf6,0x54,0xf6,0x54,0xf6,0x54,0xf6,0x54,0xf6,0x54,0xf6,0x54,0xf6,0x54,0xf6,0x54,0xf6,0x54,0xf6,0x54,0xf6,0x54,0xf6,0x54,0xf6,0x54,0xf6,0x54,0xf6,0x54,0xf6,0x54,0xf6,0x54,0xf6,0x54,0xf6,0x54,0xf6,0x54,0xf6,0x54,0xf6,0x54,0xf6,0x54,0xf6,0x54,0xf6,0x54,0xf6,0x54,0xf6,0x54,0xf6,0x54,0xf6,0x54,0xf6,0x54,0xf6,0x54,0xf6,0x54,0xf6,0x54,0xf6,0x54,0xf6,0x54,0xf6,0x54,0xf6,0x54,0xf6,0x54,0xf6,0x54,0xf6,0x54,0xf6,0x54,0xf6,0x54,0xf6,0x54,0xf6,0x54,0xf6,0x54,0xf6,0x54,0xf6,0x54,0xf6,0x54,0xf6,0x54,0xf6,0x54,0xfe,0x74,0x00,0x00,0x00,0x00,0x00,0x00,0x00,0x00,0x00,0x00,0x00,0x00,0x00,0x00,0x00,0x00,0x00,0x00,0x00,0x00,0x00,0x00,0x00,0x00,0x00,0x00,0x00,0x00,0x00,0x00,0x00,0x00,0x00,0x00,0x00,0x00,0x00,0x00,0x00,0x00,0x00,0x00,0x00,0x00,0xf6,0x54,0xf6,0x54,0xf6,0x54,0xf6,0x54,0xf6,0x54,0xf6,0x54,0xf6,0x54,0xf6,0x54,0xf6,0x54,0xf6,0x54,0xf6,0x54,0xf6,0x54,0xf6,0x54,0xf6,0x54,0xf6,0x54,0xf6,0x54,0xf6,0x54,0xf6,0x54,0xf6,0x54,0xf6,0x54,0xf6,0x54,0xf6,0x54,0xf6,0x54,0xf6,0x54,0xf6,0x54,0xf6,0x54,0xf6,0x54,0xf6,0x54,0xf6,0x54,0xf6,0x54,0xf6,0x54,0xf6,0x54,0xf6,0x54,0xf6,0x54,0xf6,0x54,0xf6,0x54,0xf6,0x54,0xf6,0x54,0xf6,0x54,0xf6,0x54,0xf6,0x54,0xf6,0x54,0xf6,0x54,0xf6,0x54,0xf6,0x54,0xf6,0x54,0xf6,0x54,0xf6,0x54,0xf6,0x54,0xf6,0x54,0xf6,0x54,0xf6,0x54,0xff,0xff,0x00,0x00,0x00,0x00,0x00,0x00,0x00,0x00,0x00,0x00,0x00,0x00,0x00,0x00,0x00,0x00,0x00,0x00,0x00,0x00,0x00,0x00,0x00,0x00,0x00,0x00,0x00,0x00,0x00,0x00,0x00,0x00,0x00,0x00,0x00,0x00,0x00,0x00,0x00,0x00,0x00,0x00,0xf6,0x54,0xf6,0x54,0xf6,0x54,0xf6,0x54,0xf6,0x54,0xf6,0x54,0xf6,0x54,0xf6,0x54,0xf6,0x54,0xf6,0x54,0xf6,0x54,0xf6,0x54,0xf6,0x54,0xf6,0x54,0xf6,0x54,0xf6,0x54,0xf6,0x54,0xf6,0x54,0xf6,0x54,0xf6,0x54,0xf6,0x54,0xf6,0x54,0xf6,0x54,0xf6,0x54,0xf6,0x54,0xf6,0x54,0xf6,0x54,0xf6,0x54,0xf6,0x54,0xf6,0x54,0xf6,0x54,0xf6,0x54,0xf6,0x54,0xf6,0x54,0xf6,0x54,0xf6,0x54,0xf6,0x54,0xf6,0x54,0xf6,0x54,0xfe,0x54,0xf6,0x54,0xf6,0x54,0xf6,0x54,0xf6,0x54,0xf6,0x54,0xf6,0x54,0xf6,0x54,0xf6,0x54,0xf6,0x54,0xf6,0x54,0xf6,0x54,0xf6,0x54,0xfe,0x74,0x00,0x00,0x00,0x00,0x00,0x00,0x00,0x00,0x00,0x00,0x00,0x00,0x00,0x00,0x00,0x00,0x00,0x00,0x00,0x00,0x00,0x00,0x00,0x00,0x00,0x00,0x00,0x00,0x00,0x00,0x00,0x00,0x00,0x00,0x00,0x00,0x00,0x00,0x00,0x00,0x00,0x00,0xf6,0x54,0xf6,0x54,0xf6,0x54,0xf6,0x54,0xf6,0x54,0xf6,0x54,0xf6,0x54,0xf6,0x54,0xf6,0x54,0xf6,0x54,0xf6,0x54,0xf6,0x54,0xf6,0x54,0xf6,0x54,0xf6,0x54,0xf6,0x54,0xf6,0x54,0xf6,0x54,0xf6,0x54,0xf6,0x54,0xf6,0x54,0xf6,0x54,0xf6,0x54,0xf6,0x54,0xf6,0x54,0xf6,0x54,0xf6,0x54,0xf6,0x54,0xf6,0x54,0xf6,0x54,0xf6,0x54,0xf6,0x54,0xf6,0x54,0xf6,0x54,0xf6,0x54,0xf6,0x54,0xf6,0x54,0xf6,0x54,0xf6,0x54,0xf6,0x54,0xf6,0x54,0xf6,0x54,0xf6,0x54,0xf6,0x54,0xf6,0x54,0xf6,0x54,0xf6,0x54,0xf6,0x54,0xf6,0x54,0xf6,0x54,0xf6,0x54,0xf6,0x54,0xf6,0x54,0x00,0x00,0x00,0x00,0x00,0x00,0x00,0x00,0x00,0x00,0x00,0x00,0x00,0x00,0x00,0x00,0x00,0x00,0x00,0x00,0x00,0x00,0x00,0x00,0x00,0x00,0x00,0x00,0x00,0x00,0x00,0x00,0x00,0x00,0x00,0x00,0x00,0x00,0x00,0x00,0x00,0x00,0xf6,0x54,0xf6,0x54,0xf6,0x54,0xf6,0x54,0xf6,0x54,0xf6,0x54,0xf6,0x54,0xf6,0x54,0xf6,0x54,0xf6,0x54,0xf6,0x54,0xf6,0x54,0xf6,0x54,0xf6,0x54,0xf6,0x54,0xf6,0x54,0xf6,0x54,0xf6,0x54,0xf6,0x54,0xf6,0x54,0xf6,0x54,0xf6,0x54,0xf6,0x54,0xf6,0x54,0xf6,0x54,0xf6,0x54,0xf6,0x54,0xf6,0x54,0xf6,0x54,0xf6,0x54,0xf6,0x54,0xf6,0x54,0xf6,0x54,0xf6,0x54,0xf6,0x54,0xf6,0x54,0xf6,0x54,0xf6,0x54,0xf6,0x54,0xf6,0x54,0xf6,0x54,0xf6,0x54,0xf6,0x54,0xf6,0x54,0xf6,0x54,0xf6,0x54,0xf6,0x54,0xf6,0x54,0xf6,0x54,0xf6,0x54,0xf6,0x54,0xf6,0x54,0xf6,0x54,0x00,0x00,0x00,0x00,0x00,0x00,0x00,0x00,0x00,0x00,0x00,0x00,0x00,0x00,0x00,0x00,0x00,0x00,0x00,0x00,0x00,0x00,0x00,0x00,0x00,0x00,0x00,0x00,0x00,0x00,0x00,0x00,0x00,0x00,0x00,0x00,0x00,0x00,0x00,0x00,0x00,0x00,0xfe,0x54,0xf6,0x54,0xf6,0x54,0xf6,0x54,0xf6,0x54,0xf6,0x54,0xf6,0x54,0xf6,0x54,0xf6,0x54,0xf6,0x54,0xf6,0x54,0xf6,0x54,0xf6,0x54,0xf6,0x54,0xf6,0x54,0xf6,0x54,0xf6,0x54,0xf6,0x54,0xf6,0x54,0xf6,0x54,0xf6,0x54,0xf6,0x54,0xf6,0x54,0xf6,0x54,0xf6,0x54,0xf6,0x54,0xf6,0x54,0xf6,0x54,0xf6,0x54,0xf6,0x54,0xf6,0x54,0xf6,0x54,0xf6,0x54,0xf6,0x54,0xf6,0x54,0xf6,0x54,0xf6,0x54,0xf6,0x54,0xf6,0x54,0xf6,0x54,0xf6,0x54,0xf6,0x54,0xf6,0x54,0xf6,0x54,0xf6,0x54,0xf6,0x54,0xf6,0x54,0xf6,0x54,0xf6,0x54,0xf6,0x54,0xf6,0x54,0xf6,0x54,0xf6,0x54,0x00,0x00,0x00,0x00,0x00,0x00,0x00,0x00,0xfe,0x35,0xf6,0x74,0xf6,0x54,0xf6,0x54,0xf6,0x54,0xf6,0x54,0xf6,0x54,0xf6,0x54,0xf6,0x55,0xfe,0xd6,0x00,0x00,0x00,0x00,0x00,0x00,0x00,0x00,0x00,0x00,0x00,0x00,0x00,0x00,0xfe,0x54,0xf6,0x54,0xf6,0x54,0xf6,0x54,0xf6,0x54,0xf6,0x54,0xf6,0x54,0xf6,0x54,0xf6,0x54,0xf6,0x54,0xf6,0x54,0xf6,0x54,0xf6,0x54,0xf6,0x54,0xf6,0x54,0xf6,0x54,0xf6,0x54,0xf6,0x54,0xf6,0x54,0xf6,0x54,0xf6,0x54,0xf6,0x54,0xf6,0x54,0xf6,0x54,0xf6,0x54,0xf6,0x54,0xf6,0x54,0xf6,0x54,0xf6,0x54,0xf6,0x54,0xf6,0x54,0xf6,0x54,0xf6,0x54,0xf6,0x54,0xf6,0x54,0xf6,0x54,0xf6,0x54,0xf6,0x54,0xf6,0x54,0xf6,0x54,0xf6,0x54,0xf6,0x54,0xf6,0x54,0xf6,0x54,0xf6,0x54,0xf6,0x54,0xf6,0x54,0xf6,0x54,0xf6,0x54,0xf6,0x54,0xf6,0x54,0xf6,0x54,0xfe,0x54,0x00,0x00,0x00,0x00,0xfc,0x10,0xfe,0x74,0xfe,0x54,0xf6,0x54,0xf6,0x54,0xf6,0x54,0xf6,0x54,0xf6,0x54,0xf6,0x54,0xf6,0x54,0xf6,0x54,0xf6,0x54,0xf6,0x34,0x00,0x00,0x00,0x00,0x00,0x00,0x00,0x00,0x00,0x00,0x00,0x00,0xfe,0x54,0xf6,0x54,0xf6,0x54,0xf6,0x54,0xf6,0x54,0xf6,0x54,0xf6,0x54,0xf6,0x54,0xf6,0x54,0xf6,0x54,0xf6,0x54,0xf6,0x54,0xf6,0x54,0xf6,0x54,0xf6,0x54,0xf6,0x54,0xf6,0x54,0xf6,0x54,0xf6,0x54,0xf6,0x54,0xf6,0x54,0xf6,0x54,0xf6,0x54,0xf6,0x54,0xf6,0x54,0xf6,0x54,0xf6,0x54,0xf6,0x54,0xf6,0x54,0xf6,0x54,0xf6,0x54,0xf6,0x54,0xf6,0x54,0xf6,0x54,0xf6,0x54,0xf6,0x54,0xf6,0x54,0xf6,0x54,0xf6,0x54,0xf6,0x54,0xf6,0x54,0xf6,0x54,0xf6,0x54,0xf6,0x54,0xf6,0x54,0xf6,0x54,0xf6,0x54,0xf6,0x54,0xf6,0x54,0xf6,0x54,0xf6,0x54,0xf6,0x54,0xfe,0x54,0x00,0x00,0x00,0x00,0xfe,0x54,0xf6,0x54,0xf6,0x54,0xf6,0x54,0xf6,0x54,0xf6,0x54,0xf6,0x54,0xf6,0x54,0xf6,0x54,0xf6,0x54,0xf6,0x54,0xfe,0x54,0xf6,0x54,0xf6,0x55,0x00,0x00,0x00,0x00,0x00,0x00,0x00,0x00,0x00,0x00,0xfe,0x54,0xf6,0x54,0xf6,0x54,0xf6,0x54,0xf6,0x54,0xf6,0x54,0xf6,0x54,0xf6,0x54,0xf6,0x54,0xf6,0x54,0xf6,0x54,0xf6,0x54,0xf6,0x54,0xf6,0x54,0xf6,0x54,0xf6,0x54,0xf6,0x54,0xf6,0x54,0xf6,0x54,0xf6,0x54,0xf6,0x54,0xf6,0x54,0xf6,0x54,0xf6,0x54,0xf6,0x54,0xf6,0x54,0xf6,0x54,0xf6,0x54,0xf6,0x54,0xf6,0x54,0xf6,0x54,0xf6,0x54,0xf6,0x54,0xf6,0x54,0xf6,0x54,0xf6,0x54,0xf6,0x54,0xf6,0x54,0xf6,0x54,0xf6,0x54,0xf6,0x54,0xf6,0x54,0xf6,0x54,0xf6,0x54,0xf6,0x54,0xf6,0x54,0xf6,0x54,0xf6,0x54,0xf6,0x54,0xf6,0x54,0xf6,0x54,0xf6,0x54,0xfe,0x54,0x00,0x00,0xf6,0x54,0xf6,0x54,0xf6,0x54,0xf6,0x54,0xf6,0x54,0xf6,0x54,0xf6,0x54,0xf6,0x54,0xf6,0x54,0xf6,0x54,0xf6,0x54,0xf6,0x54,0xf6,0x54,0xf6,0x54,0xf6,0x54,0xfe,0x75,0x00,0x00,0x00,0x00,0x00,0x00,0x00,0x00,0xf6,0x54,0xf6,0x54,0xf6,0x54,0xf6,0x54,0xf6,0x54,0xf6,0x54,0xf6,0x54,0xf6,0x54,0xf6,0x54,0xf6,0x54,0xf6,0x54,0xf6,0x54,0xf6,0x54,0xf6,0x54,0xf6,0x54,0xf6,0x54,0xf6,0x54,0xf6,0x54,0xf6,0x54,0xf6,0x54,0xf6,0x54,0xf6,0x54,0xf6,0x54,0xf6,0x54,0xf6,0x54,0xf6,0x54,0xf6,0x54,0xf6,0x54,0xf6,0x54,0xf6,0x54,0xf6,0x54,0xf6,0x54,0xf6,0x54,0xf6,0x54,0xf6,0x54,0xf6,0x54,0xf6,0x54,0xf6,0x54,0xf6,0x54,0xf6,0x54,0xf6,0x54,0xf6,0x54,0xf6,0x54,0xf6,0x54,0xf6,0x54,0xf6,0x54,0xf6,0x54,0xf6,0x54,0xf6,0x54,0xf6,0x54,0xf6,0x54,0xf6,0x54,0xfe,0x54,0xf6,0x34,0xf6,0x54,0xf6,0x54,0xf6,0x54,0xf6,0x54,0xf6,0x54,0xf6,0x54,0xf6,0x54,0xf6,0x54,0xf6,0x54,0xf6,0x54,0xf6,0x54,0xf6,0x54,0xf6,0x54,0xf6,0x54,0xf6,0x54,0xf6,0x54,0xfe,0x53,0x00,0x00,0x00,0x00,0x00,0x00,0xf6,0x54,0xf6,0x54,0xf6,0x54,0xf6,0x54,0xf6,0x54,0xf6,0x54,0xf6,0x54,0xf6,0x54,0xf6,0x54,0xf6,0x54,0xf6,0x54,0xf6,0x54,0xf6,0x54,0xf6,0x54,0xf6,0x54,0xf6,0x54,0xf6,0x54,0xf6,0x54,0xf6,0x54,0xf6,0x54,0xf6,0x54,0xf6,0x54,0xf6,0x54,0xf6,0x54,0xf6,0x54,0xf6,0x54,0xf6,0x54,0xf6,0x54,0xf6,0x54,0xf6,0x54,0xf6,0x54,0xf6,0x54,0xf6,0x54,0xf6,0x54,0xf6,0x54,0xf6,0x54,0xf6,0x54,0xf6,0x54,0xf6,0x54,0xf6,0x54,0xf6,0x54,0xf6,0x54,0xf6,0x54,0xf6,0x54,0xf6,0x54,0xf6,0x54,0xf6,0x54,0xf6,0x54,0xf6,0x54,0xf6,0x54,0xf6,0x54,0xf6,0x54,0xf6,0x54,0xfe,0x35,0xf6,0x54,0xf6,0x54,0xf6,0x54,0xf6,0x54,0xf6,0x54,0xf6,0x54,0xf6,0x54,0xf6,0x54,0xf6,0x54,0xf6,0x54,0xf6,0x54,0xf6,0x54,0xf6,0x54,0xf6,0x54,0xf6,0x54,0xfe,0x54,0xf6,0x54,0xf6,0x14,0x00,0x00,0x00,0x00,0xfe,0x54,0xf6,0x54,0xf6,0x54,0xf6,0x54,0xf6,0x54,0xf6,0x54,0xf6,0x54,0xf6,0x54,0xf6,0x54,0xf6,0x54,0xf6,0x54,0xf6,0x54,0xf6,0x54,0xf6,0x54,0xf6,0x54,0xf6,0x54,0xf6,0x54,0xf6,0x54,0xf6,0x54,0xf6,0x54,0xf6,0x54,0xf6,0x54,0xf6,0x54,0xf6,0x54,0xf6,0x54,0xf6,0x54,0xf6,0x54,0xf6,0x54,0xf6,0x54,0xf6,0x54,0xf6,0x54,0xf6,0x54,0xf6,0x54,0xf6,0x54,0xf6,0x54,0xf6,0x54,0xf6,0x54,0xf6,0x54,0xf6,0x54,0xf6,0x54,0xf6,0x54,0xf6,0x54,0xf6,0x54,0xf6,0x54,0xf6,0x54,0xf6,0x54,0xf6,0x54,0xf6,0x54,0xf6,0x54,0xf6,0x54,0xf6,0x54,0xf6,0x54,0xf6,0x54,0x00,0x00,0xfe,0x74,0xf6,0x54,0xf6,0x54,0xf6,0x54,0xf6,0x54,0xf6,0x54,0xf6,0x54,0xf6,0x54,0xf6,0x54,0xf6,0x54,0xf6,0x54,0xf6,0x54,0xf6,0x54,0xf6,0x54,0xf6,0x54,0xf6,0x54,0xf6,0x54,0xf6,0x74,0x00,0x00,0x00,0x00,0xfe,0x54,0xf6,0x54,0xf6,0x54,0xf6,0x54,0xf6,0x54,0xf6,0x54,0xf6,0x54,0xf6,0x54,0xf6,0x54,0xf6,0x54,0xf6,0x54,0xf6,0x54,0xf6,0x54,0xf6,0x54,0xf6,0x54,0xf6,0x54,0xf6,0x54,0xf6,0x54,0xf6,0x54,0xf6,0x54,0xf6,0x54,0xf6,0x54,0xf6,0x54,0xf6,0x54,0xf6,0x54,0xf6,0x54,0xf6,0x54,0xf6,0x54,0xf6,0x54,0xf6,0x54,0xf6,0x54,0xf6,0x54,0xf6,0x54,0xf6,0x54,0xf6,0x54,0xf6,0x54,0xf6,0x54,0xf6,0x54,0xf6,0x54,0xf6,0x54,0xf6,0x54,0xf6,0x54,0xf6,0x54,0xf6,0x54,0xf6,0x54,0xf6,0x54,0xf6,0x54,0xf6,0x54,0xf6,0x54,0xf6,0x54,0xf6,0x54,0xf6,0x54,0xf6,0x54,0x00,0x00,0x00,0x00,0xf6,0x54,0xf6,0x54,0xf6,0x54,0xf6,0x54,0xf6,0x54,0xf6,0x54,0xf6,0x54,0xf6,0x54,0xf6,0x54,0xf6,0x54,0xf6,0x54,0xf6,0x54,0xf6,0x54,0xf6,0x54,0xf6,0x54,0xf6,0x54,0xf6,0x54,0xfe,0x54,0xff,0xff,0xfe,0x54,0xf6,0x54,0xf6,0x54,0xf6,0x54,0xf6,0x54,0xf6,0x54,0xf6,0x54,0xf6,0x54,0xf6,0x54,0xf6,0x54,0xf6,0x54,0xf6,0x54,0xf6,0x54,0xf6,0x54,0xf6,0x54,0xf6,0x54,0xf6,0x54,0xf6,0x54,0xf6,0x54,0xf6,0x54,0xf6,0x54,0xf6,0x54,0xf6,0x54,0xf6,0x54,0xf6,0x54,0xf6,0x54,0xf6,0x54,0xf6,0x54,0xf6,0x54,0xf6,0x54,0xf6,0x54,0xf6,0x54,0xf6,0x54,0xf6,0x54,0xf6,0x54,0xf6,0x54,0xf6,0x54,0xf6,0x54,0xf6,0x54,0xf6,0x54,0xf6,0x54,0xf6,0x54,0xf6,0x54,0xf6,0x54,0xf6,0x54,0xf6,0x54,0xf6,0x54,0xf6,0x54,0xf6,0x54,0xf6,0x54,0xf6,0x54,0xf6,0x54,0xf6,0x54,0x00,0x00,0x00,0x00,0xf6,0x74,0xf6,0x54,0xf6,0x54,0xf6,0x54,0xf6,0x54,0xf6,0x54,0xf6,0x54,0xf6,0x54,0xf6,0x54,0xf6,0x54,0xf6,0x54,0xf6,0x54,0xf6,0x54,0xf6,0x54,0xf6,0x54,0xf6,0x54,0xf6,0x54,0xf6,0x54,0xfe,0x54,0xfe,0x54,0xf6,0x54,0xf6,0x54,0xf6,0x54,0xf6,0x54,0xf6,0x54,0xf6,0x54,0xf6,0x54,0xf6,0x54,0xf6,0x54,0xf6,0x54,0xf6,0x54,0xf6,0x54,0xf6,0x54,0xf6,0x54,0xf6,0x54,0xf6,0x54,0xf6,0x54,0xf6,0x54,0xf6,0x54,0xf6,0x54,0xf6,0x54,0xf6,0x54,0xf6,0x54,0xf6,0x54,0xf6,0x54,0xf6,0x54,0xf6,0x54,0xf6,0x54,0xf6,0x54,0xf6,0x54,0xf6,0x54,0xf6,0x54,0xf6,0x54,0xf6,0x54,0xf6,0x54,0xf6,0x54,0xf6,0x54,0xf6,0x54,0xf6,0x54,0xf6,0x54,0xf6,0x54,0xf6,0x54,0xf6,0x54,0xf6,0x54,0xf6,0x54,0xf6,0x54,0xf6,0x54,0xf6,0x54,0xf6,0x54,0xf6,0x54,0xf6,0x54,0xf6,0x54,0x00,0x00,0x00,0x00,0xed,0xf3,0xf6,0x54,0xf6,0x54,0xf6,0x54,0xf6,0x54,0xf6,0x54,0xf6,0x54,0xf6,0x54,0xf6,0x54,0xf6,0x54,0xf6,0x54,0xf6,0x54,0xf6,0x54,0xf6,0x54,0xf6,0x54,0xf6,0x54,0xf6,0x54,0xf6,0x54,0xf6,0x54,0xf6,0x54,0xf6,0x54,0xf6,0x54,0xf6,0x54,0xf6,0x54,0xf6,0x54,0xf6,0x54,0xf6,0x54,0xf6,0x54,0xf6,0x54,0xf6,0x54,0xf6,0x54,0xf6,0x54,0xf6,0x54,0xf6,0x54,0xf6,0x54,0xf6,0x54,0xf6,0x54,0xf6,0x54,0xf6,0x54,0xf6,0x54,0xf6,0x54,0xf6,0x54,0xf6,0x54,0xf6,0x54,0xf6,0x54,0xf6,0x54,0xf6,0x54,0xf6,0x54,0xf6,0x54,0xf6,0x54,0xf6,0x54,0xf6,0x54,0xf6,0x54,0xf6,0x54,0xf6,0x54,0xf6,0x54,0xf6,0x54,0xf6,0x54,0xf6,0x54,0xf6,0x54,0xf6,0x54,0xf6,0x54,0xf6,0x54,0xf6,0x54,0xf6,0x54,0xf6,0x54,0xf6,0x54,0xf6,0x54,0xf6,0x54,0xf6,0x54,0xf6,0x54,0xf6,0x54,0x00,0x00,0x00,0x00,0x00,0x00,0xf6,0x54,0xf6,0x54,0xf6,0x54,0xf6,0x54,0xf6,0x54,0xf6,0x54,0xf6,0x54,0xf6,0x54,0xf6,0x54,0xf6,0x54,0xf6,0x54,0xf6,0x54,0xf6,0x54,0xf6,0x54,0xf6,0x54,0xf6,0x54,0xf6,0x54,0xf6,0x54,0xf6,0x54,0xf6,0x54,0xf6,0x54,0xf6,0x54,0xf6,0x54,0xf6,0x54,0xf6,0x54,0xf6,0x54,0xf6,0x54,0xf6,0x54,0xf6,0x54,0xf6,0x54,0xf6,0x54,0xf6,0x54,0xf6,0x54,0xf6,0x54,0xf6,0x54,0xf6,0x54,0xf6,0x54,0xf6,0x54,0xf6,0x54,0xf6,0x54,0xf6,0x54,0xf6,0x54,0xf6,0x54,0xf6,0x54,0xf6,0x54,0xf6,0x54,0xf6,0x54,0xf6,0x54,0xf6,0x54,0xf6,0x54,0xf6,0x54,0xf6,0x54,0xf6,0x54,0xf6,0x54,0xf6,0x54,0xf6,0x54,0xf6,0x54,0xf6,0x54,0xf6,0x54,0xf6,0x54,0xf6,0x54,0xf6,0x54,0xf6,0x54,0xf6,0x54,0xf6,0x54,0xf6,0x54,0xf6,0x54,0xf6,0x54,0xf6,0x54,0xf6,0x54,0xf6,0x54,0x00,0x00,0x00,0x00,0x00,0x00,0xff,0xf0,0xfe,0x54,0xf6,0x54,0xf6,0x54,0xf6,0x54,0xf6,0x54,0xf6,0x54,0xf6,0x54,0xf6,0x54,0xf6,0x54,0xf6,0x54,0xf6,0x54,0xf6,0x54,0xf6,0x54,0xf6,0x54,0xf6,0x54,0xf6,0x54,0xf6,0x54,0xf6,0x54,0xf6,0x54,0xf6,0x54,0xf6,0x54,0xf6,0x54,0xf6,0x54,0xf6,0x54,0xf6,0x54,0xf6,0x54,0xf6,0x54,0xf6,0x54,0xf6,0x54,0xf6,0x54,0xf6,0x54,0xf6,0x54,0xf6,0x54,0xf6,0x54,0xf6,0x54,0xf6,0x54,0xf6,0x54,0xf6,0x54,0xf6,0x54,0xf6,0x54,0xf6,0x54,0xf6,0x54,0xf6,0x54,0xf6,0x54,0xf6,0x54,0xf6,0x54,0xf6,0x54,0xf6,0x54,0xf6,0x54,0xf6,0x54,0xf6,0x54,0xf6,0x54,0xf6,0x54,0xf6,0x54,0xf6,0x54,0xf6,0x54,0xf6,0x54,0xf6,0x54,0xf6,0x54,0xf6,0x54,0xf6,0x54,0xf6,0x54,0xf6,0x54,0xf6,0x54,0xf6,0x54,0xf6,0x54,0xf6,0x54,0xf6,0x54,0xf6,0x54,0xf6,0x54,0x00,0x00,0x00,0x00,0x00,0x00,0x00,0x00,0xfe,0x54,0xf6,0x54,0xf6,0x54,0xf6,0x54,0xf6,0x54,0xf6,0x54,0xf6,0x54,0xf6,0x54,0xf6,0x54,0xf6,0x54,0xf6,0x54,0xf6,0x54,0xf6,0x54,0xf6,0x54,0xf6,0x54,0xf6,0x54,0xf6,0x54,0xf6,0x54,0xf6,0x54,0xf6,0x54,0xf6,0x54,0xf6,0x54,0xf6,0x54,0xf6,0x54,0xf6,0x54,0xf6,0x54,0xf6,0x54,0xf6,0x54,0xf6,0x54,0xf6,0x54,0xf6,0x54,0xf6,0x54,0xf6,0x54,0xf6,0x54,0xf6,0x54,0xf6,0x54,0xf6,0x54,0xf6,0x54,0xf6,0x54,0xf6,0x54,0xf6,0x54,0xf6,0x54,0xf6,0x54,0xf6,0x54,0xf6,0x54,0xf6,0x54,0xf6,0x54,0xf6,0x54,0xf6,0x54,0xf6,0x54,0xf6,0x54,0xf6,0x54,0xf6,0x54,0xf6,0x54,0xf6,0x54,0xf6,0x54,0xf6,0x54,0xf6,0x54,0xf6,0x54,0xf6,0x54,0xf6,0x54,0xf6,0x54,0xf6,0x54,0xf6,0x54,0xf6,0x54,0xf6,0x54,0xf6,0x54,0xf6,0x54,0xf6,0x54,0xf6,0x54,0x00,0x00,0x00,0x00,0x00,0x00,0x00,0x00,0x00,0x00,0xf6,0x54,0xf6,0x54,0xf6,0x54,0xf6,0x54,0xf6,0x54,0xf6,0x54,0xf6,0x54,0xf6,0x54,0xf6,0x54,0xf6,0x54,0xf6,0x54,0xf6,0x54,0xf6,0x54,0xf6,0x54,0xf6,0x54,0xf6,0x54,0xf6,0x54,0xf6,0x54,0xf6,0x54,0xf6,0x54,0xf6,0x54,0xf6,0x54,0xf6,0x54,0xf6,0x54,0xf6,0x54,0xf6,0x54,0xf6,0x54,0xf6,0x54,0xf6,0x54,0xf6,0x54,0xf6,0x54,0xf6,0x54,0xf6,0x54,0xf6,0x54,0xf6,0x54,0xf6,0x54,0xf6,0x54,0xf6,0x54,0xf6,0x54,0xf6,0x54,0xf6,0x54,0xf6,0x54,0xf6,0x54,0xf6,0x54,0xf6,0x54,0xf6,0x54,0xf6,0x54,0xf6,0x54,0xf6,0x54,0xf6,0x54,0xf6,0x54,0xf6,0x54,0xf6,0x54,0xf6,0x54,0xf6,0x54,0xf6,0x54,0xf6,0x54,0xf6,0x54,0xf6,0x54,0xf6,0x54,0xf6,0x54,0xf6,0x54,0xf6,0x54,0xf6,0x54,0xf6,0x54,0xf6,0x54,0xf6,0x54,0xf6,0x54,0xf6,0x54,0x00,0x00,0x00,0x00,0x00,0x00,0x00,0x00,0x00,0x00,0xf6,0x94,0xf6,0x54,0xf6,0x54,0xf6,0x54,0xf6,0x54,0xf6,0x54,0xf6,0x54,0xf6,0x54,0xf6,0x54,0xf6,0x54,0xf6,0x54,0xf6,0x54,0xf6,0x54,0xf6,0x54,0xf6,0x54,0xf6,0x54,0xf6,0x54,0xf6,0x54,0xf6,0x54,0xf6,0x54,0xf6,0x54,0xf6,0x54,0xf6,0x54,0xf6,0x54,0xf6,0x54,0xf6,0x54,0xf6,0x54,0xf6,0x54,0xf6,0x54,0xf6,0x54,0xf6,0x54,0xf6,0x54,0xf6,0x54,0xf6,0x54,0xf6,0x54,0xf6,0x54,0xf6,0x54,0xf6,0x54,0xf6,0x54,0xf6,0x54,0xf6,0x54,0xf6,0x54,0xf6,0x54,0xf6,0x54,0xf6,0x54,0xf6,0x54,0xf6,0x54,0xf6,0x54,0xf6,0x54,0xf6,0x54,0xf6,0x54,0xf6,0x54,0xf6,0x54,0xf6,0x54,0xf6,0x54,0xf6,0x54,0xf6,0x54,0xf6,0x54,0xf6,0x54,0xf6,0x54,0xf6,0x54,0xf6,0x54,0xf6,0x54,0xf6,0x54,0xf6,0x54,0xf6,0x54,0xf6,0x54,0xf6,0x54,0xf6,0x54,0x00,0x00,0x00,0x00,0x00,0x00,0x00,0x00,0x00,0x00,0xfe,0xb5,0xf6,0x54,0xf6,0x54,0xf6,0x54,0xf6,0x54,0xf6,0x54,0xf6,0x54,0xf6,0x54,0xf6,0x54,0xf6,0x54,0xf6,0x54,0xf6,0x54,0xf6,0x54,0xf6,0x54,0xf6,0x54,0xf6,0x54,0xf6,0x54,0xf6,0x54,0xf6,0x54,0xf6,0x54,0xf6,0x54,0xf6,0x54,0xf6,0x54,0xf6,0x54,0xf6,0x54,0xf6,0x54,0xf6,0x54,0xf6,0x54,0xf6,0x54,0xf6,0x54,0xf6,0x54,0xf6,0x54,0xf6,0x54,0xf6,0x54,0xf6,0x54,0xf6,0x54,0xf6,0x54,0xf6,0x54,0xf6,0x54,0xf6,0x54,0xf6,0x54,0xf6,0x54,0xf6,0x54,0xf6,0x54,0xf6,0x54,0xf6,0x54,0xf6,0x54,0xf6,0x54,0xf6,0x54,0xf6,0x54,0xf6,0x54,0xf6,0x54,0xf6,0x54,0xf6,0x54,0xf6,0x54,0xf6,0x54,0xf6,0x54,0xf6,0x54,0xf6,0x54,0xf6,0x54,0xf6,0x54,0xf6,0x54,0xf6,0x54,0xf6,0x54,0xf6,0x54,0xf6,0x54,0xf6,0x54,0xf6,0x54,0xf6,0x54,0x00,0x00,0x00,0x00,0x00,0x00,0x00,0x00,0x00,0x00,0x00,0x00,0xfe,0x54,0xf6,0x54,0xf6,0x54,0xf6,0x54,0xf6,0x54,0xf6,0x54,0xf6,0x54,0xf6,0x54,0xf6,0x54,0xf6,0x54,0xf6,0x54,0xf6,0x54,0xf6,0x54,0xf6,0x54,0xf6,0x54,0xf6,0x54,0xf6,0x54,0xf6,0x54,0xf6,0x54,0xf6,0x54,0xf6,0x54,0xf6,0x54,0xf6,0x54,0xf6,0x54,0xf6,0x54,0xf6,0x54,0xf6,0x54,0xf6,0x54,0xf6,0x54,0xf6,0x54,0xf6,0x54,0xf6,0x54,0xf6,0x54,0xf6,0x54,0xf6,0x54,0xf6,0x54,0xf6,0x54,0xf6,0x54,0xf6,0x54,0xf6,0x54,0xf6,0x54,0xf6,0x54,0xf6,0x54,0xf6,0x54,0xf6,0x54,0xf6,0x54,0xf6,0x54,0xf6,0x54,0xf6,0x54,0xf6,0x54,0xf6,0x54,0xf6,0x54,0xf6,0x54,0xf6,0x54,0xf6,0x54,0xf6,0x54,0xf6,0x54,0xf6,0x54,0xf6,0x54,0xf6,0x54,0xf6,0x54,0xf6,0x54,0xf6,0x54,0xf6,0x54,0xf6,0x54,0xf6,0x54,0xf6,0x54,0xf6,0x54,0x00,0x00,0x00,0x00,0x00,0x00,0x00,0x00,0x00,0x00,0x00,0x00,0xfd,0x55,0xf6,0x54,0xf6,0x54,0xf6,0x54,0xf6,0x54,0xf6,0x54,0xf6,0x54,0xf6,0x54,0xf6,0x54,0xf6,0x54,0xf6,0x54,0xf6,0x54,0xf6,0x54,0xf6,0x54,0xf6,0x54,0xf6,0x54,0xf6,0x54,0xf6,0x54,0xf6,0x54,0xf6,0x54,0xf6,0x54,0xf6,0x54,0xf6,0x54,0xf6,0x54,0xf6,0x54,0xf6,0x54,0xf6,0x54,0xf6,0x54,0xf6,0x54,0xf6,0x54,0xf6,0x54,0xf6,0x54,0xf6,0x54,0xf6,0x54,0xf6,0x54,0xf6,0x54,0xf6,0x54,0xf6,0x54,0xf6,0x54,0xf6,0x54,0xf6,0x54,0xf6,0x54,0xf6,0x54,0xf6,0x54,0xf6,0x54,0xf6,0x54,0xf6,0x54,0xf6,0x54,0xf6,0x54,0xf6,0x54,0xf6,0x54,0xf6,0x54,0xf6,0x54,0xf6,0x54,0xf6,0x54,0xf6,0x54,0xf6,0x54,0xf6,0x54,0xf6,0x54,0xf6,0x54,0xf6,0x54,0xf6,0x54,0xf6,0x54,0xf6,0x54,0xf6,0x54,0xf6,0x54,0xf6,0x54,0xf6,0x54,0x00,0x00,0x00,0x00,0x00,0x00,0x00,0x00,0x00,0x00,0x00,0x00,0x00,0x00,0xf6,0x34,0xfe,0x54,0xf6,0x54,0xf6,0x54,0xf6,0x54,0xf6,0x54,0xf6,0x54,0xf6,0x54,0xf6,0x54,0xf6,0x54,0xf6,0x54,0xf6,0x54,0xf6,0x54,0xf6,0x54,0xf6,0x54,0xf6,0x54,0xf6,0x54,0xf6,0x54,0xf6,0x54,0xf6,0x54,0xf6,0x54,0xf6,0x54,0xf6,0x54,0xf6,0x54,0xf6,0x54,0xf6,0x54,0xf6,0x54,0xf6,0x54,0xf6,0x54,0xf6,0x54,0xf6,0x54,0xf6,0x54,0xf6,0x54,0xf6,0x54,0xf6,0x54,0xf6,0x54,0xf6,0x54,0xf6,0x54,0xf6,0x54,0xf6,0x54,0xf6,0x54,0xf6,0x54,0xf6,0x54,0xf6,0x54,0xf6,0x54,0xf6,0x54,0xf6,0x54,0xf6,0x54,0xf6,0x54,0xf6,0x54,0xf6,0x54,0xf6,0x54,0xf6,0x54,0xf6,0x54,0xf6,0x54,0xf6,0x54,0xf6,0x54,0xf6,0x54,0xf6,0x54,0xf6,0x54,0xf6,0x54,0xf6,0x54,0xf6,0x54,0xf6,0x54,0xf6,0x54,0xf6,0x54,0xf6,0x54,0x00,0x00,0x00,0x00,0x00,0x00,0x00,0x00,0x00,0x00,0x00,0x00,0x00,0x00,0x00,0x00,0xfe,0x74,0xf6,0x54,0xf6,0x54,0xf6,0x54,0xf6,0x54,0xf6,0x54,0xf6,0x54,0xf6,0x54,0xf6,0x54,0xf6,0x54,0xf6,0x54,0xf6,0x54,0xf6,0x54,0xf6,0x54,0xf6,0x54,0xf6,0x54,0xf6,0x54,0xf6,0x54,0xf6,0x54,0xf6,0x54,0xf6,0x54,0xf6,0x54,0xf6,0x54,0xf6,0x54,0xf6,0x54,0xf6,0x54,0xf6,0x54,0xf6,0x54,0xf6,0x54,0xf6,0x54,0xf6,0x54,0xf6,0x54,0xf6,0x54,0xf6,0x54,0xf6,0x54,0xf6,0x54,0xf6,0x54,0xf6,0x54,0xf6,0x54,0xf6,0x54,0xf6,0x54,0xf6,0x54,0xf6,0x54,0xf6,0x54,0xf6,0x54,0xf6,0x54,0xf6,0x54,0xf6,0x54,0xf6,0x54,0xf6,0x54,0xf6,0x54,0xf6,0x54,0xf6,0x54,0xf6,0x54,0xf6,0x54,0xf6,0x54,0xf6,0x54,0xf6,0x54,0xf6,0x54,0xf6,0x54,0xf6,0x54,0xf6,0x54,0xf6,0x54,0xf6,0x54,0xf6,0x54,0xf6,0x54,0x00,0x00,0x00,0x00,0x00,0x00,0x00,0x00,0x00,0x00,0x00,0x00,0x00,0x00,0x00,0x00,0xee,0x54,0xfe,0x54,0xf6,0x54,0xf6,0x54,0xf6,0x54,0xf6,0x54,0xf6,0x54,0xf6,0x54,0xf6,0x54,0xf6,0x54,0xf6,0x54,0xf6,0x54,0xf6,0x54,0xf6,0x54,0xf6,0x54,0xf6,0x54,0xf6,0x54,0xf6,0x54,0xf6,0x54,0xf6,0x54,0xf6,0x54,0xf6,0x54,0xf6,0x54,0xf6,0x54,0xf6,0x54,0xf6,0x54,0xf6,0x54,0xf6,0x54,0xf6,0x54,0xf6,0x54,0xf6,0x54,0xf6,0x54,0xf6,0x54,0xf6,0x54,0xf6,0x54,0xf6,0x54,0xf6,0x54,0xf6,0x54,0xf6,0x54,0xf6,0x54,0xf6,0x54,0xf6,0x54,0xf6,0x54,0xf6,0x54,0xf6,0x54,0xf6,0x54,0xf6,0x54,0xf6,0x54,0xf6,0x54,0xf6,0x54,0xf6,0x54,0xf6,0x54,0xf6,0x54,0xf6,0x54,0xf6,0x54,0xf6,0x54,0xf6,0x54,0xf6,0x54,0xf6,0x54,0xf6,0x54,0xf6,0x54,0xf6,0x54,0xf6,0x54,0xf6,0x54,0xf6,0x54,0xf6,0x54,0x00,0x00,0x00,0x00,0x00,0x00,0x00,0x00,0x00,0x00,0x00,0x00,0x00,0x00,0x00,0x00,0x00,0x00,0xf6,0x54,0xf6,0x54,0xf6,0x54,0xf6,0x54,0xf6,0x54,0xf6,0x54,0xf6,0x54,0xf6,0x54,0xf6,0x54,0xf6,0x54,0xf6,0x54,0xf6,0x54,0xf6,0x54,0xf6,0x54,0xf6,0x54,0xf6,0x54,0xf6,0x54,0xf6,0x54,0xf6,0x54,0xf6,0x54,0xf6,0x54,0xf6,0x54,0xf6,0x54,0xf6,0x54,0xf6,0x54,0xf6,0x54,0xf6,0x54,0xf6,0x54,0xf6,0x54,0xf6,0x54,0xf6,0x54,0xf6,0x54,0xf6,0x54,0xf6,0x54,0xf6,0x54,0xf6,0x54,0xf6,0x54,0xf6,0x54,0xf6,0x54,0xf6,0x54,0xf6,0x54,0xf6,0x54,0xf6,0x54,0xf6,0x54,0xf6,0x54,0xf6,0x54,0xf6,0x54,0xf6,0x54,0xf6,0x54,0xf6,0x54,0xf6,0x54,0xf6,0x54,0xf6,0x54,0xf6,0x54,0xf6,0x54,0xf6,0x54,0xf6,0x54,0xf6,0x54,0xf6,0x54,0xf6,0x54,0xf6,0x54,0xf6,0x54,0xf6,0x54,0xf6,0x54,0xf6,0x54,0x00,0x00,0x00,0x00,0x00,0x00,0x00,0x00,0x00,0x00,0x00,0x00,0x00,0x00,0x00,0x00,0x00,0x00,0xf6,0x74,0xf6,0x54,0xf6,0x54,0xf6,0x54,0xf6,0x54,0xf6,0x54,0xf6,0x54,0xf6,0x54,0xf6,0x54,0xf6,0x54,0xf6,0x54,0xf6,0x54,0xf6,0x54,0xf6,0x54,0xf6,0x54,0xf6,0x54,0xf6,0x54,0xf6,0x54,0xf6,0x54,0xf6,0x54,0xf6,0x54,0xf6,0x54,0xf6,0x54,0xf6,0x54,0xf6,0x54,0xf6,0x54,0xf6,0x54,0xf6,0x54,0xf6,0x54,0xf6,0x54,0xf6,0x54,0xf6,0x54,0xf6,0x54,0xf6,0x54,0xf6,0x54,0xf6,0x54,0xf6,0x54,0xf6,0x54,0xf6,0x54,0xf6,0x54,0xf6,0x54,0xf6,0x54,0xf6,0x54,0xf6,0x54,0xf6,0x54,0xf6,0x54,0xf6,0x54,0xf6,0x54,0xf6,0x54,0xf6,0x54,0xf6,0x54,0xf6,0x54,0xf6,0x54,0xf6,0x54,0xf6,0x54,0xf6,0x54,0xf6,0x54,0xf6,0x54,0xf6,0x54,0xf6,0x54,0xf6,0x54,0xf6,0x54,0xf6,0x54,0xf6,0x54,0xf6,0x54,0x00,0x00,0x00,0x00,0x00,0x00,0x00,0x00,0x00,0x00,0x00,0x00,0x00,0x00,0x00,0x00,0x00,0x00,0xfd,0x55,0xf6,0x54,0xf6,0x54,0xf6,0x54,0xf6,0x54,0xf6,0x54,0xf6,0x54,0xf6,0x54,0xf6,0x54,0xf6,0x54,0xf6,0x54,0xf6,0x54,0xf6,0x54,0xf6,0x54,0xf6,0x54,0xf6,0x54,0xf6,0x54,0xf6,0x54,0xf6,0x54,0xf6,0x54,0xf6,0x54,0xf6,0x54,0xf6,0x54,0xf6,0x54,0xf6,0x54,0xf6,0x54,0xf6,0x54,0xf6,0x54,0xf6,0x54,0xf6,0x54,0xf6,0x54,0xf6,0x54,0xf6,0x54,0xf6,0x54,0xf6,0x54,0xf6,0x54,0xf6,0x54,0xf6,0x54,0xf6,0x54,0xf6,0x54,0xf6,0x54,0xf6,0x54,0xf6,0x54,0xf6,0x54,0xf6,0x54,0xf6,0x54,0xf6,0x54,0xf6,0x54,0xf6,0x54,0xf6,0x54,0xf6,0x54,0xf6,0x54,0xf6,0x54,0xf6,0x54,0xf6,0x54,0xf6,0x54,0xf6,0x54,0xf6,0x54,0xf6,0x54,0xf6,0x54,0xf6,0x54,0xf6,0x54,0xf6,0x54,0xf6,0x54,0xf6,0x54,0x00,0x00,0x00,0x00,0x00,0x00,0x00,0x00,0x00,0x00,0x00,0x00,0x00,0x00,0x00,0x00,0x00,0x00,0x00,0x00,0xf6,0x34,0xf6,0x54,0xf6,0x54,0xf6,0x54,0xf6,0x54,0xf6,0x54,0xf6,0x54,0xf6,0x54,0xf6,0x54,0xf6,0x54,0xf6,0x54,0xf6,0x54,0xf6,0x54,0xf6,0x54,0xf6,0x54,0xf6,0x54,0xf6,0x54,0xf6,0x54,0xf6,0x54,0xf6,0x54,0xf6,0x54,0xf6,0x54,0xf6,0x54,0xf6,0x54,0xf6,0x54,0xf6,0x54,0xf6,0x54,0xf6,0x54,0xf6,0x54,0xf6,0x54,0xf6,0x54,0xf6,0x54,0xf6,0x54,0xf6,0x54,0xf6,0x54,0xf6,0x54,0xf6,0x54,0xf6,0x54,0xf6,0x54,0xf6,0x54,0xf6,0x54,0xf6,0x54,0xf6,0x54,0xf6,0x54,0xf6,0x54,0xf6,0x54,0xf6,0x54,0xf6,0x54,0xf6,0x54,0xf6,0x54,0xf6,0x54,0xf6,0x54,0xf6,0x54,0xf6,0x54,0xf6,0x54,0xf6,0x54,0xf6,0x54,0xf6,0x54,0xf6,0x54,0xf6,0x54,0xf6,0x54,0xf6,0x54,0xf6,0x54,0xf6,0x54,0x00,0x00,0x00,0x00,0x00,0x00,0x00,0x00,0x00,0x00,0x00,0x00,0x00,0x00,0x00,0x00,0x00,0x00,0x00,0x00,0x00,0x00,0xf6,0x54,0xf6,0x54,0xf6,0x54,0xf6,0x54,0xf6,0x54,0xf6,0x54,0xf6,0x54,0xf6,0x54,0xf6,0x54,0xf6,0x54,0xf6,0x54,0xf6,0x54,0xf6,0x54,0xf6,0x54,0xf6,0x54,0xf6,0x54,0xf6,0x54,0xf6,0x54,0xf6,0x54,0xf6,0x54,0xf6,0x54,0xf6,0x54,0xf6,0x54,0xf6,0x54,0xf6,0x54,0xf6,0x54,0xf6,0x54,0xf6,0x54,0xf6,0x54,0xf6,0x54,0xf6,0x54,0xf6,0x54,0xf6,0x54,0xf6,0x54,0xf6,0x54,0xf6,0x54,0xf6,0x54,0xf6,0x54,0xf6,0x54,0xf6,0x54,0xf6,0x54,0xf6,0x54,0xf6,0x54,0xf6,0x54,0xf6,0x54,0xf6,0x54,0xf6,0x54,0xf6,0x54,0xf6,0x54,0xf6,0x54,0xf6,0x54,0xf6,0x54,0xf6,0x54,0xf6,0x54,0xf6,0x54,0xf6,0x54,0xf6,0x54,0xf6,0x54,0xf6,0x54,0xf6,0x54,0xf6,0x54,0xf6,0x54,0xf6,0x54,0x00,0x00,0x00,0x00,0x00,0x00,0x00,0x00,0x00,0x00,0x00,0x00,0x00,0x00,0x00,0x00,0x00,0x00,0x00,0x00,0x00,0x00,0xfe,0x35,0xf6,0x54,0xf6,0x54,0xf6,0x54,0xf6,0x54,0xf6,0x54,0xf6,0x54,0xf6,0x54,0xf6,0x54,0xf6,0x54,0xf6,0x54,0xf6,0x54,0xf6,0x54,0xf6,0x54,0xf6,0x54,0xf6,0x54,0xf6,0x54,0xf6,0x54,0xf6,0x54,0xf6,0x54,0xf6,0x54,0xf6,0x54,0xf6,0x54,0xf6,0x54,0xf6,0x54,0xf6,0x54,0xf6,0x54,0xf6,0x54,0xf6,0x54,0xf6,0x54,0xf6,0x54,0xf6,0x54,0xf6,0x54,0xf6,0x54,0xf6,0x54,0xf6,0x54,0xf6,0x54,0xf6,0x54,0xf6,0x54,0xf6,0x54,0xf6,0x54,0xf6,0x54,0xf6,0x54,0xf6,0x54,0xf6,0x54,0xf6,0x54,0xf6,0x54,0xf6,0x54,0xf6,0x54,0xf6,0x54,0xf6,0x54,0xf6,0x54,0xf6,0x54,0xf6,0x54,0xf6,0x54,0xf6,0x54,0xf6,0x54,0xf6,0x54,0xf6,0x54,0xf6,0x54,0xf6,0x54,0xf6,0x54,0xf6,0x54,0x00,0x00,0x00,0x00,0x00,0x00,0x00,0x00,0x00,0x00,0x00,0x00,0x00,0x00,0x00,0x00,0x00,0x00,0x00,0x00,0x00,0x00,0x00,0x00,0xfe,0x54,0xf6,0x54,0xf6,0x54,0xf6,0x54,0xf6,0x54,0xf6,0x54,0xf6,0x54,0xf6,0x54,0xf6,0x54,0xf6,0x54,0xf6,0x54,0xf6,0x54,0xf6,0x54,0xf6,0x54,0xf6,0x54,0xf6,0x54,0xf6,0x54,0xf6,0x54,0xf6,0x54,0xf6,0x54,0xf6,0x54,0xf6,0x54,0xf6,0x54,0xf6,0x54,0xf6,0x54,0xf6,0x54,0xf6,0x54,0xf6,0x54,0xf6,0x54,0xf6,0x54,0xf6,0x54,0xf6,0x54,0xf6,0x54,0xf6,0x54,0xf6,0x54,0xf6,0x54,0xf6,0x54,0xf6,0x54,0xf6,0x54,0xf6,0x54,0xf6,0x54,0xf6,0x54,0xf6,0x54,0xf6,0x54,0xf6,0x54,0xf6,0x54,0xf6,0x54,0xf6,0x54,0xf6,0x54,0xf6,0x54,0xf6,0x54,0xf6,0x54,0xf6,0x54,0xf6,0x54,0xf6,0x54,0xf6,0x54,0xf6,0x54,0xf6,0x54,0xf6,0x54,0xf6,0x54,0xf6,0x54,0xf6,0x54,0x00,0x00,0x00,0x00,0x00,0x00,0x00,0x00,0x00,0x00,0x00,0x00,0x00,0x00,0x00,0x00,0x00,0x00,0x00,0x00,0x00,0x00,0x00,0x00,0xed,0xf3,0xf6,0x54,0xf6,0x54,0xf6,0x54,0xf6,0x54,0xf6,0x54,0xf6,0x54,0xf6,0x54,0xf6,0x54,0xf6,0x54,0xf6,0x54,0xf6,0x54,0xf6,0x54,0xf6,0x54,0xf6,0x54,0xf6,0x54,0xf6,0x54,0xf6,0x54,0xf6,0x54,0xf6,0x54,0xf6,0x54,0xf6,0x54,0xf6,0x54,0xf6,0x54,0xf6,0x54,0xf6,0x54,0xf6,0x54,0xf6,0x54,0xf6,0x54,0xf6,0x54,0xf6,0x54,0xf6,0x54,0xf6,0x54,0xf6,0x54,0xf6,0x54,0xf6,0x54,0xf6,0x54,0xf6,0x54,0xf6,0x54,0xf6,0x54,0xf6,0x54,0xf6,0x54,0xf6,0x54,0xf6,0x54,0xf6,0x54,0xf6,0x54,0xf6,0x54,0xf6,0x54,0xf6,0x54,0xf6,0x54,0xf6,0x54,0xf6,0x54,0xf6,0x54,0xf6,0x54,0xf6,0x54,0xf6,0x54,0xf6,0x54,0xf6,0x54,0xf6,0x54,0xf6,0x54,0xf6,0x54,0xf6,0x54,0x00,0x00,0x00,0x00,0x00,0x00,0x00,0x00,0x00,0x00,0x00,0x00,0x00,0x00,0x00,0x00,0x00,0x00,0x00,0x00,0x00,0x00,0x00,0x00,0x00,0x00,0xfe,0x54,0xf6,0x54,0xf6,0x54,0xf6,0x54,0xf6,0x54,0xf6,0x54,0xf6,0x54,0xf6,0x54,0xf6,0x54,0xf6,0x54,0xf6,0x54,0xf6,0x54,0xf6,0x54,0xf6,0x54,0xf6,0x54,0xf6,0x54,0xf6,0x54,0xf6,0x54,0xf6,0x54,0xf6,0x54,0xf6,0x54,0xf6,0x54,0xf6,0x54,0xf6,0x54,0xf6,0x54,0xf6,0x54,0xf6,0x54,0xf6,0x54,0xf6,0x54,0xf6,0x54,0xf6,0x54,0xf6,0x54,0xf6,0x54,0xf6,0x54,0xf6,0x54,0xf6,0x54,0xf6,0x54,0xf6,0x54,0xf6,0x54,0xf6,0x54,0xf6,0x54,0xf6,0x54,0xf6,0x54,0xf6,0x54,0xf6,0x54,0xf6,0x54,0xf6,0x54,0xf6,0x54,0xf6,0x54,0xf6,0x54,0xf6,0x54,0xf6,0x54,0xf6,0x54,0xf6,0x54,0xf6,0x54,0xf6,0x54,0xf6,0x54,0xf6,0x54,0xf6,0x54,0xf6,0x54,0xf6,0x54,0x00,0x00,0x00,0x00,0x00,0x00,0x00,0x00,0x00,0x00,0x00,0x00,0x00,0x00,0x00,0x00,0x00,0x00,0x00,0x00,0x00,0x00,0x00,0x00,0x00,0x00,0xf6,0x13,0xfe,0x54,0xf6,0x54,0xf6,0x54,0xf6,0x54,0xf6,0x54,0xf6,0x54,0xf6,0x54,0xf6,0x54,0xf6,0x54,0xf6,0x54,0xf6,0x54,0xf6,0x54,0xf6,0x54,0xf6,0x54,0xf6,0x54,0xf6,0x54,0xf6,0x54,0xf6,0x54,0xf6,0x54,0xf6,0x54,0xf6,0x54,0xf6,0x54,0xf6,0x54,0xf6,0x54,0xf6,0x54,0xf6,0x54,0xf6,0x54,0xf6,0x54,0xf6,0x54,0xf6,0x54,0xf6,0x54,0xf6,0x54,0xf6,0x54,0xf6,0x54,0xf6,0x54,0xf6,0x54,0xf6,0x54,0xf6,0x54,0xf6,0x54,0xf6,0x54,0xf6,0x54,0xf6,0x54,0xf6,0x54,0xf6,0x54,0xf6,0x54,0xf6,0x54,0xf6,0x54,0xf6,0x54,0xf6,0x54,0xf6,0x54,0xf6,0x54,0xf6,0x54,0xf6,0x54,0xf6,0x54,0xf6,0x54,0xf6,0x54,0xf6,0x54,0xf6,0x54,0xf6,0x54,0xf6,0x54,0x00,0x00,0x00,0x00,0x00,0x00,0x00,0x00,0x00,0x00,0x00,0x00,0x00,0x00,0x00,0x00,0x00,0x00,0x00,0x00,0x00,0x00,0x00,0x00,0x00,0x00,0x00,0x00,0xfe,0x54,0xf6,0x54,0xf6,0x54,0xf6,0x54,0xf6,0x54,0xf6,0x54,0xf6,0x54,0xf6,0x54,0xf6,0x54,0xf6,0x54,0xf6,0x54,0xf6,0x54,0xf6,0x54,0xf6,0x54,0xf6,0x54,0xf6,0x54,0xf6,0x54,0xf6,0x54,0xf6,0x54,0xf6,0x54,0xf6,0x54,0xf6,0x54,0xf6,0x54,0xf6,0x54,0xf6,0x54,0xf6,0x54,0xf6,0x54,0xf6,0x54,0xf6,0x54,0xf6,0x54,0xf6,0x54,0xf6,0x54,0xf6,0x54,0xf6,0x54,0xf6,0x54,0xf6,0x54,0xf6,0x54,0xf6,0x54,0xf6,0x54,0xf6,0x54,0xf6,0x54,0xf6,0x54,0xf6,0x54,0xf6,0x54,0xf6,0x54,0xf6,0x54,0xf6,0x54,0xf6,0x54,0xf6,0x54,0xf6,0x54,0xf6,0x54,0xf6,0x54,0xf6,0x54,0xf6,0x54,0xf6,0x54,0xf6,0x54,0xf6,0x54,0xf6,0x54,0xf6,0x54,0xfe,0x54,0x00,0x00,0x00,0x00,0x00,0x00,0x00,0x00,0x00,0x00,0x00,0x00,0x00,0x00,0x00,0x00,0x00,0x00,0x00,0x00,0x00,0x00,0x00,0x00,0x00,0x00,0x00,0x00,0xff,0xff,0xf6,0x54,0xf6,0x54,0xf6,0x54,0xf6,0x54,0xf6,0x54,0xf6,0x54,0xf6,0x54,0xf6,0x54,0xf6,0x54,0xf6,0x54,0xf6,0x54,0xf6,0x54,0xf6,0x54,0xf6,0x54,0xf6,0x54,0xf6,0x54,0xf6,0x54,0xf6,0x54,0xf6,0x54,0xf6,0x54,0xf6,0x54,0xf6,0x54,0xf6,0x54,0xf6,0x54,0xf6,0x54,0xf6,0x54,0xf6,0x54,0xf6,0x54,0xf6,0x54,0xf6,0x54,0xf6,0x54,0xf6,0x54,0xf6,0x54,0xf6,0x54,0xf6,0x54,0xf6,0x54,0xf6,0x54,0xf6,0x54,0xf6,0x54,0xf6,0x54,0xf6,0x54,0xf6,0x54,0xf6,0x54,0xf6,0x54,0xf6,0x54,0xf6,0x54,0xf6,0x54,0xf6,0x54,0xf6,0x54,0xf6,0x54,0xf6,0x54,0xf6,0x54,0xf6,0x54,0xf6,0x54,0xf6,0x54,0xf6,0x54,0xf6,0x54,0xf6,0x54,0xf6,0x54,0x00,0x00,0x00,0x00,0x00,0x00,0x00,0x00,0x00,0x00,0x00,0x00,0x00,0x00,0x00,0x00,0x00,0x00,0x00,0x00,0x00,0x00,0x00,0x00,0x00,0x00,0x00,0x00,0x00,0x00,0xf6,0x75,0xf6,0x54,0xf6,0x54,0xf6,0x54,0xf6,0x54,0xf6,0x54,0xf6,0x54,0xf6,0x54,0xf6,0x54,0xf6,0x54,0xf6,0x54,0xf6,0x54,0xf6,0x54,0xf6,0x54,0xf6,0x54,0xf6,0x54,0xf6,0x54,0xf6,0x54,0xf6,0x54,0xf6,0x54,0xf6,0x54,0xf6,0x54,0xf6,0x54,0xf6,0x54,0xf6,0x54,0xf6,0x54,0xf6,0x54,0xf6,0x54,0xf6,0x54,0xf6,0x54,0xf6,0x54,0xf6,0x54,0xf6,0x54,0xf6,0x54,0xf6,0x54,0xf6,0x54,0xf6,0x54,0xf6,0x54,0xf6,0x54,0xf6,0x54,0xf6,0x54,0xf6,0x54,0xf6,0x54,0xf6,0x54,0xf6,0x54,0xf6,0x54,0xf6,0x54,0xf6,0x54,0xf6,0x54,0xf6,0x54,0xf6,0x54,0xf6,0x54,0xf6,0x54,0xf6,0x54,0xf6,0x54,0xf6,0x54,0xf6,0x54,0xf6,0x54,0xf6,0x54,0x00,0x00,0x00,0x00,0x00,0x00,0x00,0x00,0x00,0x00,0x00,0x00,0x00,0x00,0x00,0x00,0x00,0x00,0x00,0x00,0x00,0x00,0x00,0x00,0x00,0x00,0x00,0x00,0x00,0x00,0x00,0x00,0xfe,0x54,0xf6,0x54,0xf6,0x54,0xf6,0x54,0xf6,0x54,0xf6,0x54,0xf6,0x54,0xf6,0x54,0xf6,0x54,0xf6,0x54,0xf6,0x54,0xf6,0x54,0xf6,0x54,0xf6,0x54,0xf6,0x54,0xf6,0x54,0xf6,0x54,0xf6,0x54,0xf6,0x54,0xf6,0x54,0xf6,0x54,0xf6,0x54,0xf6,0x54,0xf6,0x54,0xf6,0x54,0xf6,0x54,0xf6,0x54,0xf6,0x54,0xf6,0x54,0xf6,0x54,0xf6,0x54,0xf6,0x54,0xf6,0x54,0xf6,0x54,0xf6,0x54,0xf6,0x54,0xf6,0x54,0xf6,0x54,0xf6,0x54,0xf6,0x54,0xf6,0x54,0xf6,0x54,0xf6,0x54,0xf6,0x54,0xf6,0x54,0xf6,0x54,0xf6,0x54,0xf6,0x54,0xf6,0x54,0xf6,0x54,0xf6,0x54,0xf6,0x54,0xf6,0x54,0xf6,0x54,0xf6,0x54,0xf6,0x54,0xf6,0x54,0xf6,0x54,0x00,0x00,0x00,0x00,0x00,0x00,0x00,0x00,0x00,0x00,0x00,0x00,0x00,0x00,0x00,0x00,0x00,0x00,0x00,0x00,0x00,0x00,0x00,0x00,0x00,0x00,0x00,0x00,0x00,0x00,0x00,0x00,0xfe,0x54,0xf6,0x54,0xf6,0x54,0xf6,0x54,0xf6,0x54,0xf6,0x54,0xf6,0x54,0xf6,0x54,0xf6,0x54,0xf6,0x54,0xf6,0x54,0xf6,0x54,0xf6,0x54,0xf6,0x54,0xf6,0x54,0xf6,0x54,0xf6,0x54,0xf6,0x54,0xf6,0x54,0xf6,0x54,0xf6,0x54,0xf6,0x54,0xf6,0x54,0xf6,0x54,0xf6,0x54,0xf6,0x54,0xf6,0x54,0xf6,0x54,0xf6,0x54,0xf6,0x54,0xf6,0x54,0xf6,0x54,0xf6,0x54,0xf6,0x54,0xf6,0x54,0xf6,0x54,0xf6,0x54,0xf6,0x54,0xf6,0x54,0xf6,0x54,0xf6,0x54,0xf6,0x54,0xf6,0x54,0xf6,0x54,0xf6,0x54,0xf6,0x54,0xf6,0x54,0xf6,0x54,0xf6,0x54,0xf6,0x54,0xf6,0x54,0xf6,0x54,0xf6,0x54,0xf6,0x54,0xf6,0x54,0xf6,0x54,0xf6,0x54,0xfe,0xb5,0x00,0x00,0x00,0x00,0x00,0x00,0x00,0x00,0x00,0x00,0x00,0x00,0x00,0x00,0x00,0x00,0x00,0x00,0x00,0x00,0x00,0x00,0x00,0x00,0x00,0x00,0x00,0x00,0x00,0x00,0x00,0x00,0xee,0x33,0xfe,0x54,0xf6,0x54,0xf6,0x54,0xf6,0x54,0xf6,0x54,0xf6,0x54,0xf6,0x54,0xf6,0x54,0xf6,0x54,0xf6,0x54,0xf6,0x54,0xf6,0x54,0xf6,0x54,0xf6,0x54,0xf6,0x54,0xf6,0x54,0xf6,0x54,0xf6,0x54,0xf6,0x54,0xf6,0x54,0xf6,0x54,0xf6,0x54,0xf6,0x54,0xf6,0x54,0xf6,0x54,0xf6,0x54,0xf6,0x54,0xf6,0x54,0xf6,0x54,0xf6,0x54,0xf6,0x54,0xf6,0x54,0xf6,0x54,0xf6,0x54,0xf6,0x54,0xf6,0x54,0xf6,0x54,0xf6,0x54,0xf6,0x54,0xf6,0x54,0xf6,0x54,0xf6,0x54,0xf6,0x54,0xf6,0x54,0xf6,0x54,0xf6,0x54,0xf6,0x54,0xf6,0x54,0xf6,0x54,0xf6,0x54,0xf6,0x54,0xf6,0x54,0xf6,0x54,0xf6,0x54,0xf6,0x54,0xf6,0x54,0x00,0x00,0x00,0x00,0x00,0x00,0x00,0x00,0x00,0x00,0x00,0x00,0x00,0x00,0x00,0x00,0x00,0x00,0x00,0x00,0x00,0x00,0x00,0x00,0x00,0x00,0x00,0x00,0x00,0x00,0x00,0x00,0x00,0x00,0x00,0x00,0xf6,0x54,0xf6,0x54,0xf6,0x54,0xf6,0x54,0xf6,0x54,0xf6,0x54,0xf6,0x54,0xf6,0x54,0xf6,0x54,0xf6,0x54,0xf6,0x54,0xf6,0x54,0xf6,0x54,0xf6,0x54,0xf6,0x54,0xf6,0x54,0xf6,0x54,0xf6,0x54,0xf6,0x54,0xf6,0x54,0xf6,0x54,0xf6,0x54,0xf6,0x54,0xf6,0x54,0xf6,0x54,0xf6,0x54,0xf6,0x54,0xf6,0x54,0xf6,0x54,0xf6,0x54,0xf6,0x54,0xf6,0x54,0xf6,0x54,0xf6,0x54,0xf6,0x54,0xf6,0x54,0xf6,0x54,0xf6,0x54,0xf6,0x54,0xf6,0x54,0xf6,0x54,0xf6,0x54,0xf6,0x54,0xf6,0x54,0xf6,0x54,0xf6,0x54,0xf6,0x54,0xf6,0x54,0xf6,0x54,0xf6,0x54,0xf6,0x54,0xf6,0x54,0xf6,0x54,0xf6,0x54,0xf6,0x54,0xf6,0x54,0x00,0x00,0x00,0x00,0x00,0x00,0x00,0x00,0x00,0x00,0x00,0x00,0x00,0x00,0x00,0x00,0x00,0x00,0x00,0x00,0x00,0x00,0x00,0x00,0x00,0x00,0x00,0x00,0x00,0x00,0x00,0x00,0x00,0x00,0x00,0x00,0xfe,0xb5,0xf6,0x54,0xf6,0x54,0xf6,0x54,0xf6,0x54,0xf6,0x54,0xf6,0x54,0xf6,0x54,0xf6,0x54,0xf6,0x54,0xf6,0x54,0xf6,0x54,0xf6,0x54,0xf6,0x54,0xf6,0x54,0xf6,0x54,0xf6,0x54,0xf6,0x54,0xf6,0x54,0xf6,0x54,0xf6,0x54,0xf6,0x54,0xf6,0x54,0xf6,0x54,0xf6,0x54,0xf6,0x54,0xf6,0x54,0xf6,0x54,0xf6,0x54,0xf6,0x54,0xf6,0x54,0xf6,0x54,0xf6,0x54,0xf6,0x54,0xf6,0x54,0xf6,0x54,0xf6,0x54,0xf6,0x54,0xf6,0x54,0xf6,0x54,0xf6,0x54,0xf6,0x54,0xf6,0x54,0xf6,0x54,0xf6,0x54,0xf6,0x54,0xf6,0x54,0xf6,0x54,0xf6,0x54,0xf6,0x54,0xf6,0x54,0xf6,0x54,0xf6,0x54,0xf6,0x54,0xf6,0x54,0xfe,0x75,0x00,0x00,0x00,0x00,0x00,0x00,0x00,0x00,0x00,0x00,0x00,0x00,0x00,0x00,0x00,0x00,0x00,0x00,0x00,0x00,0x00,0x00,0x00,0x00,0x00,0x00,0x00,0x00,0x00,0x00,0x00,0x00,0x00,0x00,0x00,0x00,0x00,0x00,0xfe,0x74,0xf6,0x54,0xf6,0x54,0xf6,0x54,0xf6,0x54,0xf6,0x54,0xf6,0x54,0xf6,0x54,0xf6,0x54,0xf6,0x54,0xf6,0x54,0xf6,0x54,0xf6,0x54,0xf6,0x54,0xf6,0x54,0xf6,0x54,0xf6,0x54,0xf6,0x54,0xf6,0x54,0xf6,0x54,0xf6,0x54,0xf6,0x54,0xf6,0x54,0xf6,0x54,0xf6,0x54,0xf6,0x54,0xf6,0x54,0xf6,0x54,0xf6,0x54,0xf6,0x54,0xf6,0x54,0xf6,0x54,0xf6,0x54,0xf6,0x54,0xf6,0x54,0xf6,0x54,0xf6,0x54,0xf6,0x54,0xf6,0x54,0xf6,0x54,0xf6,0x54,0xf6,0x54,0xf6,0x54,0xf6,0x54,0xf6,0x54,0xf6,0x54,0xf6,0x54,0xf6,0x54,0xf6,0x54,0xf6,0x54,0xf6,0x54,0xf6,0x54,0xf6,0x54,0xf6,0x54,0xcc,0xd3,0x00,0x00,0x00,0x00,0x00,0x00,0x00,0x00,0x00,0x00,0x00,0x00,0x00,0x00,0x00,0x00,0x00,0x00,0x00,0x00,0x00,0x00,0x00,0x00,0x00,0x00,0x00,0x00,0x00,0x00,0x00,0x00,0x00,0x00,0x00,0x00,0x00,0x00,0x00,0x00,0xf6,0x54,0xf6,0x54,0xf6,0x54,0xf6,0x54,0xf6,0x54,0xf6,0x54,0xf6,0x54,0xf6,0x54,0xf6,0x54,0xf6,0x54,0xf6,0x54,0xf6,0x54,0xf6,0x54,0xf6,0x54,0xf6,0x54,0xf6,0x54,0xf6,0x54,0xf6,0x54,0xf6,0x54,0xf6,0x54,0xf6,0x54,0xf6,0x54,0xf6,0x54,0xf6,0x54,0xf6,0x54,0xf6,0x54,0xf6,0x54,0xf6,0x54,0xf6,0x54,0xf6,0x54,0xf6,0x54,0xf6,0x54,0xf6,0x54,0xf6,0x54,0xf6,0x54,0xf6,0x54,0xf6,0x54,0xf6,0x54,0xf6,0x54,0xf6,0x54,0xf6,0x54,0xf6,0x54,0xf6,0x54,0xf6,0x54,0xf6,0x54,0xf6,0x54,0xf6,0x54,0xf6,0x54,0xf6,0x54,0xf6,0x54,0xf6,0x54,0xf6,0x54,0xf6,0x54,0x00,0x00,0x00,0x00,0x00,0x00,0x00,0x00,0x00,0x00,0x00,0x00,0x00,0x00,0x00,0x00,0x00,0x00,0x00,0x00,0x00,0x00,0x00,0x00,0x00,0x00,0x00,0x00,0x00,0x00,0x00,0x00,0x00,0x00,0x00,0x00,0x00,0x00,0x00,0x00,0x00,0x00,0xf6,0x74,0xf6,0x54,0xf6,0x54,0xf6,0x54,0xf6,0x54,0xf6,0x54,0xf6,0x54,0xf6,0x54,0xf6,0x54,0xf6,0x54,0xf6,0x54,0xf6,0x54,0xf6,0x54,0xf6,0x54,0xf6,0x54,0xf6,0x54,0xf6,0x54,0xf6,0x54,0xf6,0x54,0xf6,0x54,0xf6,0x54,0xf6,0x54,0xf6,0x54,0xf6,0x54,0xf6,0x54,0xf6,0x54,0xf6,0x54,0xf6,0x54,0xf6,0x54,0xf6,0x54,0xf6,0x54,0xf6,0x54,0xf6,0x54,0xf6,0x54,0xf6,0x54,0xf6,0x54,0xf6,0x54,0xf6,0x54,0xf6,0x54,0xf6,0x54,0xf6,0x54,0xf6,0x54,0xf6,0x54,0xf6,0x54,0xf6,0x54,0xf6,0x54,0xf6,0x54,0xf6,0x54,0xf6,0x54,0xf6,0x54,0xf6,0x54,0xfe,0x54,0xfe,0x94,0x00,0x00,0x00,0x00,0x00,0x00,0x00,0x00,0x00,0x00,0x00,0x00,0x00,0x00,0x00,0x00,0x00,0x00,0x00,0x00,0x00,0x00,0x00,0x00,0x00,0x00,0x00,0x00,0x00,0x00,0x00,0x00,0x00,0x00,0x00,0x00,0x00,0x00,0x00,0x00,0x00,0x00,0xf8,0x00,0xf6,0x54,0xf6,0x54,0xf6,0x54,0xf6,0x54,0xf6,0x54,0xf6,0x54,0xf6,0x54,0xf6,0x54,0xf6,0x54,0xf6,0x54,0xf6,0x54,0xf6,0x54,0xf6,0x54,0xf6,0x54,0xf6,0x54,0xf6,0x54,0xf6,0x54,0xf6,0x54,0xf6,0x54,0xf6,0x54,0xf6,0x54,0xf6,0x54,0xf6,0x54,0xf6,0x54,0xf6,0x54,0xf6,0x54,0xf6,0x54,0xf6,0x54,0xf6,0x54,0xf6,0x54,0xf6,0x54,0xf6,0x54,0xf6,0x54,0xf6,0x54,0xf6,0x54,0xf6,0x54,0xf6,0x54,0xf6,0x54,0xf6,0x54,0xf6,0x54,0xf6,0x54,0xf6,0x54,0xf6,0x54,0xf6,0x54,0xf6,0x54,0xf6,0x54,0xf6,0x54,0xf6,0x54,0xf6,0x54,0xfe,0x54,0xf6,0x53,0x00,0x00,0x00,0x00,0x00,0x00,0x00,0x00,0x00,0x00,0x00,0x00,0x00,0x00,0x00,0x00,0x00,0x00,0x00,0x00,0x00,0x00,0x00,0x00,0x00,0x00,0x00,0x00,0x00,0x00,0x00,0x00,0x00,0x00,0x00,0x00,0x00,0x00,0x00,0x00,0x00,0x00,0x00,0x00,0x00,0x00,0xfe,0xd6,0xfe,0x54,0xfe,0x54,0xf6,0x54,0xf6,0x54,0xf6,0x54,0xf6,0x54,0xf6,0x54,0xf6,0x54,0xf6,0x54,0xf6,0x54,0xf6,0x54,0xf6,0x54,0xf6,0x54,0xf6,0x54,0xf6,0x54,0xf6,0x54,0xf6,0x54,0xf6,0x54,0xf6,0x54,0xf6,0x54,0xf6,0x54,0xf6,0x54,0xf6,0x54,0xf6,0x54,0xf6,0x54,0xf6,0x54,0xf6,0x54,0xf6,0x54,0xf6,0x54,0xf6,0x54,0xf6,0x54,0xf6,0x54,0xf6,0x54,0xf6,0x54,0xf6,0x54,0xf6,0x54,0xf6,0x54,0xf6,0x54,0xf6,0x54,0xf6,0x54,0xf6,0x54,0xf6,0x54,0xf6,0x54,0xf6,0x54,0xf6,0x54,0xf6,0x54,0xf6,0x54,0xf6,0x54,0xf6,0x54,0x00,0x00,0x00,0x00,0x00,0x00,0x00,0x00,0x00,0x00,0x00,0x00,0x00,0x00,0x00,0x00,0x00,0x00,0x00,0x00,0x00,0x00,0x00,0x00,0x00,0x00,0x00,0x00,0x00,0x00,0x00,0x00,0x00,0x00,0x00,0x00,0x00,0x00,0x00,0x00,0x00,0x00,0x00,0x00,0x00,0x00,0x00,0x00,0x00,0x00,0xf6,0x54,0xf6,0x54,0xf6,0x54,0xf6,0x54,0xf6,0x54,0xf6,0x54,0xf6,0x54,0xf6,0x54,0xf6,0x54,0xf6,0x54,0xf6,0x54,0xf6,0x54,0xf6,0x54,0xf6,0x54,0xf6,0x54,0xf6,0x54,0xf6,0x54,0xf6,0x54,0xf6,0x54,0xf6,0x54,0xf6,0x54,0xf6,0x54,0xf6,0x54,0xf6,0x54,0xf6,0x54,0xf6,0x54,0xf6,0x54,0xf6,0x54,0xf6,0x54,0xf6,0x54,0xf6,0x54,0xf6,0x54,0xf6,0x54,0xf6,0x54,0xf6,0x54,0xf6,0x54,0xf6,0x54,0xf6,0x54,0xf6,0x54,0xf6,0x54,0xf6,0x54,0xf6,0x54,0xf6,0x54,0xf6,0x54,0xf6,0x54,0xf6,0x54,0xf6,0x54,0xf6,0x54,0x00,0x00,0x00,0x00,0x00,0x00,0x00,0x00,0x00,0x00,0x00,0x00,0x00,0x00,0x00,0x00,0x00,0x00,0x00,0x00,0x00,0x00,0x00,0x00,0x00,0x00,0x00,0x00,0x00,0x00,0x00,0x00,0x00,0x00,0x00,0x00,0x00,0x00,0x00,0x00,0x00,0x00,0x00,0x00,0x00,0x00,0x00,0x00,0x00,0x00,0x00,0x00,0x00,0x00,0xfe,0x94,0xf6,0x54,0xf6,0x54,0xf6,0x54,0xf6,0x54,0xf6,0x54,0xf6,0x54,0xf6,0x54,0xf6,0x54,0xf6,0x54,0xf6,0x54,0xf6,0x54,0xf6,0x54,0xf6,0x54,0xf6,0x54,0xf6,0x54,0xf6,0x54,0xf6,0x54,0xf6,0x54,0xf6,0x54,0xf6,0x54,0xf6,0x54,0xf6,0x54,0xf6,0x54,0xf6,0x54,0xf6,0x54,0xf6,0x54,0xf6,0x54,0xf6,0x54,0xf6,0x54,0xf6,0x54,0xf6,0x54,0xf6,0x54,0xf6,0x54,0xf6,0x54,0xf6,0x54,0xf6,0x54,0xf6,0x54,0xf6,0x54,0xf6,0x54,0xf6,0x54,0xf6,0x54,0xf6,0x54,0xf6,0x54,0xf6,0x54,0xf6,0x74,0xfe,0xb5,0x00,0x00,0x00,0x00,0x00,0x00,0x00,0x00,0x00,0x00,0x00,0x00,0x00,0x00,0x00,0x00,0x00,0x00,0x00,0x00,0x00,0x00,0x00,0x00,0x00,0x00,0x00,0x00,0x00,0x00,0x00,0x00,0x00,0x00,0x00,0x00,0x00,0x00,0x00,0x00,0x00,0x00,0x00,0x00,0x00,0x00,0x00,0x00,0x00,0x00,0x00,0x00,0x00,0x00,0x00,0x00,0xfe,0x73,0xfe,0x54,0xf6,0x54,0xf6,0x54,0xf6,0x54,0xf6,0x54,0xf6,0x54,0xf6,0x54,0xf6,0x54,0xf6,0x54,0xf6,0x54,0xf6,0x54,0xf6,0x54,0xf6,0x54,0xf6,0x54,0xf6,0x54,0xf6,0x54,0xf6,0x54,0xf6,0x54,0xf6,0x54,0xf6,0x54,0xf6,0x54,0xf6,0x54,0xf6,0x54,0xf6,0x54,0xf6,0x54,0xf6,0x54,0xf6,0x54,0xf6,0x54,0xf6,0x54,0xf6,0x54,0xf6,0x54,0xf6,0x54,0xf6,0x54,0xf6,0x54,0xf6,0x54,0xf6,0x54,0xf6,0x54,0xf6,0x54,0xf6,0x54,0xf6,0x54,0xf6,0x54,0xf6,0x54,0xf6,0x54,0x00,0x00,0x00,0x00,0x00,0x00,0x00,0x00,0x00,0x00,0x00,0x00,0x00,0x00,0x00,0x00,0x00,0x00,0x00,0x00,0x00,0x00,0x00,0x00,0x00,0x00,0x00,0x00,0x00,0x00,0x00,0x00,0x00,0x00,0x00,0x00,0x00,0x00,0x00,0x00,0x00,0x00,0x00,0x00,0x00,0x00,0x00,0x00,0x00,0x00,0x00,0x00,0x00,0x00,0x00,0x00,0x00,0x00,0x00,0x00,0x00,0x00,0xf8,0x00,0xfe,0x54,0xf6,0x54,0xf6,0x54,0xf6,0x54,0xf6,0x54,0xf6,0x54,0xf6,0x54,0xf6,0x54,0xf6,0x54,0xf6,0x54,0xf6,0x54,0xf6,0x54,0xf6,0x54,0xf6,0x54,0xf6,0x54,0xf6,0x54,0xf6,0x54,0xf6,0x54,0xf6,0x54,0xf6,0x54,0xf6,0x54,0xf6,0x54,0xf6,0x54,0xf6,0x54,0xf6,0x54,0xf6,0x54,0xf6,0x54,0xf6,0x54,0xf6,0x54,0xf6,0x54,0xf6,0x54,0xf6,0x54,0xf6,0x54,0xf6,0x54,0xf6,0x54,0xf6,0x54,0xf6,0x54,0xf6,0x54,0xf6,0x54,0xf6,0x54,0xf5,0xf4,0x00,0x00,0x00,0x00,0x00,0x00,0x00,0x00,0x00,0x00,0x00,0x00,0x00,0x00,0x00,0x00,0x00,0x00,0x00,0x00,0x00,0x00,0x00,0x00,0x00,0x00,0x00,0x00,0x00,0x00,0x00,0x00,0x00,0x00,0x00,0x00,0x00,0x00,0x00,0x00,0x00,0x00,0x00,0x00,0x00,0x00,0x00,0x00,0x00,0x00,0x00,0x00,0x00,0x00,0x00,0x00,0x00,0x00,0x00,0x00,0x00,0x00,0x00,0x00,0x00,0x00,0x00,0x00,0xee,0x33,0xf6,0x54,0xf6,0x54,0xf6,0x54,0xf6,0x54,0xf6,0x54,0xf6,0x54,0xf6,0x54,0xf6,0x54,0xf6,0x54,0xf6,0x54,0xf6,0x54,0xf6,0x54,0xf6,0x54,0xf6,0x54,0xf6,0x54,0xf6,0x54,0xf6,0x54,0xf6,0x54,0xf6,0x54,0xf6,0x54,0xf6,0x54,0xf6,0x54,0xf6,0x54,0xf6,0x54,0xf6,0x54,0xf6,0x54,0xf6,0x54,0xf6,0x54,0xf6,0x54,0xf6,0x54,0xf6,0x54,0xf6,0x54,0xf6,0x54,0xf6,0x54,0xfe,0x54,0xf6,0x54,0xf6,0x54,0xdd,0xf3,0x00,0x00,0x00,0x00,0x00,0x00,0x00,0x00,0x00,0x00,0x00,0x00,0x00,0x00,0x00,0x00,0x00,0x00,0x00,0x00,0x00,0x00,0x00,0x00,0x00,0x00,0x00,0x00,0x00,0x00,0x00,0x00,0x00,0x00,0x00,0x00,0x00,0x00,0x00,0x00,0x00,0x00,0x00,0x00,0x00,0x00,0x00,0x00,0x00,0x00,0x00,0x00,0x00,0x00,0x00,0x00,0x00,0x00,0x00,0x00,0x00,0x00,0x00,0x00,0x00,0x00,0x00,0x00,0x00,0x00,0x00,0x00,0x84,0x10,0xee,0x73,0xfe,0x74,0xf6,0x54,0xf6,0x54,0xf6,0x54,0xf6,0x54,0xf6,0x54,0xf6,0x54,0xf6,0x54,0xf6,0x54,0xf6,0x54,0xf6,0x54,0xf6,0x54,0xf6,0x54,0xf6,0x54,0xf6,0x54,0xf6,0x54,0xf6,0x54,0xf6,0x54,0xf6,0x54,0xf6,0x54,0xf6,0x54,0xf6,0x54,0xf6,0x54,0xf6,0x54,0xf6,0x54,0xf6,0x54,0xf6,0x54,0xf6,0x54,0xf6,0x54,0xf6,0x54,0xf6,0x54,0xfe,0x54,0xf6,0x54,0xfe,0x35,0x00,0x00,0x00,0x00,0x00,0x00,0x00,0x00,0x00,0x00,0x00,0x00,0x00,0x00,0x00,0x00,0x00,0x00,0x00,0x00,0x00,0x00};
static const lv_img_dsc_t my_anim_f9_s2_img = {
  .header.always_zero = 0,
  .header.w = 74,
  .header.h = 100,
  .data_size = 14800,
  .header.cf = LV_IMG_CF_TRUE_COLOR,
  .data = my_anim_f9_s2_map,
};
static const anim_shape_t my_anim_f9_shapes[] = {
    { SHAPE_PATH, 33.00f, 168.00f, 160.00f, 130.00f, 25.00f, 0x00ffff, 1.00f, 0.00f, 0.00f, NULL, 14, 0.00f, 0xffffff, 0.00f, my_anim_f9_s0_pts, 34, NULL },
    { SHAPE_PATH, 273.00f, 168.00f, 160.00f, 130.00f, -25.00f, 0x00ffff, 1.00f, 0.00f, 0.00f, NULL, 14, 0.00f, 0xffffff, 0.00f, my_anim_f9_s1_pts, 34, NULL },
    { 5, 189.00f, 338.00f, 74.00f, 100.00f, 0.00f, 0xFFFFFF, 1.00f, 0.00f, 0.00f, NULL, 14, 0.00f, 0xFFFFFF, 0.00f, NULL, 0, &my_anim_f9_s2_img }
};

static const lv_point_t my_anim_f10_s0_pts[] = {
    { 0, 39 },
    { 160, 39 },
    { 159, 50 },
    { 158, 60 },
    { 157, 69 },
    { 155, 78 },
    { 152, 86 },
    { 148, 94 },
    { 144, 101 },
    { 140, 107 },
    { 134, 112 },
    { 128, 117 },
    { 122, 121 },
    { 115, 124 },
    { 107, 126 },
    { 98, 128 },
    { 89, 129 },
    { 80, 130 },
    { 70, 129 },
    { 61, 128 },
    { 52, 126 },
    { 45, 124 },
    { 37, 121 },
    { 31, 117 },
    { 25, 112 },
    { 20, 107 },
    { 15, 101 },
    { 11, 94 },
    { 7, 86 },
    { 5, 78 },
    { 2, 69 },
    { 1, 60 },
    { 0, 50 },
    { 0, 39 },
};
static const lv_point_t my_anim_f10_s1_pts[] = {
    { 0, 39 },
    { 160, 39 },
    { 159, 50 },
    { 158, 60 },
    { 157, 69 },
    { 155, 78 },
    { 152, 86 },
    { 148, 94 },
    { 144, 101 },
    { 140, 107 },
    { 134, 112 },
    { 128, 117 },
    { 122, 121 },
    { 115, 124 },
    { 107, 126 },
    { 98, 128 },
    { 89, 129 },
    { 80, 130 },
    { 70, 129 },
    { 61, 128 },
    { 52, 126 },
    { 45, 124 },
    { 37, 121 },
    { 31, 117 },
    { 25, 112 },
    { 20, 107 },
    { 15, 101 },
    { 11, 94 },
    { 7, 86 },
    { 5, 78 },
    { 2, 69 },
    { 1, 60 },
    { 0, 50 },
    { 0, 39 },
};
static const uint8_t my_anim_f10_s2_map[] = {0x00,0x00,0x00,0x00,0x00,0x00,0x00,0x00,0x00,0x00,0x00,0x00,0x00,0x00,0x00,0x00,0x00,0x00,0x00,0x00,0x00,0x00,0x00,0x00,0x00,0x00,0x00,0x00,0x00,0x00,0x00,0x00,0x00,0x00,0x00,0x00,0x00,0x00,0x00,0x00,0x00,0x00,0xfe,0xa5,0xfe,0xe7,0xfe,0xc8,0xfe,0xe8,0xfe,0xc8,0xfe,0xc8,0xfe,0xc8,0xfe,0xc8,0xfe,0xc8,0xfe,0xc8,0xfe,0xc8,0xfe,0xe8,0xfe,0xc8,0xfe,0x66,0x00,0x00,0x00,0x00,0x00,0x00,0x00,0x00,0x00,0x00,0x00,0x00,0x00,0x00,0x00,0x00,0x00,0x00,0x00,0x00,0x00,0x00,0x00,0x00,0x00,0x00,0x00,0x00,0x00,0x00,0x00,0x00,0x00,0x00,0x00,0x00,0x00,0x00,0x00,0x00,0x00,0x00,0x00,0x00,0x00,0x00,0x00,0x00,0x00,0x00,0x00,0x00,0x00,0x00,0x00,0x00,0x00,0x00,0x00,0x00,0x00,0x00,0x00,0x00,0x00,0x00,0x00,0x00,0x00,0x00,0x00,0x00,0x00,0x00,0x00,0x00,0x00,0x00,0x00,0x00,0x00,0x00,0x00,0x00,0x00,0x00,0x00,0x00,0x00,0x00,0x00,0x00,0x00,0x00,0x00,0x00,0x00,0x00,0x00,0x00,0x00,0x00,0x00,0x00,0x00,0x00,0x00,0x00,0x00,0x00,0x00,0x00,0x00,0x00,0x00,0x00,0xff,0xe0,0xfe,0xc8,0xfe,0xc8,0xfe,0xc8,0xfe,0xc8,0xfe,0xc8,0xfe,0xc8,0xfe,0xc8,0xfe,0xc8,0xfe,0xc8,0xfe,0xc8,0xfe,0xc8,0xfe,0xc8,0xfe,0xc8,0xfe,0xc8,0xfe,0xe8,0xfe,0xe8,0xfd,0x40,0x00,0x00,0x00,0x00,0x00,0x00,0x00,0x00,0x00,0x00,0x00,0x00,0x00,0x00,0x00,0x00,0x00,0x00,0x00,0x00,0x00,0x00,0x00,0x00,0x00,0x00,0x00,0x00,0x00,0x00,0x00,0x00,0x00,0x00,0x00,0x00,0x00,0x00,0x00,0x00,0x00,0x00,0x00,0x00,0x00,0x00,0x00,0x00,0x00,0x00,0x00,0x00,0x00,0x00,0x00,0x00,0x00,0x00,0x00,0x00,0x00,0x00,0x00,0x00,0x00,0x00,0x00,0x00,0x00,0x00,0x00,0x00,0x00,0x00,0x00,0x00,0x00,0x00,0x00,0x00,0x00,0x00,0x00,0x00,0x00,0x00,0x00,0x00,0x00,0x00,0x00,0x00,0x00,0x00,0x00,0x00,0x00,0x00,0x00,0x00,0x00,0x00,0x00,0x00,0x00,0x00,0x00,0x00,0x00,0x00,0xff,0x07,0xfe,0xe8,0xfe,0xc8,0xfe,0xc8,0xfe,0xc8,0xfe,0xc8,0xfe,0xc8,0xfe,0xc8,0xfe,0xc8,0xfe,0xc8,0xfe,0xc8,0xfe,0xc8,0xfe,0xc8,0xfe,0xc8,0xfe,0xc8,0xfe,0xc8,0xfe,0xc8,0xfe,0xc8,0xfe,0xe8,0xfc,0x00,0x00,0x00,0x00,0x00,0x00,0x00,0x00,0x00,0x00,0x00,0x00,0x00,0x00,0x00,0x00,0x00,0x00,0x00,0x00,0x00,0x00,0x00,0x00,0x00,0x00,0x00,0x00,0x00,0x00,0x00,0x00,0x00,0x00,0x00,0x00,0x00,0x00,0x00,0x00,0x00,0x00,0x00,0x00,0x00,0x00,0x00,0x00,0x00,0x00,0x00,0x00,0x00,0x00,0x00,0x00,0x00,0x00,0x00,0x00,0x00,0x00,0x00,0x00,0x00,0x00,0x00,0x00,0x00,0x00,0x00,0x00,0x00,0x00,0x00,0x00,0x00,0x00,0x00,0x00,0x00,0x00,0x00,0x00,0x00,0x00,0x00,0x00,0x00,0x00,0x00,0x00,0x00,0x00,0x00,0x00,0x00,0x00,0x00,0x00,0x00,0x00,0x00,0x00,0x00,0x00,0x00,0xfe,0x87,0xfe,0xc8,0xfe,0xc8,0xfe,0xc8,0xfe,0xc8,0xfe,0xc8,0xfe,0xc8,0xfe,0xc8,0xfe,0xc8,0xfe,0xc8,0xfe,0xc8,0xfe,0xe8,0xfe,0xc8,0xfe,0xe8,0xfe,0xc8,0xfe,0xc8,0xfe,0xc8,0xfe,0xc8,0xfe,0xc8,0xfe,0xc8,0xfe,0xe8,0xfe,0x85,0x00,0x00,0x00,0x00,0x00,0x00,0x00,0x00,0x00,0x00,0x00,0x00,0x00,0x00,0x00,0x00,0x00,0x00,0x00,0x00,0x00,0x00,0x00,0x00,0x00,0x00,0x00,0x00,0x00,0x00,0x00,0x00,0x00,0x00,0x00,0x00,0x00,0x00,0x00,0x00,0x00,0x00,0x00,0x00,0x00,0x00,0x00,0x00,0x00,0x00,0x00,0x00,0x00,0x00,0x00,0x00,0x00,0x00,0x00,0x00,0x00,0x00,0x00,0x00,0x00,0x00,0x00,0x00,0x00,0x00,0x00,0x00,0x00,0x00,0x00,0x00,0x00,0x00,0x00,0x00,0x00,0x00,0x00,0x00,0x00,0x00,0x00,0x00,0x00,0x00,0x00,0x00,0x00,0x00,0x00,0x00,0x00,0x00,0x00,0x00,0x00,0x00,0xfe,0xc7,0xfe,0xe8,0xfe,0xe8,0xfe,0xc8,0xfe,0xc8,0xfe,0xc8,0xfe,0xc8,0xfe,0xc8,0xfe,0xa7,0x00,0x00,0x00,0x00,0x00,0x00,0x00,0x00,0x00,0x00,0xf8,0x00,0xfe,0xa8,0xfe,0xc8,0xfe,0xc8,0xfe,0xc8,0xfe,0xc8,0xfe,0xc8,0xfe,0xc8,0xfe,0xc8,0xfe,0xc7,0x00,0x00,0x00,0x00,0x00,0x00,0x00,0x00,0x00,0x00,0x00,0x00,0x00,0x00,0x00,0x00,0x00,0x00,0x00,0x00,0x00,0x00,0x00,0x00,0x00,0x00,0x00,0x00,0x00,0x00,0x00,0x00,0x00,0x00,0x00,0x00,0x00,0x00,0x00,0x00,0x00,0x00,0x00,0x00,0x00,0x00,0x00,0x00,0x00,0x00,0x00,0x00,0x00,0x00,0x00,0x00,0x00,0x00,0x00,0x00,0x00,0x00,0x00,0x00,0x00,0x00,0x00,0x00,0x00,0x00,0x00,0x00,0x00,0x00,0x00,0x00,0x00,0x00,0x00,0x00,0x00,0x00,0x00,0x00,0x00,0x00,0x00,0x00,0x00,0x00,0x00,0x00,0x00,0x00,0x00,0x00,0x00,0x00,0xfe,0x66,0xfe,0xc8,0xfe,0xc8,0xfe,0xc8,0xfe,0xc8,0xfe,0xc8,0xfe,0xc8,0xfe,0xc8,0x00,0x00,0x00,0x00,0x00,0x00,0x00,0x00,0x00,0x00,0x00,0x00,0x00,0x00,0x00,0x00,0x00,0x00,0x00,0x00,0xfe,0xc8,0xfe,0xc8,0xfe,0xc8,0xfe,0xc8,0xfe,0xc8,0xfe,0xc8,0xfe,0xc8,0xfe,0xc9,0x00,0x00,0x00,0x00,0x00,0x00,0x00,0x00,0x00,0x00,0x00,0x00,0x00,0x00,0x00,0x00,0x00,0x00,0x00,0x00,0x00,0x00,0x00,0x00,0x00,0x00,0x00,0x00,0x00,0x00,0x00,0x00,0x00,0x00,0x00,0x00,0x00,0x00,0x00,0x00,0x00,0x00,0x00,0x00,0x00,0x00,0x00,0x00,0x00,0x00,0x00,0x00,0x00,0x00,0x00,0x00,0x00,0x00,0x00,0x00,0x00,0x00,0x00,0x00,0x00,0x00,0x00,0x00,0x00,0x00,0x00,0x00,0x00,0x00,0x00,0x00,0x00,0x00,0x00,0x00,0x00,0x00,0x00,0x00,0x00,0x00,0x00,0x00,0x00,0x00,0x00,0x00,0x00,0x00,0x00,0x00,0xfe,0xc8,0xfe,0xc8,0xfe,0xc8,0xfe,0xc8,0xfe,0xc8,0xfe,0xc8,0xfe,0x66,0x00,0x00,0x00,0x00,0x00,0x00,0x00,0x00,0x00,0x00,0x00,0x00,0x00,0x00,0x00,0x00,0x00,0x00,0x00,0x00,0x00,0x00,0x00,0x00,0xff,0xe6,0xfe,0xe7,0xfe,0xc8,0xfe,0xc8,0xfe,0xc8,0xfe,0xc8,0xfe,0xc8,0x00,0x00,0x00,0x00,0x00,0x00,0x00,0x00,0x00,0x00,0x00,0x00,0x00,0x00,0x00,0x00,0x00,0x00,0x00,0x00,0x00,0x00,0x00,0x00,0x00,0x00,0x00,0x00,0x00,0x00,0x00,0x00,0x00,0x00,0x00,0x00,0x00,0x00,0x00,0x00,0x00,0x00,0x00,0x00,0x00,0x00,0x00,0x00,0x00,0x00,0x00,0x00,0x00,0x00,0x00,0x00,0x00,0x00,0x00,0x00,0x00,0x00,0x00,0x00,0x00,0x00,0x00,0x00,0x00,0x00,0x00,0x00,0x00,0x00,0x00,0x00,0x00,0x00,0x00,0x00,0x00,0x00,0x00,0x00,0x00,0x00,0x00,0x00,0x00,0x00,0x00,0x00,0x00,0x00,0xfe,0xe8,0xfe,0xc8,0xfe,0xc8,0xfe,0xc8,0xfe,0xc8,0xfe,0xe7,0x00,0x00,0x00,0x00,0x00,0x00,0x00,0x00,0x00,0x00,0x00,0x00,0x00,0x00,0x00,0x00,0x00,0x00,0x00,0x00,0x00,0x00,0x00,0x00,0x00,0x00,0x00,0x00,0x00,0x00,0x00,0x00,0xfe,0xe7,0xfe,0xc8,0xfe,0xc8,0xfe,0xc8,0xfe,0xc8,0xfe,0xe8,0x00,0x00,0x00,0x00,0x00,0x00,0x00,0x00,0x00,0x00,0x00,0x00,0x00,0x00,0x00,0x00,0x00,0x00,0x00,0x00,0x00,0x00,0x00,0x00,0x00,0x00,0x00,0x00,0x00,0x00,0x00,0x00,0x00,0x00,0x00,0x00,0x00,0x00,0x00,0x00,0x00,0x00,0x00,0x00,0x00,0x00,0x00,0x00,0x00,0x00,0x00,0x00,0x00,0x00,0x00,0x00,0x00,0x00,0x00,0x00,0x00,0x00,0x00,0x00,0x00,0x00,0x00,0x00,0x00,0x00,0x00,0x00,0x00,0x00,0x00,0x00,0x00,0x00,0x00,0x00,0x00,0x00,0x00,0x00,0x00,0x00,0x00,0x00,0x00,0x00,0xfe,0xe8,0xfe,0xc8,0xfe,0xe8,0xfe,0xc8,0xfe,0xc8,0xfe,0xc8,0x00,0x00,0x00,0x00,0x00,0x00,0x00,0x00,0x00,0x00,0x00,0x00,0x00,0x00,0x00,0x00,0xf8,0x00,0xff,0xe0,0x00,0x00,0x00,0x00,0x00,0x00,0x00,0x00,0x00,0x00,0x00,0x00,0x00,0x00,0x00,0x00,0xfe,0xc7,0xfe,0xc8,0xfe,0xc8,0xfe,0xc8,0xfe,0xc8,0xfe,0x27,0x00,0x00,0x00,0x00,0x00,0x00,0x00,0x00,0x00,0x00,0x00,0x00,0x00,0x00,0x00,0x00,0x00,0x00,0x00,0x00,0x00,0x00,0x00,0x00,0x00,0x00,0x00,0x00,0x00,0x00,0x00,0x00,0x00,0x00,0x00,0x00,0x00,0x00,0x00,0x00,0x00,0x00,0x00,0x00,0x00,0x00,0x00,0x00,0x00,0x00,0x00,0x00,0x00,0x00,0x00,0x00,0x00,0x00,0x00,0x00,0x00,0x00,0x00,0x00,0x00,0x00,0x00,0x00,0x00,0x00,0x00,0x00,0x00,0x00,0x00,0x00,0x00,0x00,0x00,0x00,0x00,0x00,0x00,0x00,0x00,0x00,0x00,0x00,0xfe,0xc8,0xfe,0xc8,0xfe,0xc8,0xfe,0xe8,0xfe,0xc8,0xff,0x48,0x00,0x00,0x00,0x00,0x00,0x00,0x00,0x00,0x00,0x00,0xfd,0xf0,0xfe,0x54,0xfe,0x54,0xf6,0x54,0xf6,0x54,0xf6,0x54,0xf6,0x74,0xff,0xff,0x00,0x00,0x00,0x00,0x00,0x00,0x00,0x00,0x00,0x00,0xfe,0xc6,0xfe,0xe8,0xfe,0xc8,0xfe,0xc8,0xfe,0xc8,0xfe,0xc8,0x00,0x00,0x00,0x00,0x00,0x00,0x00,0x00,0x00,0x00,0x00,0x00,0x00,0x00,0x00,0x00,0x00,0x00,0x00,0x00,0x00,0x00,0x00,0x00,0x00,0x00,0x00,0x00,0x00,0x00,0x00,0x00,0x00,0x00,0x00,0x00,0x00,0x00,0x00,0x00,0x00,0x00,0x00,0x00,0x00,0x00,0x00,0x00,0x00,0x00,0x00,0x00,0x00,0x00,0x00,0x00,0x00,0x00,0x00,0x00,0x00,0x00,0x00,0x00,0x00,0x00,0x00,0x00,0x00,0x00,0x00,0x00,0x00,0x00,0x00,0x00,0x00,0x00,0x00,0x00,0x00,0x00,0x00,0x00,0x00,0x00,0xff,0xe6,0xfe,0xe8,0xfe,0xc8,0xfe,0xc8,0xfe,0xe8,0xfe,0xe8,0x00,0x00,0x00,0x00,0x00,0x00,0x00,0x00,0x00,0x00,0xfe,0x33,0xfe,0x54,0xfe,0x54,0xf6,0x54,0xf6,0x54,0xf6,0x54,0xf6,0x54,0xf6,0x54,0xf6,0x54,0xfe,0x54,0x00,0x00,0x00,0x00,0x00,0x00,0x00,0x00,0x00,0x00,0xfe,0xc7,0xfe,0xc8,0xfe,0xc8,0xfe,0xc8,0xfe,0xc8,0xff,0xe0,0x00,0x00,0x00,0x00,0x00,0x00,0x00,0x00,0x00,0x00,0x00,0x00,0x00,0x00,0x00,0x00,0x00,0x00,0x00,0x00,0x00,0x00,0x00,0x00,0x00,0x00,0x00,0x00,0x00,0x00,0x00,0x00,0x00,0x00,0x00,0x00,0x00,0x00,0x00,0x00,0x00,0x00,0x00,0x00,0x00,0x00,0x00,0x00,0x00,0x00,0x00,0x00,0x00,0x00,0x00,0x00,0x00,0x00,0x00,0x00,0x00,0x00,0x00,0x00,0x00,0x00,0x00,0x00,0x00,0x00,0x00,0x00,0x00,0x00,0x00,0x00,0x00,0x00,0x00,0x00,0x00,0x00,0x00,0x00,0xfe,0xe8,0xfe,0xc8,0xfe,0xc8,0xfe,0xc8,0xfe,0xc8,0xfe,0xe6,0x00,0x00,0x00,0x00,0x00,0x00,0x00,0x00,0xe6,0x31,0xfe,0x54,0xf6,0x54,0xf6,0x54,0xf6,0x54,0xf6,0x54,0xf6,0x54,0xf6,0x54,0xf6,0x54,0xf6,0x54,0xf6,0x54,0xfd,0xf7,0x00,0x00,0x00,0x00,0x00,0x00,0x00,0x00,0xfe,0xe7,0xfe,0xc8,0xfe,0xc8,0xfe,0xc8,0xfe,0xc8,0xfe,0xc6,0x00,0x00,0x00,0x00,0x00,0x00,0x00,0x00,0x00,0x00,0x00,0x00,0x00,0x00,0x00,0x00,0x00,0x00,0x00,0x00,0x00,0x00,0x00,0x00,0x00,0x00,0x00,0x00,0x00,0x00,0x00,0x00,0x00,0x00,0x00,0x00,0x00,0x00,0x00,0x00,0x00,0x00,0x00,0x00,0x00,0x00,0x00,0x00,0x00,0x00,0x00,0x00,0x00,0x00,0x00,0x00,0x00,0x00,0x00,0x00,0x00,0x00,0x00,0x00,0x00,0x00,0x00,0x00,0x00,0x00,0x00,0x00,0x00,0x00,0x00,0x00,0x00,0x00,0x00,0x00,0x00,0x00,0x00,0x00,0xf6,0xc7,0xfe,0xe8,0xfe,0xc8,0xfe,0xc8,0xfe,0xc8,0x00,0x00,0x00,0x00,0x00,0x00,0x00,0x00,0x00,0x00,0xf6,0x54,0xf6,0x54,0xf6,0x54,0xf6,0x54,0xf6,0x54,0xf6,0x54,0xf6,0x54,0xf6,0x54,0xf6,0x54,0xf6,0x54,0xf6,0x54,0xf6,0x54,0x00,0x00,0x00,0x00,0x00,0x00,0x00,0x00,0xfd,0x40,0xfe,0xc8,0xfe,0xc8,0xfe,0xc8,0xfe,0xe8,0xf6,0xc8,0x00,0x00,0x00,0x00,0x00,0x00,0x00,0x00,0x00,0x00,0x00,0x00,0x00,0x00,0x00,0x00,0x00,0x00,0x00,0x00,0x00,0x00,0x00,0x00,0x00,0x00,0x00,0x00,0x00,0x00,0x00,0x00,0x00,0x00,0x00,0x00,0x00,0x00,0x00,0x00,0x00,0x00,0x00,0x00,0x00,0x00,0x00,0x00,0x00,0x00,0x00,0x00,0x00,0x00,0x00,0x00,0x00,0x00,0x00,0x00,0x00,0x00,0x00,0x00,0x00,0x00,0x00,0x00,0x00,0x00,0x00,0x00,0x00,0x00,0x00,0x00,0x00,0x00,0x00,0x00,0x00,0x00,0x00,0x00,0xfe,0xe7,0xfe,0xc8,0xfe,0xc8,0xfe,0xc8,0xfe,0xc8,0x00,0x00,0x00,0x00,0x00,0x00,0x00,0x00,0xf6,0x54,0xf6,0x54,0xf6,0x54,0xf6,0x54,0xf6,0x54,0xf6,0x54,0xf6,0x54,0xf6,0x54,0xf6,0x54,0xf6,0x54,0xf6,0x54,0xf6,0x54,0xf6,0x54,0xfe,0xb5,0x00,0x00,0x00,0x00,0x00,0x00,0x00,0x00,0xfe,0xc8,0xfe,0xc8,0xfe,0xc8,0xfe,0xc8,0xfe,0xe7,0x00,0x00,0x00,0x00,0x00,0x00,0x00,0x00,0x00,0x00,0x00,0x00,0x00,0x00,0x00,0x00,0x00,0x00,0x00,0x00,0x00,0x00,0x00,0x00,0x00,0x00,0x00,0x00,0x00,0x00,0x00,0x00,0x00,0x00,0x00,0x00,0x00,0x00,0x00,0x00,0x00,0x00,0x00,0x00,0x00,0x00,0x00,0x00,0x00,0x00,0x00,0x00,0x00,0x00,0x00,0x00,0x00,0x00,0x00,0x00,0x00,0x00,0x00,0x00,0x00,0x00,0x00,0x00,0x00,0x00,0x00,0x00,0x00,0x00,0x00,0x00,0x00,0x00,0x00,0x00,0x00,0x00,0x00,0x00,0xfe,0xc8,0xfe,0xc8,0xfe,0xc8,0xfe,0xc8,0xfe,0xa7,0x00,0x00,0x00,0x00,0x00,0x00,0x00,0x00,0xf6,0x54,0xf6,0x54,0xf6,0x54,0xf6,0x54,0xf6,0x54,0xf6,0x54,0xf6,0x54,0xf6,0x54,0xf6,0x54,0xf6,0x54,0xf6,0x54,0xf6,0x54,0xf6,0x54,0xf6,0x54,0x00,0x00,0x00,0x00,0x00,0x00,0x00,0x00,0xfe,0xc8,0xfe,0xe8,0xfe,0xc8,0xfe,0xc8,0xfe,0xc7,0x00,0x00,0x00,0x00,0x00,0x00,0x00,0x00,0x00,0x00,0x00,0x00,0x00,0x00,0x00,0x00,0x00,0x00,0x00,0x00,0x00,0x00,0x00,0x00,0x00,0x00,0x00,0x00,0x00,0x00,0x00,0x00,0x00,0x00,0x00,0x00,0x00,0x00,0x00,0x00,0x00,0x00,0x00,0x00,0x00,0x00,0x00,0x00,0x00,0x00,0x00,0x00,0x00,0x00,0x00,0x00,0x00,0x00,0x00,0x00,0x00,0x00,0x00,0x00,0x00,0x00,0x00,0x00,0x00,0x00,0x00,0x00,0x00,0x00,0x00,0x00,0x00,0x00,0x00,0x00,0x00,0x00,0x00,0x00,0xfe,0xe8,0xfe,0xc8,0xfe,0xc8,0xfe,0xc8,0xff,0x28,0x00,0x00,0x00,0x00,0x00,0x00,0x00,0x00,0xf6,0x54,0xf6,0x54,0xf6,0x54,0xf6,0x54,0xf6,0x54,0xf6,0x54,0xf6,0x54,0xf6,0x54,0xf6,0x54,0xf6,0x54,0xf6,0x54,0xf6,0x54,0xf6,0x54,0xf6,0x54,0x00,0x00,0x00,0x00,0x00,0x00,0x00,0x00,0xfe,0xe8,0xfe,0xc8,0xfe,0xc8,0xfe,0xc8,0xfe,0xc8,0x00,0x00,0x00,0x00,0x00,0x00,0x00,0x00,0x00,0x00,0x00,0x00,0x00,0x00,0x00,0x00,0x00,0x00,0x00,0x00,0x00,0x00,0x00,0x00,0x00,0x00,0x00,0x00,0x00,0x00,0x00,0x00,0x00,0x00,0x00,0x00,0x00,0x00,0x00,0x00,0x00,0x00,0x00,0x00,0x00,0x00,0x00,0x00,0x00,0x00,0x00,0x00,0x00,0x00,0x00,0x00,0x00,0x00,0x00,0x00,0x00,0x00,0x00,0x00,0x00,0x00,0x00,0x00,0x00,0x00,0x00,0x00,0x00,0x00,0x00,0x00,0x00,0x00,0x00,0x00,0x00,0x00,0x00,0x00,0xfe,0xe8,0xfe,0xc8,0xfe,0xc8,0xfe,0xc8,0xff,0xe0,0x00,0x00,0x00,0x00,0x00,0x00,0x00,0x00,0xf6,0x54,0xf6,0x54,0xf6,0x54,0xf6,0x54,0xf6,0x54,0xf6,0x54,0xf6,0x54,0xf6,0x54,0xf6,0x54,0xf6,0x54,0xf6,0x54,0xf6,0x54,0xf6,0x54,0xf6,0x54,0x00,0x00,0x00,0x00,0x00,0x00,0x00,0x00,0xfe,0xc7,0xfe,0xc8,0xfe,0xc8,0xfe,0xc7,0xfe,0xe6,0x00,0x00,0x00,0x00,0x00,0x00,0x00,0x00,0x00,0x00,0x00,0x00,0x00,0x00,0x00,0x00,0x00,0x00,0x00,0x00,0x00,0x00,0x00,0x00,0x00,0x00,0x00,0x00,0x00,0x00,0x00,0x00,0x00,0x00,0x00,0x00,0x00,0x00,0x00,0x00,0x00,0x00,0x00,0x00,0x00,0x00,0x00,0x00,0x00,0x00,0x00,0x00,0x00,0x00,0x00,0x00,0x00,0x00,0x00,0x00,0x00,0x00,0x00,0x00,0x00,0x00,0x00,0x00,0x00,0x00,0x00,0x00,0x00,0x00,0x00,0x00,0x00,0x00,0x00,0x00,0x00,0x00,0x00,0x00,0x00,0x00,0xfe,0x66,0xfe,0xc8,0xfe,0xa5,0x00,0x00,0x00,0x00,0x00,0x00,0x00,0x00,0x00,0x00,0xf6,0x54,0xf6,0x54,0xf6,0x54,0xf6,0x54,0xf6,0x54,0xf6,0x54,0xf6,0x54,0xf6,0x54,0xf6,0x54,0xf6,0x54,0xf6,0x54,0xf6,0x54,0xf6,0x54,0xf6,0x54,0x00,0x00,0x00,0x00,0x00,0x00,0x00,0x00,0x00,0x00,0xfe,0xe8,0xfe,0xc8,0xff,0x07,0x00,0x00,0x00,0x00,0x00,0x00,0x00,0x00,0x00,0x00,0x00,0x00,0x00,0x00,0x00,0x00,0x00,0x00,0x00,0x00,0x00,0x00,0x00,0x00,0x00,0x00,0x00,0x00,0x00,0x00,0x00,0x00,0x00,0x00,0x00,0x00,0x00,0x00,0x00,0x00,0x00,0x00,0x00,0x00,0x00,0x00,0x00,0x00,0x00,0x00,0x00,0x00,0x00,0x00,0x00,0x00,0x00,0x00,0x00,0x00,0x00,0x00,0x00,0x00,0x00,0x00,0x00,0x00,0x00,0x00,0x00,0x00,0x00,0x00,0x00,0x00,0x00,0x00,0x00,0x00,0x00,0x00,0x00,0x00,0x00,0x00,0x00,0x00,0x00,0x00,0x00,0x00,0x00,0x00,0x00,0x00,0x00,0x00,0x00,0x00,0x00,0x00,0x00,0x00,0xf6,0x54,0xf6,0x54,0xf6,0x54,0xf6,0x54,0xf6,0x54,0xf6,0x54,0xf6,0x54,0xf6,0x54,0xf6,0x54,0xf6,0x54,0xf6,0x54,0xf6,0x54,0xf6,0x54,0xf6,0x54,0x00,0x00,0x00,0x00,0x00,0x00,0x00,0x00,0x00,0x00,0x00,0x00,0x00,0x00,0x00,0x00,0x00,0x00,0x00,0x00,0x00,0x00,0x00,0x00,0x00,0x00,0x00,0x00,0x00,0x00,0x00,0x00,0x00,0x00,0x00,0x00,0x00,0x00,0x00,0x00,0x00,0x00,0x00,0x00,0x00,0x00,0x00,0x00,0x00,0x00,0x00,0x00,0x00,0x00,0x00,0x00,0x00,0x00,0x00,0x00,0x00,0x00,0x00,0x00,0x00,0x00,0x00,0x00,0x00,0x00,0x00,0x00,0x00,0x00,0x00,0x00,0x00,0x00,0x00,0x00,0x00,0x00,0x00,0x00,0x00,0x00,0x00,0x00,0x00,0x00,0x00,0x00,0x00,0x00,0x00,0x00,0x00,0x00,0x00,0x00,0x00,0x00,0x00,0x00,0x00,0x00,0x00,0x00,0x00,0x00,0x00,0x00,0x00,0x00,0x00,0x00,0x00,0x00,0x00,0x00,0xf6,0x54,0xf6,0x54,0xf6,0x54,0xf6,0x54,0xf6,0x54,0xf6,0x54,0xf6,0x54,0xf6,0x54,0xf6,0x54,0xf6,0x54,0xf6,0x54,0xf6,0x54,0xf6,0x54,0xf6,0x54,0x00,0x00,0x00,0x00,0x00,0x00,0x00,0x00,0x00,0x00,0x00,0x00,0x00,0x00,0x00,0x00,0x00,0x00,0x00,0x00,0x00,0x00,0x00,0x00,0x00,0x00,0x00,0x00,0x00,0x00,0x00,0x00,0x00,0x00,0x00,0x00,0x00,0x00,0x00,0x00,0x00,0x00,0x00,0x00,0x00,0x00,0x00,0x00,0x00,0x00,0x00,0x00,0x00,0x00,0x00,0x00,0x00,0x00,0x00,0x00,0x00,0x00,0x00,0x00,0x00,0x00,0x00,0x00,0x00,0x00,0x00,0x00,0x00,0x00,0x00,0x00,0x00,0x00,0x00,0x00,0x00,0x00,0x00,0x00,0x00,0x00,0x00,0x00,0x00,0x00,0x00,0x00,0x00,0x00,0x00,0x00,0x00,0x00,0x00,0x00,0x00,0x00,0x00,0x00,0x00,0x00,0x00,0x00,0x00,0x00,0x00,0x00,0x00,0x00,0x00,0x00,0x00,0x00,0x00,0x00,0xfe,0x54,0xf6,0x54,0xf6,0x54,0xf6,0x54,0xf6,0x54,0xf6,0x54,0xf6,0x54,0xf6,0x54,0xf6,0x54,0xf6,0x54,0xf6,0x54,0xf6,0x54,0xf6,0x54,0xf6,0x54,0x00,0x00,0x00,0x00,0x00,0x00,0x00,0x00,0x00,0x00,0x00,0x00,0x00,0x00,0x00,0x00,0x00,0x00,0x00,0x00,0x00,0x00,0x00,0x00,0x00,0x00,0x00,0x00,0x00,0x00,0x00,0x00,0x00,0x00,0x00,0x00,0x00,0x00,0x00,0x00,0x00,0x00,0x00,0x00,0x00,0x00,0x00,0x00,0x00,0x00,0x00,0x00,0x00,0x00,0x00,0x00,0x00,0x00,0x00,0x00,0x00,0x00,0x00,0x00,0x00,0x00,0x00,0x00,0x00,0x00,0x00,0x00,0x00,0x00,0x00,0x00,0x00,0x00,0x00,0x00,0x00,0x00,0x00,0x00,0x00,0x00,0x00,0x00,0x00,0x00,0x00,0x00,0x00,0x00,0x00,0x00,0x00,0x00,0x00,0x00,0x00,0x00,0x00,0x00,0x00,0x00,0x00,0x00,0x00,0x00,0x00,0x00,0x00,0x00,0x00,0x00,0x00,0x00,0x00,0x00,0xfe,0x54,0xf6,0x54,0xf6,0x54,0xf6,0x54,0xf6,0x54,0xf6,0x54,0xf6,0x54,0xf6,0x54,0xf6,0x54,0xf6,0x54,0xf6,0x54,0xf6,0x54,0xf6,0x54,0xf6,0x54,0x00,0x00,0x00,0x00,0x00,0x00,0x00,0x00,0x00,0x00,0x00,0x00,0x00,0x00,0x00,0x00,0x00,0x00,0x00,0x00,0x00,0x00,0x00,0x00,0x00,0x00,0x00,0x00,0x00,0x00,0x00,0x00,0x00,0x00,0x00,0x00,0x00,0x00,0x00,0x00,0x00,0x00,0x00,0x00,0x00,0x00,0x00,0x00,0x00,0x00,0x00,0x00,0x00,0x00,0x00,0x00,0x00,0x00,0x00,0x00,0x00,0x00,0x00,0x00,0x00,0x00,0x00,0x00,0x00,0x00,0x00,0x00,0x00,0x00,0x00,0x00,0x00,0x00,0x00,0x00,0x00,0x00,0x00,0x00,0x00,0x00,0x00,0x00,0x00,0x00,0x00,0x00,0x00,0x00,0x00,0x00,0x00,0x00,0x00,0x00,0x00,0x00,0x00,0x00,0x00,0x00,0x00,0x00,0x00,0x00,0x00,0x00,0x00,0x00,0x00,0x00,0x00,0x00,0x00,0x00,0xfe,0x54,0xf6,0x54,0xf6,0x54,0xf6,0x54,0xf6,0x54,0xf6,0x54,0xf6,0x54,0xf6,0x54,0xf6,0x54,0xf6,0x54,0xf6,0x54,0xf6,0x54,0xf6,0x54,0xf6,0x54,0x00,0x00,0x00,0x00,0x00,0x00,0x00,0x00,0x00,0x00,0x00,0x00,0x00,0x00,0x00,0x00,0x00,0x00,0x00,0x00,0x00,0x00,0x00,0x00,0x00,0x00,0x00,0x00,0x00,0x00,0x00,0x00,0x00,0x00,0x00,0x00,0x00,0x00,0x00,0x00,0x00,0x00,0x00,0x00,0x00,0x00,0x00,0x00,0x00,0x00,0x00,0x00,0x00,0x00,0x00,0x00,0x00,0x00,0x00,0x00,0x00,0x00,0x00,0x00,0x00,0x00,0x00,0x00,0x00,0x00,0x00,0x00,0x00,0x00,0x00,0x00,0x00,0x00,0x00,0x00,0x00,0x00,0x00,0x00,0x00,0x00,0x00,0x00,0x00,0x00,0x00,0x00,0x00,0x00,0x00,0x00,0x00,0x00,0x00,0x00,0x00,0x00,0x00,0x00,0x00,0x00,0x00,0x00,0x00,0x00,0x00,0x00,0x00,0x00,0x00,0x00,0x00,0x00,0x00,0x00,0xfe,0x54,0xf6,0x54,0xf6,0x54,0xf6,0x54,0xf6,0x54,0xf6,0x54,0xf6,0x54,0xf6,0x54,0xf6,0x54,0xf6,0x54,0xf6,0x54,0xf6,0x54,0xf6,0x54,0xf6,0x54,0x00,0x00,0x00,0x00,0x00,0x00,0x00,0x00,0x00,0x00,0x00,0x00,0x00,0x00,0x00,0x00,0x00,0x00,0x00,0x00,0x00,0x00,0x00,0x00,0x00,0x00,0x00,0x00,0x00,0x00,0x00,0x00,0x00,0x00,0x00,0x00,0x00,0x00,0x00,0x00,0x00,0x00,0x00,0x00,0x00,0x00,0x00,0x00,0x00,0x00,0x00,0x00,0x00,0x00,0x00,0x00,0x00,0x00,0x00,0x00,0x00,0x00,0x00,0x00,0x00,0x00,0x00,0x00,0x00,0x00,0x00,0x00,0x00,0x00,0x00,0x00,0x00,0x00,0x00,0x00,0x00,0x00,0x00,0x00,0x00,0x00,0x00,0x00,0x00,0x00,0x00,0x00,0x00,0x00,0x00,0x00,0x00,0x00,0x00,0x00,0x00,0x00,0x00,0x00,0x00,0x00,0x00,0x00,0x00,0x00,0x00,0x00,0x00,0x00,0x00,0x00,0x00,0x00,0x00,0x00,0xfe,0x54,0xf6,0x54,0xf6,0x54,0xf6,0x54,0xf6,0x54,0xf6,0x54,0xf6,0x54,0xf6,0x54,0xf6,0x54,0xf6,0x54,0xf6,0x54,0xf6,0x54,0xf6,0x54,0xf6,0x54,0x00,0x00,0x00,0x00,0x00,0x00,0x00,0x00,0x00,0x00,0x00,0x00,0x00,0x00,0x00,0x00,0x00,0x00,0x00,0x00,0x00,0x00,0x00,0x00,0x00,0x00,0x00,0x00,0x00,0x00,0x00,0x00,0x00,0x00,0x00,0x00,0x00,0x00,0x00,0x00,0x00,0x00,0x00,0x00,0x00,0x00,0x00,0x00,0x00,0x00,0x00,0x00,0x00,0x00,0x00,0x00,0x00,0x00,0x00,0x00,0x00,0x00,0x00,0x00,0x00,0x00,0x00,0x00,0x00,0x00,0x00,0x00,0x00,0x00,0x00,0x00,0x00,0x00,0x00,0x00,0x00,0x00,0x00,0x00,0x00,0x00,0x00,0x00,0x00,0x00,0x00,0x00,0x00,0x00,0x00,0x00,0x00,0x00,0x00,0x00,0x00,0x00,0x00,0x00,0x00,0x00,0x00,0x00,0x00,0x00,0x00,0x00,0x00,0x00,0x00,0x00,0x00,0x00,0x00,0x00,0xfe,0x54,0xf6,0x54,0xf6,0x54,0xf6,0x54,0xf6,0x54,0xf6,0x54,0xf6,0x54,0xf6,0x54,0xf6,0x54,0xf6,0x54,0xf6,0x54,0xf6,0x54,0xf6,0x54,0xf6,0x54,0x00,0x00,0x00,0x00,0x00,0x00,0x00,0x00,0x00,0x00,0x00,0x00,0x00,0x00,0x00,0x00,0x00,0x00,0x00,0x00,0x00,0x00,0x00,0x00,0x00,0x00,0x00,0x00,0x00,0x00,0x00,0x00,0x00,0x00,0x00,0x00,0x00,0x00,0x00,0x00,0x00,0x00,0x00,0x00,0x00,0x00,0x00,0x00,0x00,0x00,0x00,0x00,0x00,0x00,0x00,0x00,0x00,0x00,0x00,0x00,0x00,0x00,0x00,0x00,0x00,0x00,0x00,0x00,0x00,0x00,0x00,0x00,0x00,0x00,0x00,0x00,0x00,0x00,0x00,0x00,0x00,0x00,0x00,0x00,0x00,0x00,0x00,0x00,0x00,0x00,0x00,0x00,0x00,0x00,0x00,0x00,0x00,0x00,0x00,0x00,0x00,0x00,0x00,0x00,0x00,0x00,0x00,0x00,0x00,0x00,0x00,0x00,0x00,0x00,0x00,0x00,0x00,0x00,0x00,0x00,0xfe,0x54,0xf6,0x54,0xf6,0x54,0xf6,0x54,0xf6,0x54,0xf6,0x54,0xf6,0x54,0xf6,0x54,0xf6,0x54,0xf6,0x54,0xf6,0x54,0xf6,0x54,0xf6,0x54,0xf6,0x54,0x00,0x00,0x00,0x00,0x00,0x00,0x00,0x00,0x00,0x00,0x00,0x00,0x00,0x00,0x00,0x00,0x00,0x00,0x00,0x00,0x00,0x00,0x00,0x00,0x00,0x00,0x00,0x00,0x00,0x00,0x00,0x00,0x00,0x00,0x00,0x00,0x00,0x00,0x00,0x00,0x00,0x00,0x00,0x00,0x00,0x00,0x00,0x00,0x00,0x00,0x00,0x00,0x00,0x00,0x00,0x00,0x00,0x00,0x00,0x00,0x00,0x00,0x00,0x00,0x00,0x00,0x00,0x00,0x00,0x00,0x00,0x00,0x00,0x00,0x00,0x00,0x00,0x00,0x00,0x00,0x00,0x00,0x00,0x00,0x00,0x00,0x00,0x00,0x00,0x00,0x00,0x00,0x00,0x00,0x00,0x00,0x00,0x00,0x00,0x00,0x00,0x00,0x00,0x00,0x00,0x00,0x00,0x00,0x00,0x00,0x00,0x00,0x00,0x00,0x00,0x00,0x00,0x00,0x00,0x00,0xfe,0x54,0xf6,0x54,0xf6,0x54,0xf6,0x54,0xf6,0x54,0xf6,0x54,0xf6,0x54,0xf6,0x54,0xf6,0x54,0xf6,0x54,0xf6,0x54,0xf6,0x54,0xf6,0x54,0xf6,0x54,0x00,0x00,0x00,0x00,0x00,0x00,0x00,0x00,0x00,0x00,0x00,0x00,0x00,0x00,0x00,0x00,0x00,0x00,0x00,0x00,0x00,0x00,0x00,0x00,0x00,0x00,0x00,0x00,0x00,0x00,0x00,0x00,0x00,0x00,0x00,0x00,0x00,0x00,0x00,0x00,0x00,0x00,0x00,0x00,0x00,0x00,0x00,0x00,0x00,0x00,0x00,0x00,0x00,0x00,0x00,0x00,0x00,0x00,0x00,0x00,0x00,0x00,0x00,0x00,0x00,0x00,0x00,0x00,0x00,0x00,0x00,0x00,0x00,0x00,0x00,0x00,0x00,0x00,0x00,0x00,0x00,0x00,0x00,0x00,0x00,0x00,0x00,0x00,0x00,0x00,0x00,0x00,0x00,0x00,0x00,0x00,0x00,0x00,0x00,0x00,0x00,0x00,0x00,0x00,0x00,0x00,0x00,0x00,0x00,0x00,0x00,0x00,0x00,0x00,0x00,0x00,0x00,0x00,0x00,0x00,0xfe,0x54,0xf6,0x54,0xf6,0x54,0xf6,0x54,0xf6,0x54,0xf6,0x54,0xf6,0x54,0xf6,0x54,0xf6,0x54,0xf6,0x54,0xf6,0x54,0xf6,0x54,0xf6,0x54,0xf6,0x54,0x00,0x00,0x00,0x00,0x00,0x00,0x00,0x00,0x00,0x00,0x00,0x00,0x00,0x00,0x00,0x00,0x00,0x00,0x00,0x00,0x00,0x00,0x00,0x00,0x00,0x00,0x00,0x00,0x00,0x00,0x00,0x00,0x00,0x00,0x00,0x00,0x00,0x00,0x00,0x00,0x00,0x00,0x00,0x00,0x00,0x00,0x00,0x00,0x00,0x00,0x00,0x00,0x00,0x00,0x00,0x00,0x00,0x00,0x00,0x00,0x00,0x00,0x00,0x00,0x00,0x00,0x00,0x00,0x00,0x00,0x00,0x00,0x00,0x00,0x00,0x00,0x00,0x00,0x00,0x00,0x00,0x00,0x00,0x00,0x00,0x00,0x00,0x00,0x00,0x00,0x00,0x00,0x00,0x00,0x00,0x00,0x00,0x00,0x00,0x00,0x00,0x00,0x00,0x00,0x00,0x00,0x00,0x00,0x00,0x00,0x00,0x00,0x00,0x00,0x00,0x00,0x00,0x00,0x00,0x00,0xf6,0x54,0xf6,0x54,0xf6,0x54,0xf6,0x54,0xf6,0x54,0xf6,0x54,0xf6,0x54,0xf6,0x54,0xf6,0x54,0xf6,0x54,0xf6,0x54,0xf6,0x54,0xf6,0x54,0xf6,0x54,0x00,0x00,0x00,0x00,0x00,0x00,0x00,0x00,0x00,0x00,0x00,0x00,0x00,0x00,0x00,0x00,0x00,0x00,0x00,0x00,0x00,0x00,0x00,0x00,0x00,0x00,0x00,0x00,0x00,0x00,0x00,0x00,0x00,0x00,0x00,0x00,0x00,0x00,0x00,0x00,0x00,0x00,0x00,0x00,0x00,0x00,0x00,0x00,0x00,0x00,0x00,0x00,0x00,0x00,0x00,0x00,0x00,0x00,0x00,0x00,0x00,0x00,0x00,0x00,0x00,0x00,0x00,0x00,0x00,0x00,0x00,0x00,0x00,0x00,0x00,0x00,0x00,0x00,0x00,0x00,0x00,0x00,0x00,0x00,0x00,0x00,0x00,0x00,0x00,0x00,0x00,0x00,0x00,0x00,0x00,0x00,0x00,0x00,0x00,0x00,0x00,0x00,0x00,0x00,0x00,0x00,0x00,0x00,0x00,0x00,0x00,0x00,0x00,0x00,0x00,0x00,0x00,0x00,0x00,0x00,0xf6,0x54,0xf6,0x54,0xf6,0x54,0xf6,0x54,0xf6,0x54,0xf6,0x54,0xf6,0x54,0xf6,0x54,0xf6,0x54,0xf6,0x54,0xf6,0x54,0xf6,0x54,0xf6,0x54,0xf6,0x54,0x00,0x00,0x00,0x00,0x00,0x00,0x00,0x00,0x00,0x00,0x00,0x00,0x00,0x00,0x00,0x00,0x00,0x00,0x00,0x00,0x00,0x00,0x00,0x00,0x00,0x00,0x00,0x00,0x00,0x00,0x00,0x00,0x00,0x00,0x00,0x00,0x00,0x00,0x00,0x00,0x00,0x00,0x00,0x00,0x00,0x00,0x00,0x00,0x00,0x00,0x00,0x00,0x00,0x00,0x00,0x00,0x00,0x00,0x00,0x00,0x00,0x00,0x00,0x00,0x00,0x00,0x00,0x00,0x00,0x00,0x00,0x00,0x00,0x00,0x00,0x00,0x00,0x00,0x00,0x00,0x00,0x00,0x00,0x00,0x00,0x00,0x00,0x00,0x00,0x00,0x00,0x00,0x00,0x00,0x00,0x00,0x00,0x00,0x00,0x00,0x00,0x00,0x00,0x00,0x00,0x00,0x00,0x00,0x00,0x00,0x00,0x00,0x00,0x00,0x00,0x00,0x00,0x00,0x00,0x00,0xf6,0x54,0xf6,0x54,0xf6,0x54,0xf6,0x54,0xf6,0x54,0xf6,0x54,0xf6,0x54,0xf6,0x54,0xf6,0x54,0xf6,0x54,0xf6,0x54,0xf6,0x54,0xf6,0x54,0xf6,0x54,0x00,0x00,0x00,0x00,0x00,0x00,0x00,0x00,0x00,0x00,0x00,0x00,0x00,0x00,0x00,0x00,0x00,0x00,0x00,0x00,0x00,0x00,0x00,0x00,0x00,0x00,0x00,0x00,0x00,0x00,0x00,0x00,0x00,0x00,0x00,0x00,0x00,0x00,0x00,0x00,0x00,0x00,0x00,0x00,0x00,0x00,0x00,0x00,0x00,0x00,0x00,0x00,0x00,0x00,0x00,0x00,0x00,0x00,0x00,0x00,0x00,0x00,0x00,0x00,0x00,0x00,0x00,0x00,0x00,0x00,0x00,0x00,0x00,0x00,0x00,0x00,0x00,0x00,0x00,0x00,0x00,0x00,0x00,0x00,0x00,0x00,0x00,0x00,0x00,0x00,0x00,0x00,0x00,0x00,0x00,0x00,0x00,0x00,0x00,0x00,0x00,0x00,0x00,0x00,0x00,0x00,0x00,0x00,0x00,0x00,0x00,0x00,0x00,0x00,0x00,0x00,0x00,0x00,0x00,0x00,0xf6,0x54,0xf6,0x54,0xf6,0x54,0xf6,0x54,0xf6,0x54,0xf6,0x54,0xf6,0x54,0xf6,0x54,0xf6,0x54,0xf6,0x54,0xf6,0x54,0xf6,0x54,0xf6,0x54,0xf6,0x54,0x00,0x00,0x00,0x00,0x00,0x00,0x00,0x00,0x00,0x00,0x00,0x00,0x00,0x00,0x00,0x00,0x00,0x00,0x00,0x00,0x00,0x00,0x00,0x00,0x00,0x00,0x00,0x00,0x00,0x00,0x00,0x00,0x00,0x00,0x00,0x00,0x00,0x00,0x00,0x00,0x00,0x00,0x00,0x00,0x00,0x00,0x00,0x00,0x00,0x00,0x00,0x00,0x00,0x00,0x00,0x00,0x00,0x00,0x00,0x00,0x00,0x00,0x00,0x00,0x00,0x00,0x00,0x00,0x00,0x00,0x00,0x00,0x00,0x00,0x00,0x00,0x00,0x00,0x00,0x00,0x00,0x00,0x00,0x00,0x00,0x00,0x00,0x00,0x00,0x00,0x00,0x00,0x00,0x00,0x00,0x00,0x00,0x00,0x00,0x00,0x00,0x00,0x00,0x00,0x00,0x00,0x00,0x00,0x00,0x00,0x00,0x00,0x00,0x00,0x00,0x00,0x00,0x00,0x00,0x00,0xf6,0x54,0xf6,0x54,0xf6,0x54,0xf6,0x54,0xf6,0x54,0xf6,0x54,0xf6,0x54,0xf6,0x54,0xf6,0x54,0xf6,0x54,0xf6,0x54,0xf6,0x54,0xf6,0x54,0xf6,0x54,0x00,0x00,0x00,0x00,0x00,0x00,0x00,0x00,0x00,0x00,0x00,0x00,0x00,0x00,0x00,0x00,0x00,0x00,0x00,0x00,0x00,0x00,0x00,0x00,0x00,0x00,0x00,0x00,0x00,0x00,0x00,0x00,0x00,0x00,0x00,0x00,0x00,0x00,0x00,0x00,0x00,0x00,0x00,0x00,0x00,0x00,0x00,0x00,0x00,0x00,0x00,0x00,0x00,0x00,0x00,0x00,0x00,0x00,0x00,0x00,0x00,0x00,0x00,0x00,0x00,0x00,0x00,0x00,0x00,0x00,0x00,0x00,0x00,0x00,0x00,0x00,0x00,0x00,0x00,0x00,0x00,0x00,0x00,0x00,0x00,0x00,0x00,0x00,0x00,0x00,0x00,0x00,0x00,0x00,0x00,0x00,0x00,0x00,0x00,0x00,0x00,0x00,0x00,0x00,0x00,0x00,0x00,0x00,0x00,0x00,0x00,0x00,0x00,0x00,0x00,0x00,0x00,0x00,0x00,0x00,0xfe,0x54,0xfe,0x54,0xf6,0x54,0xf6,0x54,0xf6,0x54,0xf6,0x54,0xf6,0x54,0xf6,0x54,0xf6,0x54,0xf6,0x54,0xf6,0x54,0xf6,0x54,0xf6,0x54,0xf6,0x54,0x00,0x00,0x00,0x00,0x00,0x00,0x00,0x00,0x00,0x00,0x00,0x00,0x00,0x00,0x00,0x00,0x00,0x00,0x00,0x00,0x00,0x00,0x00,0x00,0x00,0x00,0x00,0x00,0x00,0x00,0x00,0x00,0x00,0x00,0x00,0x00,0x00,0x00,0x00,0x00,0x00,0x00,0x00,0x00,0x00,0x00,0x00,0x00,0x00,0x00,0x00,0x00,0x00,0x00,0x00,0x00,0x00,0x00,0x00,0x00,0x00,0x00,0x00,0x00,0x00,0x00,0x00,0x00,0x00,0x00,0x00,0x00,0x00,0x00,0x00,0x00,0x00,0x00,0x00,0x00,0x00,0x00,0x00,0x00,0x00,0x00,0x00,0x00,0x00,0x00,0x00,0x00,0x00,0x00,0x00,0x00,0x00,0x00,0x00,0x00,0x00,0x00,0x00,0x00,0x00,0x00,0x00,0x00,0x00,0x00,0x00,0x00,0x00,0x00,0x00,0x00,0x00,0x00,0x00,0x00,0xfe,0x54,0xfe,0x54,0xf6,0x54,0xf6,0x54,0xf6,0x54,0xf6,0x54,0xf6,0x54,0xf6,0x54,0xf6,0x54,0xf6,0x54,0xf6,0x54,0xf6,0x54,0xf6,0x54,0xf6,0x54,0x00,0x00,0x00,0x00,0x00,0x00,0x00,0x00,0x00,0x00,0x00,0x00,0x00,0x00,0x00,0x00,0x00,0x00,0x00,0x00,0x00,0x00,0x00,0x00,0x00,0x00,0x00,0x00,0x00,0x00,0x00,0x00,0x00,0x00,0x00,0x00,0x00,0x00,0x00,0x00,0x00,0x00,0x00,0x00,0x00,0x00,0x00,0x00,0x00,0x00,0x00,0x00,0x00,0x00,0x00,0x00,0x00,0x00,0x00,0x00,0x00,0x00,0x00,0x00,0x00,0x00,0x00,0x00,0x00,0x00,0x00,0x00,0x00,0x00,0x00,0x00,0x00,0x00,0x00,0x00,0x00,0x00,0x00,0x00,0x00,0x00,0x00,0x00,0x00,0x00,0x00,0x00,0x00,0x00,0x00,0x00,0x00,0x00,0x00,0x00,0x00,0x00,0x00,0x00,0x00,0x00,0x00,0x00,0x00,0x00,0x00,0x00,0x00,0x00,0x00,0x00,0x00,0x00,0x00,0x00,0xfe,0x54,0xfe,0x54,0xf6,0x54,0xf6,0x54,0xf6,0x54,0xf6,0x54,0xf6,0x54,0xf6,0x54,0xf6,0x54,0xf6,0x54,0xf6,0x54,0xf6,0x54,0xf6,0x54,0xf6,0x54,0x00,0x00,0x00,0x00,0xfe,0x74,0xf6,0x54,0xfe,0x54,0xf6,0x54,0xf6,0x54,0xf6,0x54,0xf6,0x54,0xfe,0x34,0x00,0x00,0x00,0x00,0x00,0x00,0x00,0x00,0x00,0x00,0x00,0x00,0x00,0x00,0x00,0x00,0x00,0x00,0x00,0x00,0x00,0x00,0x00,0x00,0x00,0x00,0x00,0x00,0x00,0x00,0x00,0x00,0x00,0x00,0x00,0x00,0x00,0x00,0x00,0x00,0x00,0x00,0x00,0x00,0x00,0x00,0x00,0x00,0x00,0x00,0x00,0x00,0x00,0x00,0x00,0x00,0x00,0x00,0x00,0x00,0x00,0x00,0x00,0x00,0x00,0x00,0x00,0x00,0x00,0x00,0x00,0x00,0x00,0x00,0x00,0x00,0x00,0x00,0x00,0x00,0x00,0x00,0x00,0x00,0x00,0x00,0x00,0x00,0x00,0x00,0x00,0x00,0x00,0x00,0x00,0x00,0x00,0x00,0x00,0x00,0xfe,0x54,0xfe,0x54,0xf6,0x54,0xf6,0x54,0xf6,0x54,0xf6,0x54,0xf6,0x54,0xf6,0x54,0xf6,0x54,0xf6,0x54,0xf6,0x54,0xf6,0x54,0xf6,0x54,0xf6,0x54,0x00,0x00,0xf6,0x54,0xf6,0x54,0xf6,0x54,0xf6,0x54,0xf6,0x54,0xf6,0x54,0xf6,0x54,0xf6,0x54,0xf6,0x54,0xfe,0x54,0xff,0xe0,0x00,0x00,0x00,0x00,0x00,0x00,0x00,0x00,0x00,0x00,0x00,0x00,0x00,0x00,0x00,0x00,0x00,0x00,0x00,0x00,0x00,0x00,0x00,0x00,0x00,0x00,0x00,0x00,0x00,0x00,0x00,0x00,0x00,0x00,0x00,0x00,0x00,0x00,0x00,0x00,0x00,0x00,0x00,0x00,0x00,0x00,0x00,0x00,0x00,0x00,0x00,0x00,0x00,0x00,0x00,0x00,0x00,0x00,0x00,0x00,0x00,0x00,0x00,0x00,0x00,0x00,0x00,0x00,0x00,0x00,0x00,0x00,0x00,0x00,0x00,0x00,0x00,0x00,0x00,0x00,0x00,0x00,0x00,0x00,0x00,0x00,0x00,0x00,0x00,0x00,0x00,0x00,0x00,0x00,0x00,0x00,0xfe,0x54,0xfe,0x54,0xf6,0x54,0xf6,0x54,0xf6,0x54,0xf6,0x54,0xf6,0x54,0xf6,0x54,0xf6,0x54,0xf6,0x54,0xf6,0x54,0xf6,0x54,0xf6,0x54,0xf6,0x54,0xf6,0x54,0xf6,0x54,0xf6,0x54,0xf6,0x54,0xf6,0x54,0xf6,0x54,0xf6,0x54,0xf6,0x54,0xf6,0x54,0xf6,0x54,0xf6,0x54,0xfe,0x54,0x00,0x00,0x00,0x00,0x00,0x00,0x00,0x00,0xf6,0x54,0xfe,0x54,0xf6,0x54,0xfe,0x54,0xfe,0x54,0xf6,0x54,0xff,0xf5,0x00,0x00,0x00,0x00,0x00,0x00,0x00,0x00,0x00,0x00,0x00,0x00,0x00,0x00,0x00,0x00,0x00,0x00,0x00,0x00,0x00,0x00,0x00,0x00,0x00,0x00,0x00,0x00,0x00,0x00,0x00,0x00,0x00,0x00,0x00,0x00,0x00,0x00,0x00,0x00,0x00,0x00,0x00,0x00,0x00,0x00,0x00,0x00,0x00,0x00,0x00,0x00,0x00,0x00,0x00,0x00,0x00,0x00,0x00,0x00,0x00,0x00,0x00,0x00,0x00,0x00,0x00,0x00,0x00,0x00,0x00,0x00,0x00,0x00,0xfe,0x54,0xfe,0x54,0xf6,0x54,0xf6,0x54,0xf6,0x54,0xf6,0x54,0xf6,0x54,0xf6,0x54,0xf6,0x54,0xf6,0x54,0xf6,0x54,0xf6,0x54,0xf6,0x54,0xf6,0x54,0xf6,0x54,0xf6,0x54,0xf6,0x54,0xf6,0x54,0xf6,0x54,0xf6,0x54,0xf6,0x54,0xf6,0x54,0xf6,0x54,0xf6,0x54,0xf6,0x54,0xf6,0x54,0xff,0xf5,0x00,0x00,0xee,0x54,0xf6,0x54,0xf6,0x54,0xf6,0x54,0xf6,0x54,0xf6,0x54,0xf6,0x54,0xf6,0x54,0xf6,0x54,0x00,0x00,0x00,0x00,0x00,0x00,0x00,0x00,0x00,0x00,0x00,0x00,0x00,0x00,0x00,0x00,0x00,0x00,0x00,0x00,0x00,0x00,0x00,0x00,0x00,0x00,0x00,0x00,0x00,0x00,0x00,0x00,0x00,0x00,0x00,0x00,0x00,0x00,0x00,0x00,0x00,0x00,0x00,0x00,0x00,0x00,0x00,0x00,0x00,0x00,0x00,0x00,0x00,0x00,0x00,0x00,0x00,0x00,0x00,0x00,0x00,0x00,0x00,0x00,0x00,0x00,0x00,0x00,0x00,0x00,0x00,0x00,0x00,0x00,0xfe,0x54,0xfe,0x54,0xf6,0x54,0xf6,0x54,0xf6,0x54,0xf6,0x54,0xf6,0x54,0xf6,0x54,0xf6,0x54,0xf6,0x54,0xf6,0x54,0xf6,0x54,0xf6,0x54,0xf6,0x54,0xf6,0x54,0xf6,0x54,0xf6,0x54,0xf6,0x54,0xf6,0x54,0xf6,0x54,0xf6,0x54,0xf6,0x54,0xf6,0x54,0xf6,0x54,0xf6,0x54,0xf6,0x54,0xfe,0x94,0xf6,0x54,0xf6,0x54,0xf6,0x54,0xf6,0x54,0xf6,0x54,0xf6,0x54,0xf6,0x54,0xf6,0x54,0xf6,0x54,0xf6,0x54,0xf6,0x54,0xfe,0x73,0x00,0x00,0x00,0x00,0x00,0x00,0x00,0x00,0x00,0x00,0x00,0x00,0x00,0x00,0x00,0x00,0x00,0x00,0x00,0x00,0x00,0x00,0x00,0x00,0x00,0x00,0x00,0x00,0x00,0x00,0x00,0x00,0x00,0x00,0x00,0x00,0x00,0x00,0x00,0x00,0x00,0x00,0x00,0x00,0x00,0x00,0x00,0x00,0x00,0x00,0x00,0x00,0x00,0x00,0x00,0x00,0x00,0x00,0x00,0x00,0x00,0x00,0x00,0x00,0x00,0x00,0x00,0x00,0x00,0x00,0xfe,0x54,0xf6,0x54,0xf6,0x54,0xf6,0x54,0xf6,0x54,0xf6,0x54,0xf6,0x54,0xf6,0x54,0xf6,0x54,0xf6,0x54,0xf6,0x54,0xf6,0x54,0xf6,0x54,0xf6,0x54,0xf6,0x54,0xf6,0x54,0xf6,0x54,0xf6,0x54,0xf6,0x54,0xf6,0x54,0xf6,0x54,0xf6,0x54,0xf6,0x54,0xf6,0x54,0xf6,0x54,0xf6,0x54,0xf6,0x54,0xfe,0x54,0xf6,0x54,0xf6,0x54,0xf6,0x54,0xf6,0x54,0xf6,0x54,0xf6,0x54,0xf6,0x54,0xf6,0x54,0xf6,0x54,0xf6,0x54,0xfe,0x54,0xf8,0x00,0x00,0x00,0x00,0x00,0x00,0x00,0xfd,0x4a,0xfe,0x54,0xf6,0x34,0xf6,0x34,0xfe,0x54,0x00,0x00,0x00,0x00,0x00,0x00,0x00,0x00,0x00,0x00,0x00,0x00,0x00,0x00,0x00,0x00,0x00,0x00,0x00,0x00,0x00,0x00,0x00,0x00,0x00,0x00,0x00,0x00,0x00,0x00,0x00,0x00,0x00,0x00,0x00,0x00,0x00,0x00,0x00,0x00,0x00,0x00,0x00,0x00,0x00,0x00,0x00,0x00,0x00,0x00,0x00,0x00,0xfe,0x54,0xf6,0x54,0xf6,0x54,0xf6,0x54,0xf6,0x54,0xf6,0x54,0xf6,0x54,0xf6,0x54,0xf6,0x54,0xf6,0x54,0xf6,0x54,0xf6,0x54,0xf6,0x54,0xf6,0x54,0xf6,0x54,0xf6,0x54,0xf6,0x54,0xf6,0x54,0xf6,0x54,0xf6,0x54,0xf6,0x54,0xf6,0x54,0xf6,0x54,0xf6,0x54,0xf6,0x54,0xf6,0x54,0xf6,0x54,0xf6,0x54,0xf6,0x54,0xf6,0x54,0xf6,0x54,0xf6,0x54,0xf6,0x54,0xf6,0x54,0xf6,0x54,0xf6,0x54,0xf6,0x54,0xf6,0x54,0xfe,0x54,0xfe,0x54,0x00,0x00,0xf8,0x00,0xfe,0x54,0xf6,0x54,0xf6,0x54,0xf6,0x54,0xf6,0x54,0xf6,0x54,0xf6,0x54,0xf6,0x54,0x00,0x00,0x00,0x00,0x00,0x00,0x00,0x00,0x00,0x00,0x00,0x00,0x00,0x00,0x00,0x00,0x00,0x00,0x00,0x00,0x00,0x00,0x00,0x00,0x00,0x00,0x00,0x00,0x00,0x00,0x00,0x00,0x00,0x00,0x00,0x00,0x00,0x00,0x00,0x00,0x00,0x00,0x00,0x00,0x00,0x00,0x00,0x00,0xfe,0x54,0xf6,0x54,0xf6,0x54,0xf6,0x54,0xf6,0x54,0xf6,0x54,0xf6,0x54,0xf6,0x54,0xf6,0x54,0xf6,0x54,0xf6,0x54,0xf6,0x54,0xf6,0x54,0xf6,0x54,0xf6,0x54,0xf6,0x54,0xf6,0x54,0xf6,0x54,0xf6,0x54,0xf6,0x54,0xf6,0x54,0xf6,0x54,0xf6,0x54,0xf6,0x54,0xf6,0x54,0xf6,0x54,0xf6,0x54,0xf6,0x54,0xf6,0x54,0xf6,0x54,0xf6,0x54,0xf6,0x54,0xf6,0x54,0xf6,0x54,0xf6,0x54,0xf6,0x54,0xf6,0x54,0xf6,0x54,0xf6,0x54,0xfe,0x54,0xff,0xff,0xfe,0x74,0xf6,0x54,0xf6,0x54,0xf6,0x54,0xf6,0x54,0xf6,0x54,0xf6,0x54,0xf6,0x54,0xf6,0x54,0xf6,0x54,0xff,0xe0,0x00,0x00,0x00,0x00,0x00,0x00,0x00,0x00,0x00,0x00,0x00,0x00,0x00,0x00,0x00,0x00,0x00,0x00,0x00,0x00,0x00,0x00,0x00,0x00,0x00,0x00,0x00,0x00,0x00,0x00,0x00,0x00,0x00,0x00,0x00,0x00,0x00,0x00,0x00,0x00,0x00,0x00,0x00,0x00,0xfe,0x54,0xf6,0x54,0xf6,0x54,0xf6,0x54,0xf6,0x54,0xf6,0x54,0xf6,0x54,0xf6,0x54,0xf6,0x54,0xf6,0x54,0xf6,0x54,0xf6,0x54,0xf6,0x54,0xf6,0x54,0xf6,0x54,0xf6,0x54,0xf6,0x54,0xf6,0x54,0xf6,0x54,0xf6,0x54,0xf6,0x54,0xf6,0x54,0xf6,0x54,0xf6,0x54,0xf6,0x54,0xf6,0x54,0xf6,0x54,0xf6,0x54,0xf6,0x54,0xf6,0x54,0xf6,0x54,0xf6,0x54,0xf6,0x54,0xf6,0x54,0xf6,0x54,0xf6,0x54,0xf6,0x54,0xf6,0x54,0xf6,0x54,0xf6,0x54,0xf6,0x54,0xf6,0x54,0xf6,0x54,0xf6,0x54,0xf6,0x54,0xf6,0x54,0xf6,0x54,0xf6,0x54,0xf6,0x54,0xf6,0x54,0xf6,0x54,0xfe,0x74,0x00,0x00,0x00,0x00,0x00,0x00,0x00,0x00,0x00,0x00,0x00,0x00,0x00,0x00,0x00,0x00,0x00,0x00,0x00,0x00,0x00,0x00,0x00,0x00,0x00,0x00,0x00,0x00,0x00,0x00,0x00,0x00,0x00,0x00,0x00,0x00,0x00,0x00,0x00,0x00,0x00,0x00,0x00,0x00,0xf6,0x54,0xf6,0x54,0xf6,0x54,0xf6,0x54,0xf6,0x54,0xf6,0x54,0xf6,0x54,0xf6,0x54,0xf6,0x54,0xf6,0x54,0xf6,0x54,0xf6,0x54,0xf6,0x54,0xf6,0x54,0xf6,0x54,0xf6,0x54,0xf6,0x54,0xf6,0x54,0xf6,0x54,0xf6,0x54,0xf6,0x54,0xf6,0x54,0xf6,0x54,0xf6,0x54,0xf6,0x54,0xf6,0x54,0xf6,0x54,0xf6,0x54,0xf6,0x54,0xf6,0x54,0xf6,0x54,0xf6,0x54,0xf6,0x54,0xf6,0x54,0xf6,0x54,0xf6,0x54,0xf6,0x54,0xf6,0x54,0xf6,0x54,0xf6,0x54,0xf6,0x54,0xf6,0x54,0xf6,0x54,0xf6,0x54,0xf6,0x54,0xf6,0x54,0xf6,0x54,0xf6,0x54,0xf6,0x54,0xf6,0x54,0xf6,0x54,0xf6,0x54,0xff,0xff,0x00,0x00,0x00,0x00,0x00,0x00,0x00,0x00,0x00,0x00,0x00,0x00,0x00,0x00,0x00,0x00,0x00,0x00,0x00,0x00,0x00,0x00,0x00,0x00,0x00,0x00,0x00,0x00,0x00,0x00,0x00,0x00,0x00,0x00,0x00,0x00,0x00,0x00,0x00,0x00,0x00,0x00,0xf6,0x54,0xf6,0x54,0xf6,0x54,0xf6,0x54,0xf6,0x54,0xf6,0x54,0xf6,0x54,0xf6,0x54,0xf6,0x54,0xf6,0x54,0xf6,0x54,0xf6,0x54,0xf6,0x54,0xf6,0x54,0xf6,0x54,0xf6,0x54,0xf6,0x54,0xf6,0x54,0xf6,0x54,0xf6,0x54,0xf6,0x54,0xf6,0x54,0xf6,0x54,0xf6,0x54,0xf6,0x54,0xf6,0x54,0xf6,0x54,0xf6,0x54,0xf6,0x54,0xf6,0x54,0xf6,0x54,0xf6,0x54,0xf6,0x54,0xf6,0x54,0xf6,0x54,0xf6,0x54,0xf6,0x54,0xf6,0x54,0xf6,0x54,0xfe,0x54,0xf6,0x54,0xf6,0x54,0xf6,0x54,0xf6,0x54,0xf6,0x54,0xf6,0x54,0xf6,0x54,0xf6,0x54,0xf6,0x54,0xf6,0x54,0xf6,0x54,0xf6,0x54,0xfe,0x74,0x00,0x00,0x00,0x00,0x00,0x00,0x00,0x00,0x00,0x00,0x00,0x00,0x00,0x00,0x00,0x00,0x00,0x00,0x00,0x00,0x00,0x00,0x00,0x00,0x00,0x00,0x00,0x00,0x00,0x00,0x00,0x00,0x00,0x00,0x00,0x00,0x00,0x00,0x00,0x00,0x00,0x00,0xf6,0x54,0xf6,0x54,0xf6,0x54,0xf6,0x54,0xf6,0x54,0xf6,0x54,0xf6,0x54,0xf6,0x54,0xf6,0x54,0xf6,0x54,0xf6,0x54,0xf6,0x54,0xf6,0x54,0xf6,0x54,0xf6,0x54,0xf6,0x54,0xf6,0x54,0xf6,0x54,0xf6,0x54,0xf6,0x54,0xf6,0x54,0xf6,0x54,0xf6,0x54,0xf6,0x54,0xf6,0x54,0xf6,0x54,0xf6,0x54,0xf6,0x54,0xf6,0x54,0xf6,0x54,0xf6,0x54,0xf6,0x54,0xf6,0x54,0xf6,0x54,0xf6,0x54,0xf6,0x54,0xf6,0x54,0xf6,0x54,0xf6,0x54,0xf6,0x54,0xf6,0x54,0xf6,0x54,0xf6,0x54,0xf6,0x54,0xf6,0x54,0xf6,0x54,0xf6,0x54,0xf6,0x54,0xf6,0x54,0xf6,0x54,0xf6,0x54,0xf6,0x54,0xf6,0x54,0x00,0x00,0x00,0x00,0x00,0x00,0x00,0x00,0x00,0x00,0x00,0x00,0x00,0x00,0x00,0x00,0x00,0x00,0x00,0x00,0x00,0x00,0x00,0x00,0x00,0x00,0x00,0x00,0x00,0x00,0x00,0x00,0x00,0x00,0x00,0x00,0x00,0x00,0x00,0x00,0x00,0x00,0xf6,0x54,0xf6,0x54,0xf6,0x54,0xf6,0x54,0xf6,0x54,0xf6,0x54,0xf6,0x54,0xf6,0x54,0xf6,0x54,0xf6,0x54,0xf6,0x54,0xf6,0x54,0xf6,0x54,0xf6,0x54,0xf6,0x54,0xf6,0x54,0xf6,0x54,0xf6,0x54,0xf6,0x54,0xf6,0x54,0xf6,0x54,0xf6,0x54,0xf6,0x54,0xf6,0x54,0xf6,0x54,0xf6,0x54,0xf6,0x54,0xf6,0x54,0xf6,0x54,0xf6,0x54,0xf6,0x54,0xf6,0x54,0xf6,0x54,0xf6,0x54,0xf6,0x54,0xf6,0x54,0xf6,0x54,0xf6,0x54,0xf6,0x54,0xf6,0x54,0xf6,0x54,0xf6,0x54,0xf6,0x54,0xf6,0x54,0xf6,0x54,0xf6,0x54,0xf6,0x54,0xf6,0x54,0xf6,0x54,0xf6,0x54,0xf6,0x54,0xf6,0x54,0xf6,0x54,0x00,0x00,0x00,0x00,0x00,0x00,0x00,0x00,0x00,0x00,0x00,0x00,0x00,0x00,0x00,0x00,0x00,0x00,0x00,0x00,0x00,0x00,0x00,0x00,0x00,0x00,0x00,0x00,0x00,0x00,0x00,0x00,0x00,0x00,0x00,0x00,0x00,0x00,0x00,0x00,0x00,0x00,0xfe,0x54,0xf6,0x54,0xf6,0x54,0xf6,0x54,0xf6,0x54,0xf6,0x54,0xf6,0x54,0xf6,0x54,0xf6,0x54,0xf6,0x54,0xf6,0x54,0xf6,0x54,0xf6,0x54,0xf6,0x54,0xf6,0x54,0xf6,0x54,0xf6,0x54,0xf6,0x54,0xf6,0x54,0xf6,0x54,0xf6,0x54,0xf6,0x54,0xf6,0x54,0xf6,0x54,0xf6,0x54,0xf6,0x54,0xf6,0x54,0xf6,0x54,0xf6,0x54,0xf6,0x54,0xf6,0x54,0xf6,0x54,0xf6,0x54,0xf6,0x54,0xf6,0x54,0xf6,0x54,0xf6,0x54,0xf6,0x54,0xf6,0x54,0xf6,0x54,0xf6,0x54,0xf6,0x54,0xf6,0x54,0xf6,0x54,0xf6,0x54,0xf6,0x54,0xf6,0x54,0xf6,0x54,0xf6,0x54,0xf6,0x54,0xf6,0x54,0xf6,0x54,0xf6,0x54,0x00,0x00,0x00,0x00,0x00,0x00,0x00,0x00,0xfe,0x35,0xf6,0x74,0xf6,0x54,0xf6,0x54,0xf6,0x54,0xf6,0x54,0xf6,0x54,0xf6,0x54,0xf6,0x55,0xfe,0xd6,0x00,0x00,0x00,0x00,0x00,0x00,0x00,0x00,0x00,0x00,0x00,0x00,0x00,0x00,0xfe,0x54,0xf6,0x54,0xf6,0x54,0xf6,0x54,0xf6,0x54,0xf6,0x54,0xf6,0x54,0xf6,0x54,0xf6,0x54,0xf6,0x54,0xf6,0x54,0xf6,0x54,0xf6,0x54,0xf6,0x54,0xf6,0x54,0xf6,0x54,0xf6,0x54,0xf6,0x54,0xf6,0x54,0xf6,0x54,0xf6,0x54,0xf6,0x54,0xf6,0x54,0xf6,0x54,0xf6,0x54,0xf6,0x54,0xf6,0x54,0xf6,0x54,0xf6,0x54,0xf6,0x54,0xf6,0x54,0xf6,0x54,0xf6,0x54,0xf6,0x54,0xf6,0x54,0xf6,0x54,0xf6,0x54,0xf6,0x54,0xf6,0x54,0xf6,0x54,0xf6,0x54,0xf6,0x54,0xf6,0x54,0xf6,0x54,0xf6,0x54,0xf6,0x54,0xf6,0x54,0xf6,0x54,0xf6,0x54,0xf6,0x54,0xf6,0x54,0xf6,0x54,0xfe,0x54,0x00,0x00,0x00,0x00,0xfc,0x10,0xfe,0x74,0xfe,0x54,0xf6,0x54,0xf6,0x54,0xf6,0x54,0xf6,0x54,0xf6,0x54,0xf6,0x54,0xf6,0x54,0xf6,0x54,0xf6,0x54,0xf6,0x34,0x00,0x00,0x00,0x00,0x00,0x00,0x00,0x00,0x00,0x00,0x00,0x00,0xfe,0x54,0xf6,0x54,0xf6,0x54,0xf6,0x54,0xf6,0x54,0xf6,0x54,0xf6,0x54,0xf6,0x54,0xf6,0x54,0xf6,0x54,0xf6,0x54,0xf6,0x54,0xf6,0x54,0xf6,0x54,0xf6,0x54,0xf6,0x54,0xf6,0x54,0xf6,0x54,0xf6,0x54,0xf6,0x54,0xf6,0x54,0xf6,0x54,0xf6,0x54,0xf6,0x54,0xf6,0x54,0xf6,0x54,0xf6,0x54,0xf6,0x54,0xf6,0x54,0xf6,0x54,0xf6,0x54,0xf6,0x54,0xf6,0x54,0xf6,0x54,0xf6,0x54,0xf6,0x54,0xf6,0x54,0xf6,0x54,0xf6,0x54,0xf6,0x54,0xf6,0x54,0xf6,0x54,0xf6,0x54,0xf6,0x54,0xf6,0x54,0xf6,0x54,0xf6,0x54,0xf6,0x54,0xf6,0x54,0xf6,0x54,0xf6,0x54,0xf6,0x54,0xfe,0x54,0x00,0x00,0x00,0x00,0xfe,0x54,0xf6,0x54,0xf6,0x54,0xf6,0x54,0xf6,0x54,0xf6,0x54,0xf6,0x54,0xf6,0x54,0xf6,0x54,0xf6,0x54,0xf6,0x54,0xfe,0x54,0xf6,0x54,0xf6,0x55,0x00,0x00,0x00,0x00,0x00,0x00,0x00,0x00,0x00,0x00,0xfe,0x54,0xf6,0x54,0xf6,0x54,0xf6,0x54,0xf6,0x54,0xf6,0x54,0xf6,0x54,0xf6,0x54,0xf6,0x54,0xf6,0x54,0xf6,0x54,0xf6,0x54,0xf6,0x54,0xf6,0x54,0xf6,0x54,0xf6,0x54,0xf6,0x54,0xf6,0x54,0xf6,0x54,0xf6,0x54,0xf6,0x54,0xf6,0x54,0xf6,0x54,0xf6,0x54,0xf6,0x54,0xf6,0x54,0xf6,0x54,0xf6,0x54,0xf6,0x54,0xf6,0x54,0xf6,0x54,0xf6,0x54,0xf6,0x54,0xf6,0x54,0xf6,0x54,0xf6,0x54,0xf6,0x54,0xf6,0x54,0xf6,0x54,0xf6,0x54,0xf6,0x54,0xf6,0x54,0xf6,0x54,0xf6,0x54,0xf6,0x54,0xf6,0x54,0xf6,0x54,0xf6,0x54,0xf6,0x54,0xf6,0x54,0xf6,0x54,0xf6,0x54,0xfe,0x54,0x00,0x00,0xf6,0x54,0xf6,0x54,0xf6,0x54,0xf6,0x54,0xf6,0x54,0xf6,0x54,0xf6,0x54,0xf6,0x54,0xf6,0x54,0xf6,0x54,0xf6,0x54,0xf6,0x54,0xf6,0x54,0xf6,0x54,0xf6,0x54,0xfe,0x75,0x00,0x00,0x00,0x00,0x00,0x00,0x00,0x00,0xf6,0x54,0xf6,0x54,0xf6,0x54,0xf6,0x54,0xf6,0x54,0xf6,0x54,0xf6,0x54,0xf6,0x54,0xf6,0x54,0xf6,0x54,0xf6,0x54,0xf6,0x54,0xf6,0x54,0xf6,0x54,0xf6,0x54,0xf6,0x54,0xf6,0x54,0xf6,0x54,0xf6,0x54,0xf6,0x54,0xf6,0x54,0xf6,0x54,0xf6,0x54,0xf6,0x54,0xf6,0x54,0xf6,0x54,0xf6,0x54,0xf6,0x54,0xf6,0x54,0xf6,0x54,0xf6,0x54,0xf6,0x54,0xf6,0x54,0xf6,0x54,0xf6,0x54,0xf6,0x54,0xf6,0x54,0xf6,0x54,0xf6,0x54,0xf6,0x54,0xf6,0x54,0xf6,0x54,0xf6,0x54,0xf6,0x54,0xf6,0x54,0xf6,0x54,0xf6,0x54,0xf6,0x54,0xf6,0x54,0xf6,0x54,0xf6,0x54,0xf6,0x54,0xfe,0x54,0xf6,0x34,0xf6,0x54,0xf6,0x54,0xf6,0x54,0xf6,0x54,0xf6,0x54,0xf6,0x54,0xf6,0x54,0xf6,0x54,0xf6,0x54,0xf6,0x54,0xf6,0x54,0xf6,0x54,0xf6,0x54,0xf6,0x54,0xf6,0x54,0xf6,0x54,0xfe,0x53,0x00,0x00,0x00,0x00,0x00,0x00,0xf6,0x54,0xf6,0x54,0xf6,0x54,0xf6,0x54,0xf6,0x54,0xf6,0x54,0xf6,0x54,0xf6,0x54,0xf6,0x54,0xf6,0x54,0xf6,0x54,0xf6,0x54,0xf6,0x54,0xf6,0x54,0xf6,0x54,0xf6,0x54,0xf6,0x54,0xf6,0x54,0xf6,0x54,0xf6,0x54,0xf6,0x54,0xf6,0x54,0xf6,0x54,0xf6,0x54,0xf6,0x54,0xf6,0x54,0xf6,0x54,0xf6,0x54,0xf6,0x54,0xf6,0x54,0xf6,0x54,0xf6,0x54,0xf6,0x54,0xf6,0x54,0xf6,0x54,0xf6,0x54,0xf6,0x54,0xf6,0x54,0xf6,0x54,0xf6,0x54,0xf6,0x54,0xf6,0x54,0xf6,0x54,0xf6,0x54,0xf6,0x54,0xf6,0x54,0xf6,0x54,0xf6,0x54,0xf6,0x54,0xf6,0x54,0xf6,0x54,0xf6,0x54,0xf6,0x54,0xfe,0x35,0xf6,0x54,0xf6,0x54,0xf6,0x54,0xf6,0x54,0xf6,0x54,0xf6,0x54,0xf6,0x54,0xf6,0x54,0xf6,0x54,0xf6,0x54,0xf6,0x54,0xf6,0x54,0xf6,0x54,0xf6,0x54,0xf6,0x54,0xfe,0x54,0xf6,0x54,0xf6,0x14,0x00,0x00,0x00,0x00,0xfe,0x54,0xf6,0x54,0xf6,0x54,0xf6,0x54,0xf6,0x54,0xf6,0x54,0xf6,0x54,0xf6,0x54,0xf6,0x54,0xf6,0x54,0xf6,0x54,0xf6,0x54,0xf6,0x54,0xf6,0x54,0xf6,0x54,0xf6,0x54,0xf6,0x54,0xf6,0x54,0xf6,0x54,0xf6,0x54,0xf6,0x54,0xf6,0x54,0xf6,0x54,0xf6,0x54,0xf6,0x54,0xf6,0x54,0xf6,0x54,0xf6,0x54,0xf6,0x54,0xf6,0x54,0xf6,0x54,0xf6,0x54,0xf6,0x54,0xf6,0x54,0xf6,0x54,0xf6,0x54,0xf6,0x54,0xf6,0x54,0xf6,0x54,0xf6,0x54,0xf6,0x54,0xf6,0x54,0xf6,0x54,0xf6,0x54,0xf6,0x54,0xf6,0x54,0xf6,0x54,0xf6,0x54,0xf6,0x54,0xf6,0x54,0xf6,0x54,0xf6,0x54,0xf6,0x54,0x00,0x00,0xfe,0x74,0xf6,0x54,0xf6,0x54,0xf6,0x54,0xf6,0x54,0xf6,0x54,0xf6,0x54,0xf6,0x54,0xf6,0x54,0xf6,0x54,0xf6,0x54,0xf6,0x54,0xf6,0x54,0xf6,0x54,0xf6,0x54,0xf6,0x54,0xf6,0x54,0xf6,0x74,0x00,0x00,0x00,0x00,0xfe,0x54,0xf6,0x54,0xf6,0x54,0xf6,0x54,0xf6,0x54,0xf6,0x54,0xf6,0x54,0xf6,0x54,0xf6,0x54,0xf6,0x54,0xf6,0x54,0xf6,0x54,0xf6,0x54,0xf6,0x54,0xf6,0x54,0xf6,0x54,0xf6,0x54,0xf6,0x54,0xf6,0x54,0xf6,0x54,0xf6,0x54,0xf6,0x54,0xf6,0x54,0xf6,0x54,0xf6,0x54,0xf6,0x54,0xf6,0x54,0xf6,0x54,0xf6,0x54,0xf6,0x54,0xf6,0x54,0xf6,0x54,0xf6,0x54,0xf6,0x54,0xf6,0x54,0xf6,0x54,0xf6,0x54,0xf6,0x54,0xf6,0x54,0xf6,0x54,0xf6,0x54,0xf6,0x54,0xf6,0x54,0xf6,0x54,0xf6,0x54,0xf6,0x54,0xf6,0x54,0xf6,0x54,0xf6,0x54,0xf6,0x54,0xf6,0x54,0xf6,0x54,0xf6,0x54,0x00,0x00,0x00,0x00,0xf6,0x54,0xf6,0x54,0xf6,0x54,0xf6,0x54,0xf6,0x54,0xf6,0x54,0xf6,0x54,0xf6,0x54,0xf6,0x54,0xf6,0x54,0xf6,0x54,0xf6,0x54,0xf6,0x54,0xf6,0x54,0xf6,0x54,0xf6,0x54,0xf6,0x54,0xfe,0x54,0xff,0xff,0xfe,0x54,0xf6,0x54,0xf6,0x54,0xf6,0x54,0xf6,0x54,0xf6,0x54,0xf6,0x54,0xf6,0x54,0xf6,0x54,0xf6,0x54,0xf6,0x54,0xf6,0x54,0xf6,0x54,0xf6,0x54,0xf6,0x54,0xf6,0x54,0xf6,0x54,0xf6,0x54,0xf6,0x54,0xf6,0x54,0xf6,0x54,0xf6,0x54,0xf6,0x54,0xf6,0x54,0xf6,0x54,0xf6,0x54,0xf6,0x54,0xf6,0x54,0xf6,0x54,0xf6,0x54,0xf6,0x54,0xf6,0x54,0xf6,0x54,0xf6,0x54,0xf6,0x54,0xf6,0x54,0xf6,0x54,0xf6,0x54,0xf6,0x54,0xf6,0x54,0xf6,0x54,0xf6,0x54,0xf6,0x54,0xf6,0x54,0xf6,0x54,0xf6,0x54,0xf6,0x54,0xf6,0x54,0xf6,0x54,0xf6,0x54,0xf6,0x54,0xf6,0x54,0xf6,0x54,0x00,0x00,0x00,0x00,0xf6,0x74,0xf6,0x54,0xf6,0x54,0xf6,0x54,0xf6,0x54,0xf6,0x54,0xf6,0x54,0xf6,0x54,0xf6,0x54,0xf6,0x54,0xf6,0x54,0xf6,0x54,0xf6,0x54,0xf6,0x54,0xf6,0x54,0xf6,0x54,0xf6,0x54,0xf6,0x54,0xfe,0x54,0xfe,0x54,0xf6,0x54,0xf6,0x54,0xf6,0x54,0xf6,0x54,0xf6,0x54,0xf6,0x54,0xf6,0x54,0xf6,0x54,0xf6,0x54,0xf6,0x54,0xf6,0x54,0xf6,0x54,0xf6,0x54,0xf6,0x54,0xf6,0x54,0xf6,0x54,0xf6,0x54,0xf6,0x54,0xf6,0x54,0xf6,0x54,0xf6,0x54,0xf6,0x54,0xf6,0x54,0xf6,0x54,0xf6,0x54,0xf6,0x54,0xf6,0x54,0xf6,0x54,0xf6,0x54,0xf6,0x54,0xf6,0x54,0xf6,0x54,0xf6,0x54,0xf6,0x54,0xf6,0x54,0xf6,0x54,0xf6,0x54,0xf6,0x54,0xf6,0x54,0xf6,0x54,0xf6,0x54,0xf6,0x54,0xf6,0x54,0xf6,0x54,0xf6,0x54,0xf6,0x54,0xf6,0x54,0xf6,0x54,0xf6,0x54,0xf6,0x54,0xf6,0x54,0xf6,0x54,0x00,0x00,0x00,0x00,0xed,0xf3,0xf6,0x54,0xf6,0x54,0xf6,0x54,0xf6,0x54,0xf6,0x54,0xf6,0x54,0xf6,0x54,0xf6,0x54,0xf6,0x54,0xf6,0x54,0xf6,0x54,0xf6,0x54,0xf6,0x54,0xf6,0x54,0xf6,0x54,0xf6,0x54,0xf6,0x54,0xf6,0x54,0xf6,0x54,0xf6,0x54,0xf6,0x54,0xf6,0x54,0xf6,0x54,0xf6,0x54,0xf6,0x54,0xf6,0x54,0xf6,0x54,0xf6,0x54,0xf6,0x54,0xf6,0x54,0xf6,0x54,0xf6,0x54,0xf6,0x54,0xf6,0x54,0xf6,0x54,0xf6,0x54,0xf6,0x54,0xf6,0x54,0xf6,0x54,0xf6,0x54,0xf6,0x54,0xf6,0x54,0xf6,0x54,0xf6,0x54,0xf6,0x54,0xf6,0x54,0xf6,0x54,0xf6,0x54,0xf6,0x54,0xf6,0x54,0xf6,0x54,0xf6,0x54,0xf6,0x54,0xf6,0x54,0xf6,0x54,0xf6,0x54,0xf6,0x54,0xf6,0x54,0xf6,0x54,0xf6,0x54,0xf6,0x54,0xf6,0x54,0xf6,0x54,0xf6,0x54,0xf6,0x54,0xf6,0x54,0xf6,0x54,0xf6,0x54,0xf6,0x54,0xf6,0x54,0xf6,0x54,0x00,0x00,0x00,0x00,0x00,0x00,0xf6,0x54,0xf6,0x54,0xf6,0x54,0xf6,0x54,0xf6,0x54,0xf6,0x54,0xf6,0x54,0xf6,0x54,0xf6,0x54,0xf6,0x54,0xf6,0x54,0xf6,0x54,0xf6,0x54,0xf6,0x54,0xf6,0x54,0xf6,0x54,0xf6,0x54,0xf6,0x54,0xf6,0x54,0xf6,0x54,0xf6,0x54,0xf6,0x54,0xf6,0x54,0xf6,0x54,0xf6,0x54,0xf6,0x54,0xf6,0x54,0xf6,0x54,0xf6,0x54,0xf6,0x54,0xf6,0x54,0xf6,0x54,0xf6,0x54,0xf6,0x54,0xf6,0x54,0xf6,0x54,0xf6,0x54,0xf6,0x54,0xf6,0x54,0xf6,0x54,0xf6,0x54,0xf6,0x54,0xf6,0x54,0xf6,0x54,0xf6,0x54,0xf6,0x54,0xf6,0x54,0xf6,0x54,0xf6,0x54,0xf6,0x54,0xf6,0x54,0xf6,0x54,0xf6,0x54,0xf6,0x54,0xf6,0x54,0xf6,0x54,0xf6,0x54,0xf6,0x54,0xf6,0x54,0xf6,0x54,0xf6,0x54,0xf6,0x54,0xf6,0x54,0xf6,0x54,0xf6,0x54,0xf6,0x54,0xf6,0x54,0xf6,0x54,0xf6,0x54,0xf6,0x54,0xf6,0x54,0x00,0x00,0x00,0x00,0x00,0x00,0xff,0xf0,0xfe,0x54,0xf6,0x54,0xf6,0x54,0xf6,0x54,0xf6,0x54,0xf6,0x54,0xf6,0x54,0xf6,0x54,0xf6,0x54,0xf6,0x54,0xf6,0x54,0xf6,0x54,0xf6,0x54,0xf6,0x54,0xf6,0x54,0xf6,0x54,0xf6,0x54,0xf6,0x54,0xf6,0x54,0xf6,0x54,0xf6,0x54,0xf6,0x54,0xf6,0x54,0xf6,0x54,0xf6,0x54,0xf6,0x54,0xf6,0x54,0xf6,0x54,0xf6,0x54,0xf6,0x54,0xf6,0x54,0xf6,0x54,0xf6,0x54,0xf6,0x54,0xf6,0x54,0xf6,0x54,0xf6,0x54,0xf6,0x54,0xf6,0x54,0xf6,0x54,0xf6,0x54,0xf6,0x54,0xf6,0x54,0xf6,0x54,0xf6,0x54,0xf6,0x54,0xf6,0x54,0xf6,0x54,0xf6,0x54,0xf6,0x54,0xf6,0x54,0xf6,0x54,0xf6,0x54,0xf6,0x54,0xf6,0x54,0xf6,0x54,0xf6,0x54,0xf6,0x54,0xf6,0x54,0xf6,0x54,0xf6,0x54,0xf6,0x54,0xf6,0x54,0xf6,0x54,0xf6,0x54,0xf6,0x54,0xf6,0x54,0xf6,0x54,0xf6,0x54,0xf6,0x54,0x00,0x00,0x00,0x00,0x00,0x00,0x00,0x00,0xfe,0x54,0xf6,0x54,0xf6,0x54,0xf6,0x54,0xf6,0x54,0xf6,0x54,0xf6,0x54,0xf6,0x54,0xf6,0x54,0xf6,0x54,0xf6,0x54,0xf6,0x54,0xf6,0x54,0xf6,0x54,0xf6,0x54,0xf6,0x54,0xf6,0x54,0xf6,0x54,0xf6,0x54,0xf6,0x54,0xf6,0x54,0xf6,0x54,0xf6,0x54,0xf6,0x54,0xf6,0x54,0xf6,0x54,0xf6,0x54,0xf6,0x54,0xf6,0x54,0xf6,0x54,0xf6,0x54,0xf6,0x54,0xf6,0x54,0xf6,0x54,0xf6,0x54,0xf6,0x54,0xf6,0x54,0xf6,0x54,0xf6,0x54,0xf6,0x54,0xf6,0x54,0xf6,0x54,0xf6,0x54,0xf6,0x54,0xf6,0x54,0xf6,0x54,0xf6,0x54,0xf6,0x54,0xf6,0x54,0xf6,0x54,0xf6,0x54,0xf6,0x54,0xf6,0x54,0xf6,0x54,0xf6,0x54,0xf6,0x54,0xf6,0x54,0xf6,0x54,0xf6,0x54,0xf6,0x54,0xf6,0x54,0xf6,0x54,0xf6,0x54,0xf6,0x54,0xf6,0x54,0xf6,0x54,0xf6,0x54,0xf6,0x54,0xf6,0x54,0xf6,0x54,0x00,0x00,0x00,0x00,0x00,0x00,0x00,0x00,0x00,0x00,0xf6,0x54,0xf6,0x54,0xf6,0x54,0xf6,0x54,0xf6,0x54,0xf6,0x54,0xf6,0x54,0xf6,0x54,0xf6,0x54,0xf6,0x54,0xf6,0x54,0xf6,0x54,0xf6,0x54,0xf6,0x54,0xf6,0x54,0xf6,0x54,0xf6,0x54,0xf6,0x54,0xf6,0x54,0xf6,0x54,0xf6,0x54,0xf6,0x54,0xf6,0x54,0xf6,0x54,0xf6,0x54,0xf6,0x54,0xf6,0x54,0xf6,0x54,0xf6,0x54,0xf6,0x54,0xf6,0x54,0xf6,0x54,0xf6,0x54,0xf6,0x54,0xf6,0x54,0xf6,0x54,0xf6,0x54,0xf6,0x54,0xf6,0x54,0xf6,0x54,0xf6,0x54,0xf6,0x54,0xf6,0x54,0xf6,0x54,0xf6,0x54,0xf6,0x54,0xf6,0x54,0xf6,0x54,0xf6,0x54,0xf6,0x54,0xf6,0x54,0xf6,0x54,0xf6,0x54,0xf6,0x54,0xf6,0x54,0xf6,0x54,0xf6,0x54,0xf6,0x54,0xf6,0x54,0xf6,0x54,0xf6,0x54,0xf6,0x54,0xf6,0x54,0xf6,0x54,0xf6,0x54,0xf6,0x54,0xf6,0x54,0xf6,0x54,0xf6,0x54,0x00,0x00,0x00,0x00,0x00,0x00,0x00,0x00,0x00,0x00,0xf6,0x94,0xf6,0x54,0xf6,0x54,0xf6,0x54,0xf6,0x54,0xf6,0x54,0xf6,0x54,0xf6,0x54,0xf6,0x54,0xf6,0x54,0xf6,0x54,0xf6,0x54,0xf6,0x54,0xf6,0x54,0xf6,0x54,0xf6,0x54,0xf6,0x54,0xf6,0x54,0xf6,0x54,0xf6,0x54,0xf6,0x54,0xf6,0x54,0xf6,0x54,0xf6,0x54,0xf6,0x54,0xf6,0x54,0xf6,0x54,0xf6,0x54,0xf6,0x54,0xf6,0x54,0xf6,0x54,0xf6,0x54,0xf6,0x54,0xf6,0x54,0xf6,0x54,0xf6,0x54,0xf6,0x54,0xf6,0x54,0xf6,0x54,0xf6,0x54,0xf6,0x54,0xf6,0x54,0xf6,0x54,0xf6,0x54,0xf6,0x54,0xf6,0x54,0xf6,0x54,0xf6,0x54,0xf6,0x54,0xf6,0x54,0xf6,0x54,0xf6,0x54,0xf6,0x54,0xf6,0x54,0xf6,0x54,0xf6,0x54,0xf6,0x54,0xf6,0x54,0xf6,0x54,0xf6,0x54,0xf6,0x54,0xf6,0x54,0xf6,0x54,0xf6,0x54,0xf6,0x54,0xf6,0x54,0xf6,0x54,0xf6,0x54,0xf6,0x54,0x00,0x00,0x00,0x00,0x00,0x00,0x00,0x00,0x00,0x00,0xfe,0xb5,0xf6,0x54,0xf6,0x54,0xf6,0x54,0xf6,0x54,0xf6,0x54,0xf6,0x54,0xf6,0x54,0xf6,0x54,0xf6,0x54,0xf6,0x54,0xf6,0x54,0xf6,0x54,0xf6,0x54,0xf6,0x54,0xf6,0x54,0xf6,0x54,0xf6,0x54,0xf6,0x54,0xf6,0x54,0xf6,0x54,0xf6,0x54,0xf6,0x54,0xf6,0x54,0xf6,0x54,0xf6,0x54,0xf6,0x54,0xf6,0x54,0xf6,0x54,0xf6,0x54,0xf6,0x54,0xf6,0x54,0xf6,0x54,0xf6,0x54,0xf6,0x54,0xf6,0x54,0xf6,0x54,0xf6,0x54,0xf6,0x54,0xf6,0x54,0xf6,0x54,0xf6,0x54,0xf6,0x54,0xf6,0x54,0xf6,0x54,0xf6,0x54,0xf6,0x54,0xf6,0x54,0xf6,0x54,0xf6,0x54,0xf6,0x54,0xf6,0x54,0xf6,0x54,0xf6,0x54,0xf6,0x54,0xf6,0x54,0xf6,0x54,0xf6,0x54,0xf6,0x54,0xf6,0x54,0xf6,0x54,0xf6,0x54,0xf6,0x54,0xf6,0x54,0xf6,0x54,0xf6,0x54,0xf6,0x54,0xf6,0x54,0xf6,0x54,0x00,0x00,0x00,0x00,0x00,0x00,0x00,0x00,0x00,0x00,0x00,0x00,0xfe,0x54,0xf6,0x54,0xf6,0x54,0xf6,0x54,0xf6,0x54,0xf6,0x54,0xf6,0x54,0xf6,0x54,0xf6,0x54,0xf6,0x54,0xf6,0x54,0xf6,0x54,0xf6,0x54,0xf6,0x54,0xf6,0x54,0xf6,0x54,0xf6,0x54,0xf6,0x54,0xf6,0x54,0xf6,0x54,0xf6,0x54,0xf6,0x54,0xf6,0x54,0xf6,0x54,0xf6,0x54,0xf6,0x54,0xf6,0x54,0xf6,0x54,0xf6,0x54,0xf6,0x54,0xf6,0x54,0xf6,0x54,0xf6,0x54,0xf6,0x54,0xf6,0x54,0xf6,0x54,0xf6,0x54,0xf6,0x54,0xf6,0x54,0xf6,0x54,0xf6,0x54,0xf6,0x54,0xf6,0x54,0xf6,0x54,0xf6,0x54,0xf6,0x54,0xf6,0x54,0xf6,0x54,0xf6,0x54,0xf6,0x54,0xf6,0x54,0xf6,0x54,0xf6,0x54,0xf6,0x54,0xf6,0x54,0xf6,0x54,0xf6,0x54,0xf6,0x54,0xf6,0x54,0xf6,0x54,0xf6,0x54,0xf6,0x54,0xf6,0x54,0xf6,0x54,0xf6,0x54,0xf6,0x54,0xf6,0x54,0xf6,0x54,0x00,0x00,0x00,0x00,0x00,0x00,0x00,0x00,0x00,0x00,0x00,0x00,0xfd,0x55,0xf6,0x54,0xf6,0x54,0xf6,0x54,0xf6,0x54,0xf6,0x54,0xf6,0x54,0xf6,0x54,0xf6,0x54,0xf6,0x54,0xf6,0x54,0xf6,0x54,0xf6,0x54,0xf6,0x54,0xf6,0x54,0xf6,0x54,0xf6,0x54,0xf6,0x54,0xf6,0x54,0xf6,0x54,0xf6,0x54,0xf6,0x54,0xf6,0x54,0xf6,0x54,0xf6,0x54,0xf6,0x54,0xf6,0x54,0xf6,0x54,0xf6,0x54,0xf6,0x54,0xf6,0x54,0xf6,0x54,0xf6,0x54,0xf6,0x54,0xf6,0x54,0xf6,0x54,0xf6,0x54,0xf6,0x54,0xf6,0x54,0xf6,0x54,0xf6,0x54,0xf6,0x54,0xf6,0x54,0xf6,0x54,0xf6,0x54,0xf6,0x54,0xf6,0x54,0xf6,0x54,0xf6,0x54,0xf6,0x54,0xf6,0x54,0xf6,0x54,0xf6,0x54,0xf6,0x54,0xf6,0x54,0xf6,0x54,0xf6,0x54,0xf6,0x54,0xf6,0x54,0xf6,0x54,0xf6,0x54,0xf6,0x54,0xf6,0x54,0xf6,0x54,0xf6,0x54,0xf6,0x54,0xf6,0x54,0xf6,0x54,0x00,0x00,0x00,0x00,0x00,0x00,0x00,0x00,0x00,0x00,0x00,0x00,0x00,0x00,0xf6,0x34,0xfe,0x54,0xf6,0x54,0xf6,0x54,0xf6,0x54,0xf6,0x54,0xf6,0x54,0xf6,0x54,0xf6,0x54,0xf6,0x54,0xf6,0x54,0xf6,0x54,0xf6,0x54,0xf6,0x54,0xf6,0x54,0xf6,0x54,0xf6,0x54,0xf6,0x54,0xf6,0x54,0xf6,0x54,0xf6,0x54,0xf6,0x54,0xf6,0x54,0xf6,0x54,0xf6,0x54,0xf6,0x54,0xf6,0x54,0xf6,0x54,0xf6,0x54,0xf6,0x54,0xf6,0x54,0xf6,0x54,0xf6,0x54,0xf6,0x54,0xf6,0x54,0xf6,0x54,0xf6,0x54,0xf6,0x54,0xf6,0x54,0xf6,0x54,0xf6,0x54,0xf6,0x54,0xf6,0x54,0xf6,0x54,0xf6,0x54,0xf6,0x54,0xf6,0x54,0xf6,0x54,0xf6,0x54,0xf6,0x54,0xf6,0x54,0xf6,0x54,0xf6,0x54,0xf6,0x54,0xf6,0x54,0xf6,0x54,0xf6,0x54,0xf6,0x54,0xf6,0x54,0xf6,0x54,0xf6,0x54,0xf6,0x54,0xf6,0x54,0xf6,0x54,0xf6,0x54,0xf6,0x54,0xf6,0x54,0x00,0x00,0x00,0x00,0x00,0x00,0x00,0x00,0x00,0x00,0x00,0x00,0x00,0x00,0x00,0x00,0xfe,0x74,0xf6,0x54,0xf6,0x54,0xf6,0x54,0xf6,0x54,0xf6,0x54,0xf6,0x54,0xf6,0x54,0xf6,0x54,0xf6,0x54,0xf6,0x54,0xf6,0x54,0xf6,0x54,0xf6,0x54,0xf6,0x54,0xf6,0x54,0xf6,0x54,0xf6,0x54,0xf6,0x54,0xf6,0x54,0xf6,0x54,0xf6,0x54,0xf6,0x54,0xf6,0x54,0xf6,0x54,0xf6,0x54,0xf6,0x54,0xf6,0x54,0xf6,0x54,0xf6,0x54,0xf6,0x54,0xf6,0x54,0xf6,0x54,0xf6,0x54,0xf6,0x54,0xf6,0x54,0xf6,0x54,0xf6,0x54,0xf6,0x54,0xf6,0x54,0xf6,0x54,0xf6,0x54,0xf6,0x54,0xf6,0x54,0xf6,0x54,0xf6,0x54,0xf6,0x54,0xf6,0x54,0xf6,0x54,0xf6,0x54,0xf6,0x54,0xf6,0x54,0xf6,0x54,0xf6,0x54,0xf6,0x54,0xf6,0x54,0xf6,0x54,0xf6,0x54,0xf6,0x54,0xf6,0x54,0xf6,0x54,0xf6,0x54,0xf6,0x54,0xf6,0x54,0xf6,0x54,0xf6,0x54,0x00,0x00,0x00,0x00,0x00,0x00,0x00,0x00,0x00,0x00,0x00,0x00,0x00,0x00,0x00,0x00,0xee,0x54,0xfe,0x54,0xf6,0x54,0xf6,0x54,0xf6,0x54,0xf6,0x54,0xf6,0x54,0xf6,0x54,0xf6,0x54,0xf6,0x54,0xf6,0x54,0xf6,0x54,0xf6,0x54,0xf6,0x54,0xf6,0x54,0xf6,0x54,0xf6,0x54,0xf6,0x54,0xf6,0x54,0xf6,0x54,0xf6,0x54,0xf6,0x54,0xf6,0x54,0xf6,0x54,0xf6,0x54,0xf6,0x54,0xf6,0x54,0xf6,0x54,0xf6,0x54,0xf6,0x54,0xf6,0x54,0xf6,0x54,0xf6,0x54,0xf6,0x54,0xf6,0x54,0xf6,0x54,0xf6,0x54,0xf6,0x54,0xf6,0x54,0xf6,0x54,0xf6,0x54,0xf6,0x54,0xf6,0x54,0xf6,0x54,0xf6,0x54,0xf6,0x54,0xf6,0x54,0xf6,0x54,0xf6,0x54,0xf6,0x54,0xf6,0x54,0xf6,0x54,0xf6,0x54,0xf6,0x54,0xf6,0x54,0xf6,0x54,0xf6,0x54,0xf6,0x54,0xf6,0x54,0xf6,0x54,0xf6,0x54,0xf6,0x54,0xf6,0x54,0xf6,0x54,0xf6,0x54,0xf6,0x54,0x00,0x00,0x00,0x00,0x00,0x00,0x00,0x00,0x00,0x00,0x00,0x00,0x00,0x00,0x00,0x00,0x00,0x00,0xf6,0x54,0xf6,0x54,0xf6,0x54,0xf6,0x54,0xf6,0x54,0xf6,0x54,0xf6,0x54,0xf6,0x54,0xf6,0x54,0xf6,0x54,0xf6,0x54,0xf6,0x54,0xf6,0x54,0xf6,0x54,0xf6,0x54,0xf6,0x54,0xf6,0x54,0xf6,0x54,0xf6,0x54,0xf6,0x54,0xf6,0x54,0xf6,0x54,0xf6,0x54,0xf6,0x54,0xf6,0x54,0xf6,0x54,0xf6,0x54,0xf6,0x54,0xf6,0x54,0xf6,0x54,0xf6,0x54,0xf6,0x54,0xf6,0x54,0xf6,0x54,0xf6,0x54,0xf6,0x54,0xf6,0x54,0xf6,0x54,0xf6,0x54,0xf6,0x54,0xf6,0x54,0xf6,0x54,0xf6,0x54,0xf6,0x54,0xf6,0x54,0xf6,0x54,0xf6,0x54,0xf6,0x54,0xf6,0x54,0xf6,0x54,0xf6,0x54,0xf6,0x54,0xf6,0x54,0xf6,0x54,0xf6,0x54,0xf6,0x54,0xf6,0x54,0xf6,0x54,0xf6,0x54,0xf6,0x54,0xf6,0x54,0xf6,0x54,0xf6,0x54,0xf6,0x54,0xf6,0x54,0x00,0x00,0x00,0x00,0x00,0x00,0x00,0x00,0x00,0x00,0x00,0x00,0x00,0x00,0x00,0x00,0x00,0x00,0xf6,0x74,0xf6,0x54,0xf6,0x54,0xf6,0x54,0xf6,0x54,0xf6,0x54,0xf6,0x54,0xf6,0x54,0xf6,0x54,0xf6,0x54,0xf6,0x54,0xf6,0x54,0xf6,0x54,0xf6,0x54,0xf6,0x54,0xf6,0x54,0xf6,0x54,0xf6,0x54,0xf6,0x54,0xf6,0x54,0xf6,0x54,0xf6,0x54,0xf6,0x54,0xf6,0x54,0xf6,0x54,0xf6,0x54,0xf6,0x54,0xf6,0x54,0xf6,0x54,0xf6,0x54,0xf6,0x54,0xf6,0x54,0xf6,0x54,0xf6,0x54,0xf6,0x54,0xf6,0x54,0xf6,0x54,0xf6,0x54,0xf6,0x54,0xf6,0x54,0xf6,0x54,0xf6,0x54,0xf6,0x54,0xf6,0x54,0xf6,0x54,0xf6,0x54,0xf6,0x54,0xf6,0x54,0xf6,0x54,0xf6,0x54,0xf6,0x54,0xf6,0x54,0xf6,0x54,0xf6,0x54,0xf6,0x54,0xf6,0x54,0xf6,0x54,0xf6,0x54,0xf6,0x54,0xf6,0x54,0xf6,0x54,0xf6,0x54,0xf6,0x54,0xf6,0x54,0xf6,0x54,0x00,0x00,0x00,0x00,0x00,0x00,0x00,0x00,0x00,0x00,0x00,0x00,0x00,0x00,0x00,0x00,0x00,0x00,0xfd,0x55,0xf6,0x54,0xf6,0x54,0xf6,0x54,0xf6,0x54,0xf6,0x54,0xf6,0x54,0xf6,0x54,0xf6,0x54,0xf6,0x54,0xf6,0x54,0xf6,0x54,0xf6,0x54,0xf6,0x54,0xf6,0x54,0xf6,0x54,0xf6,0x54,0xf6,0x54,0xf6,0x54,0xf6,0x54,0xf6,0x54,0xf6,0x54,0xf6,0x54,0xf6,0x54,0xf6,0x54,0xf6,0x54,0xf6,0x54,0xf6,0x54,0xf6,0x54,0xf6,0x54,0xf6,0x54,0xf6,0x54,0xf6,0x54,0xf6,0x54,0xf6,0x54,0xf6,0x54,0xf6,0x54,0xf6,0x54,0xf6,0x54,0xf6,0x54,0xf6,0x54,0xf6,0x54,0xf6,0x54,0xf6,0x54,0xf6,0x54,0xf6,0x54,0xf6,0x54,0xf6,0x54,0xf6,0x54,0xf6,0x54,0xf6,0x54,0xf6,0x54,0xf6,0x54,0xf6,0x54,0xf6,0x54,0xf6,0x54,0xf6,0x54,0xf6,0x54,0xf6,0x54,0xf6,0x54,0xf6,0x54,0xf6,0x54,0xf6,0x54,0xf6,0x54,0xf6,0x54,0x00,0x00,0x00,0x00,0x00,0x00,0x00,0x00,0x00,0x00,0x00,0x00,0x00,0x00,0x00,0x00,0x00,0x00,0x00,0x00,0xf6,0x34,0xf6,0x54,0xf6,0x54,0xf6,0x54,0xf6,0x54,0xf6,0x54,0xf6,0x54,0xf6,0x54,0xf6,0x54,0xf6,0x54,0xf6,0x54,0xf6,0x54,0xf6,0x54,0xf6,0x54,0xf6,0x54,0xf6,0x54,0xf6,0x54,0xf6,0x54,0xf6,0x54,0xf6,0x54,0xf6,0x54,0xf6,0x54,0xf6,0x54,0xf6,0x54,0xf6,0x54,0xf6,0x54,0xf6,0x54,0xf6,0x54,0xf6,0x54,0xf6,0x54,0xf6,0x54,0xf6,0x54,0xf6,0x54,0xf6,0x54,0xf6,0x54,0xf6,0x54,0xf6,0x54,0xf6,0x54,0xf6,0x54,0xf6,0x54,0xf6,0x54,0xf6,0x54,0xf6,0x54,0xf6,0x54,0xf6,0x54,0xf6,0x54,0xf6,0x54,0xf6,0x54,0xf6,0x54,0xf6,0x54,0xf6,0x54,0xf6,0x54,0xf6,0x54,0xf6,0x54,0xf6,0x54,0xf6,0x54,0xf6,0x54,0xf6,0x54,0xf6,0x54,0xf6,0x54,0xf6,0x54,0xf6,0x54,0xf6,0x54,0xf6,0x54,0x00,0x00,0x00,0x00,0x00,0x00,0x00,0x00,0x00,0x00,0x00,0x00,0x00,0x00,0x00,0x00,0x00,0x00,0x00,0x00,0x00,0x00,0xf6,0x54,0xf6,0x54,0xf6,0x54,0xf6,0x54,0xf6,0x54,0xf6,0x54,0xf6,0x54,0xf6,0x54,0xf6,0x54,0xf6,0x54,0xf6,0x54,0xf6,0x54,0xf6,0x54,0xf6,0x54,0xf6,0x54,0xf6,0x54,0xf6,0x54,0xf6,0x54,0xf6,0x54,0xf6,0x54,0xf6,0x54,0xf6,0x54,0xf6,0x54,0xf6,0x54,0xf6,0x54,0xf6,0x54,0xf6,0x54,0xf6,0x54,0xf6,0x54,0xf6,0x54,0xf6,0x54,0xf6,0x54,0xf6,0x54,0xf6,0x54,0xf6,0x54,0xf6,0x54,0xf6,0x54,0xf6,0x54,0xf6,0x54,0xf6,0x54,0xf6,0x54,0xf6,0x54,0xf6,0x54,0xf6,0x54,0xf6,0x54,0xf6,0x54,0xf6,0x54,0xf6,0x54,0xf6,0x54,0xf6,0x54,0xf6,0x54,0xf6,0x54,0xf6,0x54,0xf6,0x54,0xf6,0x54,0xf6,0x54,0xf6,0x54,0xf6,0x54,0xf6,0x54,0xf6,0x54,0xf6,0x54,0xf6,0x54,0xf6,0x54,0x00,0x00,0x00,0x00,0x00,0x00,0x00,0x00,0x00,0x00,0x00,0x00,0x00,0x00,0x00,0x00,0x00,0x00,0x00,0x00,0x00,0x00,0xfe,0x35,0xf6,0x54,0xf6,0x54,0xf6,0x54,0xf6,0x54,0xf6,0x54,0xf6,0x54,0xf6,0x54,0xf6,0x54,0xf6,0x54,0xf6,0x54,0xf6,0x54,0xf6,0x54,0xf6,0x54,0xf6,0x54,0xf6,0x54,0xf6,0x54,0xf6,0x54,0xf6,0x54,0xf6,0x54,0xf6,0x54,0xf6,0x54,0xf6,0x54,0xf6,0x54,0xf6,0x54,0xf6,0x54,0xf6,0x54,0xf6,0x54,0xf6,0x54,0xf6,0x54,0xf6,0x54,0xf6,0x54,0xf6,0x54,0xf6,0x54,0xf6,0x54,0xf6,0x54,0xf6,0x54,0xf6,0x54,0xf6,0x54,0xf6,0x54,0xf6,0x54,0xf6,0x54,0xf6,0x54,0xf6,0x54,0xf6,0x54,0xf6,0x54,0xf6,0x54,0xf6,0x54,0xf6,0x54,0xf6,0x54,0xf6,0x54,0xf6,0x54,0xf6,0x54,0xf6,0x54,0xf6,0x54,0xf6,0x54,0xf6,0x54,0xf6,0x54,0xf6,0x54,0xf6,0x54,0xf6,0x54,0xf6,0x54,0xf6,0x54,0x00,0x00,0x00,0x00,0x00,0x00,0x00,0x00,0x00,0x00,0x00,0x00,0x00,0x00,0x00,0x00,0x00,0x00,0x00,0x00,0x00,0x00,0x00,0x00,0xfe,0x54,0xf6,0x54,0xf6,0x54,0xf6,0x54,0xf6,0x54,0xf6,0x54,0xf6,0x54,0xf6,0x54,0xf6,0x54,0xf6,0x54,0xf6,0x54,0xf6,0x54,0xf6,0x54,0xf6,0x54,0xf6,0x54,0xf6,0x54,0xf6,0x54,0xf6,0x54,0xf6,0x54,0xf6,0x54,0xf6,0x54,0xf6,0x54,0xf6,0x54,0xf6,0x54,0xf6,0x54,0xf6,0x54,0xf6,0x54,0xf6,0x54,0xf6,0x54,0xf6,0x54,0xf6,0x54,0xf6,0x54,0xf6,0x54,0xf6,0x54,0xf6,0x54,0xf6,0x54,0xf6,0x54,0xf6,0x54,0xf6,0x54,0xf6,0x54,0xf6,0x54,0xf6,0x54,0xf6,0x54,0xf6,0x54,0xf6,0x54,0xf6,0x54,0xf6,0x54,0xf6,0x54,0xf6,0x54,0xf6,0x54,0xf6,0x54,0xf6,0x54,0xf6,0x54,0xf6,0x54,0xf6,0x54,0xf6,0x54,0xf6,0x54,0xf6,0x54,0xf6,0x54,0xf6,0x54,0xf6,0x54,0xf6,0x54,0x00,0x00,0x00,0x00,0x00,0x00,0x00,0x00,0x00,0x00,0x00,0x00,0x00,0x00,0x00,0x00,0x00,0x00,0x00,0x00,0x00,0x00,0x00,0x00,0xed,0xf3,0xf6,0x54,0xf6,0x54,0xf6,0x54,0xf6,0x54,0xf6,0x54,0xf6,0x54,0xf6,0x54,0xf6,0x54,0xf6,0x54,0xf6,0x54,0xf6,0x54,0xf6,0x54,0xf6,0x54,0xf6,0x54,0xf6,0x54,0xf6,0x54,0xf6,0x54,0xf6,0x54,0xf6,0x54,0xf6,0x54,0xf6,0x54,0xf6,0x54,0xf6,0x54,0xf6,0x54,0xf6,0x54,0xf6,0x54,0xf6,0x54,0xf6,0x54,0xf6,0x54,0xf6,0x54,0xf6,0x54,0xf6,0x54,0xf6,0x54,0xf6,0x54,0xf6,0x54,0xf6,0x54,0xf6,0x54,0xf6,0x54,0xf6,0x54,0xf6,0x54,0xf6,0x54,0xf6,0x54,0xf6,0x54,0xf6,0x54,0xf6,0x54,0xf6,0x54,0xf6,0x54,0xf6,0x54,0xf6,0x54,0xf6,0x54,0xf6,0x54,0xf6,0x54,0xf6,0x54,0xf6,0x54,0xf6,0x54,0xf6,0x54,0xf6,0x54,0xf6,0x54,0xf6,0x54,0xf6,0x54,0xf6,0x54,0x00,0x00,0x00,0x00,0x00,0x00,0x00,0x00,0x00,0x00,0x00,0x00,0x00,0x00,0x00,0x00,0x00,0x00,0x00,0x00,0x00,0x00,0x00,0x00,0x00,0x00,0xfe,0x54,0xf6,0x54,0xf6,0x54,0xf6,0x54,0xf6,0x54,0xf6,0x54,0xf6,0x54,0xf6,0x54,0xf6,0x54,0xf6,0x54,0xf6,0x54,0xf6,0x54,0xf6,0x54,0xf6,0x54,0xf6,0x54,0xf6,0x54,0xf6,0x54,0xf6,0x54,0xf6,0x54,0xf6,0x54,0xf6,0x54,0xf6,0x54,0xf6,0x54,0xf6,0x54,0xf6,0x54,0xf6,0x54,0xf6,0x54,0xf6,0x54,0xf6,0x54,0xf6,0x54,0xf6,0x54,0xf6,0x54,0xf6,0x54,0xf6,0x54,0xf6,0x54,0xf6,0x54,0xf6,0x54,0xf6,0x54,0xf6,0x54,0xf6,0x54,0xf6,0x54,0xf6,0x54,0xf6,0x54,0xf6,0x54,0xf6,0x54,0xf6,0x54,0xf6,0x54,0xf6,0x54,0xf6,0x54,0xf6,0x54,0xf6,0x54,0xf6,0x54,0xf6,0x54,0xf6,0x54,0xf6,0x54,0xf6,0x54,0xf6,0x54,0xf6,0x54,0xf6,0x54,0xf6,0x54,0xf6,0x54,0x00,0x00,0x00,0x00,0x00,0x00,0x00,0x00,0x00,0x00,0x00,0x00,0x00,0x00,0x00,0x00,0x00,0x00,0x00,0x00,0x00,0x00,0x00,0x00,0x00,0x00,0xf6,0x13,0xfe,0x54,0xf6,0x54,0xf6,0x54,0xf6,0x54,0xf6,0x54,0xf6,0x54,0xf6,0x54,0xf6,0x54,0xf6,0x54,0xf6,0x54,0xf6,0x54,0xf6,0x54,0xf6,0x54,0xf6,0x54,0xf6,0x54,0xf6,0x54,0xf6,0x54,0xf6,0x54,0xf6,0x54,0xf6,0x54,0xf6,0x54,0xf6,0x54,0xf6,0x54,0xf6,0x54,0xf6,0x54,0xf6,0x54,0xf6,0x54,0xf6,0x54,0xf6,0x54,0xf6,0x54,0xf6,0x54,0xf6,0x54,0xf6,0x54,0xf6,0x54,0xf6,0x54,0xf6,0x54,0xf6,0x54,0xf6,0x54,0xf6,0x54,0xf6,0x54,0xf6,0x54,0xf6,0x54,0xf6,0x54,0xf6,0x54,0xf6,0x54,0xf6,0x54,0xf6,0x54,0xf6,0x54,0xf6,0x54,0xf6,0x54,0xf6,0x54,0xf6,0x54,0xf6,0x54,0xf6,0x54,0xf6,0x54,0xf6,0x54,0xf6,0x54,0xf6,0x54,0xf6,0x54,0xf6,0x54,0x00,0x00,0x00,0x00,0x00,0x00,0x00,0x00,0x00,0x00,0x00,0x00,0x00,0x00,0x00,0x00,0x00,0x00,0x00,0x00,0x00,0x00,0x00,0x00,0x00,0x00,0x00,0x00,0xfe,0x54,0xf6,0x54,0xf6,0x54,0xf6,0x54,0xf6,0x54,0xf6,0x54,0xf6,0x54,0xf6,0x54,0xf6,0x54,0xf6,0x54,0xf6,0x54,0xf6,0x54,0xf6,0x54,0xf6,0x54,0xf6,0x54,0xf6,0x54,0xf6,0x54,0xf6,0x54,0xf6,0x54,0xf6,0x54,0xf6,0x54,0xf6,0x54,0xf6,0x54,0xf6,0x54,0xf6,0x54,0xf6,0x54,0xf6,0x54,0xf6,0x54,0xf6,0x54,0xf6,0x54,0xf6,0x54,0xf6,0x54,0xf6,0x54,0xf6,0x54,0xf6,0x54,0xf6,0x54,0xf6,0x54,0xf6,0x54,0xf6,0x54,0xf6,0x54,0xf6,0x54,0xf6,0x54,0xf6,0x54,0xf6,0x54,0xf6,0x54,0xf6,0x54,0xf6,0x54,0xf6,0x54,0xf6,0x54,0xf6,0x54,0xf6,0x54,0xf6,0x54,0xf6,0x54,0xf6,0x54,0xf6,0x54,0xf6,0x54,0xf6,0x54,0xf6,0x54,0xf6,0x54,0xfe,0x54,0x00,0x00,0x00,0x00,0x00,0x00,0x00,0x00,0x00,0x00,0x00,0x00,0x00,0x00,0x00,0x00,0x00,0x00,0x00,0x00,0x00,0x00,0x00,0x00,0x00,0x00,0x00,0x00,0xff,0xff,0xf6,0x54,0xf6,0x54,0xf6,0x54,0xf6,0x54,0xf6,0x54,0xf6,0x54,0xf6,0x54,0xf6,0x54,0xf6,0x54,0xf6,0x54,0xf6,0x54,0xf6,0x54,0xf6,0x54,0xf6,0x54,0xf6,0x54,0xf6,0x54,0xf6,0x54,0xf6,0x54,0xf6,0x54,0xf6,0x54,0xf6,0x54,0xf6,0x54,0xf6,0x54,0xf6,0x54,0xf6,0x54,0xf6,0x54,0xf6,0x54,0xf6,0x54,0xf6,0x54,0xf6,0x54,0xf6,0x54,0xf6,0x54,0xf6,0x54,0xf6,0x54,0xf6,0x54,0xf6,0x54,0xf6,0x54,0xf6,0x54,0xf6,0x54,0xf6,0x54,0xf6,0x54,0xf6,0x54,0xf6,0x54,0xf6,0x54,0xf6,0x54,0xf6,0x54,0xf6,0x54,0xf6,0x54,0xf6,0x54,0xf6,0x54,0xf6,0x54,0xf6,0x54,0xf6,0x54,0xf6,0x54,0xf6,0x54,0xf6,0x54,0xf6,0x54,0xf6,0x54,0xf6,0x54,0x00,0x00,0x00,0x00,0x00,0x00,0x00,0x00,0x00,0x00,0x00,0x00,0x00,0x00,0x00,0x00,0x00,0x00,0x00,0x00,0x00,0x00,0x00,0x00,0x00,0x00,0x00,0x00,0x00,0x00,0xf6,0x75,0xf6,0x54,0xf6,0x54,0xf6,0x54,0xf6,0x54,0xf6,0x54,0xf6,0x54,0xf6,0x54,0xf6,0x54,0xf6,0x54,0xf6,0x54,0xf6,0x54,0xf6,0x54,0xf6,0x54,0xf6,0x54,0xf6,0x54,0xf6,0x54,0xf6,0x54,0xf6,0x54,0xf6,0x54,0xf6,0x54,0xf6,0x54,0xf6,0x54,0xf6,0x54,0xf6,0x54,0xf6,0x54,0xf6,0x54,0xf6,0x54,0xf6,0x54,0xf6,0x54,0xf6,0x54,0xf6,0x54,0xf6,0x54,0xf6,0x54,0xf6,0x54,0xf6,0x54,0xf6,0x54,0xf6,0x54,0xf6,0x54,0xf6,0x54,0xf6,0x54,0xf6,0x54,0xf6,0x54,0xf6,0x54,0xf6,0x54,0xf6,0x54,0xf6,0x54,0xf6,0x54,0xf6,0x54,0xf6,0x54,0xf6,0x54,0xf6,0x54,0xf6,0x54,0xf6,0x54,0xf6,0x54,0xf6,0x54,0xf6,0x54,0xf6,0x54,0xf6,0x54,0x00,0x00,0x00,0x00,0x00,0x00,0x00,0x00,0x00,0x00,0x00,0x00,0x00,0x00,0x00,0x00,0x00,0x00,0x00,0x00,0x00,0x00,0x00,0x00,0x00,0x00,0x00,0x00,0x00,0x00,0x00,0x00,0xfe,0x54,0xf6,0x54,0xf6,0x54,0xf6,0x54,0xf6,0x54,0xf6,0x54,0xf6,0x54,0xf6,0x54,0xf6,0x54,0xf6,0x54,0xf6,0x54,0xf6,0x54,0xf6,0x54,0xf6,0x54,0xf6,0x54,0xf6,0x54,0xf6,0x54,0xf6,0x54,0xf6,0x54,0xf6,0x54,0xf6,0x54,0xf6,0x54,0xf6,0x54,0xf6,0x54,0xf6,0x54,0xf6,0x54,0xf6,0x54,0xf6,0x54,0xf6,0x54,0xf6,0x54,0xf6,0x54,0xf6,0x54,0xf6,0x54,0xf6,0x54,0xf6,0x54,0xf6,0x54,0xf6,0x54,0xf6,0x54,0xf6,0x54,0xf6,0x54,0xf6,0x54,0xf6,0x54,0xf6,0x54,0xf6,0x54,0xf6,0x54,0xf6,0x54,0xf6,0x54,0xf6,0x54,0xf6,0x54,0xf6,0x54,0xf6,0x54,0xf6,0x54,0xf6,0x54,0xf6,0x54,0xf6,0x54,0xf6,0x54,0xf6,0x54,0xf6,0x54,0x00,0x00,0x00,0x00,0x00,0x00,0x00,0x00,0x00,0x00,0x00,0x00,0x00,0x00,0x00,0x00,0x00,0x00,0x00,0x00,0x00,0x00,0x00,0x00,0x00,0x00,0x00,0x00,0x00,0x00,0x00,0x00,0xfe,0x54,0xf6,0x54,0xf6,0x54,0xf6,0x54,0xf6,0x54,0xf6,0x54,0xf6,0x54,0xf6,0x54,0xf6,0x54,0xf6,0x54,0xf6,0x54,0xf6,0x54,0xf6,0x54,0xf6,0x54,0xf6,0x54,0xf6,0x54,0xf6,0x54,0xf6,0x54,0xf6,0x54,0xf6,0x54,0xf6,0x54,0xf6,0x54,0xf6,0x54,0xf6,0x54,0xf6,0x54,0xf6,0x54,0xf6,0x54,0xf6,0x54,0xf6,0x54,0xf6,0x54,0xf6,0x54,0xf6,0x54,0xf6,0x54,0xf6,0x54,0xf6,0x54,0xf6,0x54,0xf6,0x54,0xf6,0x54,0xf6,0x54,0xf6,0x54,0xf6,0x54,0xf6,0x54,0xf6,0x54,0xf6,0x54,0xf6,0x54,0xf6,0x54,0xf6,0x54,0xf6,0x54,0xf6,0x54,0xf6,0x54,0xf6,0x54,0xf6,0x54,0xf6,0x54,0xf6,0x54,0xf6,0x54,0xf6,0x54,0xf6,0x54,0xfe,0xb5,0x00,0x00,0x00,0x00,0x00,0x00,0x00,0x00,0x00,0x00,0x00,0x00,0x00,0x00,0x00,0x00,0x00,0x00,0x00,0x00,0x00,0x00,0x00,0x00,0x00,0x00,0x00,0x00,0x00,0x00,0x00,0x00,0xee,0x33,0xfe,0x54,0xf6,0x54,0xf6,0x54,0xf6,0x54,0xf6,0x54,0xf6,0x54,0xf6,0x54,0xf6,0x54,0xf6,0x54,0xf6,0x54,0xf6,0x54,0xf6,0x54,0xf6,0x54,0xf6,0x54,0xf6,0x54,0xf6,0x54,0xf6,0x54,0xf6,0x54,0xf6,0x54,0xf6,0x54,0xf6,0x54,0xf6,0x54,0xf6,0x54,0xf6,0x54,0xf6,0x54,0xf6,0x54,0xf6,0x54,0xf6,0x54,0xf6,0x54,0xf6,0x54,0xf6,0x54,0xf6,0x54,0xf6,0x54,0xf6,0x54,0xf6,0x54,0xf6,0x54,0xf6,0x54,0xf6,0x54,0xf6,0x54,0xf6,0x54,0xf6,0x54,0xf6,0x54,0xf6,0x54,0xf6,0x54,0xf6,0x54,0xf6,0x54,0xf6,0x54,0xf6,0x54,0xf6,0x54,0xf6,0x54,0xf6,0x54,0xf6,0x54,0xf6,0x54,0xf6,0x54,0xf6,0x54,0xf6,0x54,0x00,0x00,0x00,0x00,0x00,0x00,0x00,0x00,0x00,0x00,0x00,0x00,0x00,0x00,0x00,0x00,0x00,0x00,0x00,0x00,0x00,0x00,0x00,0x00,0x00,0x00,0x00,0x00,0x00,0x00,0x00,0x00,0x00,0x00,0x00,0x00,0xf6,0x54,0xf6,0x54,0xf6,0x54,0xf6,0x54,0xf6,0x54,0xf6,0x54,0xf6,0x54,0xf6,0x54,0xf6,0x54,0xf6,0x54,0xf6,0x54,0xf6,0x54,0xf6,0x54,0xf6,0x54,0xf6,0x54,0xf6,0x54,0xf6,0x54,0xf6,0x54,0xf6,0x54,0xf6,0x54,0xf6,0x54,0xf6,0x54,0xf6,0x54,0xf6,0x54,0xf6,0x54,0xf6,0x54,0xf6,0x54,0xf6,0x54,0xf6,0x54,0xf6,0x54,0xf6,0x54,0xf6,0x54,0xf6,0x54,0xf6,0x54,0xf6,0x54,0xf6,0x54,0xf6,0x54,0xf6,0x54,0xf6,0x54,0xf6,0x54,0xf6,0x54,0xf6,0x54,0xf6,0x54,0xf6,0x54,0xf6,0x54,0xf6,0x54,0xf6,0x54,0xf6,0x54,0xf6,0x54,0xf6,0x54,0xf6,0x54,0xf6,0x54,0xf6,0x54,0xf6,0x54,0xf6,0x54,0xf6,0x54,0x00,0x00,0x00,0x00,0x00,0x00,0x00,0x00,0x00,0x00,0x00,0x00,0x00,0x00,0x00,0x00,0x00,0x00,0x00,0x00,0x00,0x00,0x00,0x00,0x00,0x00,0x00,0x00,0x00,0x00,0x00,0x00,0x00,0x00,0x00,0x00,0xfe,0xb5,0xf6,0x54,0xf6,0x54,0xf6,0x54,0xf6,0x54,0xf6,0x54,0xf6,0x54,0xf6,0x54,0xf6,0x54,0xf6,0x54,0xf6,0x54,0xf6,0x54,0xf6,0x54,0xf6,0x54,0xf6,0x54,0xf6,0x54,0xf6,0x54,0xf6,0x54,0xf6,0x54,0xf6,0x54,0xf6,0x54,0xf6,0x54,0xf6,0x54,0xf6,0x54,0xf6,0x54,0xf6,0x54,0xf6,0x54,0xf6,0x54,0xf6,0x54,0xf6,0x54,0xf6,0x54,0xf6,0x54,0xf6,0x54,0xf6,0x54,0xf6,0x54,0xf6,0x54,0xf6,0x54,0xf6,0x54,0xf6,0x54,0xf6,0x54,0xf6,0x54,0xf6,0x54,0xf6,0x54,0xf6,0x54,0xf6,0x54,0xf6,0x54,0xf6,0x54,0xf6,0x54,0xf6,0x54,0xf6,0x54,0xf6,0x54,0xf6,0x54,0xf6,0x54,0xf6,0x54,0xf6,0x54,0xfe,0x75,0x00,0x00,0x00,0x00,0x00,0x00,0x00,0x00,0x00,0x00,0x00,0x00,0x00,0x00,0x00,0x00,0x00,0x00,0x00,0x00,0x00,0x00,0x00,0x00,0x00,0x00,0x00,0x00,0x00,0x00,0x00,0x00,0x00,0x00,0x00,0x00,0x00,0x00,0xfe,0x74,0xf6,0x54,0xf6,0x54,0xf6,0x54,0xf6,0x54,0xf6,0x54,0xf6,0x54,0xf6,0x54,0xf6,0x54,0xf6,0x54,0xf6,0x54,0xf6,0x54,0xf6,0x54,0xf6,0x54,0xf6,0x54,0xf6,0x54,0xf6,0x54,0xf6,0x54,0xf6,0x54,0xf6,0x54,0xf6,0x54,0xf6,0x54,0xf6,0x54,0xf6,0x54,0xf6,0x54,0xf6,0x54,0xf6,0x54,0xf6,0x54,0xf6,0x54,0xf6,0x54,0xf6,0x54,0xf6,0x54,0xf6,0x54,0xf6,0x54,0xf6,0x54,0xf6,0x54,0xf6,0x54,0xf6,0x54,0xf6,0x54,0xf6,0x54,0xf6,0x54,0xf6,0x54,0xf6,0x54,0xf6,0x54,0xf6,0x54,0xf6,0x54,0xf6,0x54,0xf6,0x54,0xf6,0x54,0xf6,0x54,0xf6,0x54,0xf6,0x54,0xf6,0x54,0xf6,0x54,0xcc,0xd3,0x00,0x00,0x00,0x00,0x00,0x00,0x00,0x00,0x00,0x00,0x00,0x00,0x00,0x00,0x00,0x00,0x00,0x00,0x00,0x00,0x00,0x00,0x00,0x00,0x00,0x00,0x00,0x00,0x00,0x00,0x00,0x00,0x00,0x00,0x00,0x00,0x00,0x00,0x00,0x00,0xf6,0x54,0xf6,0x54,0xf6,0x54,0xf6,0x54,0xf6,0x54,0xf6,0x54,0xf6,0x54,0xf6,0x54,0xf6,0x54,0xf6,0x54,0xf6,0x54,0xf6,0x54,0xf6,0x54,0xf6,0x54,0xf6,0x54,0xf6,0x54,0xf6,0x54,0xf6,0x54,0xf6,0x54,0xf6,0x54,0xf6,0x54,0xf6,0x54,0xf6,0x54,0xf6,0x54,0xf6,0x54,0xf6,0x54,0xf6,0x54,0xf6,0x54,0xf6,0x54,0xf6,0x54,0xf6,0x54,0xf6,0x54,0xf6,0x54,0xf6,0x54,0xf6,0x54,0xf6,0x54,0xf6,0x54,0xf6,0x54,0xf6,0x54,0xf6,0x54,0xf6,0x54,0xf6,0x54,0xf6,0x54,0xf6,0x54,0xf6,0x54,0xf6,0x54,0xf6,0x54,0xf6,0x54,0xf6,0x54,0xf6,0x54,0xf6,0x54,0xf6,0x54,0xf6,0x54,0x00,0x00,0x00,0x00,0x00,0x00,0x00,0x00,0x00,0x00,0x00,0x00,0x00,0x00,0x00,0x00,0x00,0x00,0x00,0x00,0x00,0x00,0x00,0x00,0x00,0x00,0x00,0x00,0x00,0x00,0x00,0x00,0x00,0x00,0x00,0x00,0x00,0x00,0x00,0x00,0x00,0x00,0xf6,0x74,0xf6,0x54,0xf6,0x54,0xf6,0x54,0xf6,0x54,0xf6,0x54,0xf6,0x54,0xf6,0x54,0xf6,0x54,0xf6,0x54,0xf6,0x54,0xf6,0x54,0xf6,0x54,0xf6,0x54,0xf6,0x54,0xf6,0x54,0xf6,0x54,0xf6,0x54,0xf6,0x54,0xf6,0x54,0xf6,0x54,0xf6,0x54,0xf6,0x54,0xf6,0x54,0xf6,0x54,0xf6,0x54,0xf6,0x54,0xf6,0x54,0xf6,0x54,0xf6,0x54,0xf6,0x54,0xf6,0x54,0xf6,0x54,0xf6,0x54,0xf6,0x54,0xf6,0x54,0xf6,0x54,0xf6,0x54,0xf6,0x54,0xf6,0x54,0xf6,0x54,0xf6,0x54,0xf6,0x54,0xf6,0x54,0xf6,0x54,0xf6,0x54,0xf6,0x54,0xf6,0x54,0xf6,0x54,0xf6,0x54,0xf6,0x54,0xfe,0x54,0xfe,0x94,0x00,0x00,0x00,0x00,0x00,0x00,0x00,0x00,0x00,0x00,0x00,0x00,0x00,0x00,0x00,0x00,0x00,0x00,0x00,0x00,0x00,0x00,0x00,0x00,0x00,0x00,0x00,0x00,0x00,0x00,0x00,0x00,0x00,0x00,0x00,0x00,0x00,0x00,0x00,0x00,0x00,0x00,0xf8,0x00,0xf6,0x54,0xf6,0x54,0xf6,0x54,0xf6,0x54,0xf6,0x54,0xf6,0x54,0xf6,0x54,0xf6,0x54,0xf6,0x54,0xf6,0x54,0xf6,0x54,0xf6,0x54,0xf6,0x54,0xf6,0x54,0xf6,0x54,0xf6,0x54,0xf6,0x54,0xf6,0x54,0xf6,0x54,0xf6,0x54,0xf6,0x54,0xf6,0x54,0xf6,0x54,0xf6,0x54,0xf6,0x54,0xf6,0x54,0xf6,0x54,0xf6,0x54,0xf6,0x54,0xf6,0x54,0xf6,0x54,0xf6,0x54,0xf6,0x54,0xf6,0x54,0xf6,0x54,0xf6,0x54,0xf6,0x54,0xf6,0x54,0xf6,0x54,0xf6,0x54,0xf6,0x54,0xf6,0x54,0xf6,0x54,0xf6,0x54,0xf6,0x54,0xf6,0x54,0xf6,0x54,0xf6,0x54,0xf6,0x54,0xfe,0x54,0xf6,0x53,0x00,0x00,0x00,0x00,0x00,0x00,0x00,0x00,0x00,0x00,0x00,0x00,0x00,0x00,0x00,0x00,0x00,0x00,0x00,0x00,0x00,0x00,0x00,0x00,0x00,0x00,0x00,0x00,0x00,0x00,0x00,0x00,0x00,0x00,0x00,0x00,0x00,0x00,0x00,0x00,0x00,0x00,0x00,0x00,0x00,0x00,0xfe,0xd6,0xfe,0x54,0xfe,0x54,0xf6,0x54,0xf6,0x54,0xf6,0x54,0xf6,0x54,0xf6,0x54,0xf6,0x54,0xf6,0x54,0xf6,0x54,0xf6,0x54,0xf6,0x54,0xf6,0x54,0xf6,0x54,0xf6,0x54,0xf6,0x54,0xf6,0x54,0xf6,0x54,0xf6,0x54,0xf6,0x54,0xf6,0x54,0xf6,0x54,0xf6,0x54,0xf6,0x54,0xf6,0x54,0xf6,0x54,0xf6,0x54,0xf6,0x54,0xf6,0x54,0xf6,0x54,0xf6,0x54,0xf6,0x54,0xf6,0x54,0xf6,0x54,0xf6,0x54,0xf6,0x54,0xf6,0x54,0xf6,0x54,0xf6,0x54,0xf6,0x54,0xf6,0x54,0xf6,0x54,0xf6,0x54,0xf6,0x54,0xf6,0x54,0xf6,0x54,0xf6,0x54,0xf6,0x54,0xf6,0x54,0x00,0x00,0x00,0x00,0x00,0x00,0x00,0x00,0x00,0x00,0x00,0x00,0x00,0x00,0x00,0x00,0x00,0x00,0x00,0x00,0x00,0x00,0x00,0x00,0x00,0x00,0x00,0x00,0x00,0x00,0x00,0x00,0x00,0x00,0x00,0x00,0x00,0x00,0x00,0x00,0x00,0x00,0x00,0x00,0x00,0x00,0x00,0x00,0x00,0x00,0xf6,0x54,0xf6,0x54,0xf6,0x54,0xf6,0x54,0xf6,0x54,0xf6,0x54,0xf6,0x54,0xf6,0x54,0xf6,0x54,0xf6,0x54,0xf6,0x54,0xf6,0x54,0xf6,0x54,0xf6,0x54,0xf6,0x54,0xf6,0x54,0xf6,0x54,0xf6,0x54,0xf6,0x54,0xf6,0x54,0xf6,0x54,0xf6,0x54,0xf6,0x54,0xf6,0x54,0xf6,0x54,0xf6,0x54,0xf6,0x54,0xf6,0x54,0xf6,0x54,0xf6,0x54,0xf6,0x54,0xf6,0x54,0xf6,0x54,0xf6,0x54,0xf6,0x54,0xf6,0x54,0xf6,0x54,0xf6,0x54,0xf6,0x54,0xf6,0x54,0xf6,0x54,0xf6,0x54,0xf6,0x54,0xf6,0x54,0xf6,0x54,0xf6,0x54,0xf6,0x54,0xf6,0x54,0x00,0x00,0x00,0x00,0x00,0x00,0x00,0x00,0x00,0x00,0x00,0x00,0x00,0x00,0x00,0x00,0x00,0x00,0x00,0x00,0x00,0x00,0x00,0x00,0x00,0x00,0x00,0x00,0x00,0x00,0x00,0x00,0x00,0x00,0x00,0x00,0x00,0x00,0x00,0x00,0x00,0x00,0x00,0x00,0x00,0x00,0x00,0x00,0x00,0x00,0x00,0x00,0x00,0x00,0xfe,0x94,0xf6,0x54,0xfe,0x54,0xf6,0x54,0xf6,0x54,0xf6,0x54,0xf6,0x54,0xf6,0x54,0xf6,0x54,0xf6,0x54,0xf6,0x54,0xf6,0x54,0xf6,0x54,0xf6,0x54,0xf6,0x54,0xf6,0x54,0xf6,0x54,0xf6,0x54,0xf6,0x54,0xf6,0x54,0xf6,0x54,0xf6,0x54,0xf6,0x54,0xf6,0x54,0xf6,0x54,0xf6,0x54,0xf6,0x54,0xf6,0x54,0xf6,0x54,0xf6,0x54,0xf6,0x54,0xf6,0x54,0xf6,0x54,0xf6,0x54,0xf6,0x54,0xf6,0x54,0xf6,0x54,0xf6,0x54,0xf6,0x54,0xf6,0x54,0xf6,0x54,0xf6,0x54,0xf6,0x54,0xf6,0x54,0xf6,0x54,0xf6,0x74,0xfe,0xb5,0x00,0x00,0x00,0x00,0x00,0x00,0x00,0x00,0x00,0x00,0x00,0x00,0x00,0x00,0x00,0x00,0x00,0x00,0x00,0x00,0x00,0x00,0x00,0x00,0x00,0x00,0x00,0x00,0x00,0x00,0x00,0x00,0x00,0x00,0x00,0x00,0x00,0x00,0x00,0x00,0x00,0x00,0x00,0x00,0x00,0x00,0x00,0x00,0x00,0x00,0x00,0x00,0x00,0x00,0x00,0x00,0xfe,0x73,0xfe,0x54,0xf6,0x54,0xf6,0x54,0xf6,0x54,0xf6,0x54,0xf6,0x54,0xf6,0x54,0xf6,0x54,0xf6,0x54,0xf6,0x54,0xf6,0x54,0xf6,0x54,0xf6,0x54,0xf6,0x54,0xf6,0x54,0xf6,0x54,0xf6,0x54,0xf6,0x54,0xf6,0x54,0xf6,0x54,0xf6,0x54,0xf6,0x54,0xf6,0x54,0xf6,0x54,0xf6,0x54,0xf6,0x54,0xf6,0x54,0xf6,0x54,0xf6,0x54,0xf6,0x54,0xf6,0x54,0xf6,0x54,0xf6,0x54,0xf6,0x54,0xf6,0x54,0xf6,0x54,0xf6,0x54,0xf6,0x54,0xf6,0x54,0xf6,0x54,0xf6,0x54,0xf6,0x54,0xf6,0x54,0x00,0x00,0x00,0x00,0x00,0x00,0x00,0x00,0x00,0x00,0x00,0x00,0x00,0x00,0x00,0x00,0x00,0x00,0x00,0x00,0x00,0x00,0x00,0x00,0x00,0x00,0x00,0x00,0x00,0x00,0x00,0x00,0x00,0x00,0x00,0x00,0x00,0x00,0x00,0x00,0x00,0x00,0x00,0x00,0x00,0x00,0x00,0x00,0x00,0x00,0x00,0x00,0x00,0x00,0x00,0x00,0x00,0x00,0x00,0x00,0x00,0x00,0xff,0xff,0xfe,0x54,0xf6,0x54,0xf6,0x54,0xf6,0x54,0xf6,0x54,0xf6,0x54,0xf6,0x54,0xf6,0x54,0xf6,0x54,0xf6,0x54,0xf6,0x54,0xf6,0x54,0xf6,0x54,0xf6,0x54,0xf6,0x54,0xf6,0x54,0xf6,0x54,0xf6,0x54,0xf6,0x54,0xf6,0x54,0xf6,0x54,0xf6,0x54,0xf6,0x54,0xf6,0x54,0xf6,0x54,0xf6,0x54,0xf6,0x54,0xf6,0x54,0xf6,0x54,0xf6,0x54,0xf6,0x54,0xf6,0x54,0xf6,0x54,0xf6,0x54,0xf6,0x54,0xf6,0x54,0xf6,0x54,0xf6,0x54,0xf6,0x54,0xf6,0x54,0xf5,0xf4,0x00,0x00,0x00,0x00,0x00,0x00,0x00,0x00,0x00,0x00,0x00,0x00,0x00,0x00,0x00,0x00,0x00,0x00,0x00,0x00,0x00,0x00,0x00,0x00,0x00,0x00,0x00,0x00,0x00,0x00,0x00,0x00,0x00,0x00,0x00,0x00,0x00,0x00,0x00,0x00,0x00,0x00,0x00,0x00,0x00,0x00,0x00,0x00,0x00,0x00,0x00,0x00,0x00,0x00,0x00,0x00,0x00,0x00,0x00,0x00,0x00,0x00,0x00,0x00,0x00,0x00,0x00,0x00,0xee,0x33,0xf6,0x54,0xf6,0x54,0xf6,0x54,0xf6,0x54,0xf6,0x54,0xf6,0x54,0xf6,0x54,0xf6,0x54,0xf6,0x54,0xf6,0x54,0xf6,0x54,0xf6,0x54,0xf6,0x54,0xf6,0x54,0xf6,0x54,0xf6,0x54,0xf6,0x54,0xf6,0x54,0xf6,0x54,0xf6,0x54,0xf6,0x54,0xf6,0x54,0xf6,0x54,0xf6,0x54,0xf6,0x54,0xf6,0x54,0xf6,0x54,0xf6,0x54,0xf6,0x54,0xf6,0x54,0xf6,0x54,0xf6,0x54,0xf6,0x54,0xf6,0x54,0xfe,0x54,0xf6,0x54,0xf6,0x54,0xdd,0xf3,0x00,0x00,0x00,0x00,0x00,0x00,0x00,0x00,0x00,0x00,0x00,0x00,0x00,0x00,0x00,0x00,0x00,0x00,0x00,0x00,0x00,0x00,0x00,0x00,0x00,0x00,0x00,0x00,0x00,0x00,0x00,0x00,0x00,0x00,0x00,0x00,0x00,0x00,0x00,0x00,0x00,0x00,0x00,0x00,0x00,0x00,0x00,0x00,0x00,0x00,0x00,0x00,0x00,0x00,0x00,0x00,0x00,0x00,0x00,0x00,0x00,0x00,0x00,0x00,0x00,0x00,0x00,0x00,0x00,0x00,0x00,0x00,0x84,0x10,0xee,0x73,0xfe,0x74,0xf6,0x54,0xf6,0x54,0xf6,0x54,0xf6,0x54,0xf6,0x54,0xf6,0x54,0xf6,0x54,0xf6,0x54,0xf6,0x54,0xf6,0x54,0xf6,0x54,0xf6,0x54,0xf6,0x54,0xf6,0x54,0xf6,0x54,0xf6,0x54,0xf6,0x54,0xf6,0x54,0xf6,0x54,0xf6,0x54,0xf6,0x54,0xf6,0x54,0xf6,0x54,0xf6,0x54,0xf6,0x54,0xf6,0x54,0xf6,0x54,0xf6,0x54,0xf6,0x54,0xf6,0x54,0xfe,0x54,0xf6,0x54,0xfe,0x35,0x00,0x00,0x00,0x00,0x00,0x00,0x00,0x00,0x00,0x00,0x00,0x00,0x00,0x00,0x00,0x00,0x00,0x00,0x00,0x00,0x00,0x00};
static const lv_img_dsc_t my_anim_f10_s2_img = {
  .header.always_zero = 0,
  .header.w = 74,
  .header.h = 100,
  .data_size = 14800,
  .header.cf = LV_IMG_CF_TRUE_COLOR,
  .data = my_anim_f10_s2_map,
};
static const anim_shape_t my_anim_f10_shapes[] = {
    { SHAPE_PATH, 33.00f, 168.00f, 160.00f, 130.00f, 25.00f, 0x00ffff, 1.00f, 0.00f, 0.00f, NULL, 14, 0.00f, 0xffffff, 0.00f, my_anim_f10_s0_pts, 34, NULL },
    { SHAPE_PATH, 273.00f, 168.00f, 160.00f, 130.00f, -25.00f, 0x00ffff, 1.00f, 0.00f, 0.00f, NULL, 14, 0.00f, 0xffffff, 0.00f, my_anim_f10_s1_pts, 34, NULL },
    { 5, 248.00f, 337.00f, 74.00f, 100.00f, 0.00f, 0xFFFFFF, 1.00f, 0.00f, 0.00f, NULL, 14, 0.00f, 0xFFFFFF, 0.00f, NULL, 0, &my_anim_f10_s2_img }
};

static const anim_vector_frame_t my_anim_frames[] = {
    { my_anim_f0_shapes, 2, 100, 0 },
    { my_anim_f1_shapes, 2, 250, 0 },
    { my_anim_f2_shapes, 2, 400, 0 },
    { my_anim_f3_shapes, 2, 200, 0 },
    { my_anim_f4_shapes, 2, 200, 0 },
    { my_anim_f5_shapes, 3, 400, 0 },
    { my_anim_f6_shapes, 3, 80, 0 },
    { my_anim_f7_shapes, 3, 80, 0 },
    { my_anim_f8_shapes, 3, 60, 0 },
    { my_anim_f9_shapes, 3, 600, 0 },
    { my_anim_f10_shapes, 3, 250, 0 },
};

const anim_vector_t my_anim_data = {
    .name = "my_anim",
    .frames = my_anim_frames,
    .frame_count = 11
};
